****************************************
Report : constraint
	-all_violators
	-path slack_only
Design : top_mcu_pll_sram_multiclk_soc
Version: W-2024.09-SP5-3
Date   : Mon Apr 13 20:10:23 2026
****************************************


   max_delay/setup ('INS' group)

   Endpoint                                                  Slack
   -----------------------------------------------------------------
   u_ctrl/u_rx/divcnt_reg_8_/D                             -5.1972  (VIOLATED)
   u_ctrl/u_rx/divcnt_reg_7_/D                             -5.1823  (VIOLATED)
   u_ctrl/u_rx/divcnt_reg_2_/D                             -5.1589  (VIOLATED)
   u_ctrl/u_rx/divcnt_reg_3_/D                             -5.1352  (VIOLATED)
   u_ctrl/u_rx/divcnt_reg_5_/D                             -5.1352  (VIOLATED)
   u_ctrl/u_rx/divcnt_reg_9_/D                             -5.1352  (VIOLATED)
   u_ctrl/u_rx/divcnt_reg_0_/D                             -5.1055  (VIOLATED)
   u_ctrl/u_rx/divcnt_reg_31_/D                            -4.6634  (VIOLATED)
   u_ctrl/u_rx/divcnt_reg_30_/D                            -4.6336  (VIOLATED)
   u_ctrl/u_rx/divcnt_reg_29_/D                            -4.5540  (VIOLATED)
   u_ctrl/u_rx/divcnt_reg_4_/D                             -4.5170  (VIOLATED)
   u_ctrl/u_rx/divcnt_reg_6_/D                             -4.5170  (VIOLATED)
   u_ctrl/u_rx/divcnt_reg_10_/D                            -4.5170  (VIOLATED)
   u_ctrl/u_rx/divcnt_reg_12_/D                            -4.5144  (VIOLATED)
   u_ctrl/u_rx/divcnt_reg_14_/D                            -4.5144  (VIOLATED)
   u_ctrl/u_rx/divcnt_reg_16_/D                            -4.5144  (VIOLATED)
   u_ctrl/u_rx/divcnt_reg_18_/D                            -4.5144  (VIOLATED)
   u_ctrl/u_rx/divcnt_reg_20_/D                            -4.5144  (VIOLATED)
   u_ctrl/u_rx/divcnt_reg_22_/D                            -4.5144  (VIOLATED)
   u_ctrl/u_rx/divcnt_reg_24_/D                            -4.5144  (VIOLATED)
   u_ctrl/u_rx/divcnt_reg_26_/D                            -4.5144  (VIOLATED)
   u_ctrl/u_rx/divcnt_reg_28_/D                            -4.5144  (VIOLATED)
   u_ctrl/u_rx/divcnt_reg_1_/D                             -4.5055  (VIOLATED)
   u_ctrl/u_rx/busy_reg/D                                  -4.4517  (VIOLATED)
   u_ctrl/aes_start_reg/D                                  -2.8321  (VIOLATED)
   u_ctrl/pass_reg/D                                       -2.7402  (VIOLATED)
   u_ctrl/done_reg/D                                       -2.7364  (VIOLATED)
   u_ctrl/crc_done_hold_reg/D                              -2.7311  (VIOLATED)
   u_ctrl/start_seen_reg/D                                 -0.6658  (VIOLATED)

   max_delay/setup ('clk_div2' group)

   Endpoint                                                  Slack
   -----------------------------------------------------------------
   u_ctrl/ct_hold_div2_reg_30_/D                          -7170.9746 (VIOLATED)
   u_ctrl/ct_hold_div2_reg_31_/D                          -7170.9746 (VIOLATED)
   u_ctrl/ct_hold_div2_reg_32_/D                          -7170.9746 (VIOLATED)
   u_ctrl/ct_hold_div2_reg_33_/D                          -7170.9746 (VIOLATED)
   u_ctrl/ct_hold_div2_reg_34_/D                          -7170.9746 (VIOLATED)
   u_ctrl/ct_hold_div2_reg_35_/D                          -7170.9746 (VIOLATED)
   u_ctrl/ct_hold_div2_reg_36_/D                          -7170.9746 (VIOLATED)
   u_ctrl/ct_hold_div2_reg_29_/D                          -7170.9741 (VIOLATED)
   u_ctrl/ct_hold_div2_reg_97_/D                          -7170.9741 (VIOLATED)
   u_ctrl/ct_hold_div2_reg_98_/D                          -7170.9741 (VIOLATED)
   u_ctrl/ct_hold_div2_reg_99_/D                          -7170.9741 (VIOLATED)
   u_ctrl/ct_hold_div2_reg_100_/D                         -7170.9741 (VIOLATED)
   u_ctrl/ct_hold_div2_reg_101_/D                         -7170.9741 (VIOLATED)
   u_ctrl/ct_hold_div2_reg_102_/D                         -7170.9741 (VIOLATED)
   u_ctrl/ct_hold_div2_reg_103_/D                         -7170.9741 (VIOLATED)
   u_ctrl/ct_hold_div2_reg_104_/D                         -7170.9741 (VIOLATED)
   u_ctrl/ct_hold_div2_reg_105_/D                         -7170.9741 (VIOLATED)
   u_ctrl/ct_hold_div2_reg_106_/D                         -7170.9741 (VIOLATED)
   u_ctrl/ct_hold_div2_reg_107_/D                         -7170.9741 (VIOLATED)
   u_ctrl/ct_hold_div2_reg_108_/D                         -7170.9741 (VIOLATED)
   u_ctrl/ct_hold_div2_reg_49_/D                          -7104.2183 (VIOLATED)
   u_ctrl/ct_hold_div2_reg_0_/D                           -7104.2178 (VIOLATED)
   u_ctrl/ct_hold_div2_reg_2_/D                           -7104.2178 (VIOLATED)
   u_ctrl/ct_hold_div2_reg_3_/D                           -7104.2178 (VIOLATED)
   u_ctrl/ct_hold_div2_reg_4_/D                           -7104.2178 (VIOLATED)
   u_ctrl/ct_hold_div2_reg_5_/D                           -7104.2178 (VIOLATED)
   u_ctrl/ct_hold_div2_reg_50_/D                          -7104.2178 (VIOLATED)
   u_ctrl/ct_hold_div2_reg_51_/D                          -7104.2178 (VIOLATED)
   u_ctrl/ct_hold_div2_reg_52_/D                          -7104.2178 (VIOLATED)
   u_ctrl/ct_hold_div2_reg_53_/D                          -7104.2178 (VIOLATED)
   u_ctrl/ct_hold_div2_reg_54_/D                          -7104.2178 (VIOLATED)
   u_ctrl/ct_hold_div2_reg_55_/D                          -7104.2178 (VIOLATED)
   u_ctrl/ct_hold_div2_reg_56_/D                          -7104.2178 (VIOLATED)
   u_ctrl/ct_hold_div2_reg_57_/D                          -7104.2178 (VIOLATED)
   u_ctrl/ct_hold_div2_reg_58_/D                          -7104.2178 (VIOLATED)
   u_ctrl/ct_hold_div2_reg_59_/D                          -7104.2178 (VIOLATED)
   u_ctrl/ct_hold_div2_reg_60_/D                          -7104.2178 (VIOLATED)
   u_ctrl/ct_hold_div2_reg_109_/D                         -7104.2178 (VIOLATED)
   u_ctrl/ct_hold_div2_reg_112_/D                         -7104.2178 (VIOLATED)
   u_ctrl/ct_hold_div2_reg_115_/D                         -7104.2178 (VIOLATED)
   u_ctrl/ct_hold_div2_reg_118_/D                         -7104.2178 (VIOLATED)
   u_ctrl/ct_hold_div2_reg_121_/D                         -7104.2178 (VIOLATED)
   u_ctrl/ct_hold_div2_reg_122_/D                         -7104.2178 (VIOLATED)
   u_ctrl/ct_hold_div2_reg_123_/D                         -7104.2178 (VIOLATED)
   u_ctrl/ct_hold_div2_reg_124_/D                         -7104.2178 (VIOLATED)
   u_ctrl/ct_hold_div2_reg_125_/D                         -7104.2178 (VIOLATED)
   u_ctrl/ct_hold_div2_reg_126_/D                         -7104.2178 (VIOLATED)
   u_ctrl/ct_hold_div2_reg_127_/D                         -7104.2178 (VIOLATED)
   u_ctrl/sst_reg_0_/D                                    -7008.1899 (VIOLATED)
   u_ctrl/ct_hold_div2_reg_1_/D                           -7007.9663 (VIOLATED)
   u_ctrl/ct_hold_div2_reg_27_/D                          -7007.9663 (VIOLATED)
   u_ctrl/ct_hold_div2_reg_28_/D                          -7007.9663 (VIOLATED)
   u_ctrl/ct_hold_div2_reg_37_/D                          -7007.9663 (VIOLATED)
   u_ctrl/ct_hold_div2_reg_38_/D                          -7007.9663 (VIOLATED)
   u_ctrl/ct_hold_div2_reg_39_/D                          -7007.9663 (VIOLATED)
   u_ctrl/ct_hold_div2_reg_40_/D                          -7007.9663 (VIOLATED)
   u_ctrl/ct_hold_div2_reg_41_/D                          -7007.9663 (VIOLATED)
   u_ctrl/ct_hold_div2_reg_42_/D                          -7007.9663 (VIOLATED)
   u_ctrl/ct_hold_div2_reg_43_/D                          -7007.9663 (VIOLATED)
   u_ctrl/ct_hold_div2_reg_44_/D                          -7007.9663 (VIOLATED)
   u_ctrl/ct_hold_div2_reg_45_/D                          -7007.9663 (VIOLATED)
   u_ctrl/ct_hold_div2_reg_46_/D                          -7007.9663 (VIOLATED)
   u_ctrl/ct_hold_div2_reg_47_/D                          -7007.9663 (VIOLATED)
   u_ctrl/ct_hold_div2_reg_48_/D                          -7007.9663 (VIOLATED)
   u_ctrl/ct_hold_div2_reg_85_/D                          -6959.6440 (VIOLATED)
   u_ctrl/ct_hold_div2_reg_86_/D                          -6959.6440 (VIOLATED)
   u_ctrl/ct_hold_div2_reg_87_/D                          -6959.6440 (VIOLATED)
   u_ctrl/ct_hold_div2_reg_88_/D                          -6959.6440 (VIOLATED)
   u_ctrl/ct_hold_div2_reg_89_/D                          -6959.6440 (VIOLATED)
   u_ctrl/ct_hold_div2_reg_90_/D                          -6959.6440 (VIOLATED)
   u_ctrl/ct_hold_div2_reg_91_/D                          -6959.6440 (VIOLATED)
   u_ctrl/ct_hold_div2_reg_92_/D                          -6959.6440 (VIOLATED)
   u_ctrl/ct_hold_div2_reg_93_/D                          -6959.6440 (VIOLATED)
   u_ctrl/ct_hold_div2_reg_94_/D                          -6959.6440 (VIOLATED)
   u_ctrl/ct_hold_div2_reg_95_/D                          -6959.6440 (VIOLATED)
   u_ctrl/ct_hold_div2_reg_96_/D                          -6959.6440 (VIOLATED)
   u_ctrl/stream_ready_div2_reg/D                         -6929.4043 (VIOLATED)
   u_ctrl/tx_idx_div2_reg_2_/D                            -6929.3169 (VIOLATED)
   u_ctrl/tx_idx_div2_reg_1_/D                            -6929.3130 (VIOLATED)
   u_ctrl/tx_idx_div2_reg_4_/D                            -6929.3008 (VIOLATED)
   u_ctrl/tx_idx_div2_reg_3_/D                            -6929.2983 (VIOLATED)
   u_ctrl/crc_start_reg/D                                 -6929.1772 (VIOLATED)
   u_ctrl/stream_sent_div2_reg/D                          -6928.8433 (VIOLATED)
   u_ctrl/tx_idx_div2_reg_0_/D                            -6928.8428 (VIOLATED)
   u_ctrl/ct_hold_div2_reg_6_/D                           -6925.2651 (VIOLATED)
   u_ctrl/ct_hold_div2_reg_7_/D                           -6925.2651 (VIOLATED)
   u_ctrl/ct_hold_div2_reg_8_/D                           -6925.2651 (VIOLATED)
   u_ctrl/ct_hold_div2_reg_9_/D                           -6925.2651 (VIOLATED)
   u_ctrl/ct_hold_div2_reg_10_/D                          -6925.2651 (VIOLATED)
   u_ctrl/ct_hold_div2_reg_11_/D                          -6925.2651 (VIOLATED)
   u_ctrl/ct_hold_div2_reg_12_/D                          -6925.2651 (VIOLATED)
   u_ctrl/ct_hold_div2_reg_13_/D                          -6925.2651 (VIOLATED)
   u_ctrl/ct_hold_div2_reg_14_/D                          -6925.2651 (VIOLATED)
   u_ctrl/ct_hold_div2_reg_15_/D                          -6925.2651 (VIOLATED)
   u_ctrl/ct_hold_div2_reg_16_/D                          -6925.2651 (VIOLATED)
   u_ctrl/ct_hold_div2_reg_17_/D                          -6925.2651 (VIOLATED)
   u_ctrl/ct_hold_div2_reg_18_/D                          -6925.2651 (VIOLATED)
   u_ctrl/ct_hold_div2_reg_19_/D                          -6925.2651 (VIOLATED)
   u_ctrl/ct_hold_div2_reg_20_/D                          -6925.2651 (VIOLATED)
   u_ctrl/ct_hold_div2_reg_21_/D                          -6925.2651 (VIOLATED)
   u_ctrl/ct_hold_div2_reg_22_/D                          -6925.2651 (VIOLATED)
   u_ctrl/ct_hold_div2_reg_23_/D                          -6925.2651 (VIOLATED)
   u_ctrl/ct_hold_div2_reg_24_/D                          -6925.2651 (VIOLATED)
   u_ctrl/ct_hold_div2_reg_25_/D                          -6925.2651 (VIOLATED)
   u_ctrl/ct_hold_div2_reg_26_/D                          -6925.2651 (VIOLATED)
   u_ctrl/ct_hold_div2_reg_110_/D                         -6760.5776 (VIOLATED)
   u_ctrl/ct_hold_div2_reg_111_/D                         -6760.5776 (VIOLATED)
   u_ctrl/ct_hold_div2_reg_113_/D                         -6760.5776 (VIOLATED)
   u_ctrl/ct_hold_div2_reg_114_/D                         -6760.5776 (VIOLATED)
   u_ctrl/ct_hold_div2_reg_116_/D                         -6760.5776 (VIOLATED)
   u_ctrl/ct_hold_div2_reg_117_/D                         -6760.5776 (VIOLATED)
   u_ctrl/ct_hold_div2_reg_119_/D                         -6760.5776 (VIOLATED)
   u_ctrl/ct_hold_div2_reg_120_/D                         -6760.5776 (VIOLATED)
   u_ctrl/ct_hold_div2_reg_61_/D                          -6714.1934 (VIOLATED)
   u_ctrl/ct_hold_div2_reg_62_/D                          -6714.1934 (VIOLATED)
   u_ctrl/ct_hold_div2_reg_63_/D                          -6714.1934 (VIOLATED)
   u_ctrl/ct_hold_div2_reg_64_/D                          -6714.1934 (VIOLATED)
   u_ctrl/ct_hold_div2_reg_65_/D                          -6714.1934 (VIOLATED)
   u_ctrl/ct_hold_div2_reg_66_/D                          -6714.1934 (VIOLATED)
   u_ctrl/ct_hold_div2_reg_67_/D                          -6714.1934 (VIOLATED)
   u_ctrl/ct_hold_div2_reg_68_/D                          -6714.1934 (VIOLATED)
   u_ctrl/ct_hold_div2_reg_69_/D                          -6714.1934 (VIOLATED)
   u_ctrl/ct_hold_div2_reg_70_/D                          -6714.1934 (VIOLATED)
   u_ctrl/ct_hold_div2_reg_71_/D                          -6714.1934 (VIOLATED)
   u_ctrl/ct_hold_div2_reg_72_/D                          -6714.1934 (VIOLATED)
   u_ctrl/ct_hold_div2_reg_73_/D                          -6714.1934 (VIOLATED)
   u_ctrl/ct_hold_div2_reg_74_/D                          -6714.1934 (VIOLATED)
   u_ctrl/ct_hold_div2_reg_75_/D                          -6714.1934 (VIOLATED)
   u_ctrl/ct_hold_div2_reg_76_/D                          -6714.1934 (VIOLATED)
   u_ctrl/ct_hold_div2_reg_77_/D                          -6714.1934 (VIOLATED)
   u_ctrl/ct_hold_div2_reg_78_/D                          -6714.1934 (VIOLATED)
   u_ctrl/ct_hold_div2_reg_79_/D                          -6714.1934 (VIOLATED)
   u_ctrl/ct_hold_div2_reg_80_/D                          -6714.1934 (VIOLATED)
   u_ctrl/ct_hold_div2_reg_81_/D                          -6714.1934 (VIOLATED)
   u_ctrl/ct_hold_div2_reg_82_/D                          -6714.1934 (VIOLATED)
   u_ctrl/ct_hold_div2_reg_83_/D                          -6714.1934 (VIOLATED)
   u_ctrl/ct_hold_div2_reg_84_/D                          -6714.1934 (VIOLATED)
   u_ctrl/u_crc/crc_out_reg_0_/D                          -319.0484 (VIOLATED)
   u_ctrl/u_crc/crc_out_reg_1_/D                          -319.0484 (VIOLATED)
   u_ctrl/u_crc/crc_out_reg_2_/D                          -319.0484 (VIOLATED)
   u_ctrl/u_crc/crc_out_reg_3_/D                          -319.0484 (VIOLATED)
   u_ctrl/u_crc/crc_out_reg_4_/D                          -319.0484 (VIOLATED)
   u_ctrl/u_crc/crc_out_reg_5_/D                          -319.0484 (VIOLATED)
   u_ctrl/u_crc/crc_out_reg_6_/D                          -319.0484 (VIOLATED)
   u_ctrl/u_crc/crc_out_reg_7_/D                          -319.0484 (VIOLATED)
   u_ctrl/u_crc/crc_out_reg_8_/D                          -319.0484 (VIOLATED)
   u_ctrl/u_crc/crc_out_reg_9_/D                          -319.0484 (VIOLATED)
   u_ctrl/u_crc/crc_out_reg_10_/D                         -319.0484 (VIOLATED)
   u_ctrl/u_crc/crc_out_reg_11_/D                         -319.0484 (VIOLATED)
   u_ctrl/u_crc/crc_out_reg_12_/D                         -319.0484 (VIOLATED)
   u_ctrl/u_crc/crc_out_reg_13_/D                         -319.0484 (VIOLATED)
   u_ctrl/u_crc/crc_out_reg_14_/D                         -319.0484 (VIOLATED)
   u_ctrl/u_crc/crc_out_reg_15_/D                         -319.0484 (VIOLATED)
   u_ctrl/u_crc/crc_out_reg_16_/D                         -319.0484 (VIOLATED)
   u_ctrl/u_crc/crc_out_reg_17_/D                         -319.0484 (VIOLATED)
   u_ctrl/u_crc/crc_out_reg_18_/D                         -319.0484 (VIOLATED)
   u_ctrl/u_crc/crc_out_reg_19_/D                         -319.0484 (VIOLATED)
   u_ctrl/u_crc/crc_out_reg_20_/D                         -319.0484 (VIOLATED)
   u_ctrl/u_crc/crc_out_reg_21_/D                         -319.0484 (VIOLATED)
   u_ctrl/u_crc/crc_out_reg_22_/D                         -319.0484 (VIOLATED)
   u_ctrl/u_crc/crc_out_reg_23_/D                         -319.0484 (VIOLATED)
   u_ctrl/u_crc/crc_out_reg_24_/D                         -319.0484 (VIOLATED)
   u_ctrl/u_crc/crc_out_reg_25_/D                         -319.0484 (VIOLATED)
   u_ctrl/u_crc/crc_out_reg_26_/D                         -319.0484 (VIOLATED)
   u_ctrl/u_crc/crc_out_reg_27_/D                         -319.0484 (VIOLATED)
   u_ctrl/u_crc/crc_out_reg_28_/D                         -319.0484 (VIOLATED)
   u_ctrl/u_crc/crc_out_reg_29_/D                         -319.0484 (VIOLATED)
   u_ctrl/u_crc/crc_out_reg_30_/D                         -319.0484 (VIOLATED)
   u_ctrl/u_crc/crc_out_reg_31_/D                         -319.0484 (VIOLATED)
   u_ctrl/fail_reg/D                                      -302.4843 (VIOLATED)
   u_ctrl/mem_wdata_reg_0_/D                              -302.1916 (VIOLATED)
   u_ctrl/mem_wdata_reg_2_/D                              -302.1916 (VIOLATED)
   u_ctrl/mem_wdata_reg_5_/D                              -302.1916 (VIOLATED)
   u_ctrl/mem_wdata_reg_6_/D                              -302.1916 (VIOLATED)
   u_ctrl/mem_wdata_reg_3_/D                              -302.1366 (VIOLATED)
   u_ctrl/mem_wdata_reg_1_/D                              -302.1365 (VIOLATED)
   u_ctrl/mem_wdata_reg_4_/D                              -302.1365 (VIOLATED)
   u_ctrl/mem_wdata_reg_7_/D                              -302.1365 (VIOLATED)
   u_ctrl/u_crc/done_reg/D                                -270.7590 (VIOLATED)
   u_ctrl/u_crc/crc_reg_8_/D                              -219.4117 (VIOLATED)
   u_ctrl/u_crc/crc_reg_11_/D                             -219.4117 (VIOLATED)
   u_ctrl/u_crc/crc_reg_12_/D                             -219.4117 (VIOLATED)
   u_ctrl/u_crc/crc_reg_5_/D                              -219.4011 (VIOLATED)
   u_ctrl/u_crc/crc_reg_2_/D                              -219.3695 (VIOLATED)
   u_ctrl/u_crc/crc_reg_1_/D                              -219.3545 (VIOLATED)
   u_ctrl/u_crc/crc_reg_9_/D                              -217.7946 (VIOLATED)
   u_ctrl/u_crc/crc_reg_13_/D                             -217.7946 (VIOLATED)
   u_ctrl/u_crc/crc_reg_24_/D                             -217.7946 (VIOLATED)
   u_ctrl/u_crc/crc_reg_27_/D                             -217.7946 (VIOLATED)
   u_ctrl/u_crc/crc_reg_3_/D                              -217.7561 (VIOLATED)
   u_ctrl/u_crc/crc_reg_7_/D                              -216.3793 (VIOLATED)
   u_ctrl/u_crc/crc_reg_10_/D                             -216.3793 (VIOLATED)
   u_ctrl/u_crc/crc_reg_23_/D                             -216.3793 (VIOLATED)
   u_ctrl/u_crc/crc_reg_4_/D                              -216.3698 (VIOLATED)
   u_ctrl/u_crc/crc_reg_26_/D                             -216.3698 (VIOLATED)
   u_ctrl/u_crc/crc_reg_6_/D                              -215.1123 (VIOLATED)
   u_ctrl/u_crc/crc_reg_14_/D                             -215.1123 (VIOLATED)
   u_ctrl/u_crc/crc_reg_15_/D                             -215.1123 (VIOLATED)
   u_ctrl/u_crc/crc_reg_16_/D                             -215.1123 (VIOLATED)
   u_ctrl/u_crc/crc_reg_17_/D                             -215.1123 (VIOLATED)
   u_ctrl/u_crc/crc_reg_18_/D                             -215.1123 (VIOLATED)
   u_ctrl/u_crc/crc_reg_19_/D                             -215.1123 (VIOLATED)
   u_ctrl/u_crc/crc_reg_20_/D                             -215.1123 (VIOLATED)
   u_ctrl/u_crc/crc_reg_21_/D                             -215.1123 (VIOLATED)
   u_ctrl/u_crc/crc_reg_22_/D                             -215.1123 (VIOLATED)
   u_ctrl/u_crc/crc_reg_25_/D                             -215.1123 (VIOLATED)
   u_ctrl/u_crc/crc_reg_28_/D                             -215.1123 (VIOLATED)
   u_ctrl/u_crc/crc_reg_29_/D                             -215.1123 (VIOLATED)
   u_ctrl/u_crc/crc_reg_30_/D                             -215.1123 (VIOLATED)
   u_ctrl/u_crc/crc_reg_31_/D                             -215.1123 (VIOLATED)
   u_ctrl/u_crc/crc_reg_0_/D                              -215.1080 (VIOLATED)
   u_ctrl/tx_byte_div2_reg_0_/D                           -148.2965 (VIOLATED)
   u_ctrl/tx_byte_div2_reg_1_/D                           -148.2965 (VIOLATED)
   u_ctrl/tx_byte_div2_reg_2_/D                           -148.2965 (VIOLATED)
   u_ctrl/tx_byte_div2_reg_3_/D                           -148.2965 (VIOLATED)
   u_ctrl/tx_byte_div2_reg_4_/D                           -148.2965 (VIOLATED)
   u_ctrl/tx_byte_div2_reg_5_/D                           -148.2965 (VIOLATED)
   u_ctrl/tx_byte_div2_reg_6_/D                           -148.2965 (VIOLATED)
   u_ctrl/tx_byte_div2_reg_7_/D                           -148.2965 (VIOLATED)
   u_ctrl/byte_idx_reg_1_/D                               -117.7115 (VIOLATED)
   u_ctrl/byte_idx_reg_2_/D                               -117.7101 (VIOLATED)
   u_ctrl/byte_idx_reg_3_/D                               -117.3630 (VIOLATED)
   u_ctrl/byte_idx_reg_0_/D                               -117.2381 (VIOLATED)
   u_ctrl/sst_reg_2_/D                                    -116.2763 (VIOLATED)
   u_ctrl/sst_reg_1_/D                                    -116.2097 (VIOLATED)
   u_ctrl/send_go_div2_reg/D                              -113.2321 (VIOLATED)
   u_ctrl/crc_byte_reg_0_/D                               -68.4726  (VIOLATED)
   u_ctrl/crc_byte_reg_1_/D                               -68.4726  (VIOLATED)
   u_ctrl/crc_byte_reg_2_/D                               -68.4726  (VIOLATED)
   u_ctrl/crc_byte_reg_3_/D                               -68.4726  (VIOLATED)
   u_ctrl/crc_byte_reg_4_/D                               -68.4726  (VIOLATED)
   u_ctrl/crc_byte_reg_5_/D                               -68.4726  (VIOLATED)
   u_ctrl/crc_byte_reg_6_/D                               -68.4726  (VIOLATED)
   u_ctrl/crc_byte_reg_7_/D                               -68.4726  (VIOLATED)
   u_ctrl/crc_dv_reg/D                                    -68.3746  (VIOLATED)
   u_ctrl/mem_addr_reg_0_/D                               -50.8459  (VIOLATED)
   u_ctrl/mem_we_reg/D                                    -50.2769  (VIOLATED)
   u_ctrl/mem_addr_reg_1_/D                               -37.8443  (VIOLATED)
   u_ctrl/mem_addr_reg_2_/D                               -37.8443  (VIOLATED)
   u_ctrl/mem_addr_reg_3_/D                               -37.8443  (VIOLATED)
   u_ctrl/mem_cs_reg/D                                    -35.8347  (VIOLATED)
   u_ctrl/u_ct_cdc/ack_tog_dst_reg/D                       -9.2445  (VIOLATED)
   u_ctrl/mem_oe_reg/D                                     -9.2362  (VIOLATED)
   u_ctrl/u_ct_cdc/pulse_dst_reg/D                         -9.1746  (VIOLATED)
   u_ctrl/crc_finish_reg/D                                 -5.3083  (VIOLATED)

   max_delay/setup ('clk_div4' group)

   Endpoint                                                  Slack
   -----------------------------------------------------------------
   u_ctrl/u_tx/shifter_reg_8_/D                           -205.8934 (VIOLATED)
   u_ctrl/u_tx/shifter_reg_1_/D                           -205.8893 (VIOLATED)
   u_ctrl/u_tx/shifter_reg_2_/D                           -205.8893 (VIOLATED)
   u_ctrl/u_tx/shifter_reg_3_/D                           -205.8893 (VIOLATED)
   u_ctrl/u_tx/shifter_reg_4_/D                           -205.8893 (VIOLATED)
   u_ctrl/u_tx/shifter_reg_5_/D                           -205.8893 (VIOLATED)
   u_ctrl/u_tx/shifter_reg_6_/D                           -205.8893 (VIOLATED)
   u_ctrl/u_tx/shifter_reg_7_/D                           -205.8893 (VIOLATED)
   u_ctrl/u_tx/shifter_reg_0_/D                           -205.8377 (VIOLATED)
   u_ctrl/u_tx/bitpos_reg_3_/D                            -204.8640 (VIOLATED)
   u_ctrl/u_tx/bitpos_reg_2_/D                            -204.8300 (VIOLATED)
   u_ctrl/u_tx/divcnt_reg_8_/D                            -204.8292 (VIOLATED)
   u_ctrl/u_tx/divcnt_reg_12_/D                           -204.8292 (VIOLATED)
   u_ctrl/u_tx/divcnt_reg_6_/D                            -204.8292 (VIOLATED)
   u_ctrl/u_tx/divcnt_reg_10_/D                           -204.8292 (VIOLATED)
   u_ctrl/u_tx/divcnt_reg_5_/D                            -204.8277 (VIOLATED)
   u_ctrl/u_tx/divcnt_reg_7_/D                            -204.8277 (VIOLATED)
   u_ctrl/u_tx/divcnt_reg_9_/D                            -204.8277 (VIOLATED)
   u_ctrl/u_tx/divcnt_reg_11_/D                           -204.8277 (VIOLATED)
   u_ctrl/u_tx/bitpos_reg_1_/D                            -204.7585 (VIOLATED)
   u_ctrl/u_tx/divcnt_reg_0_/D                            -204.7516 (VIOLATED)
   u_ctrl/u_tx/bitpos_reg_0_/D                            -204.6909 (VIOLATED)
   u_ctrl/tx_done_div4_reg/D                              -204.5645 (VIOLATED)
   u_ctrl/tx_cnt_div4_reg_4_/D                            -204.5277 (VIOLATED)
   u_ctrl/u_tx/divcnt_reg_4_/D                            -204.5229 (VIOLATED)
   u_ctrl/u_tx/divcnt_reg_14_/D                           -204.5229 (VIOLATED)
   u_ctrl/u_tx/divcnt_reg_16_/D                           -204.5229 (VIOLATED)
   u_ctrl/u_tx/divcnt_reg_18_/D                           -204.5229 (VIOLATED)
   u_ctrl/u_tx/divcnt_reg_20_/D                           -204.5229 (VIOLATED)
   u_ctrl/u_tx/divcnt_reg_22_/D                           -204.5229 (VIOLATED)
   u_ctrl/u_tx/divcnt_reg_24_/D                           -204.5229 (VIOLATED)
   u_ctrl/u_tx/divcnt_reg_26_/D                           -204.5229 (VIOLATED)
   u_ctrl/u_tx/divcnt_reg_28_/D                           -204.5229 (VIOLATED)
   u_ctrl/u_tx/divcnt_reg_31_/D                           -204.5078 (VIOLATED)
   u_ctrl/u_tx/divcnt_reg_3_/D                            -204.5057 (VIOLATED)
   u_ctrl/u_tx/divcnt_reg_13_/D                           -204.5057 (VIOLATED)
   u_ctrl/u_tx/divcnt_reg_15_/D                           -204.5057 (VIOLATED)
   u_ctrl/u_tx/divcnt_reg_17_/D                           -204.5057 (VIOLATED)
   u_ctrl/u_tx/divcnt_reg_19_/D                           -204.5057 (VIOLATED)
   u_ctrl/u_tx/divcnt_reg_21_/D                           -204.5057 (VIOLATED)
   u_ctrl/u_tx/divcnt_reg_23_/D                           -204.5057 (VIOLATED)
   u_ctrl/u_tx/divcnt_reg_25_/D                           -204.5057 (VIOLATED)
   u_ctrl/u_tx/divcnt_reg_27_/D                           -204.5057 (VIOLATED)
   u_ctrl/u_tx/divcnt_reg_30_/D                           -204.4750 (VIOLATED)
   u_ctrl/u_tx/divcnt_reg_2_/D                            -204.4331 (VIOLATED)
   u_ctrl/tx_cnt_div4_reg_0_/D                            -204.4151 (VIOLATED)
   u_ctrl/u_tx/divcnt_reg_1_/D                            -204.4080 (VIOLATED)
   u_ctrl/u_tx/divcnt_reg_29_/D                           -204.4080 (VIOLATED)
   u_ctrl/tx_all_started_div4_reg/D                       -204.4079 (VIOLATED)
   u_ctrl/tx_cnt_div4_reg_1_/D                            -204.4079 (VIOLATED)
   u_ctrl/tx_cnt_div4_reg_2_/D                            -204.4079 (VIOLATED)
   u_ctrl/tx_cnt_div4_reg_3_/D                            -204.4079 (VIOLATED)
   u_ctrl/tx_active_div4_reg/D                            -204.3983 (VIOLATED)
   u_ctrl/u_tx/tx_busy_reg/D                              -204.3294 (VIOLATED)
   u_ctrl/tx_data_reg_0_/D                                -105.5439 (VIOLATED)
   u_ctrl/tx_data_reg_1_/D                                -105.5439 (VIOLATED)
   u_ctrl/tx_data_reg_2_/D                                -105.5439 (VIOLATED)
   u_ctrl/tx_data_reg_3_/D                                -105.5439 (VIOLATED)
   u_ctrl/tx_data_reg_4_/D                                -105.5439 (VIOLATED)
   u_ctrl/tx_data_reg_5_/D                                -105.5439 (VIOLATED)
   u_ctrl/tx_data_reg_6_/D                                -105.5439 (VIOLATED)
   u_ctrl/tx_data_reg_7_/D                                -105.5439 (VIOLATED)
   u_ctrl/tx_start_reg/D                                  -105.4311 (VIOLATED)
   u_ctrl/tx_buf_valid_reg/D                              -90.7781  (VIOLATED)
   u_ctrl/tx_busy_d_reg/D                                 -69.4718  (VIOLATED)
   u_ctrl/u_rx/divcnt_reg_31_/D                           -46.5888  (VIOLATED)
   u_ctrl/u_rx/divcnt_reg_30_/D                           -46.5568  (VIOLATED)
   u_ctrl/u_rx/divcnt_reg_29_/D                           -46.4906  (VIOLATED)
   u_ctrl/u_rx/divcnt_reg_4_/D                            -46.4542  (VIOLATED)
   u_ctrl/u_rx/divcnt_reg_6_/D                            -46.4542  (VIOLATED)
   u_ctrl/u_rx/divcnt_reg_10_/D                           -46.4542  (VIOLATED)
   u_ctrl/u_rx/divcnt_reg_12_/D                           -46.4495  (VIOLATED)
   u_ctrl/u_rx/divcnt_reg_14_/D                           -46.4495  (VIOLATED)
   u_ctrl/u_rx/divcnt_reg_16_/D                           -46.4495  (VIOLATED)
   u_ctrl/u_rx/divcnt_reg_18_/D                           -46.4495  (VIOLATED)
   u_ctrl/u_rx/divcnt_reg_20_/D                           -46.4495  (VIOLATED)
   u_ctrl/u_rx/divcnt_reg_22_/D                           -46.4495  (VIOLATED)
   u_ctrl/u_rx/divcnt_reg_24_/D                           -46.4495  (VIOLATED)
   u_ctrl/u_rx/divcnt_reg_26_/D                           -46.4495  (VIOLATED)
   u_ctrl/u_rx/divcnt_reg_28_/D                           -46.4495  (VIOLATED)
   u_ctrl/tx_buf_data_reg_0_/D                            -24.8659  (VIOLATED)
   u_ctrl/tx_buf_data_reg_1_/D                            -24.8659  (VIOLATED)
   u_ctrl/tx_buf_data_reg_2_/D                            -24.8659  (VIOLATED)
   u_ctrl/tx_buf_data_reg_3_/D                            -24.8659  (VIOLATED)
   u_ctrl/tx_buf_data_reg_4_/D                            -24.8659  (VIOLATED)
   u_ctrl/tx_buf_data_reg_5_/D                            -24.8659  (VIOLATED)
   u_ctrl/tx_buf_data_reg_6_/D                            -24.8659  (VIOLATED)
   u_ctrl/tx_buf_data_reg_7_/D                            -24.8659  (VIOLATED)
   u_ctrl/u_rx/divcnt_reg_8_/D                            -21.6084  (VIOLATED)
   u_ctrl/u_rx/divcnt_reg_7_/D                            -21.6070  (VIOLATED)
   u_ctrl/u_rx/divcnt_reg_19_/D                           -21.5589  (VIOLATED)
   u_ctrl/u_rx/divcnt_reg_27_/D                           -21.5589  (VIOLATED)
   u_ctrl/u_rx/divcnt_reg_2_/D                            -21.5362  (VIOLATED)
   u_ctrl/u_rx/divcnt_reg_5_/D                            -21.5362  (VIOLATED)
   u_ctrl/u_rx/divcnt_reg_3_/D                            -21.5362  (VIOLATED)
   u_ctrl/u_rx/divcnt_reg_9_/D                            -21.5362  (VIOLATED)
   u_ctrl/u_rx/divcnt_reg_13_/D                           -21.5361  (VIOLATED)
   u_ctrl/u_rx/divcnt_reg_15_/D                           -21.5361  (VIOLATED)
   u_ctrl/u_rx/divcnt_reg_17_/D                           -21.5361  (VIOLATED)
   u_ctrl/u_rx/divcnt_reg_23_/D                           -21.5361  (VIOLATED)
   u_ctrl/u_rx/divcnt_reg_25_/D                           -21.5361  (VIOLATED)
   u_ctrl/u_rx/divcnt_reg_11_/D                           -21.5361  (VIOLATED)
   u_ctrl/u_rx/divcnt_reg_21_/D                           -21.5361  (VIOLATED)
   u_ctrl/u_rx/divcnt_reg_1_/D                            -21.5361  (VIOLATED)
   u_ctrl/u_rx/divcnt_reg_0_/D                            -21.5210  (VIOLATED)
   u_ctrl/u_rx/busy_reg/D                                  -2.8563  (VIOLATED)
   u_ctrl/u_tx/txd_reg/D                                   -0.0676  (VIOLATED)

   max_delay/setup ('clk_fast' group)

   Endpoint                                                  Slack
   -----------------------------------------------------------------
   u_ctrl/aes_start_reg/D                                 -21.9082  (VIOLATED)
   u_ctrl/pass_reg/D                                      -21.8369  (VIOLATED)
   u_ctrl/done_reg/D                                      -21.8331  (VIOLATED)
   u_ctrl/crc_done_hold_reg/D                             -21.8278  (VIOLATED)
   u_ctrl/start_seen_reg/D                                -19.7083  (VIOLATED)
   u_ctrl/aes_clk_req_reg/D                                -2.4784  (VIOLATED)
   u_ctrl/ct_ok_reg/D                                      -0.8493  (VIOLATED)
   u_ctrl/ct_req_pulse_fast_reg/D                          -0.3577  (VIOLATED)

   max_delay/setup ('clk_fast_aes' group)

   Endpoint                                                  Slack
   -----------------------------------------------------------------
   u_ctrl/u_aes/ct_out_reg_12_/D                          -436.4996 (VIOLATED)
   u_ctrl/u_aes/ct_out_reg_16_/D                          -436.4996 (VIOLATED)
   u_ctrl/u_aes/ct_out_reg_19_/D                          -436.4996 (VIOLATED)
   u_ctrl/u_aes/ct_out_reg_21_/D                          -436.4996 (VIOLATED)
   u_ctrl/u_aes/ct_out_reg_27_/D                          -436.4996 (VIOLATED)
   u_ctrl/u_aes/ct_out_reg_49_/D                          -436.4996 (VIOLATED)
   u_ctrl/u_aes/ct_out_reg_61_/D                          -436.4996 (VIOLATED)
   u_ctrl/u_aes/ct_out_reg_63_/D                          -436.4996 (VIOLATED)
   u_ctrl/u_aes/ct_out_reg_65_/D                          -436.4996 (VIOLATED)
   u_ctrl/u_aes/ct_out_reg_73_/D                          -436.4996 (VIOLATED)
   u_ctrl/u_aes/ct_out_reg_82_/D                          -436.4996 (VIOLATED)
   u_ctrl/u_aes/ct_out_reg_87_/D                          -436.4996 (VIOLATED)
   u_ctrl/u_aes/ct_out_reg_93_/D                          -436.4996 (VIOLATED)
   u_ctrl/u_aes/ct_out_reg_104_/D                         -436.4996 (VIOLATED)
   u_ctrl/u_aes/ct_out_reg_107_/D                         -436.4996 (VIOLATED)
   u_ctrl/u_aes/ct_out_reg_108_/D                         -436.4996 (VIOLATED)
   u_ctrl/u_aes/ct_out_reg_112_/D                         -436.4996 (VIOLATED)
   u_ctrl/u_aes/ct_out_reg_121_/D                         -436.4996 (VIOLATED)
   u_ctrl/u_aes/ct_out_reg_124_/D                         -436.4996 (VIOLATED)
   u_ctrl/u_aes/state_reg_46_/D                           -434.8293 (VIOLATED)
   u_ctrl/u_aes/ct_out_reg_42_/D                          -434.8283 (VIOLATED)
   u_ctrl/u_aes/ct_out_reg_56_/D                          -434.8283 (VIOLATED)
   u_ctrl/u_aes/ct_out_reg_57_/D                          -434.8283 (VIOLATED)
   u_ctrl/u_aes/ct_out_reg_62_/D                          -434.8283 (VIOLATED)
   u_ctrl/u_aes/ct_out_reg_64_/D                          -434.8283 (VIOLATED)
   u_ctrl/u_aes/ct_out_reg_66_/D                          -434.8283 (VIOLATED)
   u_ctrl/u_aes/ct_out_reg_84_/D                          -434.8283 (VIOLATED)
   u_ctrl/u_aes/ct_out_reg_89_/D                          -434.8283 (VIOLATED)
   u_ctrl/u_aes/ct_out_reg_106_/D                         -434.8283 (VIOLATED)
   u_ctrl/u_aes/ct_out_reg_1_/D                           -434.8229 (VIOLATED)
   u_ctrl/u_aes/ct_out_reg_7_/D                           -434.8229 (VIOLATED)
   u_ctrl/u_aes/ct_out_reg_26_/D                          -434.8229 (VIOLATED)
   u_ctrl/u_aes/ct_out_reg_31_/D                          -434.8229 (VIOLATED)
   u_ctrl/u_aes/ct_out_reg_58_/D                          -434.8229 (VIOLATED)
   u_ctrl/u_aes/ct_out_reg_94_/D                          -434.8229 (VIOLATED)
   u_ctrl/u_aes/ct_out_reg_100_/D                         -434.8229 (VIOLATED)
   u_ctrl/u_aes/ct_out_reg_127_/D                         -434.8229 (VIOLATED)
   u_ctrl/u_aes/state_reg_123_/D                          -433.4975 (VIOLATED)
   u_ctrl/u_aes/ct_out_reg_2_/D                           -433.4960 (VIOLATED)
   u_ctrl/u_aes/ct_out_reg_6_/D                           -433.4960 (VIOLATED)
   u_ctrl/u_aes/ct_out_reg_13_/D                          -433.4960 (VIOLATED)
   u_ctrl/u_aes/ct_out_reg_17_/D                          -433.4960 (VIOLATED)
   u_ctrl/u_aes/ct_out_reg_35_/D                          -433.4960 (VIOLATED)
   u_ctrl/u_aes/ct_out_reg_39_/D                          -433.4960 (VIOLATED)
   u_ctrl/u_aes/ct_out_reg_45_/D                          -433.4960 (VIOLATED)
   u_ctrl/u_aes/ct_out_reg_55_/D                          -433.4960 (VIOLATED)
   u_ctrl/u_aes/ct_out_reg_60_/D                          -433.4960 (VIOLATED)
   u_ctrl/u_aes/ct_out_reg_68_/D                          -433.4960 (VIOLATED)
   u_ctrl/u_aes/ct_out_reg_116_/D                         -433.4960 (VIOLATED)
   u_ctrl/u_aes/ct_out_reg_5_/D                           -433.4938 (VIOLATED)
   u_ctrl/u_aes/ct_out_reg_80_/D                          -433.4938 (VIOLATED)
   u_ctrl/u_aes/ct_out_reg_111_/D                         -433.4938 (VIOLATED)
   u_ctrl/u_aes/ct_out_reg_85_/D                          -433.4937 (VIOLATED)
   u_ctrl/u_aes/ct_out_reg_105_/D                         -433.4937 (VIOLATED)
   u_ctrl/u_aes/state_reg_100_/D                          -430.5140 (VIOLATED)
   u_ctrl/u_aes/state_reg_104_/D                          -430.5033 (VIOLATED)
   u_ctrl/u_aes/state_reg_93_/D                           -430.4979 (VIOLATED)
   u_ctrl/u_aes/state_reg_96_/D                           -430.4979 (VIOLATED)
   u_ctrl/u_aes/state_reg_108_/D                          -430.4978 (VIOLATED)
   u_ctrl/u_aes/state_reg_24_/D                           -430.4948 (VIOLATED)
   u_ctrl/u_aes/state_reg_70_/D                           -430.4824 (VIOLATED)
   u_ctrl/u_aes/state_reg_107_/D                          -430.4763 (VIOLATED)
   u_ctrl/u_aes/state_reg_87_/D                           -430.4718 (VIOLATED)
   u_ctrl/u_aes/ct_out_reg_70_/D                          -430.4710 (VIOLATED)
   u_ctrl/u_aes/state_reg_82_/D                           -430.4678 (VIOLATED)
   u_ctrl/u_aes/state_reg_88_/D                           -430.4678 (VIOLATED)
   u_ctrl/u_aes/state_reg_101_/D                          -430.4480 (VIOLATED)
   u_ctrl/u_aes/state_reg_26_/D                           -430.4455 (VIOLATED)
   u_ctrl/u_aes/ct_out_reg_101_/D                         -430.4433 (VIOLATED)
   u_ctrl/u_aes/ct_out_reg_24_/D                          -430.4427 (VIOLATED)
   u_ctrl/u_aes/ct_out_reg_96_/D                          -430.4427 (VIOLATED)
   u_ctrl/u_aes/ct_out_reg_88_/D                          -430.4378 (VIOLATED)
   u_ctrl/u_aes/ct_out_reg_9_/D                           -430.4258 (VIOLATED)
   u_ctrl/u_aes/state_reg_42_/D                           -427.4923 (VIOLATED)
   u_ctrl/u_aes/ct_out_reg_0_/D                           -427.4405 (VIOLATED)
   u_ctrl/u_aes/ct_out_reg_48_/D                          -427.4405 (VIOLATED)
   u_ctrl/u_aes/ct_out_reg_50_/D                          -427.4405 (VIOLATED)
   u_ctrl/u_aes/ct_out_reg_97_/D                          -427.4405 (VIOLATED)
   u_ctrl/u_aes/ct_out_reg_98_/D                          -427.4405 (VIOLATED)
   u_ctrl/u_aes/ct_out_reg_102_/D                         -427.4405 (VIOLATED)
   u_ctrl/u_aes/state_reg_114_/D                          -427.4369 (VIOLATED)
   u_ctrl/u_aes/state_reg_74_/D                           -427.4336 (VIOLATED)
   u_ctrl/u_aes/state_reg_44_/D                           -427.4325 (VIOLATED)
   u_ctrl/u_aes/state_reg_21_/D                           -424.9866 (VIOLATED)
   u_ctrl/u_aes/ct_out_reg_40_/D                          -424.9364 (VIOLATED)
   u_ctrl/u_aes/ct_out_reg_75_/D                          -424.9364 (VIOLATED)
   u_ctrl/u_aes/ct_out_reg_99_/D                          -424.9364 (VIOLATED)
   u_ctrl/u_aes/state_reg_85_/D                           -424.9290 (VIOLATED)
   u_ctrl/u_aes/state_reg_6_/D                            -424.2434 (VIOLATED)
   u_ctrl/u_aes/state_reg_55_/D                           -424.2390 (VIOLATED)
   u_ctrl/u_aes/state_reg_23_/D                           -424.2245 (VIOLATED)
   u_ctrl/u_aes/state_reg_25_/D                           -424.2233 (VIOLATED)
   u_ctrl/u_aes/state_reg_49_/D                           -424.2194 (VIOLATED)
   u_ctrl/u_aes/state_reg_83_/D                           -424.2188 (VIOLATED)
   u_ctrl/u_aes/ct_out_reg_83_/D                          -424.2039 (VIOLATED)
   u_ctrl/u_aes/ct_out_reg_25_/D                          -424.1940 (VIOLATED)
   u_ctrl/u_aes/ct_out_reg_23_/D                          -424.1922 (VIOLATED)
   u_ctrl/u_aes/state_reg_36_/D                           -424.1718 (VIOLATED)
   u_ctrl/u_aes/state_reg_113_/D                          -424.1622 (VIOLATED)
   u_ctrl/u_aes/ct_out_reg_18_/D                          -424.1620 (VIOLATED)
   u_ctrl/u_aes/ct_out_reg_30_/D                          -424.1620 (VIOLATED)
   u_ctrl/u_aes/ct_out_reg_32_/D                          -424.1620 (VIOLATED)
   u_ctrl/u_aes/ct_out_reg_33_/D                          -424.1620 (VIOLATED)
   u_ctrl/u_aes/ct_out_reg_41_/D                          -424.1620 (VIOLATED)
   u_ctrl/u_aes/ct_out_reg_47_/D                          -424.1620 (VIOLATED)
   u_ctrl/u_aes/ct_out_reg_69_/D                          -424.1620 (VIOLATED)
   u_ctrl/u_aes/ct_out_reg_78_/D                          -424.1620 (VIOLATED)
   u_ctrl/u_aes/ct_out_reg_91_/D                          -424.1620 (VIOLATED)
   u_ctrl/u_aes/ct_out_reg_92_/D                          -424.1620 (VIOLATED)
   u_ctrl/u_aes/ct_out_reg_95_/D                          -424.1620 (VIOLATED)
   u_ctrl/u_aes/ct_out_reg_103_/D                         -424.1620 (VIOLATED)
   u_ctrl/u_aes/ct_out_reg_113_/D                         -424.1620 (VIOLATED)
   u_ctrl/u_aes/ct_out_reg_120_/D                         -424.1620 (VIOLATED)
   u_ctrl/u_aes/ct_out_reg_123_/D                         -424.1620 (VIOLATED)
   u_ctrl/u_aes/ct_out_reg_3_/D                           -424.1603 (VIOLATED)
   u_ctrl/u_aes/ct_out_reg_34_/D                          -424.1603 (VIOLATED)
   u_ctrl/u_aes/ct_out_reg_44_/D                          -424.1603 (VIOLATED)
   u_ctrl/u_aes/ct_out_reg_59_/D                          -424.1603 (VIOLATED)
   u_ctrl/u_aes/ct_out_reg_77_/D                          -424.1603 (VIOLATED)
   u_ctrl/u_aes/ct_out_reg_114_/D                         -424.1603 (VIOLATED)
   u_ctrl/u_aes/ct_out_reg_115_/D                         -424.1603 (VIOLATED)
   u_ctrl/u_aes/state_reg_52_/D                           -424.1527 (VIOLATED)
   u_ctrl/u_aes/state_reg_105_/D                          -424.1527 (VIOLATED)
   u_ctrl/u_aes/state_reg_80_/D                           -424.1473 (VIOLATED)
   u_ctrl/u_aes/state_reg_81_/D                           -424.1472 (VIOLATED)
   u_ctrl/u_aes/ct_out_reg_71_/D                          -424.1448 (VIOLATED)
   u_ctrl/u_aes/state_reg_110_/D                          -424.1428 (VIOLATED)
   u_ctrl/u_aes/state_reg_119_/D                          -424.1425 (VIOLATED)
   u_ctrl/u_aes/state_reg_8_/D                            -424.1392 (VIOLATED)
   u_ctrl/u_aes/state_reg_59_/D                           -424.1219 (VIOLATED)
   u_ctrl/u_aes/state_reg_9_/D                            -424.1219 (VIOLATED)
   u_ctrl/u_aes/state_reg_11_/D                           -424.1219 (VIOLATED)
   u_ctrl/u_aes/state_reg_18_/D                           -424.1219 (VIOLATED)
   u_ctrl/u_aes/state_reg_34_/D                           -424.1219 (VIOLATED)
   u_ctrl/u_aes/state_reg_67_/D                           -424.1219 (VIOLATED)
   u_ctrl/u_aes/state_reg_91_/D                           -424.1219 (VIOLATED)
   u_ctrl/u_aes/state_reg_1_/D                            -424.1173 (VIOLATED)
   u_ctrl/u_aes/state_reg_117_/D                          -424.1171 (VIOLATED)
   u_ctrl/u_aes/ct_out_reg_125_/D                         -424.1161 (VIOLATED)
   u_ctrl/u_aes/state_reg_29_/D                           -424.1114 (VIOLATED)
   u_ctrl/u_aes/state_reg_54_/D                           -424.1114 (VIOLATED)
   u_ctrl/u_aes/done_reg/D                                -424.0821 (VIOLATED)
   u_ctrl/u_aes/round_reg_0_/D                            -290.3641 (VIOLATED)
   u_ctrl/u_aes/busy_reg/D                                -290.3332 (VIOLATED)
   u_ctrl/u_aes/rkeys_reg_2_/D                            -290.2950 (VIOLATED)
   u_ctrl/u_aes/rkeys_reg_27_/D                           -290.2950 (VIOLATED)
   u_ctrl/u_aes/rkeys_reg_60_/D                           -290.2950 (VIOLATED)
   u_ctrl/u_aes/rkeys_reg_65_/D                           -290.2950 (VIOLATED)
   u_ctrl/u_aes/rkeys_reg_121_/D                          -290.2950 (VIOLATED)
   u_ctrl/u_aes/rkeys_reg_206_/D                          -290.2950 (VIOLATED)
   u_ctrl/u_aes/rkeys_reg_237_/D                          -290.2950 (VIOLATED)
   u_ctrl/u_aes/rkeys_reg_270_/D                          -290.2950 (VIOLATED)
   u_ctrl/u_aes/rkeys_reg_320_/D                          -290.2950 (VIOLATED)
   u_ctrl/u_aes/rkeys_reg_362_/D                          -290.2950 (VIOLATED)
   u_ctrl/u_aes/rkeys_reg_378_/D                          -290.2950 (VIOLATED)
   u_ctrl/u_aes/rkeys_reg_398_/D                          -290.2950 (VIOLATED)
   u_ctrl/u_aes/rkeys_reg_430_/D                          -290.2950 (VIOLATED)
   u_ctrl/u_aes/rkeys_reg_461_/D                          -290.2950 (VIOLATED)
   u_ctrl/u_aes/rkeys_reg_462_/D                          -290.2950 (VIOLATED)
   u_ctrl/u_aes/rkeys_reg_493_/D                          -290.2950 (VIOLATED)
   u_ctrl/u_aes/rkeys_reg_506_/D                          -290.2950 (VIOLATED)
   u_ctrl/u_aes/rkeys_reg_568_/D                          -290.2950 (VIOLATED)
   u_ctrl/u_aes/rkeys_reg_570_/D                          -290.2950 (VIOLATED)
   u_ctrl/u_aes/rkeys_reg_594_/D                          -290.2950 (VIOLATED)
   u_ctrl/u_aes/rkeys_reg_618_/D                          -290.2950 (VIOLATED)
   u_ctrl/u_aes/rkeys_reg_619_/D                          -290.2950 (VIOLATED)
   u_ctrl/u_aes/rkeys_reg_634_/D                          -290.2950 (VIOLATED)
   u_ctrl/u_aes/rkeys_reg_635_/D                          -290.2950 (VIOLATED)
   u_ctrl/u_aes/rkeys_reg_638_/D                          -290.2950 (VIOLATED)
   u_ctrl/u_aes/rkeys_reg_749_/D                          -290.2950 (VIOLATED)
   u_ctrl/u_aes/rkeys_reg_786_/D                          -290.2950 (VIOLATED)
   u_ctrl/u_aes/rkeys_reg_813_/D                          -290.2950 (VIOLATED)
   u_ctrl/u_aes/rkeys_reg_828_/D                          -290.2950 (VIOLATED)
   u_ctrl/u_aes/rkeys_reg_850_/D                          -290.2950 (VIOLATED)
   u_ctrl/u_aes/rkeys_reg_872_/D                          -290.2950 (VIOLATED)
   u_ctrl/u_aes/rkeys_reg_909_/D                          -290.2950 (VIOLATED)
   u_ctrl/u_aes/rkeys_reg_1005_/D                         -290.2950 (VIOLATED)
   u_ctrl/u_aes/rkeys_reg_1075_/D                         -290.2950 (VIOLATED)
   u_ctrl/u_aes/rkeys_reg_1131_/D                         -290.2950 (VIOLATED)
   u_ctrl/u_aes/rkeys_reg_1166_/D                         -290.2950 (VIOLATED)
   u_ctrl/u_aes/rkeys_reg_324_/D                          -290.2930 (VIOLATED)
   u_ctrl/u_aes/rkeys_reg_422_/D                          -290.2930 (VIOLATED)
   u_ctrl/u_aes/rkeys_reg_481_/D                          -290.2930 (VIOLATED)
   u_ctrl/u_aes/rkeys_reg_513_/D                          -290.2930 (VIOLATED)
   u_ctrl/u_aes/rkeys_reg_580_/D                          -290.2930 (VIOLATED)
   u_ctrl/u_aes/rkeys_reg_702_/D                          -290.2930 (VIOLATED)
   u_ctrl/u_aes/rkeys_reg_1032_/D                         -290.2930 (VIOLATED)
   u_ctrl/u_aes/rkeys_reg_1066_/D                         -290.2930 (VIOLATED)
   u_ctrl/u_aes/rkeys_reg_1096_/D                         -290.2930 (VIOLATED)
   u_ctrl/u_aes/rkeys_reg_1099_/D                         -290.2930 (VIOLATED)
   u_ctrl/u_aes/rkeys_reg_1171_/D                         -290.2930 (VIOLATED)
   u_ctrl/u_aes/rkeys_reg_1190_/D                         -290.2930 (VIOLATED)
   u_ctrl/u_aes/rkeys_reg_1196_/D                         -290.2930 (VIOLATED)
   u_ctrl/u_aes/rkeys_reg_1235_/D                         -290.2930 (VIOLATED)
   u_ctrl/u_aes/rkeys_reg_1267_/D                         -290.2930 (VIOLATED)
   u_ctrl/u_aes/state_reg_27_/D                           -254.2807 (VIOLATED)
   u_ctrl/u_aes/state_reg_76_/D                           -254.2513 (VIOLATED)
   u_ctrl/u_aes/state_reg_111_/D                          -254.2455 (VIOLATED)
   u_ctrl/u_aes/state_reg_71_/D                           -254.2411 (VIOLATED)
   u_ctrl/u_aes/state_reg_45_/D                           -254.2402 (VIOLATED)
   u_ctrl/u_aes/state_reg_22_/D                           -254.2354 (VIOLATED)
   u_ctrl/u_aes/state_reg_5_/D                            -254.2343 (VIOLATED)
   u_ctrl/u_aes/state_reg_103_/D                          -254.2338 (VIOLATED)
   u_ctrl/u_aes/state_reg_65_/D                           -254.2320 (VIOLATED)
   u_ctrl/u_aes/state_reg_47_/D                           -254.2299 (VIOLATED)
   u_ctrl/u_aes/state_reg_31_/D                           -254.2294 (VIOLATED)
   u_ctrl/u_aes/state_reg_32_/D                           -254.2247 (VIOLATED)
   u_ctrl/u_aes/state_reg_124_/D                          -254.2230 (VIOLATED)
   u_ctrl/u_aes/state_reg_72_/D                           -254.2206 (VIOLATED)
   u_ctrl/u_aes/state_reg_75_/D                           -254.2148 (VIOLATED)
   u_ctrl/u_aes/state_reg_69_/D                           -254.2114 (VIOLATED)
   u_ctrl/u_aes/state_reg_48_/D                           -254.2096 (VIOLATED)
   u_ctrl/u_aes/state_reg_41_/D                           -254.2094 (VIOLATED)
   u_ctrl/u_aes/state_reg_95_/D                           -254.2083 (VIOLATED)
   u_ctrl/u_aes/state_reg_64_/D                           -254.2061 (VIOLATED)
   u_ctrl/u_aes/state_reg_43_/D                           -254.2028 (VIOLATED)
   u_ctrl/u_aes/state_reg_79_/D                           -254.1944 (VIOLATED)
   u_ctrl/u_aes/state_reg_109_/D                          -254.1930 (VIOLATED)
   u_ctrl/u_aes/state_reg_99_/D                           -254.1904 (VIOLATED)
   u_ctrl/u_aes/state_reg_60_/D                           -254.1850 (VIOLATED)
   u_ctrl/u_aes/state_reg_62_/D                           -254.1815 (VIOLATED)
   u_ctrl/u_aes/state_reg_33_/D                           -254.1625 (VIOLATED)
   u_ctrl/u_aes/state_reg_17_/D                           -254.1582 (VIOLATED)
   u_ctrl/u_aes/state_reg_115_/D                          -254.1519 (VIOLATED)
   u_ctrl/u_aes/state_reg_53_/D                           -254.1392 (VIOLATED)
   u_ctrl/u_aes/state_reg_7_/D                            -254.1392 (VIOLATED)
   u_ctrl/u_aes/state_reg_13_/D                           -254.1290 (VIOLATED)
   u_ctrl/u_aes/state_reg_20_/D                           -254.0785 (VIOLATED)
   u_ctrl/u_aes/state_reg_63_/D                           -188.0522 (VIOLATED)
   u_ctrl/u_aes/state_reg_84_/D                           -188.0326 (VIOLATED)
   u_ctrl/u_aes/state_reg_112_/D                          -188.0232 (VIOLATED)
   u_ctrl/u_aes/state_reg_121_/D                          -188.0231 (VIOLATED)
   u_ctrl/u_aes/state_reg_78_/D                           -188.0221 (VIOLATED)
   u_ctrl/u_aes/state_reg_77_/D                           -188.0108 (VIOLATED)
   u_ctrl/u_aes/state_reg_122_/D                          -188.0103 (VIOLATED)
   u_ctrl/u_aes/state_reg_98_/D                           -188.0101 (VIOLATED)
   u_ctrl/u_aes/state_reg_39_/D                           -187.9947 (VIOLATED)
   u_ctrl/u_aes/state_reg_38_/D                           -187.9922 (VIOLATED)
   u_ctrl/u_aes/state_reg_126_/D                          -187.9910 (VIOLATED)
   u_ctrl/u_aes/state_reg_4_/D                            -187.9863 (VIOLATED)
   u_ctrl/u_aes/state_reg_50_/D                           -187.9767 (VIOLATED)
   u_ctrl/u_aes/state_reg_61_/D                           -187.9668 (VIOLATED)
   u_ctrl/u_aes/state_reg_90_/D                           -187.9549 (VIOLATED)
   u_ctrl/u_aes/state_reg_118_/D                          -187.9515 (VIOLATED)
   u_ctrl/u_aes/state_reg_106_/D                          -187.9420 (VIOLATED)
   u_ctrl/u_aes/state_reg_120_/D                          -187.9404 (VIOLATED)
   u_ctrl/u_aes/state_reg_16_/D                           -187.9241 (VIOLATED)
   u_ctrl/u_aes/state_reg_37_/D                           -187.8944 (VIOLATED)
   u_ctrl/u_aes/rkeys_reg_658_/D                          -184.1904 (VIOLATED)
   u_ctrl/u_aes/rkeys_reg_661_/D                          -184.1904 (VIOLATED)
   u_ctrl/u_aes/rkeys_reg_962_/D                          -184.1904 (VIOLATED)
   u_ctrl/u_aes/rkeys_reg_466_/D                          -184.1903 (VIOLATED)
   u_ctrl/u_aes/rkeys_reg_560_/D                          -184.1903 (VIOLATED)
   u_ctrl/u_aes/rkeys_reg_660_/D                          -184.1903 (VIOLATED)
   u_ctrl/u_aes/rkeys_reg_662_/D                          -184.1903 (VIOLATED)
   u_ctrl/u_aes/rkeys_reg_663_/D                          -184.1903 (VIOLATED)
   u_ctrl/u_aes/rkeys_reg_685_/D                          -184.1903 (VIOLATED)
   u_ctrl/u_aes/rkeys_reg_710_/D                          -184.1903 (VIOLATED)
   u_ctrl/u_aes/rkeys_reg_743_/D                          -184.1903 (VIOLATED)
   u_ctrl/u_aes/rkeys_reg_802_/D                          -184.1903 (VIOLATED)
   u_ctrl/u_aes/rkeys_reg_804_/D                          -184.1903 (VIOLATED)
   u_ctrl/u_aes/rkeys_reg_842_/D                          -184.1903 (VIOLATED)
   u_ctrl/u_aes/rkeys_reg_281_/D                          -184.1884 (VIOLATED)
   u_ctrl/u_aes/rkeys_reg_283_/D                          -184.1884 (VIOLATED)
   u_ctrl/u_aes/rkeys_reg_285_/D                          -184.1884 (VIOLATED)
   u_ctrl/u_aes/rkeys_reg_1129_/D                         -184.1884 (VIOLATED)
   u_ctrl/u_aes/rkeys_reg_1161_/D                         -184.1884 (VIOLATED)
   u_ctrl/u_aes/rkeys_reg_129_/D                          -184.1883 (VIOLATED)
   u_ctrl/u_aes/rkeys_reg_131_/D                          -184.1883 (VIOLATED)
   u_ctrl/u_aes/rkeys_reg_134_/D                          -184.1883 (VIOLATED)
   u_ctrl/u_aes/rkeys_reg_477_/D                          -184.1883 (VIOLATED)
   u_ctrl/u_aes/rkeys_reg_573_/D                          -184.1883 (VIOLATED)
   u_ctrl/u_aes/rkeys_reg_733_/D                          -184.1883 (VIOLATED)
   u_ctrl/u_aes/rkeys_reg_764_/D                          -184.1883 (VIOLATED)
   u_ctrl/u_aes/rkeys_reg_1223_/D                         -184.1883 (VIOLATED)
   u_ctrl/u_aes/rkeys_reg_155_/D                          -181.8545 (VIOLATED)
   u_ctrl/u_aes/rkeys_reg_157_/D                          -181.8545 (VIOLATED)
   u_ctrl/u_aes/rkeys_reg_273_/D                          -181.8545 (VIOLATED)
   u_ctrl/u_aes/rkeys_reg_299_/D                          -181.8545 (VIOLATED)
   u_ctrl/u_aes/rkeys_reg_369_/D                          -181.8545 (VIOLATED)
   u_ctrl/u_aes/rkeys_reg_550_/D                          -181.8545 (VIOLATED)
   u_ctrl/u_aes/rkeys_reg_614_/D                          -181.8545 (VIOLATED)
   u_ctrl/u_aes/rkeys_reg_977_/D                          -181.8545 (VIOLATED)
   u_ctrl/u_aes/rkeys_reg_1064_/D                         -181.8545 (VIOLATED)
   u_ctrl/u_aes/rkeys_reg_1195_/D                         -181.8545 (VIOLATED)
   u_ctrl/u_aes/rkeys_reg_1219_/D                         -181.8545 (VIOLATED)
   u_ctrl/u_aes/rkeys_reg_1260_/D                         -181.8545 (VIOLATED)
   u_ctrl/u_aes/rkeys_reg_6_/D                            -181.8545 (VIOLATED)
   u_ctrl/u_aes/rkeys_reg_108_/D                          -181.8545 (VIOLATED)
   u_ctrl/u_aes/rkeys_reg_153_/D                          -181.8545 (VIOLATED)
   u_ctrl/u_aes/rkeys_reg_177_/D                          -181.8545 (VIOLATED)
   u_ctrl/u_aes/rkeys_reg_188_/D                          -181.8545 (VIOLATED)
   u_ctrl/u_aes/rkeys_reg_195_/D                          -181.8545 (VIOLATED)
   u_ctrl/u_aes/rkeys_reg_201_/D                          -181.8545 (VIOLATED)
   u_ctrl/u_aes/rkeys_reg_204_/D                          -181.8545 (VIOLATED)
   u_ctrl/u_aes/rkeys_reg_230_/D                          -181.8545 (VIOLATED)
   u_ctrl/u_aes/rkeys_reg_233_/D                          -181.8545 (VIOLATED)
   u_ctrl/u_aes/rkeys_reg_236_/D                          -181.8545 (VIOLATED)
   u_ctrl/u_aes/rkeys_reg_252_/D                          -181.8545 (VIOLATED)
   u_ctrl/u_aes/rkeys_reg_297_/D                          -181.8545 (VIOLATED)
   u_ctrl/u_aes/rkeys_reg_300_/D                          -181.8545 (VIOLATED)
   u_ctrl/u_aes/rkeys_reg_303_/D                          -181.8545 (VIOLATED)
   u_ctrl/u_aes/rkeys_reg_305_/D                          -181.8545 (VIOLATED)
   u_ctrl/u_aes/rkeys_reg_361_/D                          -181.8545 (VIOLATED)
   u_ctrl/u_aes/rkeys_reg_367_/D                          -181.8545 (VIOLATED)
   u_ctrl/u_aes/rkeys_reg_399_/D                          -181.8545 (VIOLATED)
   u_ctrl/u_aes/rkeys_reg_425_/D                          -181.8545 (VIOLATED)
   u_ctrl/u_aes/rkeys_reg_431_/D                          -181.8545 (VIOLATED)
   u_ctrl/u_aes/rkeys_reg_457_/D                          -181.8545 (VIOLATED)
   u_ctrl/u_aes/rkeys_reg_463_/D                          -181.8545 (VIOLATED)
   u_ctrl/u_aes/rkeys_reg_464_/D                          -181.8545 (VIOLATED)
   u_ctrl/u_aes/rkeys_reg_492_/D                          -181.8545 (VIOLATED)
   u_ctrl/u_aes/rkeys_reg_494_/D                          -181.8545 (VIOLATED)
   u_ctrl/u_aes/rkeys_reg_499_/D                          -181.8545 (VIOLATED)
   u_ctrl/u_aes/rkeys_reg_517_/D                          -181.8545 (VIOLATED)
   u_ctrl/u_aes/rkeys_reg_518_/D                          -181.8545 (VIOLATED)
   u_ctrl/u_aes/rkeys_reg_577_/D                          -181.8545 (VIOLATED)
   u_ctrl/u_aes/rkeys_reg_889_/D                          -181.8545 (VIOLATED)
   u_ctrl/u_aes/rkeys_reg_1073_/D                         -181.8545 (VIOLATED)
   u_ctrl/u_aes/rkeys_reg_1103_/D                         -181.8545 (VIOLATED)
   u_ctrl/u_aes/rkeys_reg_1156_/D                         -181.8545 (VIOLATED)
   u_ctrl/u_aes/rkeys_reg_1157_/D                         -181.8545 (VIOLATED)
   u_ctrl/u_aes/rkeys_reg_1158_/D                         -181.8545 (VIOLATED)
   u_ctrl/u_aes/rkeys_reg_1220_/D                         -181.8545 (VIOLATED)
   u_ctrl/u_aes/rkeys_reg_1225_/D                         -181.8545 (VIOLATED)
   u_ctrl/u_aes/rkeys_reg_1252_/D                         -181.8545 (VIOLATED)
   u_ctrl/u_aes/rkeys_reg_1254_/D                         -181.8545 (VIOLATED)
   u_ctrl/u_aes/rkeys_reg_585_/D                          -180.4420 (VIOLATED)
   u_ctrl/u_aes/rkeys_reg_588_/D                          -180.4383 (VIOLATED)
   u_ctrl/u_aes/rkeys_reg_593_/D                          -180.4383 (VIOLATED)
   u_ctrl/u_aes/rkeys_reg_681_/D                          -180.4383 (VIOLATED)
   u_ctrl/u_aes/rkeys_reg_682_/D                          -180.4383 (VIOLATED)
   u_ctrl/u_aes/rkeys_reg_683_/D                          -180.4383 (VIOLATED)
   u_ctrl/u_aes/rkeys_reg_694_/D                          -180.4383 (VIOLATED)
   u_ctrl/u_aes/rkeys_reg_753_/D                          -180.4383 (VIOLATED)
   u_ctrl/u_aes/rkeys_reg_776_/D                          -180.4383 (VIOLATED)
   u_ctrl/u_aes/rkeys_reg_778_/D                          -180.4383 (VIOLATED)
   u_ctrl/u_aes/rkeys_reg_779_/D                          -180.4383 (VIOLATED)
   u_ctrl/u_aes/rkeys_reg_841_/D                          -180.4383 (VIOLATED)
   u_ctrl/u_aes/rkeys_reg_843_/D                          -180.4383 (VIOLATED)
   u_ctrl/u_aes/rkeys_reg_852_/D                          -180.4383 (VIOLATED)
   u_ctrl/u_aes/rkeys_reg_868_/D                          -180.4383 (VIOLATED)
   u_ctrl/u_aes/rkeys_reg_1009_/D                         -180.4383 (VIOLATED)
   u_ctrl/u_aes/rkeys_reg_1012_/D                         -180.4383 (VIOLATED)
   u_ctrl/u_aes/rkeys_reg_1076_/D                         -180.4383 (VIOLATED)
   u_ctrl/u_aes/rkeys_reg_1137_/D                         -180.4383 (VIOLATED)
   u_ctrl/u_aes/rkeys_reg_1140_/D                         -180.4383 (VIOLATED)
   u_ctrl/u_aes/rkeys_reg_1169_/D                         -180.4383 (VIOLATED)
   u_ctrl/u_aes/rkeys_reg_1201_/D                         -180.4383 (VIOLATED)
   u_ctrl/u_aes/rkeys_reg_1202_/D                         -180.4383 (VIOLATED)
   u_ctrl/u_aes/rkeys_reg_1233_/D                         -180.4383 (VIOLATED)
   u_ctrl/u_aes/rkeys_reg_1265_/D                         -180.4383 (VIOLATED)
   u_ctrl/u_aes/rkeys_reg_282_/D                          -179.5218 (VIOLATED)
   u_ctrl/u_aes/rkeys_reg_287_/D                          -179.5218 (VIOLATED)
   u_ctrl/u_aes/rkeys_reg_319_/D                          -179.5218 (VIOLATED)
   u_ctrl/u_aes/rkeys_reg_333_/D                          -179.5218 (VIOLATED)
   u_ctrl/u_aes/rkeys_reg_407_/D                          -179.5218 (VIOLATED)
   u_ctrl/u_aes/rkeys_reg_647_/D                          -179.5218 (VIOLATED)
   u_ctrl/u_aes/rkeys_reg_653_/D                          -179.5218 (VIOLATED)
   u_ctrl/u_aes/rkeys_reg_799_/D                          -179.5218 (VIOLATED)
   u_ctrl/u_aes/rkeys_reg_1246_/D                         -179.5218 (VIOLATED)
   u_ctrl/u_aes/rkeys_reg_522_/D                          -179.5195 (VIOLATED)
   u_ctrl/u_aes/rkeys_reg_524_/D                          -179.5195 (VIOLATED)
   u_ctrl/u_aes/rkeys_reg_643_/D                          -179.5195 (VIOLATED)
   u_ctrl/u_aes/rkeys_reg_645_/D                          -179.5195 (VIOLATED)
   u_ctrl/u_aes/rkeys_reg_400_/D                          -179.5195 (VIOLATED)
   u_ctrl/u_aes/rkeys_reg_403_/D                          -179.5195 (VIOLATED)
   u_ctrl/u_aes/rkeys_reg_473_/D                          -179.5195 (VIOLATED)
   u_ctrl/u_aes/rkeys_reg_520_/D                          -179.5195 (VIOLATED)
   u_ctrl/u_aes/rkeys_reg_521_/D                          -179.5195 (VIOLATED)
   u_ctrl/u_aes/rkeys_reg_523_/D                          -179.5195 (VIOLATED)
   u_ctrl/u_aes/rkeys_reg_641_/D                          -179.5195 (VIOLATED)
   u_ctrl/u_aes/rkeys_reg_669_/D                          -179.5195 (VIOLATED)
   u_ctrl/u_aes/rkeys_reg_765_/D                          -179.5195 (VIOLATED)
   u_ctrl/u_aes/state_reg_2_/D                            -179.1649 (VIOLATED)
   u_ctrl/u_aes/state_reg_116_/D                          -179.1638 (VIOLATED)
   u_ctrl/u_aes/ct_out_reg_72_/D                          -179.0967 (VIOLATED)
   u_ctrl/u_aes/ct_out_reg_79_/D                          -179.0967 (VIOLATED)
   u_ctrl/u_aes/ct_out_reg_110_/D                         -179.0967 (VIOLATED)
   u_ctrl/u_aes/ct_out_reg_4_/D                           -179.0966 (VIOLATED)
   u_ctrl/u_aes/ct_out_reg_20_/D                          -179.0966 (VIOLATED)
   u_ctrl/u_aes/ct_out_reg_28_/D                          -179.0966 (VIOLATED)
   u_ctrl/u_aes/ct_out_reg_29_/D                          -179.0966 (VIOLATED)
   u_ctrl/u_aes/ct_out_reg_36_/D                          -179.0966 (VIOLATED)
   u_ctrl/u_aes/ct_out_reg_51_/D                          -179.0966 (VIOLATED)
   u_ctrl/u_aes/ct_out_reg_52_/D                          -179.0966 (VIOLATED)
   u_ctrl/u_aes/ct_out_reg_53_/D                          -179.0966 (VIOLATED)
   u_ctrl/u_aes/ct_out_reg_54_/D                          -179.0966 (VIOLATED)
   u_ctrl/u_aes/ct_out_reg_67_/D                          -179.0966 (VIOLATED)
   u_ctrl/u_aes/ct_out_reg_74_/D                          -179.0966 (VIOLATED)
   u_ctrl/u_aes/ct_out_reg_109_/D                         -179.0966 (VIOLATED)
   u_ctrl/u_aes/ct_out_reg_117_/D                         -179.0966 (VIOLATED)
   u_ctrl/u_aes/ct_out_reg_126_/D                         -179.0966 (VIOLATED)
   u_ctrl/u_aes/state_reg_15_/D                           -161.4791 (VIOLATED)
   u_ctrl/u_aes/state_reg_94_/D                           -161.4681 (VIOLATED)
   u_ctrl/u_aes/state_reg_19_/D                           -161.4620 (VIOLATED)
   u_ctrl/u_aes/state_reg_73_/D                           -161.4578 (VIOLATED)
   u_ctrl/u_aes/state_reg_3_/D                            -161.4454 (VIOLATED)
   u_ctrl/u_aes/state_reg_92_/D                           -161.4449 (VIOLATED)
   u_ctrl/u_aes/state_reg_40_/D                           -161.4300 (VIOLATED)
   u_ctrl/u_aes/state_reg_102_/D                          -161.4216 (VIOLATED)
   u_ctrl/u_aes/state_reg_10_/D                           -161.3736 (VIOLATED)
   u_ctrl/u_aes/state_reg_127_/D                          -159.9424 (VIOLATED)
   u_ctrl/u_aes/state_reg_89_/D                           -159.9254 (VIOLATED)
   u_ctrl/u_aes/state_reg_56_/D                           -159.9224 (VIOLATED)
   u_ctrl/u_aes/state_reg_66_/D                           -159.9189 (VIOLATED)
   u_ctrl/u_aes/state_reg_12_/D                           -159.9182 (VIOLATED)
   u_ctrl/u_aes/state_reg_68_/D                           -159.9096 (VIOLATED)
   u_ctrl/u_aes/state_reg_57_/D                           -159.8964 (VIOLATED)
   u_ctrl/u_aes/state_reg_97_/D                           -159.8964 (VIOLATED)
   u_ctrl/u_aes/state_reg_14_/D                           -159.8713 (VIOLATED)
   u_ctrl/u_aes/state_reg_51_/D                           -152.3276 (VIOLATED)
   u_ctrl/u_aes/state_reg_58_/D                           -152.2656 (VIOLATED)
   u_ctrl/u_aes/state_reg_125_/D                          -152.2001 (VIOLATED)
   u_ctrl/u_aes/state_reg_35_/D                           -146.9976 (VIOLATED)
   u_ctrl/u_aes/rkeys_reg_274_/D                          -144.5106 (VIOLATED)
   u_ctrl/u_aes/rkeys_reg_277_/D                          -144.5106 (VIOLATED)
   u_ctrl/u_aes/rkeys_reg_693_/D                          -144.5106 (VIOLATED)
   u_ctrl/u_aes/rkeys_reg_1258_/D                         -144.5106 (VIOLATED)
   u_ctrl/u_aes/rkeys_reg_1261_/D                         -144.5106 (VIOLATED)
   u_ctrl/u_aes/rkeys_reg_1298_/D                         -144.5106 (VIOLATED)
   u_ctrl/u_aes/rkeys_reg_176_/D                          -144.5106 (VIOLATED)
   u_ctrl/u_aes/rkeys_reg_240_/D                          -144.5106 (VIOLATED)
   u_ctrl/u_aes/rkeys_reg_279_/D                          -144.5106 (VIOLATED)
   u_ctrl/u_aes/rkeys_reg_354_/D                          -144.5106 (VIOLATED)
   u_ctrl/u_aes/rkeys_reg_360_/D                          -144.5106 (VIOLATED)
   u_ctrl/u_aes/rkeys_reg_368_/D                          -144.5106 (VIOLATED)
   u_ctrl/u_aes/rkeys_reg_374_/D                          -144.5106 (VIOLATED)
   u_ctrl/u_aes/rkeys_reg_575_/D                          -144.5106 (VIOLATED)
   u_ctrl/u_aes/rkeys_reg_578_/D                          -144.5106 (VIOLATED)
   u_ctrl/u_aes/rkeys_reg_624_/D                          -144.5106 (VIOLATED)
   u_ctrl/u_aes/rkeys_reg_688_/D                          -144.5106 (VIOLATED)
   u_ctrl/u_aes/rkeys_reg_1154_/D                         -144.5106 (VIOLATED)
   u_ctrl/u_aes/rkeys_reg_1165_/D                         -144.5106 (VIOLATED)
   u_ctrl/u_aes/rkeys_reg_1173_/D                         -144.5106 (VIOLATED)
   u_ctrl/u_aes/rkeys_reg_1188_/D                         -144.5106 (VIOLATED)
   u_ctrl/u_aes/rkeys_reg_1197_/D                         -144.5106 (VIOLATED)
   u_ctrl/u_aes/rkeys_reg_1205_/D                         -144.5106 (VIOLATED)
   u_ctrl/u_aes/rkeys_reg_1229_/D                         -144.5106 (VIOLATED)
   u_ctrl/u_aes/rkeys_reg_1250_/D                         -144.5106 (VIOLATED)
   u_ctrl/u_aes/rkeys_reg_1282_/D                         -144.5106 (VIOLATED)
   u_ctrl/u_aes/rkeys_reg_1306_/D                         -144.5106 (VIOLATED)
   u_ctrl/u_aes/rkeys_reg_1328_/D                         -144.5106 (VIOLATED)
   u_ctrl/u_aes/rkeys_reg_1101_/D                         -144.4956 (VIOLATED)
   u_ctrl/u_aes/rkeys_reg_154_/D                          -144.4956 (VIOLATED)
   u_ctrl/u_aes/rkeys_reg_222_/D                          -144.4956 (VIOLATED)
   u_ctrl/u_aes/rkeys_reg_276_/D                          -144.4956 (VIOLATED)
   u_ctrl/u_aes/rkeys_reg_357_/D                          -144.4956 (VIOLATED)
   u_ctrl/u_aes/rkeys_reg_551_/D                          -144.4956 (VIOLATED)
   u_ctrl/u_aes/rkeys_reg_613_/D                          -144.4956 (VIOLATED)
   u_ctrl/u_aes/rkeys_reg_666_/D                          -144.4956 (VIOLATED)
   u_ctrl/u_aes/rkeys_reg_671_/D                          -144.4956 (VIOLATED)
   u_ctrl/u_aes/rkeys_reg_824_/D                          -144.4956 (VIOLATED)
   u_ctrl/u_aes/rkeys_reg_831_/D                          -144.4956 (VIOLATED)
   u_ctrl/u_aes/rkeys_reg_935_/D                          -144.4956 (VIOLATED)
   u_ctrl/u_aes/rkeys_reg_944_/D                          -144.4956 (VIOLATED)
   u_ctrl/u_aes/rkeys_reg_974_/D                          -144.4956 (VIOLATED)
   u_ctrl/u_aes/rkeys_reg_1002_/D                         -144.4956 (VIOLATED)
   u_ctrl/u_aes/rkeys_reg_1031_/D                         -144.4956 (VIOLATED)
   u_ctrl/u_aes/rkeys_reg_1044_/D                         -144.4956 (VIOLATED)
   u_ctrl/u_aes/rkeys_reg_1098_/D                         -144.4956 (VIOLATED)
   u_ctrl/u_aes/rkeys_reg_1106_/D                         -144.4956 (VIOLATED)
   u_ctrl/u_aes/rkeys_reg_1221_/D                         -144.4956 (VIOLATED)
   u_ctrl/u_aes/rkeys_reg_1255_/D                         -144.4956 (VIOLATED)
   u_ctrl/u_aes/rkeys_reg_1370_/D                         -144.4956 (VIOLATED)
   u_ctrl/u_aes/rkeys_reg_130_/D                          -144.4956 (VIOLATED)
   u_ctrl/u_aes/rkeys_reg_159_/D                          -144.4956 (VIOLATED)
   u_ctrl/u_aes/rkeys_reg_210_/D                          -144.4956 (VIOLATED)
   u_ctrl/u_aes/rkeys_reg_231_/D                          -144.4956 (VIOLATED)
   u_ctrl/u_aes/rkeys_reg_250_/D                          -144.4956 (VIOLATED)
   u_ctrl/u_aes/rkeys_reg_254_/D                          -144.4956 (VIOLATED)
   u_ctrl/u_aes/rkeys_reg_301_/D                          -144.4956 (VIOLATED)
   u_ctrl/u_aes/rkeys_reg_325_/D                          -144.4956 (VIOLATED)
   u_ctrl/u_aes/rkeys_reg_338_/D                          -144.4956 (VIOLATED)
   u_ctrl/u_aes/rkeys_reg_382_/D                          -144.4956 (VIOLATED)
   u_ctrl/u_aes/rkeys_reg_405_/D                          -144.4956 (VIOLATED)
   u_ctrl/u_aes/rkeys_reg_418_/D                          -144.4956 (VIOLATED)
   u_ctrl/u_aes/rkeys_reg_478_/D                          -144.4956 (VIOLATED)
   u_ctrl/u_aes/rkeys_reg_496_/D                          -144.4956 (VIOLATED)
   u_ctrl/u_aes/rkeys_reg_610_/D                          -144.4956 (VIOLATED)
   u_ctrl/u_aes/rkeys_reg_674_/D                          -144.4956 (VIOLATED)
   u_ctrl/u_aes/rkeys_reg_714_/D                          -144.4956 (VIOLATED)
   u_ctrl/u_aes/rkeys_reg_798_/D                          -144.4956 (VIOLATED)
   u_ctrl/u_aes/rkeys_reg_821_/D                          -144.4956 (VIOLATED)
   u_ctrl/u_aes/rkeys_reg_832_/D                          -144.4956 (VIOLATED)
   u_ctrl/u_aes/rkeys_reg_845_/D                          -144.4956 (VIOLATED)
   u_ctrl/u_aes/rkeys_reg_871_/D                          -144.4956 (VIOLATED)
   u_ctrl/u_aes/rkeys_reg_874_/D                          -144.4956 (VIOLATED)
   u_ctrl/u_aes/rkeys_reg_877_/D                          -144.4956 (VIOLATED)
   u_ctrl/u_aes/rkeys_reg_880_/D                          -144.4956 (VIOLATED)
   u_ctrl/u_aes/rkeys_reg_882_/D                          -144.4956 (VIOLATED)
   u_ctrl/u_aes/rkeys_reg_886_/D                          -144.4956 (VIOLATED)
   u_ctrl/u_aes/rkeys_reg_917_/D                          -144.4956 (VIOLATED)
   u_ctrl/u_aes/rkeys_reg_918_/D                          -144.4956 (VIOLATED)
   u_ctrl/u_aes/rkeys_reg_922_/D                          -144.4956 (VIOLATED)
   u_ctrl/u_aes/rkeys_reg_1037_/D                         -144.4956 (VIOLATED)
   u_ctrl/u_aes/rkeys_reg_1045_/D                         -144.4956 (VIOLATED)
   u_ctrl/u_aes/rkeys_reg_1088_/D                         -144.4956 (VIOLATED)
   u_ctrl/u_aes/rkeys_reg_1094_/D                         -144.4956 (VIOLATED)
   u_ctrl/u_aes/rkeys_reg_1128_/D                         -144.4956 (VIOLATED)
   u_ctrl/u_aes/rkeys_reg_1130_/D                         -144.4956 (VIOLATED)
   u_ctrl/u_aes/rkeys_reg_1159_/D                         -144.4956 (VIOLATED)
   u_ctrl/u_aes/rkeys_reg_1189_/D                         -144.4956 (VIOLATED)
   u_ctrl/u_aes/rkeys_reg_1191_/D                         -144.4956 (VIOLATED)
   u_ctrl/u_aes/rkeys_reg_1198_/D                         -144.4956 (VIOLATED)
   u_ctrl/u_aes/rkeys_reg_1222_/D                         -144.4956 (VIOLATED)
   u_ctrl/u_aes/rkeys_reg_1230_/D                         -144.4956 (VIOLATED)
   u_ctrl/u_aes/rkeys_reg_1253_/D                         -144.4956 (VIOLATED)
   u_ctrl/u_aes/rkeys_reg_1344_/D                         -144.4956 (VIOLATED)
   u_ctrl/u_aes/rkeys_reg_1346_/D                         -144.4956 (VIOLATED)
   u_ctrl/u_aes/rkeys_reg_1354_/D                         -144.4956 (VIOLATED)
   u_ctrl/u_aes/rkeys_reg_1362_/D                         -144.4956 (VIOLATED)
   u_ctrl/u_aes/rkeys_reg_1392_/D                         -144.4956 (VIOLATED)
   u_ctrl/u_aes/rkeys_reg_228_/D                          -143.8504 (VIOLATED)
   u_ctrl/u_aes/rkeys_reg_356_/D                          -143.8504 (VIOLATED)
   u_ctrl/u_aes/rkeys_reg_484_/D                          -143.8504 (VIOLATED)
   u_ctrl/u_aes/rkeys_reg_612_/D                          -143.8504 (VIOLATED)
   u_ctrl/u_aes/rkeys_reg_1153_/D                         -143.8504 (VIOLATED)
   u_ctrl/u_aes/rkeys_reg_1155_/D                         -143.8504 (VIOLATED)
   u_ctrl/u_aes/rkeys_reg_1162_/D                         -143.8504 (VIOLATED)
   u_ctrl/u_aes/rkeys_reg_1184_/D                         -143.8504 (VIOLATED)
   u_ctrl/u_aes/rkeys_reg_1217_/D                         -143.8504 (VIOLATED)
   u_ctrl/u_aes/rkeys_reg_1237_/D                         -143.8504 (VIOLATED)
   u_ctrl/u_aes/rkeys_reg_1248_/D                         -143.8504 (VIOLATED)
   u_ctrl/u_aes/rkeys_reg_1251_/D                         -143.8504 (VIOLATED)
   u_ctrl/u_aes/rkeys_reg_1269_/D                         -143.8504 (VIOLATED)
   u_ctrl/u_aes/rkeys_reg_500_/D                          -142.6481 (VIOLATED)
   u_ctrl/u_aes/rkeys_reg_501_/D                          -142.6481 (VIOLATED)
   u_ctrl/u_aes/rkeys_reg_692_/D                          -142.6481 (VIOLATED)
   u_ctrl/u_aes/rkeys_reg_853_/D                          -142.6481 (VIOLATED)
   u_ctrl/u_aes/rkeys_reg_856_/D                          -142.6481 (VIOLATED)
   u_ctrl/u_aes/rkeys_reg_860_/D                          -142.6481 (VIOLATED)
   u_ctrl/u_aes/rkeys_reg_955_/D                          -142.6481 (VIOLATED)
   u_ctrl/u_aes/rkeys_reg_957_/D                          -142.6481 (VIOLATED)
   u_ctrl/u_aes/rkeys_reg_958_/D                          -142.6481 (VIOLATED)
   u_ctrl/u_aes/rkeys_reg_1051_/D                         -142.6481 (VIOLATED)
   u_ctrl/u_aes/rkeys_reg_1053_/D                         -142.6481 (VIOLATED)
   u_ctrl/u_aes/rkeys_reg_1117_/D                         -142.6481 (VIOLATED)
   u_ctrl/u_aes/rkeys_reg_1207_/D                         -142.6481 (VIOLATED)
   u_ctrl/u_aes/round_reg_2_/D                            -138.2975 (VIOLATED)
   u_ctrl/u_aes/round_reg_1_/D                            -138.2961 (VIOLATED)
   u_ctrl/u_aes/rkeys_reg_16_/D                           -138.2383 (VIOLATED)
   u_ctrl/u_aes/rkeys_reg_24_/D                           -138.2383 (VIOLATED)
   u_ctrl/u_aes/rkeys_reg_32_/D                           -138.2383 (VIOLATED)
   u_ctrl/u_aes/rkeys_reg_50_/D                           -138.2383 (VIOLATED)
   u_ctrl/u_aes/rkeys_reg_75_/D                           -138.2383 (VIOLATED)
   u_ctrl/u_aes/rkeys_reg_89_/D                           -138.2383 (VIOLATED)
   u_ctrl/u_aes/rkeys_reg_102_/D                          -138.2383 (VIOLATED)
   u_ctrl/u_aes/rkeys_reg_116_/D                          -138.2383 (VIOLATED)
   u_ctrl/u_aes/rkeys_reg_63_/D                           -138.2354 (VIOLATED)
   u_ctrl/u_aes/rkeys_reg_66_/D                           -138.2354 (VIOLATED)
   u_ctrl/u_aes/rkeys_reg_101_/D                          -138.2354 (VIOLATED)
   u_ctrl/u_aes/rkeys_reg_106_/D                          -138.2354 (VIOLATED)
   u_ctrl/u_aes/rkeys_reg_112_/D                          -138.2354 (VIOLATED)
   u_ctrl/u_aes/round_reg_3_/D                            -138.2224 (VIOLATED)
   u_ctrl/u_aes/state_reg_86_/D                           -137.0914 (VIOLATED)
   u_ctrl/u_aes/rkeys_reg_0_/D                            -137.0360 (VIOLATED)
   u_ctrl/u_aes/rkeys_reg_41_/D                           -137.0360 (VIOLATED)
   u_ctrl/u_aes/rkeys_reg_42_/D                           -137.0360 (VIOLATED)
   u_ctrl/u_aes/rkeys_reg_47_/D                           -137.0360 (VIOLATED)
   u_ctrl/u_aes/rkeys_reg_61_/D                           -137.0360 (VIOLATED)
   u_ctrl/u_aes/rkeys_reg_62_/D                           -137.0360 (VIOLATED)
   u_ctrl/u_aes/rkeys_reg_68_/D                           -137.0360 (VIOLATED)
   u_ctrl/u_aes/rkeys_reg_84_/D                           -137.0360 (VIOLATED)
   u_ctrl/u_aes/rkeys_reg_95_/D                           -137.0360 (VIOLATED)
   u_ctrl/u_aes/rkeys_reg_100_/D                          -137.0360 (VIOLATED)
   u_ctrl/u_aes/rkeys_reg_120_/D                          -137.0360 (VIOLATED)
   u_ctrl/u_aes/rkeys_reg_7_/D                            -137.0333 (VIOLATED)
   u_ctrl/u_aes/rkeys_reg_13_/D                           -137.0333 (VIOLATED)
   u_ctrl/u_aes/rkeys_reg_21_/D                           -137.0333 (VIOLATED)
   u_ctrl/u_aes/rkeys_reg_26_/D                           -137.0333 (VIOLATED)
   u_ctrl/u_aes/rkeys_reg_30_/D                           -137.0333 (VIOLATED)
   u_ctrl/u_aes/rkeys_reg_39_/D                           -137.0333 (VIOLATED)
   u_ctrl/u_aes/rkeys_reg_45_/D                           -137.0333 (VIOLATED)
   u_ctrl/u_aes/rkeys_reg_48_/D                           -137.0333 (VIOLATED)
   u_ctrl/u_aes/rkeys_reg_64_/D                           -137.0333 (VIOLATED)
   u_ctrl/u_aes/rkeys_reg_78_/D                           -137.0333 (VIOLATED)
   u_ctrl/u_aes/rkeys_reg_82_/D                           -137.0333 (VIOLATED)
   u_ctrl/u_aes/rkeys_reg_94_/D                           -137.0333 (VIOLATED)
   u_ctrl/u_aes/rkeys_reg_98_/D                           -137.0333 (VIOLATED)
   u_ctrl/u_aes/rkeys_reg_104_/D                          -137.0333 (VIOLATED)
   u_ctrl/u_aes/ct_out_reg_11_/D                          -131.3760 (VIOLATED)
   u_ctrl/u_aes/ct_out_reg_76_/D                          -131.3760 (VIOLATED)
   u_ctrl/u_aes/ct_out_reg_81_/D                          -131.3760 (VIOLATED)
   u_ctrl/u_aes/ct_out_reg_86_/D                          -131.3760 (VIOLATED)
   u_ctrl/u_aes/ct_out_reg_8_/D                           -131.3759 (VIOLATED)
   u_ctrl/u_aes/ct_out_reg_10_/D                          -131.3759 (VIOLATED)
   u_ctrl/u_aes/ct_out_reg_14_/D                          -131.3759 (VIOLATED)
   u_ctrl/u_aes/ct_out_reg_15_/D                          -131.3759 (VIOLATED)
   u_ctrl/u_aes/ct_out_reg_22_/D                          -131.3759 (VIOLATED)
   u_ctrl/u_aes/ct_out_reg_37_/D                          -131.3759 (VIOLATED)
   u_ctrl/u_aes/ct_out_reg_38_/D                          -131.3759 (VIOLATED)
   u_ctrl/u_aes/ct_out_reg_43_/D                          -131.3759 (VIOLATED)
   u_ctrl/u_aes/ct_out_reg_46_/D                          -131.3759 (VIOLATED)
   u_ctrl/u_aes/ct_out_reg_90_/D                          -131.3759 (VIOLATED)
   u_ctrl/u_aes/ct_out_reg_118_/D                         -131.3759 (VIOLATED)
   u_ctrl/u_aes/ct_out_reg_119_/D                         -131.3759 (VIOLATED)
   u_ctrl/u_aes/ct_out_reg_122_/D                         -131.3759 (VIOLATED)
   u_ctrl/u_aes/state_reg_0_/D                            -127.3293 (VIOLATED)
   u_ctrl/u_aes/state_reg_28_/D                           -127.2779 (VIOLATED)
   u_ctrl/u_aes/state_reg_30_/D                           -127.2220 (VIOLATED)
   u_ctrl/u_aes/rkeys_reg_611_/D                          -118.2602 (VIOLATED)
   u_ctrl/u_aes/rkeys_reg_87_/D                           -118.2602 (VIOLATED)
   u_ctrl/u_aes/rkeys_reg_223_/D                          -118.2602 (VIOLATED)
   u_ctrl/u_aes/rkeys_reg_467_/D                          -118.2602 (VIOLATED)
   u_ctrl/u_aes/rkeys_reg_468_/D                          -118.2602 (VIOLATED)
   u_ctrl/u_aes/rkeys_reg_564_/D                          -118.2602 (VIOLATED)
   u_ctrl/u_aes/rkeys_reg_628_/D                          -118.2602 (VIOLATED)
   u_ctrl/u_aes/rkeys_reg_657_/D                          -118.2602 (VIOLATED)
   u_ctrl/u_aes/rkeys_reg_712_/D                          -118.2602 (VIOLATED)
   u_ctrl/u_aes/rkeys_reg_721_/D                          -118.2602 (VIOLATED)
   u_ctrl/u_aes/rkeys_reg_968_/D                          -118.2602 (VIOLATED)
   u_ctrl/u_aes/rkeys_reg_985_/D                          -118.2602 (VIOLATED)
   u_ctrl/u_aes/rkeys_reg_988_/D                          -118.2602 (VIOLATED)
   u_ctrl/u_aes/rkeys_reg_1028_/D                         -118.2602 (VIOLATED)
   u_ctrl/u_aes/rkeys_reg_1283_/D                         -118.2602 (VIOLATED)
   u_ctrl/u_aes/rkeys_reg_1296_/D                         -118.2602 (VIOLATED)
   u_ctrl/u_aes/rkeys_reg_1299_/D                         -118.2602 (VIOLATED)
   u_ctrl/u_aes/rkeys_reg_1377_/D                         -118.2602 (VIOLATED)
   u_ctrl/u_aes/rkeys_reg_200_/D                          -118.2602 (VIOLATED)
   u_ctrl/u_aes/rkeys_reg_220_/D                          -118.2602 (VIOLATED)
   u_ctrl/u_aes/rkeys_reg_221_/D                          -118.2602 (VIOLATED)
   u_ctrl/u_aes/rkeys_reg_323_/D                          -118.2602 (VIOLATED)
   u_ctrl/u_aes/rkeys_reg_424_/D                          -118.2602 (VIOLATED)
   u_ctrl/u_aes/rkeys_reg_426_/D                          -118.2602 (VIOLATED)
   u_ctrl/u_aes/rkeys_reg_465_/D                          -118.2602 (VIOLATED)
   u_ctrl/u_aes/rkeys_reg_483_/D                          -118.2602 (VIOLATED)
   u_ctrl/u_aes/rkeys_reg_512_/D                          -118.2602 (VIOLATED)
   u_ctrl/u_aes/rkeys_reg_515_/D                          -118.2602 (VIOLATED)
   u_ctrl/u_aes/rkeys_reg_562_/D                          -118.2602 (VIOLATED)
   u_ctrl/u_aes/rkeys_reg_566_/D                          -118.2602 (VIOLATED)
   u_ctrl/u_aes/rkeys_reg_627_/D                          -118.2602 (VIOLATED)
   u_ctrl/u_aes/rkeys_reg_720_/D                          -118.2602 (VIOLATED)
   u_ctrl/u_aes/rkeys_reg_723_/D                          -118.2602 (VIOLATED)
   u_ctrl/u_aes/rkeys_reg_724_/D                          -118.2602 (VIOLATED)
   u_ctrl/u_aes/rkeys_reg_755_/D                          -118.2602 (VIOLATED)
   u_ctrl/u_aes/rkeys_reg_757_/D                          -118.2602 (VIOLATED)
   u_ctrl/u_aes/rkeys_reg_783_/D                          -118.2602 (VIOLATED)
   u_ctrl/u_aes/rkeys_reg_819_/D                          -118.2602 (VIOLATED)
   u_ctrl/u_aes/rkeys_reg_822_/D                          -118.2602 (VIOLATED)
   u_ctrl/u_aes/rkeys_reg_867_/D                          -118.2602 (VIOLATED)
   u_ctrl/u_aes/rkeys_reg_881_/D                          -118.2602 (VIOLATED)
   u_ctrl/u_aes/rkeys_reg_884_/D                          -118.2602 (VIOLATED)
   u_ctrl/u_aes/rkeys_reg_885_/D                          -118.2602 (VIOLATED)
   u_ctrl/u_aes/rkeys_reg_904_/D                          -118.2602 (VIOLATED)
   u_ctrl/u_aes/rkeys_reg_908_/D                          -118.2602 (VIOLATED)
   u_ctrl/u_aes/rkeys_reg_991_/D                          -118.2602 (VIOLATED)
   u_ctrl/u_aes/rkeys_reg_1280_/D                         -118.2602 (VIOLATED)
   u_ctrl/u_aes/rkeys_reg_1281_/D                         -118.2602 (VIOLATED)
   u_ctrl/u_aes/rkeys_reg_1289_/D                         -118.2602 (VIOLATED)
   u_ctrl/u_aes/rkeys_reg_1290_/D                         -118.2602 (VIOLATED)
   u_ctrl/u_aes/rkeys_reg_1385_/D                         -118.2602 (VIOLATED)
   u_ctrl/u_aes/rkeys_reg_73_/D                           -118.2602 (VIOLATED)
   u_ctrl/u_aes/rkeys_reg_809_/D                          -109.7060 (VIOLATED)
   u_ctrl/u_aes/rkeys_reg_1017_/D                         -109.7060 (VIOLATED)
   u_ctrl/u_aes/rkeys_reg_1025_/D                         -109.7060 (VIOLATED)
   u_ctrl/u_aes/rkeys_reg_1083_/D                         -109.7060 (VIOLATED)
   u_ctrl/u_aes/rkeys_reg_1134_/D                         -109.7060 (VIOLATED)
   u_ctrl/u_aes/rkeys_reg_1164_/D                         -109.7060 (VIOLATED)
   u_ctrl/u_aes/rkeys_reg_1211_/D                         -109.7060 (VIOLATED)
   u_ctrl/u_aes/rkeys_reg_1214_/D                         -109.7060 (VIOLATED)
   u_ctrl/u_aes/rkeys_reg_1262_/D                         -109.7060 (VIOLATED)
   u_ctrl/u_aes/rkeys_reg_479_/D                          -109.7060 (VIOLATED)
   u_ctrl/u_aes/rkeys_reg_508_/D                          -109.7060 (VIOLATED)
   u_ctrl/u_aes/rkeys_reg_617_/D                          -109.7060 (VIOLATED)
   u_ctrl/u_aes/rkeys_reg_700_/D                          -109.7060 (VIOLATED)
   u_ctrl/u_aes/rkeys_reg_715_/D                          -109.7060 (VIOLATED)
   u_ctrl/u_aes/rkeys_reg_735_/D                          -109.7060 (VIOLATED)
   u_ctrl/u_aes/rkeys_reg_742_/D                          -109.7060 (VIOLATED)
   u_ctrl/u_aes/rkeys_reg_745_/D                          -109.7060 (VIOLATED)
   u_ctrl/u_aes/rkeys_reg_905_/D                          -109.7060 (VIOLATED)
   u_ctrl/u_aes/rkeys_reg_939_/D                          -109.7060 (VIOLATED)
   u_ctrl/u_aes/rkeys_reg_1104_/D                         -109.7060 (VIOLATED)
   u_ctrl/u_aes/rkeys_reg_1145_/D                         -109.7060 (VIOLATED)
   u_ctrl/u_aes/rkeys_reg_1228_/D                         -109.7060 (VIOLATED)
   u_ctrl/u_aes/rkeys_reg_1241_/D                         -109.7060 (VIOLATED)
   u_ctrl/u_aes/rkeys_reg_1273_/D                         -109.7060 (VIOLATED)
   u_ctrl/u_aes/rkeys_reg_308_/D                          -99.5096  (VIOLATED)
   u_ctrl/u_aes/rkeys_reg_180_/D                          -99.5096  (VIOLATED)
   u_ctrl/u_aes/rkeys_reg_275_/D                          -99.5096  (VIOLATED)
   u_ctrl/u_aes/rkeys_reg_1020_/D                         -99.5096  (VIOLATED)
   u_ctrl/u_aes/rkeys_reg_1021_/D                         -99.5096  (VIOLATED)
   u_ctrl/u_aes/rkeys_reg_1023_/D                         -99.5096  (VIOLATED)
   u_ctrl/u_aes/rkeys_reg_1085_/D                         -99.5096  (VIOLATED)
   u_ctrl/u_aes/rkeys_reg_1120_/D                         -99.5096  (VIOLATED)
   u_ctrl/u_aes/rkeys_reg_183_/D                          -99.5096  (VIOLATED)
   u_ctrl/u_aes/rkeys_reg_243_/D                          -99.5096  (VIOLATED)
   u_ctrl/u_aes/rkeys_reg_244_/D                          -99.5096  (VIOLATED)
   u_ctrl/u_aes/rkeys_reg_247_/D                          -99.5096  (VIOLATED)
   u_ctrl/u_aes/rkeys_reg_272_/D                          -99.5096  (VIOLATED)
   u_ctrl/u_aes/rkeys_reg_306_/D                          -99.5096  (VIOLATED)
   u_ctrl/u_aes/rkeys_reg_339_/D                          -99.5096  (VIOLATED)
   u_ctrl/u_aes/rkeys_reg_340_/D                          -99.5096  (VIOLATED)
   u_ctrl/u_aes/rkeys_reg_427_/D                          -99.5096  (VIOLATED)
   u_ctrl/u_aes/rkeys_reg_928_/D                          -99.5096  (VIOLATED)
   u_ctrl/u_aes/rkeys_reg_1084_/D                         -99.5096  (VIOLATED)
   u_ctrl/u_aes/rkeys_reg_1148_/D                         -99.5096  (VIOLATED)
   u_ctrl/u_aes/rkeys_reg_1149_/D                         -99.5096  (VIOLATED)
   u_ctrl/u_aes/rkeys_reg_1151_/D                         -99.5096  (VIOLATED)
   u_ctrl/u_aes/rkeys_reg_1247_/D                         -99.5096  (VIOLATED)
   u_ctrl/u_aes/rkeys_reg_1276_/D                         -99.5096  (VIOLATED)
   u_ctrl/u_aes/rkeys_reg_1279_/D                         -99.5096  (VIOLATED)
   u_ctrl/u_aes/rkeys_reg_971_/D                          -94.8964  (VIOLATED)
   u_ctrl/u_aes/rkeys_reg_265_/D                          -94.8964  (VIOLATED)
   u_ctrl/u_aes/rkeys_reg_351_/D                          -94.8964  (VIOLATED)
   u_ctrl/u_aes/rkeys_reg_591_/D                          -94.8964  (VIOLATED)
   u_ctrl/u_aes/rkeys_reg_907_/D                          -94.8964  (VIOLATED)
   u_ctrl/u_aes/rkeys_reg_967_/D                          -94.8964  (VIOLATED)
   u_ctrl/u_aes/rkeys_reg_1015_/D                         -94.8964  (VIOLATED)
   u_ctrl/u_aes/rkeys_reg_1239_/D                         -94.8964  (VIOLATED)
   u_ctrl/u_aes/rkeys_reg_147_/D                          -94.8964  (VIOLATED)
   u_ctrl/u_aes/rkeys_reg_175_/D                          -94.8964  (VIOLATED)
   u_ctrl/u_aes/rkeys_reg_294_/D                          -94.8964  (VIOLATED)
   u_ctrl/u_aes/rkeys_reg_385_/D                          -94.8964  (VIOLATED)
   u_ctrl/u_aes/rkeys_reg_389_/D                          -94.8964  (VIOLATED)
   u_ctrl/u_aes/rkeys_reg_451_/D                          -94.8964  (VIOLATED)
   u_ctrl/u_aes/rkeys_reg_455_/D                          -94.8964  (VIOLATED)
   u_ctrl/u_aes/rkeys_reg_607_/D                          -94.8964  (VIOLATED)
   u_ctrl/u_aes/rkeys_reg_687_/D                          -94.8964  (VIOLATED)
   u_ctrl/u_aes/rkeys_reg_711_/D                          -94.8964  (VIOLATED)
   u_ctrl/u_aes/rkeys_reg_863_/D                          -94.8964  (VIOLATED)
   u_ctrl/u_aes/rkeys_reg_888_/D                          -94.8964  (VIOLATED)
   u_ctrl/u_aes/rkeys_reg_906_/D                          -94.8964  (VIOLATED)
   u_ctrl/u_aes/rkeys_reg_911_/D                          -94.8964  (VIOLATED)
   u_ctrl/u_aes/rkeys_reg_938_/D                          -94.8964  (VIOLATED)
   u_ctrl/u_aes/rkeys_reg_1079_/D                         -94.8964  (VIOLATED)
   u_ctrl/u_aes/rkeys_reg_1143_/D                         -94.8964  (VIOLATED)
   u_ctrl/u_aes/rkeys_reg_1271_/D                         -94.8964  (VIOLATED)
   u_ctrl/u_aes/rkeys_reg_664_/D                          -86.9949  (VIOLATED)
   u_ctrl/u_aes/rkeys_reg_829_/D                          -86.9949  (VIOLATED)
   u_ctrl/u_aes/rkeys_reg_948_/D                          -86.9949  (VIOLATED)
   u_ctrl/u_aes/rkeys_reg_1013_/D                         -86.9949  (VIOLATED)
   u_ctrl/u_aes/rkeys_reg_1109_/D                         -86.9949  (VIOLATED)
   u_ctrl/u_aes/rkeys_reg_376_/D                          -86.9949  (VIOLATED)
   u_ctrl/u_aes/rkeys_reg_472_/D                          -86.9949  (VIOLATED)
   u_ctrl/u_aes/rkeys_reg_629_/D                          -86.9949  (VIOLATED)
   u_ctrl/u_aes/rkeys_reg_707_/D                          -86.9949  (VIOLATED)
   u_ctrl/u_aes/rkeys_reg_728_/D                          -86.9949  (VIOLATED)
   u_ctrl/u_aes/rkeys_reg_827_/D                          -86.9949  (VIOLATED)
   u_ctrl/u_aes/rkeys_reg_830_/D                          -86.9949  (VIOLATED)
   u_ctrl/u_aes/rkeys_reg_887_/D                          -86.9949  (VIOLATED)
   u_ctrl/u_aes/rkeys_reg_896_/D                          -86.9949  (VIOLATED)
   u_ctrl/u_aes/rkeys_reg_950_/D                          -86.9949  (VIOLATED)
   u_ctrl/u_aes/rkeys_reg_1011_/D                         -86.9949  (VIOLATED)
   u_ctrl/u_aes/rkeys_reg_1108_/D                         -86.9949  (VIOLATED)
   u_ctrl/u_aes/rkeys_reg_555_/D                          -84.9058  (VIOLATED)
   u_ctrl/u_aes/rkeys_reg_993_/D                          -84.9058  (VIOLATED)
   u_ctrl/u_aes/rkeys_reg_1121_/D                         -84.9058  (VIOLATED)
   u_ctrl/u_aes/rkeys_reg_1123_/D                         -84.9058  (VIOLATED)
   u_ctrl/u_aes/rkeys_reg_552_/D                          -84.9057  (VIOLATED)
   u_ctrl/u_aes/rkeys_reg_554_/D                          -84.9057  (VIOLATED)
   u_ctrl/u_aes/rkeys_reg_556_/D                          -84.9057  (VIOLATED)
   u_ctrl/u_aes/rkeys_reg_649_/D                          -84.9057  (VIOLATED)
   u_ctrl/u_aes/rkeys_reg_695_/D                          -84.9057  (VIOLATED)
   u_ctrl/u_aes/rkeys_reg_931_/D                          -84.9057  (VIOLATED)
   u_ctrl/u_aes/rkeys_reg_998_/D                          -84.9057  (VIOLATED)
   u_ctrl/u_aes/rkeys_reg_1027_/D                         -84.9057  (VIOLATED)
   u_ctrl/u_aes/rkeys_reg_1029_/D                         -84.9057  (VIOLATED)
   u_ctrl/u_aes/rkeys_reg_1212_/D                         -84.9057  (VIOLATED)
   u_ctrl/u_aes/rkeys_reg_503_/D                          -84.9057  (VIOLATED)
   u_ctrl/u_aes/rkeys_reg_528_/D                          -84.9057  (VIOLATED)
   u_ctrl/u_aes/rkeys_reg_599_/D                          -84.9057  (VIOLATED)
   u_ctrl/u_aes/rkeys_reg_672_/D                          -84.9057  (VIOLATED)
   u_ctrl/u_aes/rkeys_reg_678_/D                          -84.9057  (VIOLATED)
   u_ctrl/u_aes/rkeys_reg_705_/D                          -84.9057  (VIOLATED)
   u_ctrl/u_aes/rkeys_reg_739_/D                          -84.9057  (VIOLATED)
   u_ctrl/u_aes/rkeys_reg_768_/D                          -84.9057  (VIOLATED)
   u_ctrl/u_aes/rkeys_reg_771_/D                          -84.9057  (VIOLATED)
   u_ctrl/u_aes/rkeys_reg_772_/D                          -84.9057  (VIOLATED)
   u_ctrl/u_aes/rkeys_reg_773_/D                          -84.9057  (VIOLATED)
   u_ctrl/u_aes/rkeys_reg_774_/D                          -84.9057  (VIOLATED)
   u_ctrl/u_aes/rkeys_reg_833_/D                          -84.9057  (VIOLATED)
   u_ctrl/u_aes/rkeys_reg_902_/D                          -84.9057  (VIOLATED)
   u_ctrl/u_aes/rkeys_reg_961_/D                          -84.9057  (VIOLATED)
   u_ctrl/u_aes/rkeys_reg_995_/D                          -84.9057  (VIOLATED)
   u_ctrl/u_aes/rkeys_reg_1030_/D                         -84.9057  (VIOLATED)
   u_ctrl/u_aes/rkeys_reg_1244_/D                         -84.9057  (VIOLATED)
   u_ctrl/u_aes/rkeys_reg_608_/D                          -80.1985  (VIOLATED)
   u_ctrl/u_aes/rkeys_reg_224_/D                          -80.1985  (VIOLATED)
   u_ctrl/u_aes/rkeys_reg_352_/D                          -80.1985  (VIOLATED)
   u_ctrl/u_aes/rkeys_reg_539_/D                          -80.1985  (VIOLATED)
   u_ctrl/u_aes/rkeys_reg_544_/D                          -80.1985  (VIOLATED)
   u_ctrl/u_aes/rkeys_reg_583_/D                          -80.1985  (VIOLATED)
   u_ctrl/u_aes/rkeys_reg_636_/D                          -80.1985  (VIOLATED)
   u_ctrl/u_aes/rkeys_reg_873_/D                          -80.1985  (VIOLATED)
   u_ctrl/u_aes/rkeys_reg_963_/D                          -80.1985  (VIOLATED)
   u_ctrl/u_aes/rkeys_reg_964_/D                          -80.1985  (VIOLATED)
   u_ctrl/u_aes/rkeys_reg_1004_/D                         -80.1985  (VIOLATED)
   u_ctrl/u_aes/rkeys_reg_1006_/D                         -80.1985  (VIOLATED)
   u_ctrl/u_aes/rkeys_reg_1307_/D                         -80.1985  (VIOLATED)
   u_ctrl/u_aes/rkeys_reg_1321_/D                         -80.1985  (VIOLATED)
   u_ctrl/u_aes/rkeys_reg_1331_/D                         -80.1985  (VIOLATED)
   u_ctrl/u_aes/rkeys_reg_1376_/D                         -80.1985  (VIOLATED)
   u_ctrl/u_aes/rkeys_reg_215_/D                          -80.1985  (VIOLATED)
   u_ctrl/u_aes/rkeys_reg_327_/D                          -80.1985  (VIOLATED)
   u_ctrl/u_aes/rkeys_reg_349_/D                          -80.1985  (VIOLATED)
   u_ctrl/u_aes/rkeys_reg_416_/D                          -80.1985  (VIOLATED)
   u_ctrl/u_aes/rkeys_reg_419_/D                          -80.1985  (VIOLATED)
   u_ctrl/u_aes/rkeys_reg_446_/D                          -80.1985  (VIOLATED)
   u_ctrl/u_aes/rkeys_reg_537_/D                          -80.1985  (VIOLATED)
   u_ctrl/u_aes/rkeys_reg_600_/D                          -80.1985  (VIOLATED)
   u_ctrl/u_aes/rkeys_reg_601_/D                          -80.1985  (VIOLATED)
   u_ctrl/u_aes/rkeys_reg_604_/D                          -80.1985  (VIOLATED)
   u_ctrl/u_aes/rkeys_reg_605_/D                          -80.1985  (VIOLATED)
   u_ctrl/u_aes/rkeys_reg_716_/D                          -80.1985  (VIOLATED)
   u_ctrl/u_aes/rkeys_reg_727_/D                          -80.1985  (VIOLATED)
   u_ctrl/u_aes/rkeys_reg_812_/D                          -80.1985  (VIOLATED)
   u_ctrl/u_aes/rkeys_reg_876_/D                          -80.1985  (VIOLATED)
   u_ctrl/u_aes/rkeys_reg_878_/D                          -80.1985  (VIOLATED)
   u_ctrl/u_aes/rkeys_reg_1312_/D                         -80.1985  (VIOLATED)
   u_ctrl/u_aes/rkeys_reg_1323_/D                         -80.1985  (VIOLATED)
   u_ctrl/u_aes/rkeys_reg_1339_/D                         -80.1985  (VIOLATED)
   u_ctrl/u_aes/rkeys_reg_1345_/D                         -80.1985  (VIOLATED)
   u_ctrl/u_aes/rkeys_reg_1353_/D                         -80.1985  (VIOLATED)
   u_ctrl/u_aes/rkeys_reg_1360_/D                         -80.1985  (VIOLATED)
   u_ctrl/u_aes/rkeys_reg_93_/D                           -80.1985  (VIOLATED)
   u_ctrl/u_aes/rkeys_reg_56_/D                           -74.5584  (VIOLATED)
   u_ctrl/u_aes/rkeys_reg_17_/D                           -74.5565  (VIOLATED)
   u_ctrl/u_aes/rkeys_reg_124_/D                          -74.5565  (VIOLATED)
   u_ctrl/u_aes/rkeys_reg_88_/D                           -74.5565  (VIOLATED)
   u_ctrl/u_aes/rkeys_reg_19_/D                           -61.5419  (VIOLATED)
   u_ctrl/u_aes/rkeys_reg_597_/D                          -61.5419  (VIOLATED)
   u_ctrl/u_aes/rkeys_reg_689_/D                          -61.5419  (VIOLATED)
   u_ctrl/u_aes/rkeys_reg_1071_/D                         -61.5419  (VIOLATED)
   u_ctrl/u_aes/rkeys_reg_136_/D                          -61.5419  (VIOLATED)
   u_ctrl/u_aes/rkeys_reg_137_/D                          -61.5419  (VIOLATED)
   u_ctrl/u_aes/rkeys_reg_138_/D                          -61.5419  (VIOLATED)
   u_ctrl/u_aes/rkeys_reg_140_/D                          -61.5419  (VIOLATED)
   u_ctrl/u_aes/rkeys_reg_143_/D                          -61.5419  (VIOLATED)
   u_ctrl/u_aes/rkeys_reg_257_/D                          -61.5419  (VIOLATED)
   u_ctrl/u_aes/rkeys_reg_759_/D                          -61.5419  (VIOLATED)
   u_ctrl/u_aes/rkeys_reg_803_/D                          -61.5419  (VIOLATED)
   u_ctrl/u_aes/rkeys_reg_844_/D                          -61.5419  (VIOLATED)
   u_ctrl/u_aes/rkeys_reg_1135_/D                         -61.5419  (VIOLATED)
   u_ctrl/u_aes/rkeys_reg_1168_/D                         -61.5419  (VIOLATED)
   u_ctrl/u_aes/rkeys_reg_1232_/D                         -61.5419  (VIOLATED)
   u_ctrl/u_aes/rkeys_reg_267_/D                          -59.7270  (VIOLATED)
   u_ctrl/u_aes/rkeys_reg_1095_/D                         -59.7270  (VIOLATED)
   u_ctrl/u_aes/rkeys_reg_633_/D                          -59.7270  (VIOLATED)
   u_ctrl/u_aes/rkeys_reg_975_/D                          -59.7270  (VIOLATED)
   u_ctrl/u_aes/rkeys_reg_168_/D                          -59.7270  (VIOLATED)
   u_ctrl/u_aes/rkeys_reg_170_/D                          -59.7270  (VIOLATED)
   u_ctrl/u_aes/rkeys_reg_171_/D                          -59.7270  (VIOLATED)
   u_ctrl/u_aes/rkeys_reg_208_/D                          -59.7270  (VIOLATED)
   u_ctrl/u_aes/rkeys_reg_268_/D                          -59.7270  (VIOLATED)
   u_ctrl/u_aes/rkeys_reg_328_/D                          -59.7270  (VIOLATED)
   u_ctrl/u_aes/rkeys_reg_377_/D                          -59.7270  (VIOLATED)
   u_ctrl/u_aes/rkeys_reg_719_/D                          -59.7270  (VIOLATED)
   u_ctrl/u_aes/rkeys_reg_751_/D                          -59.7270  (VIOLATED)
   u_ctrl/u_aes/rkeys_reg_879_/D                          -59.7270  (VIOLATED)
   u_ctrl/u_aes/rkeys_reg_49_/D                           -59.7270  (VIOLATED)
   u_ctrl/u_aes/rkeys_reg_1070_/D                         -57.6197  (VIOLATED)
   u_ctrl/u_aes/rkeys_reg_557_/D                          -57.6197  (VIOLATED)
   u_ctrl/u_aes/rkeys_reg_146_/D                          -57.6197  (VIOLATED)
   u_ctrl/u_aes/rkeys_reg_162_/D                          -57.6197  (VIOLATED)
   u_ctrl/u_aes/rkeys_reg_164_/D                          -57.6197  (VIOLATED)
   u_ctrl/u_aes/rkeys_reg_410_/D                          -57.6197  (VIOLATED)
   u_ctrl/u_aes/rkeys_reg_414_/D                          -57.6197  (VIOLATED)
   u_ctrl/u_aes/rkeys_reg_533_/D                          -57.6197  (VIOLATED)
   u_ctrl/u_aes/rkeys_reg_535_/D                          -57.6197  (VIOLATED)
   u_ctrl/u_aes/rkeys_reg_676_/D                          -57.6197  (VIOLATED)
   u_ctrl/u_aes/rkeys_reg_770_/D                          -57.6197  (VIOLATED)
   u_ctrl/u_aes/rkeys_reg_775_/D                          -57.6197  (VIOLATED)
   u_ctrl/u_aes/rkeys_reg_1291_/D                         -57.5378  (VIOLATED)
   u_ctrl/u_aes/rkeys_reg_156_/D                          -57.5378  (VIOLATED)
   u_ctrl/u_aes/rkeys_reg_96_/D                           -57.5378  (VIOLATED)
   u_ctrl/u_aes/rkeys_reg_97_/D                           -57.5378  (VIOLATED)
   u_ctrl/u_aes/rkeys_reg_198_/D                          -57.5378  (VIOLATED)
   u_ctrl/u_aes/rkeys_reg_386_/D                          -57.5378  (VIOLATED)
   u_ctrl/u_aes/rkeys_reg_470_/D                          -57.5378  (VIOLATED)
   u_ctrl/u_aes/rkeys_reg_805_/D                          -57.5378  (VIOLATED)
   u_ctrl/u_aes/rkeys_reg_807_/D                          -57.5378  (VIOLATED)
   u_ctrl/u_aes/rkeys_reg_929_/D                          -57.5378  (VIOLATED)
   u_ctrl/u_aes/rkeys_reg_965_/D                          -57.5378  (VIOLATED)
   u_ctrl/u_aes/rkeys_reg_982_/D                          -57.5378  (VIOLATED)
   u_ctrl/u_aes/rkeys_reg_994_/D                          -57.5378  (VIOLATED)
   u_ctrl/u_aes/rkeys_reg_1026_/D                         -57.5378  (VIOLATED)
   u_ctrl/u_aes/rkeys_reg_1081_/D                         -57.5378  (VIOLATED)
   u_ctrl/u_aes/rkeys_reg_1092_/D                         -57.5378  (VIOLATED)
   u_ctrl/u_aes/rkeys_reg_616_/D                          -57.5378  (VIOLATED)
   u_ctrl/u_aes/rkeys_reg_930_/D                          -57.5378  (VIOLATED)
   u_ctrl/u_aes/rkeys_reg_933_/D                          -57.5378  (VIOLATED)
   u_ctrl/u_aes/rkeys_reg_983_/D                          -57.5378  (VIOLATED)
   u_ctrl/u_aes/rkeys_reg_1014_/D                         -57.5378  (VIOLATED)
   u_ctrl/u_aes/rkeys_reg_1215_/D                         -57.5378  (VIOLATED)
   u_ctrl/u_aes/rkeys_reg_167_/D                          -57.5378  (VIOLATED)
   u_ctrl/u_aes/rkeys_reg_173_/D                          -57.5378  (VIOLATED)
   u_ctrl/u_aes/rkeys_reg_197_/D                          -57.5378  (VIOLATED)
   u_ctrl/u_aes/rkeys_reg_202_/D                          -57.5378  (VIOLATED)
   u_ctrl/u_aes/rkeys_reg_269_/D                          -57.5378  (VIOLATED)
   u_ctrl/u_aes/rkeys_reg_290_/D                          -57.5378  (VIOLATED)
   u_ctrl/u_aes/rkeys_reg_292_/D                          -57.5378  (VIOLATED)
   u_ctrl/u_aes/rkeys_reg_293_/D                          -57.5378  (VIOLATED)
   u_ctrl/u_aes/rkeys_reg_295_/D                          -57.5378  (VIOLATED)
   u_ctrl/u_aes/rkeys_reg_330_/D                          -57.5378  (VIOLATED)
   u_ctrl/u_aes/rkeys_reg_346_/D                          -57.5378  (VIOLATED)
   u_ctrl/u_aes/rkeys_reg_428_/D                          -57.5378  (VIOLATED)
   u_ctrl/u_aes/rkeys_reg_450_/D                          -57.5378  (VIOLATED)
   u_ctrl/u_aes/rkeys_reg_502_/D                          -57.5378  (VIOLATED)
   u_ctrl/u_aes/rkeys_reg_602_/D                          -57.5378  (VIOLATED)
   u_ctrl/u_aes/rkeys_reg_606_/D                          -57.5378  (VIOLATED)
   u_ctrl/u_aes/rkeys_reg_673_/D                          -57.5378  (VIOLATED)
   u_ctrl/u_aes/rkeys_reg_680_/D                          -57.5378  (VIOLATED)
   u_ctrl/u_aes/rkeys_reg_704_/D                          -57.5378  (VIOLATED)
   u_ctrl/u_aes/rkeys_reg_709_/D                          -57.5378  (VIOLATED)
   u_ctrl/u_aes/rkeys_reg_722_/D                          -57.5378  (VIOLATED)
   u_ctrl/u_aes/rkeys_reg_741_/D                          -57.5378  (VIOLATED)
   u_ctrl/u_aes/rkeys_reg_744_/D                          -57.5378  (VIOLATED)
   u_ctrl/u_aes/rkeys_reg_762_/D                          -57.5378  (VIOLATED)
   u_ctrl/u_aes/rkeys_reg_763_/D                          -57.5378  (VIOLATED)
   u_ctrl/u_aes/rkeys_reg_794_/D                          -57.5378  (VIOLATED)
   u_ctrl/u_aes/rkeys_reg_796_/D                          -57.5378  (VIOLATED)
   u_ctrl/u_aes/rkeys_reg_858_/D                          -57.5378  (VIOLATED)
   u_ctrl/u_aes/rkeys_reg_866_/D                          -57.5378  (VIOLATED)
   u_ctrl/u_aes/rkeys_reg_869_/D                          -57.5378  (VIOLATED)
   u_ctrl/u_aes/rkeys_reg_890_/D                          -57.5378  (VIOLATED)
   u_ctrl/u_aes/rkeys_reg_932_/D                          -57.5378  (VIOLATED)
   u_ctrl/u_aes/rkeys_reg_954_/D                          -57.5378  (VIOLATED)
   u_ctrl/u_aes/rkeys_reg_960_/D                          -57.5378  (VIOLATED)
   u_ctrl/u_aes/rkeys_reg_1008_/D                         -57.5378  (VIOLATED)
   u_ctrl/u_aes/rkeys_reg_1010_/D                         -57.5378  (VIOLATED)
   u_ctrl/u_aes/rkeys_reg_1054_/D                         -57.5378  (VIOLATED)
   u_ctrl/u_aes/rkeys_reg_1072_/D                         -57.5378  (VIOLATED)
   u_ctrl/u_aes/rkeys_reg_1087_/D                         -57.5378  (VIOLATED)
   u_ctrl/u_aes/rkeys_reg_1093_/D                         -57.5378  (VIOLATED)
   u_ctrl/u_aes/rkeys_reg_1114_/D                         -57.5378  (VIOLATED)
   u_ctrl/u_aes/rkeys_reg_1118_/D                         -57.5378  (VIOLATED)
   u_ctrl/u_aes/rkeys_reg_1175_/D                         -57.5378  (VIOLATED)
   u_ctrl/u_aes/rkeys_reg_1177_/D                         -57.5378  (VIOLATED)
   u_ctrl/u_aes/rkeys_reg_1180_/D                         -57.5378  (VIOLATED)
   u_ctrl/u_aes/rkeys_reg_1182_/D                         -57.5378  (VIOLATED)
   u_ctrl/u_aes/rkeys_reg_1183_/D                         -57.5378  (VIOLATED)
   u_ctrl/u_aes/rkeys_reg_1234_/D                         -57.5378  (VIOLATED)
   u_ctrl/u_aes/rkeys_reg_1313_/D                         -57.5378  (VIOLATED)
   u_ctrl/u_aes/rkeys_reg_1315_/D                         -57.5378  (VIOLATED)
   u_ctrl/u_aes/rkeys_reg_107_/D                          -57.5378  (VIOLATED)
   u_ctrl/u_aes/rkeys_reg_569_/D                          -57.5378  (VIOLATED)
   u_ctrl/u_aes/rkeys_reg_1209_/D                         -57.5378  (VIOLATED)
   u_ctrl/u_aes/rkeys_reg_442_/D                          -57.5378  (VIOLATED)
   u_ctrl/u_aes/rkeys_reg_12_/D                           -57.5378  (VIOLATED)
   u_ctrl/u_aes/rkeys_reg_33_/D                           -57.5378  (VIOLATED)
   u_ctrl/u_aes/rkeys_reg_35_/D                           -57.5378  (VIOLATED)
   u_ctrl/u_aes/rkeys_reg_40_/D                           -57.5378  (VIOLATED)
   u_ctrl/u_aes/rkeys_reg_57_/D                           -57.5378  (VIOLATED)
   u_ctrl/u_aes/rkeys_reg_99_/D                           -57.5378  (VIOLATED)
   u_ctrl/u_aes/rkeys_reg_795_/D                          -56.0777  (VIOLATED)
   u_ctrl/u_aes/rkeys_reg_1033_/D                         -56.0777  (VIOLATED)
   u_ctrl/u_aes/rkeys_reg_1036_/D                         -56.0777  (VIOLATED)
   u_ctrl/u_aes/rkeys_reg_667_/D                          -56.0777  (VIOLATED)
   u_ctrl/u_aes/rkeys_reg_731_/D                          -56.0777  (VIOLATED)
   u_ctrl/u_aes/rkeys_reg_792_/D                          -56.0777  (VIOLATED)
   u_ctrl/u_aes/rkeys_reg_797_/D                          -56.0777  (VIOLATED)
   u_ctrl/u_aes/rkeys_reg_912_/D                          -56.0777  (VIOLATED)
   u_ctrl/u_aes/rkeys_reg_915_/D                          -56.0777  (VIOLATED)
   u_ctrl/u_aes/rkeys_reg_1039_/D                         -56.0777  (VIOLATED)
   u_ctrl/u_aes/rkeys_reg_1100_/D                         -56.0777  (VIOLATED)
   u_ctrl/u_aes/rkeys_reg_1018_/D                         -55.2797  (VIOLATED)
   u_ctrl/u_aes/rkeys_reg_149_/D                          -55.2797  (VIOLATED)
   u_ctrl/u_aes/rkeys_reg_990_/D                          -55.2797  (VIOLATED)
   u_ctrl/u_aes/rkeys_reg_174_/D                          -55.2797  (VIOLATED)
   u_ctrl/u_aes/rkeys_reg_263_/D                          -55.2797  (VIOLATED)
   u_ctrl/u_aes/rkeys_reg_334_/D                          -55.2797  (VIOLATED)
   u_ctrl/u_aes/rkeys_reg_894_/D                          -55.2797  (VIOLATED)
   u_ctrl/u_aes/rkeys_reg_1082_/D                         -55.2797  (VIOLATED)
   u_ctrl/u_aes/rkeys_reg_1146_/D                         -55.2797  (VIOLATED)
   u_ctrl/u_aes/rkeys_reg_1178_/D                         -55.2797  (VIOLATED)
   u_ctrl/u_aes/rkeys_reg_1274_/D                         -55.2797  (VIOLATED)
   u_ctrl/u_aes/rkeys_reg_1278_/D                         -55.2797  (VIOLATED)
   u_ctrl/u_aes/rkeys_reg_947_/D                          -53.2613  (VIOLATED)
   u_ctrl/u_aes/rkeys_reg_318_/D                          -53.2613  (VIOLATED)
   u_ctrl/u_aes/rkeys_reg_409_/D                          -53.2613  (VIOLATED)
   u_ctrl/u_aes/rkeys_reg_411_/D                          -53.2613  (VIOLATED)
   u_ctrl/u_aes/rkeys_reg_433_/D                          -53.2613  (VIOLATED)
   u_ctrl/u_aes/rkeys_reg_435_/D                          -53.2613  (VIOLATED)
   u_ctrl/u_aes/rkeys_reg_529_/D                          -53.2613  (VIOLATED)
   u_ctrl/u_aes/rkeys_reg_818_/D                          -53.2613  (VIOLATED)
   u_ctrl/u_aes/rkeys_reg_1107_/D                         -53.2613  (VIOLATED)
   u_ctrl/u_aes/rkeys_reg_163_/D                          -52.7480  (VIOLATED)
   u_ctrl/u_aes/rkeys_reg_260_/D                          -52.7480  (VIOLATED)
   u_ctrl/u_aes/rkeys_reg_262_/D                          -52.7480  (VIOLATED)
   u_ctrl/u_aes/rkeys_reg_317_/D                          -52.7480  (VIOLATED)
   u_ctrl/u_aes/rkeys_reg_784_/D                          -52.7480  (VIOLATED)
   u_ctrl/u_aes/rkeys_reg_848_/D                          -52.7480  (VIOLATED)


   min_delay/hold ('clock_gating_default' group)

   Endpoint                                                  Slack
   -----------------------------------------------------------------
   u_ctrl/u_icg_aes/U3/A2                                  -0.0105  (VIOLATED)

   min_delay/hold ('clk_div2' group)

   Endpoint                                                  Slack
   -----------------------------------------------------------------
   u_mem/u_sram/A[0]                                       -0.0148  (VIOLATED)
   u_mem/u_sram/A[1]                                       -0.0148  (VIOLATED)
   u_mem/u_sram/A[2]                                       -0.0148  (VIOLATED)
   u_mem/u_sram/A[3]                                       -0.0148  (VIOLATED)
   u_mem/u_sram/I[0]                                       -0.0145  (VIOLATED)
   u_mem/u_sram/I[1]                                       -0.0145  (VIOLATED)
   u_mem/u_sram/I[2]                                       -0.0145  (VIOLATED)
   u_mem/u_sram/I[3]                                       -0.0145  (VIOLATED)
   u_mem/u_sram/I[4]                                       -0.0145  (VIOLATED)
   u_mem/u_sram/I[5]                                       -0.0145  (VIOLATED)
   u_mem/u_sram/I[6]                                       -0.0145  (VIOLATED)
   u_mem/u_sram/I[7]                                       -0.0145  (VIOLATED)



   clock_gating_hold

   Endpoint                                                  Slack
   -----------------------------------------------------------------
   u_ctrl/u_icg_aes/U3/A2                                  -0.0105  (VIOLATED)


   max_capacitance

                             Required        Actual
   Pin                      Capacitance    Capacitance       Slack
   -----------------------------------------------------------------
   u_ctrl/u_crc/U6/Y         16.0000        39.4958       -23.4958  (VIOLATED)
   u_ctrl/u_crc/U5/Y         16.0000        38.1959       -22.1959  (VIOLATED)
   u_ctrl/u_tx/U3/Y          16.0000        37.9584       -21.9584  (VIOLATED)
   u_ctrl/u_crc/U4/Y         16.0000        35.5087       -19.5087  (VIOLATED)
   u_ctrl/u_rx/U3/Y          16.0000        25.7849        -9.7849  (VIOLATED)
   u_ctrl/u_tx/U4/Y          16.0000        24.9091        -8.9091  (VIOLATED)
   u_ctrl/u_tx/U25/Y         16.0000        24.2206        -8.2206  (VIOLATED)
   u_ctrl/u_tx/U26/Y         16.0000        24.2206        -8.2206  (VIOLATED)
   u_ctrl/u_rx/U33/Y         16.0000        23.9775        -7.9775  (VIOLATED)
   u_ctrl/u_tx/U27/Y         16.0000        23.0613        -7.0613  (VIOLATED)
   u_ctrl/u_rx/U32/Y          8.0000        15.0579        -7.0579  (VIOLATED)
   u_ctrl/u_rx/U5/Y           8.0000        15.0457        -7.0457  (VIOLATED)
   u_ctrl/u_crc/U7/Y          8.0000        14.1132        -6.1132  (VIOLATED)
   u_ctrl/u_tx/U18/Y          8.0000        14.0054        -6.0054  (VIOLATED)
   u_ctrl/u_crc/U177/Y       16.0000        21.3001        -5.3001  (VIOLATED)
   u_ctrl/u_crc/U174/Y       16.0000        20.7217        -4.7217  (VIOLATED)
   u_ctrl/u_crc/U175/Y       16.0000        20.7217        -4.7217  (VIOLATED)
   u_ctrl/u_crc/U173/Y       16.0000        20.7050        -4.7050  (VIOLATED)
   u_ctrl/u_rx/U23/Y         16.0000        20.5869        -4.5869  (VIOLATED)
   u_ctrl/u_rx/U24/Y         16.0000        20.5869        -4.5869  (VIOLATED)
   u_ctrl/u_crc/U176/Y       16.0000        20.0311        -4.0311  (VIOLATED)
   u_ctrl/u_aes/U281/Y       16.0000        20.0251        -4.0251  (VIOLATED)
   u_ctrl/u_aes/U639/Y       16.0000        19.0572        -3.0572  (VIOLATED)
   u_ctrl/u_rx/U21/Y         16.0000        18.9528        -2.9528  (VIOLATED)
   u_ctrl/u_rx/U22/Y         16.0000        18.9528        -2.9528  (VIOLATED)
   u_ctrl/u_aes/U294/Y       16.0000        18.9225        -2.9225  (VIOLATED)
   u_ctrl/u_rx/U45/Y          8.0000        10.7055        -2.7055  (VIOLATED)
   u_ctrl/u_aes/U1004/Y      16.0000        18.5838        -2.5838  (VIOLATED)
   u_ctrl/u_crc/U8/Y         16.0000        18.1893        -2.1893  (VIOLATED)
   u_ctrl/u_crc/U14/SO        8.0000        10.0897        -2.0897  (VIOLATED)
   u_ctrl/u_aes/U1175/Y      16.0000        17.9986        -1.9986  (VIOLATED)
   u_ctrl/U29/Y               8.0000         9.9170        -1.9170  (VIOLATED)
   u_ctrl/u_aes/U302/Y       16.0000        17.9049        -1.9049  (VIOLATED)
   u_ctrl/u_aes/U1007/Y      32.0000        33.7849        -1.7849  (VIOLATED)
   u_ctrl/u_aes/U288/Y       16.0000        17.7106        -1.7106  (VIOLATED)
   u_ctrl/u_aes/U290/Y       16.0000        17.7073        -1.7073  (VIOLATED)
   u_ctrl/U40/Y               8.0000         9.7020        -1.7020  (VIOLATED)
   u_ctrl/u_aes/U6711/Y       8.0000         9.6324        -1.6324  (VIOLATED)
   u_ctrl/u_aes/U262/Y       16.0000        17.6205        -1.6205  (VIOLATED)
   u_ctrl/u_aes/U279/Y       16.0000        17.6199        -1.6199  (VIOLATED)
   u_ctrl/u_aes/U11023/Y      8.0000         9.5124        -1.5124  (VIOLATED)
   u_ctrl/u_aes/U298/Y       16.0000        17.4740        -1.4740  (VIOLATED)
   u_ctrl/u_crc/U12/Y         8.0000         9.4439        -1.4439  (VIOLATED)
   u_ctrl/u_rx/busy_reg/QN    8.0000         9.3527        -1.3527  (VIOLATED)
   u_ctrl/u_crc/U11/Y         8.0000         9.3328        -1.3328  (VIOLATED)
   u_ctrl/U476/Y              8.0000         9.3275        -1.3275  (VIOLATED)
   u_ctrl/tx_idx_div2_reg_0_/Q   8.0000      9.3128        -1.3128  (VIOLATED)
   u_ctrl/u_aes/busy_reg/Q    8.0000         9.2900        -1.2900  (VIOLATED)
   u_ctrl/U482/Y              8.0000         9.2351        -1.2351  (VIOLATED)
   u_ctrl/U485/Y              8.0000         9.2351        -1.2351  (VIOLATED)
   u_ctrl/u_aes/U1042/Y       8.0000         9.2015        -1.2015  (VIOLATED)
   u_ctrl/u_aes/U267/Y        8.0000         9.1831        -1.1831  (VIOLATED)
   u_ctrl/u_aes/U273/Y        8.0000         9.1831        -1.1831  (VIOLATED)
   u_ctrl/u_aes/U536/Y        8.0000         9.1831        -1.1831  (VIOLATED)
   u_ctrl/u_aes/U1498/Y       8.0000         9.1831        -1.1831  (VIOLATED)
   u_ctrl/u_aes/U10482/Y      8.0000         9.1831        -1.1831  (VIOLATED)
   u_ctrl/u_aes/U274/Y       16.0000        17.1629        -1.1629  (VIOLATED)
   u_ctrl/u_aes/U9479/Y       8.0000         9.1569        -1.1569  (VIOLATED)
   u_ctrl/U119/Y              8.0000         9.1498        -1.1498  (VIOLATED)
   u_ctrl/U118/Y              8.0000         9.1494        -1.1494  (VIOLATED)
   u_ctrl/u_aes/U1006/Y      16.0000        17.1367        -1.1367  (VIOLATED)
   u_ctrl/U123/Y              8.0000         9.1199        -1.1199  (VIOLATED)
   u_ctrl/u_crc/U28/SO        8.0000         9.1137        -1.1137  (VIOLATED)
   u_ctrl/U342/Y              8.0000         9.1077        -1.1077  (VIOLATED)
   u_ctrl/U356/Y              8.0000         9.1077        -1.1077  (VIOLATED)
   u_ctrl/u_aes/state_reg_30_/Q   8.0000     9.0986        -1.0986  (VIOLATED)
   u_ctrl/u_aes/U303/Y        8.0000         9.0780        -1.0780  (VIOLATED)
   u_ctrl/u_aes/U249/Y        8.0000         9.0283        -1.0283  (VIOLATED)
   u_ctrl/u_aes/U297/Y        8.0000         8.9881        -0.9881  (VIOLATED)
   u_ctrl/u_aes/U263/Y        8.0000         8.9863        -0.9863  (VIOLATED)
   u_ctrl/u_aes/U264/Y        8.0000         8.9863        -0.9863  (VIOLATED)
   u_ctrl/u_aes/U266/Y        8.0000         8.9863        -0.9863  (VIOLATED)
   u_ctrl/u_aes/U268/Y        8.0000         8.9863        -0.9863  (VIOLATED)
   u_ctrl/u_aes/U280/Y        8.0000         8.9863        -0.9863  (VIOLATED)
   u_ctrl/u_aes/U282/Y        8.0000         8.9863        -0.9863  (VIOLATED)
   u_ctrl/u_aes/U283/Y        8.0000         8.9863        -0.9863  (VIOLATED)
   u_ctrl/u_aes/U284/Y        8.0000         8.9863        -0.9863  (VIOLATED)
   u_ctrl/u_aes/U285/Y        8.0000         8.9863        -0.9863  (VIOLATED)
   u_ctrl/u_aes/U286/Y        8.0000         8.9863        -0.9863  (VIOLATED)
   u_ctrl/u_aes/U304/Y        8.0000         8.9863        -0.9863  (VIOLATED)
   u_ctrl/u_aes/U404/Y        8.0000         8.9863        -0.9863  (VIOLATED)
   u_ctrl/u_aes/U491/Y        8.0000         8.9863        -0.9863  (VIOLATED)
   u_ctrl/u_aes/U609/Y        8.0000         8.9863        -0.9863  (VIOLATED)
   u_ctrl/u_aes/U306/Y        8.0000         8.9621        -0.9621  (VIOLATED)
   u_ctrl/U478/Y              8.0000         8.9621        -0.9621  (VIOLATED)
   u_ctrl/U479/Y              8.0000         8.9514        -0.9514  (VIOLATED)
   u_ctrl/u_aes/state_reg_23_/QN   8.0000    8.9440        -0.9440  (VIOLATED)
   u_ctrl/u_aes/state_reg_110_/Q   8.0000    8.9290        -0.9290  (VIOLATED)
   u_ctrl/u_aes/U3651/Y       8.0000         8.9257        -0.9257  (VIOLATED)
   u_ctrl/u_aes/U192/Y        8.0000         8.8730        -0.8730  (VIOLATED)
   u_ctrl/u_aes/U305/Y        8.0000         8.7742        -0.7742  (VIOLATED)
   u_ctrl/U122/Y              8.0000         8.7312        -0.7312  (VIOLATED)
   u_ctrl/U125/Y              8.0000         8.7312        -0.7312  (VIOLATED)
   u_ctrl/u_rx/U19/Y          8.0000         8.7179        -0.7179  (VIOLATED)
   u_ctrl/U481/Y              8.0000         8.6792        -0.6792  (VIOLATED)
   u_ctrl/U484/Y              8.0000         8.6792        -0.6792  (VIOLATED)
   u_ctrl/u_rx/U4/Y           8.0000         8.6393        -0.6393  (VIOLATED)
   u_ctrl/U475/Y              8.0000         8.5891        -0.5891  (VIOLATED)
   u_ctrl/u_aes/state_reg_127_/QN   8.0000   8.5866        -0.5866  (VIOLATED)
   u_ctrl/u_aes/U2439/Y       8.0000         8.5551        -0.5551  (VIOLATED)
   u_ctrl/u_tx/tx_busy_reg/Q   8.0000        8.4795        -0.4795  (VIOLATED)
   u_ctrl/u_crc/U23/SO        8.0000         8.4512        -0.4512  (VIOLATED)
   u_ctrl/u_aes/U1183/Y      16.0000        16.3580        -0.3580  (VIOLATED)
   u_ctrl/u_aes/U1525/Y       8.0000         8.3336        -0.3336  (VIOLATED)
   u_ctrl/u_aes/U1657/Y       8.0000         8.2529        -0.2529  (VIOLATED)
   u_ctrl/u_aes/U848/Y       16.0000        16.2053        -0.2053  (VIOLATED)
   u_ctrl/U12/Y              16.0000        16.0954        -0.0954  (VIOLATED)


1
