 
****************************************
Report : constraint
        -all_violators
Design : top_mcu_pll_sram_multiclk_soc
Version: W-2024.09-SP5-5
Date   : Mon Apr 13 14:41:52 2026
****************************************


   max_delay/setup ('INS' group)

                             Required        Actual
   Endpoint                 Path Delay     Path Delay        Slack
   -----------------------------------------------------------------
   u_ctrl/aes_start_reg/D       1.58           2.91 f        -1.33  (VIOLATED)
   u_ctrl/pass_reg/D            1.59           2.91 f        -1.33  (VIOLATED)
   u_ctrl/done_reg/D            1.59           2.48 f        -0.90  (VIOLATED)
   u_ctrl/start_seen_reg/D      1.59           2.25 f        -0.66  (VIOLATED)
   u_ctrl/crc_done_hold_reg/D
                                1.57           2.01 r        -0.44  (VIOLATED)
   u_ctrl/u_rx/divcnt_reg[31]/D
                                7.05           7.42 r        -0.37  (VIOLATED)
   u_ctrl/u_rx/divcnt_reg[26]/D
                                7.05           7.37 r        -0.32  (VIOLATED)
   u_ctrl/u_rx/divcnt_reg[4]/D
                                7.05           7.37 r        -0.32  (VIOLATED)
   u_ctrl/u_rx/divcnt_reg[18]/D
                                7.05           7.35 r        -0.30  (VIOLATED)
   u_ctrl/u_rx/divcnt_reg[10]/D
                                7.05           7.35 r        -0.30  (VIOLATED)
   u_ctrl/u_rx/divcnt_reg[22]/D
                                7.05           7.33 r        -0.28  (VIOLATED)
   u_ctrl/u_rx/divcnt_reg[2]/D
                                7.05           7.32 r        -0.28  (VIOLATED)
   u_ctrl/u_rx/divcnt_reg[1]/D
                                7.05           7.33 r        -0.28  (VIOLATED)
   u_ctrl/u_rx/divcnt_reg[8]/D
                                7.06           7.31 f        -0.25  (VIOLATED)
   u_ctrl/u_rx/divcnt_reg[7]/D
                                7.06           7.31 f        -0.25  (VIOLATED)
   u_ctrl/u_rx/divcnt_reg[30]/D
                                7.05           7.30 r        -0.25  (VIOLATED)
   u_ctrl/u_rx/busy_reg/D       7.05           7.24 r        -0.19  (VIOLATED)
   u_ctrl/u_rx/divcnt_reg[0]/D
                                7.05           7.23 r        -0.18  (VIOLATED)


   max_delay/setup ('clk_div2' group)

                             Required        Actual
   Endpoint                 Path Delay     Path Delay        Slack
   -----------------------------------------------------------------
   u_ctrl/u_crc/crc_reg[12]/D
                                3.40           8.53 r        -5.13  (VIOLATED)
   u_ctrl/u_crc/crc_reg[8]/D
                                3.40           8.52 r        -5.13  (VIOLATED)
   u_ctrl/u_crc/crc_reg[11]/D
                                3.40           8.52 r        -5.13  (VIOLATED)
   u_ctrl/u_crc/crc_reg[5]/D
                                3.40           8.28 r        -4.88  (VIOLATED)
   u_ctrl/mem_cs_reg/D          3.41           8.27 f        -4.86  (VIOLATED)
   u_ctrl/mem_addr_reg[1]/D     3.41           8.27 f        -4.86  (VIOLATED)
   u_ctrl/mem_addr_reg[2]/D     3.41           8.27 f        -4.86  (VIOLATED)
   u_ctrl/mem_addr_reg[3]/D     3.41           8.27 f        -4.86  (VIOLATED)
   u_ctrl/mem_addr_reg[0]/D     3.41           8.27 f        -4.86  (VIOLATED)
   u_ctrl/u_crc/crc_reg[4]/D
                                3.40           8.20 f        -4.80  (VIOLATED)
   u_ctrl/u_crc/crc_reg[6]/D
                                3.40           8.18 r        -4.78  (VIOLATED)
   u_ctrl/u_crc/crc_reg[9]/D
                                3.40           8.16 f        -4.75  (VIOLATED)
   u_ctrl/u_crc/crc_reg[3]/D
                                3.40           8.15 f        -4.74  (VIOLATED)
   u_ctrl/tx_byte_div2_reg[7]/D
                                3.41           8.15 f        -4.74  (VIOLATED)
   u_ctrl/u_crc/crc_reg[25]/D
                                3.40           8.13 r        -4.73  (VIOLATED)
   u_ctrl/u_crc/crc_reg[2]/D
                                3.40           8.13 r        -4.73  (VIOLATED)
   u_ctrl/tx_byte_div2_reg[2]/D
                                3.41           8.03 f        -4.62  (VIOLATED)
   u_ctrl/tx_byte_div2_reg[4]/D
                                3.41           8.03 f        -4.62  (VIOLATED)
   u_ctrl/tx_byte_div2_reg[5]/D
                                3.41           8.03 f        -4.62  (VIOLATED)
   u_ctrl/tx_byte_div2_reg[1]/D
                                3.41           8.03 f        -4.62  (VIOLATED)
   u_ctrl/fail_reg/D            3.40           8.02 r        -4.62  (VIOLATED)
   u_ctrl/u_crc/crc_out_reg[26]/D
                                3.41           8.03 f        -4.61  (VIOLATED)
   u_ctrl/u_crc/crc_out_reg[27]/D
                                3.41           8.03 f        -4.61  (VIOLATED)
   u_ctrl/u_crc/crc_out_reg[28]/D
                                3.41           8.03 f        -4.61  (VIOLATED)
   u_ctrl/u_crc/crc_out_reg[31]/D
                                3.41           8.03 f        -4.61  (VIOLATED)
   u_ctrl/u_crc/crc_out_reg[7]/D
                                3.41           8.03 f        -4.61  (VIOLATED)
   u_ctrl/u_crc/crc_out_reg[15]/D
                                3.41           8.03 f        -4.61  (VIOLATED)
   u_ctrl/u_crc/crc_reg[1]/D
                                3.40           8.00 r        -4.60  (VIOLATED)
   u_ctrl/ct_hold_div2_reg[69]/D
                                3.40           7.95 r        -4.55  (VIOLATED)
   u_ctrl/ct_hold_div2_reg[8]/D
                                3.40           7.95 r        -4.55  (VIOLATED)
   u_ctrl/ct_hold_div2_reg[65]/D
                                3.41           7.94 f        -4.53  (VIOLATED)
   u_ctrl/u_crc/crc_reg[26]/D
                                3.40           7.91 r        -4.51  (VIOLATED)
   u_ctrl/u_crc/crc_reg[13]/D
                                3.40           7.91 r        -4.51  (VIOLATED)
   u_ctrl/u_crc/crc_reg[23]/D
                                3.40           7.91 r        -4.51  (VIOLATED)
   u_ctrl/u_crc/crc_reg[24]/D
                                3.40           7.89 f        -4.48  (VIOLATED)
   u_ctrl/u_crc/crc_reg[16]/D
                                3.40           7.89 f        -4.48  (VIOLATED)
   u_ctrl/u_crc/crc_out_reg[2]/D
                                3.41           7.89 f        -4.48  (VIOLATED)
   u_ctrl/u_crc/crc_out_reg[25]/D
                                3.41           7.89 f        -4.48  (VIOLATED)
   u_ctrl/u_crc/crc_out_reg[29]/D
                                3.41           7.89 f        -4.48  (VIOLATED)
   u_ctrl/u_crc/crc_out_reg[10]/D
                                3.41           7.89 f        -4.48  (VIOLATED)
   u_ctrl/u_crc/crc_out_reg[19]/D
                                3.41           7.89 f        -4.48  (VIOLATED)
   u_ctrl/u_crc/crc_out_reg[22]/D
                                3.41           7.89 f        -4.48  (VIOLATED)
   u_ctrl/tx_byte_div2_reg[0]/D
                                3.40           7.85 r        -4.45  (VIOLATED)
   u_ctrl/ct_hold_div2_reg[47]/D
                                3.41           7.86 f        -4.44  (VIOLATED)
   u_ctrl/ct_hold_div2_reg[21]/D
                                3.41           7.86 f        -4.44  (VIOLATED)
   u_ctrl/ct_hold_div2_reg[52]/D
                                3.41           7.86 f        -4.44  (VIOLATED)
   u_ctrl/ct_hold_div2_reg[99]/D
                                3.41           7.86 f        -4.44  (VIOLATED)
   u_ctrl/ct_hold_div2_reg[106]/D
                                3.41           7.86 f        -4.44  (VIOLATED)
   u_ctrl/u_crc/crc_reg[15]/D
                                3.40           7.81 f        -4.41  (VIOLATED)
   u_ctrl/ct_hold_div2_reg[67]/D
                                3.41           7.81 f        -4.40  (VIOLATED)
   u_ctrl/ct_hold_div2_reg[82]/D
                                3.41           7.81 f        -4.40  (VIOLATED)
   u_ctrl/ct_hold_div2_reg[27]/D
                                3.41           7.81 f        -4.40  (VIOLATED)
   u_ctrl/ct_hold_div2_reg[75]/D
                                3.41           7.81 f        -4.40  (VIOLATED)
   u_ctrl/ct_hold_div2_reg[78]/D
                                3.41           7.81 f        -4.40  (VIOLATED)
   u_ctrl/ct_hold_div2_reg[94]/D
                                3.41           7.81 f        -4.40  (VIOLATED)
   u_ctrl/ct_hold_div2_reg[115]/D
                                3.41           7.81 f        -4.40  (VIOLATED)
   u_ctrl/ct_hold_div2_reg[4]/D
                                3.41           7.81 f        -4.40  (VIOLATED)
   u_ctrl/ct_hold_div2_reg[104]/D
                                3.41           7.81 f        -4.40  (VIOLATED)
   u_ctrl/ct_hold_div2_reg[107]/D
                                3.41           7.81 f        -4.40  (VIOLATED)
   u_ctrl/ct_hold_div2_reg[29]/D
                                3.41           7.79 f        -4.38  (VIOLATED)
   u_ctrl/ct_hold_div2_reg[31]/D
                                3.41           7.79 f        -4.38  (VIOLATED)
   u_ctrl/ct_hold_div2_reg[77]/D
                                3.41           7.79 f        -4.38  (VIOLATED)
   u_ctrl/ct_hold_div2_reg[95]/D
                                3.41           7.79 f        -4.38  (VIOLATED)
   u_ctrl/ct_hold_div2_reg[102]/D
                                3.41           7.79 f        -4.38  (VIOLATED)
   u_ctrl/ct_hold_div2_reg[60]/D
                                3.42           7.79 f        -4.37  (VIOLATED)
   u_ctrl/tx_idx_div2_reg[2]/D
                                3.40           7.76 r        -4.36  (VIOLATED)
   u_ctrl/u_crc/crc_reg[7]/D
                                3.40           7.75 r        -4.35  (VIOLATED)
   u_ctrl/tx_idx_div2_reg[4]/D
                                3.40           7.74 r        -4.34  (VIOLATED)
   u_ctrl/tx_idx_div2_reg[3]/D
                                3.40           7.74 r        -4.34  (VIOLATED)
   u_ctrl/tx_byte_div2_reg[6]/D
                                3.40           7.74 r        -4.34  (VIOLATED)
   u_ctrl/u_crc/crc_reg[27]/D
                                3.40           7.73 f        -4.33  (VIOLATED)
   u_ctrl/u_crc/crc_reg[10]/D
                                3.40           7.73 r        -4.33  (VIOLATED)
   u_ctrl/u_crc/crc_reg[19]/D
                                3.40           7.73 r        -4.33  (VIOLATED)
   u_ctrl/u_crc/crc_reg[17]/D
                                3.40           7.73 r        -4.33  (VIOLATED)
   u_ctrl/u_crc/crc_reg[22]/D
                                3.40           7.73 r        -4.33  (VIOLATED)
   u_ctrl/u_crc/crc_reg[31]/D
                                3.40           7.72 f        -4.32  (VIOLATED)
   u_ctrl/ct_hold_div2_reg[44]/D
                                3.41           7.72 f        -4.31  (VIOLATED)
   u_ctrl/ct_hold_div2_reg[121]/D
                                3.41           7.72 f        -4.31  (VIOLATED)
   u_ctrl/ct_hold_div2_reg[24]/D
                                3.41           7.72 f        -4.31  (VIOLATED)
   u_ctrl/ct_hold_div2_reg[28]/D
                                3.41           7.72 f        -4.31  (VIOLATED)
   u_ctrl/ct_hold_div2_reg[103]/D
                                3.41           7.72 f        -4.31  (VIOLATED)
   u_ctrl/ct_hold_div2_reg[117]/D
                                3.41           7.72 f        -4.31  (VIOLATED)
   u_ctrl/tx_idx_div2_reg[0]/D
                                3.40           7.63 r        -4.23  (VIOLATED)
   u_ctrl/ct_hold_div2_reg[38]/D
                                3.41           7.64 f        -4.23  (VIOLATED)
   u_ctrl/ct_hold_div2_reg[23]/D
                                3.41           7.64 f        -4.23  (VIOLATED)
   u_ctrl/ct_hold_div2_reg[39]/D
                                3.41           7.64 f        -4.23  (VIOLATED)
   u_ctrl/ct_hold_div2_reg[55]/D
                                3.41           7.64 f        -4.23  (VIOLATED)
   u_ctrl/ct_hold_div2_reg[12]/D
                                3.41           7.64 f        -4.23  (VIOLATED)
   u_ctrl/ct_hold_div2_reg[101]/D
                                3.41           7.64 f        -4.23  (VIOLATED)
   u_ctrl/ct_hold_div2_reg[108]/D
                                3.42           7.64 f        -4.23  (VIOLATED)
   u_ctrl/ct_hold_div2_reg[66]/D
                                3.41           7.63 f        -4.22  (VIOLATED)
   u_ctrl/ct_hold_div2_reg[59]/D
                                3.41           7.63 f        -4.22  (VIOLATED)
   u_ctrl/ct_hold_div2_reg[61]/D
                                3.41           7.63 f        -4.22  (VIOLATED)
   u_ctrl/ct_hold_div2_reg[84]/D
                                3.41           7.63 f        -4.22  (VIOLATED)
   u_ctrl/ct_hold_div2_reg[111]/D
                                3.41           7.63 f        -4.22  (VIOLATED)
   u_ctrl/ct_hold_div2_reg[118]/D
                                3.41           7.60 f        -4.19  (VIOLATED)
   u_ctrl/ct_hold_div2_reg[87]/D
                                3.42           7.60 f        -4.19  (VIOLATED)
   u_ctrl/u_crc/crc_reg[14]/D
                                3.40           7.59 f        -4.19  (VIOLATED)
   u_ctrl/u_crc/crc_reg[20]/D
                                3.40           7.59 f        -4.19  (VIOLATED)
   u_ctrl/u_crc/crc_reg[21]/D
                                3.40           7.59 f        -4.19  (VIOLATED)
   u_ctrl/ct_hold_div2_reg[74]/D
                                3.40           7.55 r        -4.15  (VIOLATED)
   u_ctrl/ct_hold_div2_reg[68]/D
                                3.40           7.54 r        -4.14  (VIOLATED)
   u_ctrl/ct_hold_div2_reg[98]/D
                                3.41           7.54 f        -4.13  (VIOLATED)
   u_ctrl/ct_hold_div2_reg[0]/D
                                3.41           7.54 f        -4.13  (VIOLATED)
   u_ctrl/ct_hold_div2_reg[97]/D
                                3.41           7.54 f        -4.13  (VIOLATED)
   u_ctrl/ct_hold_div2_reg[109]/D
                                3.41           7.54 f        -4.13  (VIOLATED)
   u_ctrl/ct_hold_div2_reg[86]/D
                                3.41           7.54 f        -4.13  (VIOLATED)
   u_ctrl/ct_hold_div2_reg[10]/D
                                3.41           7.54 f        -4.13  (VIOLATED)
   u_ctrl/ct_hold_div2_reg[80]/D
                                3.41           7.53 f        -4.12  (VIOLATED)
   u_ctrl/ct_hold_div2_reg[88]/D
                                3.41           7.53 f        -4.12  (VIOLATED)
   u_ctrl/ct_hold_div2_reg[11]/D
                                3.41           7.53 f        -4.12  (VIOLATED)
   u_ctrl/ct_hold_div2_reg[71]/D
                                3.41           7.52 f        -4.11  (VIOLATED)
   u_ctrl/ct_hold_div2_reg[79]/D
                                3.41           7.52 f        -4.11  (VIOLATED)
   u_ctrl/ct_hold_div2_reg[51]/D
                                3.41           7.52 f        -4.11  (VIOLATED)
   u_ctrl/ct_hold_div2_reg[58]/D
                                3.41           7.52 f        -4.11  (VIOLATED)
   u_ctrl/ct_hold_div2_reg[81]/D
                                3.41           7.52 f        -4.11  (VIOLATED)
   u_ctrl/ct_hold_div2_reg[92]/D
                                3.41           7.52 f        -4.11  (VIOLATED)
   u_ctrl/ct_hold_div2_reg[1]/D
                                3.41           7.52 f        -4.11  (VIOLATED)
   u_ctrl/ct_hold_div2_reg[125]/D
                                3.41           7.52 f        -4.11  (VIOLATED)
   u_ctrl/ct_hold_div2_reg[26]/D
                                3.41           7.50 f        -4.09  (VIOLATED)
   u_ctrl/ct_hold_div2_reg[91]/D
                                3.41           7.50 f        -4.09  (VIOLATED)
   u_ctrl/ct_hold_div2_reg[53]/D
                                3.41           7.50 f        -4.09  (VIOLATED)
   u_ctrl/mem_wdata_reg[2]/D
                                3.41           7.49 f        -4.07  (VIOLATED)
   u_ctrl/mem_wdata_reg[4]/D
                                3.41           7.49 f        -4.07  (VIOLATED)
   u_ctrl/mem_wdata_reg[6]/D
                                3.41           7.49 f        -4.07  (VIOLATED)
   u_ctrl/mem_wdata_reg[3]/D
                                3.41           7.49 f        -4.07  (VIOLATED)
   u_ctrl/mem_wdata_reg[5]/D
                                3.41           7.49 f        -4.07  (VIOLATED)
   u_ctrl/mem_wdata_reg[7]/D
                                3.41           7.49 f        -4.07  (VIOLATED)
   u_ctrl/tx_idx_div2_reg[1]/D
                                3.40           7.44 r        -4.04  (VIOLATED)
   u_ctrl/tx_byte_div2_reg[3]/D
                                3.40           7.43 r        -4.03  (VIOLATED)
   u_ctrl/u_crc/crc_reg[29]/D
                                3.40           7.43 r        -4.03  (VIOLATED)
   u_ctrl/u_crc/crc_reg[0]/D
                                3.40           7.34 r        -3.94  (VIOLATED)
   u_ctrl/ct_hold_div2_reg[123]/D
                                3.40           7.33 r        -3.93  (VIOLATED)
   u_ctrl/ct_hold_div2_reg[89]/D
                                3.40           7.33 r        -3.93  (VIOLATED)
   u_ctrl/ct_hold_div2_reg[70]/D
                                3.40           7.33 r        -3.93  (VIOLATED)
   u_ctrl/ct_hold_div2_reg[57]/D
                                3.41           7.33 f        -3.92  (VIOLATED)
   u_ctrl/ct_hold_div2_reg[32]/D
                                3.41           7.33 f        -3.92  (VIOLATED)
   u_ctrl/ct_hold_div2_reg[72]/D
                                3.41           7.33 f        -3.92  (VIOLATED)
   u_ctrl/ct_hold_div2_reg[73]/D
                                3.41           7.33 f        -3.92  (VIOLATED)
   u_ctrl/ct_hold_div2_reg[20]/D
                                3.41           7.33 f        -3.92  (VIOLATED)
   u_ctrl/ct_hold_div2_reg[2]/D
                                3.41           7.33 f        -3.92  (VIOLATED)
   u_ctrl/ct_hold_div2_reg[49]/D
                                3.41           7.33 f        -3.92  (VIOLATED)
   u_ctrl/ct_hold_div2_reg[40]/D
                                3.41           7.32 f        -3.91  (VIOLATED)
   u_ctrl/ct_hold_div2_reg[83]/D
                                3.41           7.32 f        -3.91  (VIOLATED)
   u_ctrl/ct_hold_div2_reg[126]/D
                                3.41           7.32 f        -3.91  (VIOLATED)
   u_ctrl/ct_hold_div2_reg[30]/D
                                3.41           7.32 f        -3.91  (VIOLATED)
   u_ctrl/ct_hold_div2_reg[124]/D
                                3.41           7.32 f        -3.91  (VIOLATED)
   u_ctrl/ct_hold_div2_reg[13]/D
                                3.41           7.32 f        -3.91  (VIOLATED)
   u_ctrl/byte_idx_reg[3]/D     3.40           7.29 r        -3.89  (VIOLATED)
   u_ctrl/u_crc/crc_reg[30]/D
                                3.40           7.26 r        -3.86  (VIOLATED)
   u_ctrl/ct_hold_div2_reg[19]/D
                                3.41           7.26 f        -3.85  (VIOLATED)
   u_ctrl/ct_hold_div2_reg[116]/D
                                3.41           7.26 f        -3.85  (VIOLATED)
   u_ctrl/ct_hold_div2_reg[25]/D
                                3.40           7.23 r        -3.83  (VIOLATED)
   u_ctrl/ct_hold_div2_reg[42]/D
                                3.40           7.21 r        -3.81  (VIOLATED)
   u_ctrl/ct_hold_div2_reg[85]/D
                                3.41           7.22 f        -3.81  (VIOLATED)
   u_ctrl/ct_hold_div2_reg[93]/D
                                3.41           7.22 f        -3.81  (VIOLATED)
   u_ctrl/ct_hold_div2_reg[110]/D
                                3.41           7.22 f        -3.81  (VIOLATED)
   u_ctrl/mem_wdata_reg[0]/D
                                3.40           7.21 r        -3.81  (VIOLATED)
   u_ctrl/byte_idx_reg[0]/D     3.40           7.16 r        -3.77  (VIOLATED)
   u_ctrl/byte_idx_reg[2]/D     3.40           7.16 r        -3.77  (VIOLATED)
   u_ctrl/byte_idx_reg[1]/D     3.40           7.16 r        -3.77  (VIOLATED)
   u_ctrl/ct_hold_div2_reg[96]/D
                                3.41           7.13 f        -3.72  (VIOLATED)
   u_ctrl/sst_reg[0]/D          3.41           7.10 f        -3.69  (VIOLATED)
   u_ctrl/mem_wdata_reg[1]/D
                                3.41           7.10 f        -3.69  (VIOLATED)
   u_ctrl/sst_reg[2]/D          3.41           7.09 f        -3.68  (VIOLATED)
   u_ctrl/ct_hold_div2_reg[22]/D
                                3.41           7.08 f        -3.67  (VIOLATED)
   u_ctrl/ct_hold_div2_reg[62]/D
                                3.40           7.05 r        -3.65  (VIOLATED)
   u_ctrl/ct_hold_div2_reg[7]/D
                                3.41           7.04 f        -3.63  (VIOLATED)
   u_ctrl/ct_hold_div2_reg[6]/D
                                3.41           7.04 f        -3.63  (VIOLATED)
   u_ctrl/mem_we_reg/D          3.41           7.04 f        -3.63  (VIOLATED)
   u_ctrl/sst_reg[1]/D          3.40           6.98 r        -3.58  (VIOLATED)
   u_ctrl/u_crc/crc_reg[28]/D
                                3.40           6.98 f        -3.57  (VIOLATED)
   u_ctrl/ct_hold_div2_reg[41]/D
                                3.40           6.91 r        -3.51  (VIOLATED)
   u_ctrl/ct_hold_div2_reg[113]/D
                                3.41           6.90 f        -3.49  (VIOLATED)
   u_ctrl/ct_hold_div2_reg[9]/D
                                3.41           6.90 f        -3.49  (VIOLATED)
   u_ctrl/ct_hold_div2_reg[54]/D
                                3.41           6.90 f        -3.49  (VIOLATED)
   u_ctrl/ct_hold_div2_reg[35]/D
                                3.41           6.90 f        -3.49  (VIOLATED)
   u_ctrl/ct_hold_div2_reg[18]/D
                                3.41           6.90 f        -3.49  (VIOLATED)
   u_ctrl/ct_hold_div2_reg[114]/D
                                3.41           6.87 f        -3.46  (VIOLATED)
   u_ctrl/ct_hold_div2_reg[3]/D
                                3.41           6.87 f        -3.46  (VIOLATED)
   u_ctrl/ct_hold_div2_reg[50]/D
                                3.41           6.87 f        -3.46  (VIOLATED)
   u_ctrl/ct_hold_div2_reg[120]/D
                                3.41           6.87 f        -3.46  (VIOLATED)
   u_ctrl/ct_hold_div2_reg[5]/D
                                3.41           6.87 f        -3.46  (VIOLATED)
   u_ctrl/ct_hold_div2_reg[122]/D
                                3.41           6.85 f        -3.44  (VIOLATED)
   u_ctrl/ct_hold_div2_reg[48]/D
                                3.41           6.85 f        -3.44  (VIOLATED)
   u_ctrl/u_crc/crc_reg[18]/D
                                3.40           6.82 r        -3.42  (VIOLATED)
   u_ctrl/ct_hold_div2_reg[100]/D
                                3.41           6.73 f        -3.32  (VIOLATED)
   u_ctrl/crc_byte_reg[1]/D     3.41           6.67 f        -3.26  (VIOLATED)
   u_ctrl/crc_byte_reg[3]/D     3.41           6.67 f        -3.26  (VIOLATED)
   u_ctrl/crc_byte_reg[5]/D     3.41           6.67 f        -3.26  (VIOLATED)
   u_ctrl/crc_byte_reg[7]/D     3.41           6.67 f        -3.26  (VIOLATED)
   u_ctrl/u_crc/crc_out_reg[21]/D
                                3.41           6.64 f        -3.23  (VIOLATED)
   u_ctrl/u_crc/crc_out_reg[9]/D
                                3.41           6.64 f        -3.23  (VIOLATED)
   u_ctrl/u_crc/crc_out_reg[11]/D
                                3.41           6.64 f        -3.23  (VIOLATED)
   u_ctrl/u_crc/crc_out_reg[18]/D
                                3.41           6.64 f        -3.23  (VIOLATED)
   u_ctrl/u_crc/crc_out_reg[24]/D
                                3.41           6.64 f        -3.23  (VIOLATED)
   u_ctrl/u_crc/crc_out_reg[14]/D
                                3.41           6.64 f        -3.23  (VIOLATED)
   u_ctrl/u_crc/crc_out_reg[8]/D
                                3.41           6.64 f        -3.23  (VIOLATED)
   u_ctrl/u_crc/crc_out_reg[12]/D
                                3.42           6.64 f        -3.23  (VIOLATED)
   u_ctrl/u_crc/crc_out_reg[30]/D
                                3.42           6.64 f        -3.23  (VIOLATED)
   u_ctrl/u_crc/crc_out_reg[6]/D
                                3.42           6.64 f        -3.23  (VIOLATED)
   u_ctrl/u_crc/crc_out_reg[20]/D
                                3.41           6.61 f        -3.20  (VIOLATED)
   u_ctrl/u_crc/crc_out_reg[16]/D
                                3.41           6.61 f        -3.20  (VIOLATED)
   u_ctrl/u_crc/crc_out_reg[5]/D
                                3.41           6.61 f        -3.20  (VIOLATED)
   u_ctrl/u_crc/crc_out_reg[13]/D
                                3.42           6.61 f        -3.19  (VIOLATED)
   u_ctrl/ct_hold_div2_reg[36]/D
                                3.40           6.55 r        -3.15  (VIOLATED)
   u_ctrl/u_crc/done_reg/D      3.41           6.50 f        -3.09  (VIOLATED)
   u_ctrl/u_crc/crc_out_reg[23]/D
                                3.39           6.46 r        -3.06  (VIOLATED)
   u_ctrl/u_crc/crc_out_reg[1]/D
                                3.39           6.46 r        -3.06  (VIOLATED)
   u_ctrl/u_crc/crc_out_reg[3]/D
                                3.40           6.46 r        -3.06  (VIOLATED)
   u_ctrl/ct_hold_div2_reg[56]/D
                                3.41           6.45 f        -3.04  (VIOLATED)
   u_ctrl/ct_hold_div2_reg[43]/D
                                3.40           6.43 r        -3.03  (VIOLATED)
   u_ctrl/ct_hold_div2_reg[112]/D
                                3.40           6.43 r        -3.03  (VIOLATED)
   u_ctrl/ct_hold_div2_reg[45]/D
                                3.41           6.26 f        -2.85  (VIOLATED)
   u_ctrl/ct_hold_div2_reg[16]/D
                                3.41           6.26 f        -2.85  (VIOLATED)
   u_ctrl/ct_hold_div2_reg[76]/D
                                3.41           6.22 f        -2.81  (VIOLATED)
   u_ctrl/ct_hold_div2_reg[33]/D
                                3.41           6.22 f        -2.80  (VIOLATED)
   u_ctrl/ct_hold_div2_reg[37]/D
                                3.41           6.11 f        -2.70  (VIOLATED)
   u_ctrl/ct_hold_div2_reg[90]/D
                                3.41           6.11 f        -2.70  (VIOLATED)
   u_ctrl/ct_hold_div2_reg[15]/D
                                3.41           6.11 f        -2.70  (VIOLATED)
   u_ctrl/ct_hold_div2_reg[63]/D
                                3.41           6.08 f        -2.67  (VIOLATED)
   u_ctrl/ct_hold_div2_reg[17]/D
                                3.41           6.08 f        -2.67  (VIOLATED)
   u_ctrl/stream_sent_div2_reg/D
                                3.40           6.02 r        -2.62  (VIOLATED)
   u_ctrl/ct_hold_div2_reg[119]/D
                                3.40           5.92 r        -2.52  (VIOLATED)
   u_ctrl/crc_start_reg/D       3.40           5.89 r        -2.49  (VIOLATED)
   u_ctrl/ct_hold_div2_reg[64]/D
                                3.40           5.79 r        -2.39  (VIOLATED)
   u_ctrl/ct_hold_div2_reg[127]/D
                                3.40           5.78 r        -2.38  (VIOLATED)
   u_ctrl/stream_ready_div2_reg/D
                                3.41           5.77 f        -2.36  (VIOLATED)
   u_ctrl/mem_oe_reg/D          3.40           5.59 r        -2.19  (VIOLATED)
   u_ctrl/ct_hold_div2_reg[34]/D
                                3.40           5.50 r        -2.10  (VIOLATED)
   u_ctrl/crc_byte_reg[2]/D     3.41           5.28 f        -1.87  (VIOLATED)
   u_ctrl/crc_byte_reg[6]/D     3.41           5.28 f        -1.87  (VIOLATED)
   u_ctrl/crc_byte_reg[0]/D     3.41           5.28 f        -1.87  (VIOLATED)
   u_ctrl/crc_byte_reg[4]/D     3.41           5.28 f        -1.87  (VIOLATED)
   u_ctrl/ct_hold_div2_reg[105]/D
                                3.40           5.18 r        -1.77  (VIOLATED)
   u_ctrl/ct_hold_div2_reg[46]/D
                                3.41           5.15 f        -1.74  (VIOLATED)
   u_ctrl/u_crc/crc_out_reg[4]/D
                                3.41           5.02 f        -1.61  (VIOLATED)
   u_ctrl/send_go_div2_reg/D
                                3.41           4.85 f        -1.44  (VIOLATED)
   u_ctrl/u_ct_cdc/ack_tog_dst_reg/D
                                3.40           4.72 r        -1.32  (VIOLATED)
   u_ctrl/u_ct_cdc/pulse_dst_reg/D
                                3.40           4.71 r        -1.31  (VIOLATED)
   u_ctrl/crc_dv_reg/D          3.40           4.68 r        -1.28  (VIOLATED)
   u_ctrl/u_crc/crc_out_reg[0]/D
                                3.41           4.59 f        -1.18  (VIOLATED)
   u_ctrl/u_crc/crc_out_reg[17]/D
                                3.42           4.59 f        -1.17  (VIOLATED)
   u_ctrl/crc_finish_reg/D      3.40           4.47 r        -1.07  (VIOLATED)
   u_ctrl/ct_hold_div2_reg[14]/D
                                3.41           3.75 f        -0.34  (VIOLATED)


   max_delay/setup ('clk_div4' group)

                             Required        Actual
   Endpoint                 Path Delay     Path Delay        Slack
   -----------------------------------------------------------------
   u_ctrl/u_rx/divcnt_reg[2]/D
                                7.06           8.50 f        -1.44  (VIOLATED)
   u_ctrl/u_rx/divcnt_reg[11]/D
                                7.06           8.49 f        -1.43  (VIOLATED)
   u_ctrl/u_rx/divcnt_reg[5]/D
                                7.06           8.49 f        -1.43  (VIOLATED)
   u_ctrl/u_rx/divcnt_reg[23]/D
                                7.06           8.49 f        -1.43  (VIOLATED)
   u_ctrl/u_rx/divcnt_reg[4]/D
                                7.06           8.49 f        -1.42  (VIOLATED)
   u_ctrl/u_tx/divcnt_reg[31]/D
                                7.06           8.45 f        -1.39  (VIOLATED)
   u_ctrl/u_rx/divcnt_reg[26]/D
                                7.05           8.42 r        -1.37  (VIOLATED)
   u_ctrl/u_rx/divcnt_reg[9]/D
                                7.05           8.39 r        -1.35  (VIOLATED)
   u_ctrl/u_tx/divcnt_reg[30]/D
                                7.06           8.34 f        -1.27  (VIOLATED)
   u_ctrl/u_tx/divcnt_reg[28]/D
                                7.05           8.32 r        -1.27  (VIOLATED)
   u_ctrl/u_rx/divcnt_reg[25]/D
                                7.05           8.30 r        -1.25  (VIOLATED)
   u_ctrl/u_tx/divcnt_reg[27]/D
                                7.05           8.29 r        -1.24  (VIOLATED)
   u_ctrl/u_tx/divcnt_reg[16]/D
                                7.05           8.28 r        -1.23  (VIOLATED)
   u_ctrl/u_tx/divcnt_reg[18]/D
                                7.05           8.28 r        -1.23  (VIOLATED)
   u_ctrl/u_tx/divcnt_reg[4]/D
                                7.05           8.28 r        -1.23  (VIOLATED)
   u_ctrl/u_tx/divcnt_reg[14]/D
                                7.05           8.25 r        -1.21  (VIOLATED)
   u_ctrl/u_rx/divcnt_reg[31]/D
                                7.05           8.25 r        -1.21  (VIOLATED)
   u_ctrl/u_tx/divcnt_reg[24]/D
                                7.05           8.24 r        -1.19  (VIOLATED)
   u_ctrl/u_tx/divcnt_reg[23]/D
                                7.05           8.21 r        -1.16  (VIOLATED)
   u_ctrl/u_tx/divcnt_reg[17]/D
                                7.05           8.16 r        -1.11  (VIOLATED)
   u_ctrl/u_rx/divcnt_reg[30]/D
                                7.05           8.13 r        -1.08  (VIOLATED)
   u_ctrl/u_rx/divcnt_reg[6]/D
                                7.05           8.12 r        -1.07  (VIOLATED)
   u_ctrl/u_rx/divcnt_reg[1]/D
                                7.05           8.12 r        -1.07  (VIOLATED)
   u_ctrl/u_rx/divcnt_reg[19]/D
                                7.06           8.12 f        -1.06  (VIOLATED)
   u_ctrl/u_rx/divcnt_reg[21]/D
                                7.06           8.12 f        -1.06  (VIOLATED)
   u_ctrl/u_rx/divcnt_reg[18]/D
                                7.05           8.08 r        -1.03  (VIOLATED)
   u_ctrl/u_rx/divcnt_reg[12]/D
                                7.05           8.08 r        -1.03  (VIOLATED)
   u_ctrl/u_rx/divcnt_reg[8]/D
                                7.05           8.00 r        -0.96  (VIOLATED)
   u_ctrl/u_rx/divcnt_reg[20]/D
                                7.05           8.00 r        -0.95  (VIOLATED)
   u_ctrl/u_rx/divcnt_reg[24]/D
                                7.05           8.00 r        -0.95  (VIOLATED)
   u_ctrl/u_rx/divcnt_reg[7]/D
                                7.06           7.99 f        -0.93  (VIOLATED)
   u_ctrl/u_rx/divcnt_reg[3]/D
                                7.05           7.95 r        -0.90  (VIOLATED)
   u_ctrl/u_tx/divcnt_reg[29]/D
                                7.06           7.92 f        -0.86  (VIOLATED)
   u_ctrl/u_rx/busy_reg/D       7.06           7.90 f        -0.84  (VIOLATED)
   u_ctrl/u_rx/rx_data_reg[1]/D
                                7.06           7.90 f        -0.83  (VIOLATED)
   u_ctrl/u_rx/rx_data_reg[3]/D
                                7.06           7.90 f        -0.83  (VIOLATED)
   u_ctrl/u_rx/rx_data_reg[5]/D
                                7.06           7.90 f        -0.83  (VIOLATED)
   u_ctrl/u_rx/rx_data_reg[7]/D
                                7.06           7.90 f        -0.83  (VIOLATED)
   u_ctrl/u_tx/divcnt_reg[20]/D
                                7.06           7.88 f        -0.82  (VIOLATED)
   u_ctrl/u_tx/divcnt_reg[6]/D
                                7.05           7.86 r        -0.81  (VIOLATED)
   u_ctrl/u_tx/divcnt_reg[5]/D
                                7.05           7.83 r        -0.78  (VIOLATED)
   u_ctrl/u_tx/divcnt_reg[26]/D
                                7.05           7.83 r        -0.78  (VIOLATED)
   u_ctrl/u_tx/divcnt_reg[25]/D
                                7.05           7.82 r        -0.77  (VIOLATED)
   u_ctrl/u_tx/divcnt_reg[22]/D
                                7.05           7.78 r        -0.73  (VIOLATED)
   u_ctrl/start_uart_cmd_reg/D
                                1.57           2.30 r        -0.72  (VIOLATED)
   u_ctrl/u_tx/divcnt_reg[2]/D
                                7.06           7.74 f        -0.68  (VIOLATED)
   u_ctrl/u_rx/divcnt_reg[29]/D
                                7.05           7.70 r        -0.65  (VIOLATED)
   u_ctrl/u_rx/divcnt_reg[28]/D
                                7.05           7.69 r        -0.64  (VIOLATED)
   u_ctrl/u_rx/divcnt_reg[14]/D
                                7.06           7.69 f        -0.63  (VIOLATED)
   u_ctrl/u_rx/divcnt_reg[27]/D
                                7.06           7.68 f        -0.62  (VIOLATED)
   u_ctrl/u_rx/divcnt_reg[17]/D
                                7.06           7.67 f        -0.60  (VIOLATED)
   u_ctrl/tx_buf_valid_reg/D
                                7.06           7.60 f        -0.54  (VIOLATED)
   u_ctrl/u_tx/divcnt_reg[8]/D
                                7.06           7.60 f        -0.53  (VIOLATED)
   u_ctrl/tx_data_reg[0]/D      7.06           7.59 f        -0.53  (VIOLATED)
   u_ctrl/tx_data_reg[2]/D      7.06           7.59 f        -0.53  (VIOLATED)
   u_ctrl/tx_data_reg[4]/D      7.06           7.59 f        -0.53  (VIOLATED)
   u_ctrl/tx_data_reg[6]/D      7.06           7.59 f        -0.53  (VIOLATED)
   u_ctrl/u_tx/divcnt_reg[15]/D
                                7.05           7.58 r        -0.53  (VIOLATED)
   u_ctrl/u_tx/divcnt_reg[13]/D
                                7.05           7.58 r        -0.53  (VIOLATED)
   u_ctrl/u_tx/bitpos_reg[3]/D
                                7.06           7.58 f        -0.52  (VIOLATED)
   u_ctrl/u_tx/divcnt_reg[0]/D
                                7.05           7.57 r        -0.52  (VIOLATED)
   u_ctrl/u_tx/divcnt_reg[10]/D
                                7.06           7.53 f        -0.47  (VIOLATED)
   u_ctrl/u_rx/data_shift_reg[2]/D
                                7.06           7.50 f        -0.44  (VIOLATED)
   u_ctrl/u_rx/data_shift_reg[4]/D
                                7.06           7.50 f        -0.44  (VIOLATED)
   u_ctrl/u_rx/data_shift_reg[5]/D
                                7.06           7.50 f        -0.44  (VIOLATED)
   u_ctrl/u_rx/data_shift_reg[6]/D
                                7.06           7.50 f        -0.44  (VIOLATED)
   u_ctrl/u_tx/bitpos_reg[2]/D
                                7.06           7.48 f        -0.42  (VIOLATED)
   u_ctrl/u_tx/divcnt_reg[19]/D
                                7.05           7.37 r        -0.32  (VIOLATED)
   u_ctrl/u_tx/divcnt_reg[3]/D
                                7.05           7.36 r        -0.31  (VIOLATED)
   u_ctrl/u_tx/divcnt_reg[9]/D
                                7.06           7.28 f        -0.22  (VIOLATED)
   u_ctrl/u_tx/divcnt_reg[12]/D
                                7.05           7.24 r        -0.19  (VIOLATED)
   u_ctrl/tx_data_reg[5]/D      7.05           7.23 r        -0.19  (VIOLATED)
   u_ctrl/u_tx/divcnt_reg[7]/D
                                7.06           7.25 f        -0.19  (VIOLATED)
   u_ctrl/u_tx/divcnt_reg[11]/D
                                7.06           7.24 f        -0.18  (VIOLATED)
   u_ctrl/u_tx/shifter_reg[1]/D
                                7.05           7.22 r        -0.18  (VIOLATED)
   u_ctrl/u_tx/shifter_reg[4]/D
                                7.05           7.22 r        -0.18  (VIOLATED)
   u_ctrl/u_tx/divcnt_reg[21]/D
                                7.05           7.22 r        -0.17  (VIOLATED)
   u_ctrl/u_tx/shifter_reg[0]/D
                                7.05           7.22 f        -0.17  (VIOLATED)
   u_ctrl/u_rx/divcnt_reg[15]/D
                                7.06           7.23 f        -0.17  (VIOLATED)
   u_ctrl/u_tx/divcnt_reg[1]/D
                                7.06           7.22 f        -0.16  (VIOLATED)
   u_ctrl/u_rx/divcnt_reg[16]/D
                                7.06           7.18 f        -0.12  (VIOLATED)
   u_ctrl/u_rx/divcnt_reg[22]/D
                                7.06           7.18 f        -0.12  (VIOLATED)
   u_ctrl/u_rx/divcnt_reg[0]/D
                                7.06           7.17 f        -0.11  (VIOLATED)
   u_ctrl/tx_start_reg/D        7.05           7.12 r        -0.07  (VIOLATED)
   u_ctrl/u_tx/shifter_reg[7]/D
                                7.05           7.08 f        -0.02  (VIOLATED)
   u_ctrl/u_tx/shifter_reg[3]/D
                                7.05           7.07 f        -0.02  (VIOLATED)
   u_ctrl/u_tx/shifter_reg[6]/D
                                7.05           7.07 f        -0.02  (VIOLATED)
   u_ctrl/u_tx/shifter_reg[8]/D
                                7.05           7.07 f        -0.01  (VIOLATED)
   u_ctrl/u_tx/tx_busy_reg/D
                                7.06           7.07 f        -0.01  (VIOLATED)
   u_ctrl/u_tx/shifter_reg[2]/D
                                7.05           7.06 f         0.00  (VIOLATED: increase significant digits)
   u_ctrl/u_tx/shifter_reg[5]/D
                                7.05           7.06 f         0.00  (VIOLATED: increase significant digits)
   u_ctrl/tx_data_reg[1]/D      7.06           7.06 f         0.00  (VIOLATED: increase significant digits)
   u_ctrl/tx_data_reg[3]/D      7.06           7.06 f         0.00  (VIOLATED: increase significant digits)
   u_ctrl/tx_data_reg[7]/D      7.06           7.06 f         0.00  (VIOLATED: increase significant digits)


   max_delay/setup ('clk_fast' group)

                             Required        Actual
   Endpoint                 Path Delay     Path Delay        Slack
   -----------------------------------------------------------------
   u_ctrl/ct_hold_fast_reg[91]/D
                                1.59           5.56 f        -3.97  (VIOLATED)
   u_ctrl/ct_hold_fast_reg[51]/D
                                1.59           5.56 f        -3.97  (VIOLATED)
   u_ctrl/ct_hold_fast_reg[27]/D
                                1.59           5.56 f        -3.97  (VIOLATED)
   u_ctrl/ct_hold_fast_reg[64]/D
                                1.59           5.56 f        -3.97  (VIOLATED)
   u_ctrl/ct_hold_fast_reg[16]/D
                                1.59           5.56 f        -3.97  (VIOLATED)
   u_ctrl/ct_hold_fast_reg[57]/D
                                1.59           5.56 f        -3.97  (VIOLATED)
   u_ctrl/ct_hold_fast_reg[65]/D
                                1.59           5.56 f        -3.97  (VIOLATED)
   u_ctrl/ct_hold_fast_reg[118]/D
                                1.59           5.56 f        -3.97  (VIOLATED)
   u_ctrl/ct_hold_fast_reg[115]/D
                                1.59           5.50 f        -3.92  (VIOLATED)
   u_ctrl/ct_hold_fast_reg[112]/D
                                1.59           5.50 f        -3.92  (VIOLATED)
   u_ctrl/ct_hold_fast_reg[9]/D
                                1.59           5.50 f        -3.92  (VIOLATED)
   u_ctrl/ct_hold_fast_reg[123]/D
                                1.59           5.50 f        -3.91  (VIOLATED)
   u_ctrl/ct_hold_fast_reg[72]/D
                                1.59           5.47 f        -3.89  (VIOLATED)
   u_ctrl/ct_hold_fast_reg[39]/D
                                1.59           5.47 f        -3.89  (VIOLATED)
   u_ctrl/ct_hold_fast_reg[25]/D
                                1.59           5.46 f        -3.87  (VIOLATED)
   u_ctrl/ct_hold_fast_reg[124]/D
                                1.59           5.46 f        -3.87  (VIOLATED)
   u_ctrl/ct_hold_fast_reg[41]/D
                                1.59           5.46 f        -3.87  (VIOLATED)
   u_ctrl/ct_hold_fast_reg[42]/D
                                1.59           5.45 f        -3.87  (VIOLATED)
   u_ctrl/ct_hold_fast_reg[47]/D
                                1.59           5.45 f        -3.87  (VIOLATED)
   u_ctrl/ct_hold_fast_reg[84]/D
                                1.59           5.45 f        -3.87  (VIOLATED)
   u_ctrl/ct_hold_fast_reg[88]/D
                                1.57           5.42 r        -3.84  (VIOLATED)
   u_ctrl/ct_hold_fast_reg[101]/D
                                1.57           5.42 r        -3.84  (VIOLATED)
   u_ctrl/ct_hold_fast_reg[49]/D
                                1.57           5.41 r        -3.84  (VIOLATED)
   u_ctrl/ct_hold_fast_reg[3]/D
                                1.57           5.41 r        -3.84  (VIOLATED)
   u_ctrl/ct_hold_fast_reg[60]/D
                                1.59           5.41 f        -3.83  (VIOLATED)
   u_ctrl/ct_hold_fast_reg[73]/D
                                1.58           5.39 r        -3.81  (VIOLATED)
   u_ctrl/ct_hold_fast_reg[80]/D
                                1.59           5.39 f        -3.80  (VIOLATED)
   u_ctrl/ct_hold_fast_reg[77]/D
                                1.59           5.39 f        -3.80  (VIOLATED)
   u_ctrl/ct_hold_fast_reg[56]/D
                                1.59           5.39 f        -3.80  (VIOLATED)
   u_ctrl/ct_hold_fast_reg[52]/D
                                1.59           5.38 f        -3.80  (VIOLATED)
   u_ctrl/ct_hold_fast_reg[31]/D
                                1.59           5.38 f        -3.80  (VIOLATED)
   u_ctrl/ct_hold_fast_reg[35]/D
                                1.59           5.37 f        -3.79  (VIOLATED)
   u_ctrl/ct_hold_fast_reg[114]/D
                                1.59           5.37 f        -3.79  (VIOLATED)
   u_ctrl/ct_hold_fast_reg[21]/D
                                1.59           5.37 f        -3.78  (VIOLATED)
   u_ctrl/ct_hold_fast_reg[22]/D
                                1.59           5.37 f        -3.78  (VIOLATED)
   u_ctrl/ct_hold_fast_reg[75]/D
                                1.59           5.37 f        -3.78  (VIOLATED)
   u_ctrl/ct_hold_fast_reg[63]/D
                                1.59           5.37 f        -3.78  (VIOLATED)
   u_ctrl/ct_hold_fast_reg[99]/D
                                1.57           5.34 r        -3.76  (VIOLATED)
   u_ctrl/ct_hold_fast_reg[68]/D
                                1.57           5.34 r        -3.76  (VIOLATED)
   u_ctrl/ct_hold_fast_reg[40]/D
                                1.57           5.34 r        -3.76  (VIOLATED)
   u_ctrl/ct_hold_fast_reg[24]/D
                                1.57           5.33 r        -3.75  (VIOLATED)
   u_ctrl/ct_hold_fast_reg[26]/D
                                1.57           5.33 r        -3.75  (VIOLATED)
   u_ctrl/ct_hold_fast_reg[100]/D
                                1.57           5.33 r        -3.75  (VIOLATED)
   u_ctrl/ct_hold_fast_reg[23]/D
                                1.59           5.34 f        -3.75  (VIOLATED)
   u_ctrl/ct_hold_fast_reg[106]/D
                                1.59           5.34 f        -3.75  (VIOLATED)
   u_ctrl/ct_hold_fast_reg[113]/D
                                1.59           5.34 f        -3.75  (VIOLATED)
   u_ctrl/ct_hold_fast_reg[126]/D
                                1.59           5.31 f        -3.72  (VIOLATED)
   u_ctrl/ct_hold_fast_reg[55]/D
                                1.59           5.31 f        -3.72  (VIOLATED)
   u_ctrl/ct_hold_fast_reg[93]/D
                                1.59           5.31 f        -3.72  (VIOLATED)
   u_ctrl/ct_hold_fast_reg[90]/D
                                1.59           5.31 f        -3.72  (VIOLATED)
   u_ctrl/ct_hold_fast_reg[97]/D
                                1.59           5.31 f        -3.72  (VIOLATED)
   u_ctrl/ct_hold_fast_reg[127]/D
                                1.59           5.31 f        -3.72  (VIOLATED)
   u_ctrl/ct_hold_fast_reg[120]/D
                                1.57           5.28 r        -3.71  (VIOLATED)
   u_ctrl/ct_hold_fast_reg[19]/D
                                1.57           5.28 r        -3.71  (VIOLATED)
   u_ctrl/ct_hold_fast_reg[104]/D
                                1.57           5.28 r        -3.71  (VIOLATED)
   u_ctrl/ct_hold_fast_reg[38]/D
                                1.59           5.29 f        -3.70  (VIOLATED)
   u_ctrl/ct_hold_fast_reg[122]/D
                                1.59           5.29 f        -3.70  (VIOLATED)
   u_ctrl/ct_hold_fast_reg[92]/D
                                1.57           5.27 r        -3.70  (VIOLATED)
   u_ctrl/ct_hold_fast_reg[7]/D
                                1.57           5.27 r        -3.70  (VIOLATED)
   u_ctrl/ct_hold_fast_reg[83]/D
                                1.57           5.27 r        -3.69  (VIOLATED)
   u_ctrl/ct_hold_fast_reg[4]/D
                                1.59           5.27 f        -3.68  (VIOLATED)
   u_ctrl/ct_hold_fast_reg[14]/D
                                1.59           5.27 f        -3.68  (VIOLATED)
   u_ctrl/ct_hold_fast_reg[67]/D
                                1.59           5.24 f        -3.66  (VIOLATED)
   u_ctrl/ct_hold_fast_reg[103]/D
                                1.59           5.24 f        -3.66  (VIOLATED)
   u_ctrl/ct_hold_fast_reg[79]/D
                                1.59           5.24 f        -3.66  (VIOLATED)
   u_ctrl/ct_hold_fast_reg[116]/D
                                1.59           5.24 f        -3.65  (VIOLATED)
   u_ctrl/ct_hold_fast_reg[117]/D
                                1.59           5.24 f        -3.65  (VIOLATED)
   u_ctrl/ct_hold_fast_reg[81]/D
                                1.59           5.20 f        -3.61  (VIOLATED)
   u_ctrl/ct_hold_fast_reg[70]/D
                                1.59           5.20 f        -3.61  (VIOLATED)
   u_ctrl/ct_hold_fast_reg[29]/D
                                1.59           5.20 f        -3.61  (VIOLATED)
   u_ctrl/ct_hold_fast_reg[33]/D
                                1.57           5.16 r        -3.58  (VIOLATED)
   u_ctrl/ct_hold_fast_reg[66]/D
                                1.57           5.16 r        -3.58  (VIOLATED)
   u_ctrl/ct_hold_fast_reg[89]/D
                                1.57           5.12 r        -3.54  (VIOLATED)
   u_ctrl/ct_hold_fast_reg[43]/D
                                1.57           5.12 r        -3.54  (VIOLATED)
   u_ctrl/ct_hold_fast_reg[107]/D
                                1.57           5.12 r        -3.54  (VIOLATED)
   u_ctrl/ct_hold_fast_reg[111]/D
                                1.57           5.11 r        -3.53  (VIOLATED)
   u_ctrl/ct_hold_fast_reg[10]/D
                                1.57           5.08 r        -3.51  (VIOLATED)
   u_ctrl/ct_hold_fast_reg[54]/D
                                1.57           5.08 r        -3.51  (VIOLATED)
   u_ctrl/ct_hold_fast_reg[119]/D
                                1.57           5.08 r        -3.51  (VIOLATED)
   u_ctrl/ct_hold_fast_reg[17]/D
                                1.59           5.09 f        -3.51  (VIOLATED)
   u_ctrl/ct_hold_fast_reg[94]/D
                                1.59           5.09 f        -3.51  (VIOLATED)
   u_ctrl/ct_hold_fast_reg[44]/D
                                1.59           5.09 f        -3.50  (VIOLATED)
   u_ctrl/ct_hold_fast_reg[5]/D
                                1.59           5.09 f        -3.50  (VIOLATED)
   u_ctrl/ct_hold_fast_reg[6]/D
                                1.59           5.09 f        -3.50  (VIOLATED)
   u_ctrl/ct_hold_fast_reg[50]/D
                                1.59           5.09 f        -3.50  (VIOLATED)
   u_ctrl/ct_hold_fast_reg[32]/D
                                1.59           5.08 f        -3.50  (VIOLATED)
   u_ctrl/ct_hold_fast_reg[45]/D
                                1.59           5.05 f        -3.46  (VIOLATED)
   u_ctrl/ct_hold_fast_reg[46]/D
                                1.59           5.05 f        -3.46  (VIOLATED)
   u_ctrl/ct_hold_fast_reg[69]/D
                                1.57           5.03 r        -3.46  (VIOLATED)
   u_ctrl/ct_hold_fast_reg[95]/D
                                1.59           4.99 f        -3.41  (VIOLATED)
   u_ctrl/ct_hold_fast_reg[82]/D
                                1.59           4.99 f        -3.41  (VIOLATED)
   u_ctrl/ct_hold_fast_reg[62]/D
                                1.59           4.99 f        -3.40  (VIOLATED)
   u_ctrl/ct_hold_fast_reg[61]/D
                                1.59           4.99 f        -3.40  (VIOLATED)
   u_ctrl/ct_hold_fast_reg[102]/D
                                1.59           4.99 f        -3.40  (VIOLATED)
   u_ctrl/ct_hold_fast_reg[59]/D
                                1.57           4.90 r        -3.33  (VIOLATED)
   u_ctrl/ct_hold_fast_reg[76]/D
                                1.59           4.90 f        -3.31  (VIOLATED)
   u_ctrl/ct_hold_fast_reg[20]/D
                                1.59           4.90 f        -3.31  (VIOLATED)
   u_ctrl/ct_hold_fast_reg[78]/D
                                1.58           4.88 r        -3.30  (VIOLATED)
   u_ctrl/ct_hold_fast_reg[58]/D
                                1.58           4.88 r        -3.30  (VIOLATED)
   u_ctrl/ct_hold_fast_reg[1]/D
                                1.59           4.84 f        -3.26  (VIOLATED)
   u_ctrl/ct_hold_fast_reg[48]/D
                                1.59           4.84 f        -3.25  (VIOLATED)
   u_ctrl/ct_hold_fast_reg[86]/D
                                1.59           4.84 f        -3.25  (VIOLATED)
   u_ctrl/ct_hold_fast_reg[0]/D
                                1.57           4.82 r        -3.25  (VIOLATED)
   u_ctrl/ct_hold_fast_reg[18]/D
                                1.59           4.82 f        -3.23  (VIOLATED)
   u_ctrl/ct_hold_fast_reg[105]/D
                                1.57           4.80 r        -3.23  (VIOLATED)
   u_ctrl/ct_hold_fast_reg[2]/D
                                1.59           4.81 f        -3.22  (VIOLATED)
   u_ctrl/ct_hold_fast_reg[11]/D
                                1.59           4.79 f        -3.21  (VIOLATED)
   u_ctrl/ct_hold_fast_reg[34]/D
                                1.59           4.79 f        -3.21  (VIOLATED)
   u_ctrl/ct_hold_fast_reg[36]/D
                                1.59           4.78 f        -3.20  (VIOLATED)
   u_ctrl/ct_hold_fast_reg[109]/D
                                1.59           4.78 f        -3.20  (VIOLATED)
   u_ctrl/ct_hold_fast_reg[30]/D
                                1.57           4.76 r        -3.18  (VIOLATED)
   u_ctrl/ct_hold_fast_reg[85]/D
                                1.57           4.74 r        -3.17  (VIOLATED)
   u_ctrl/ct_hold_fast_reg[12]/D
                                1.59           4.75 f        -3.16  (VIOLATED)
   u_ctrl/ct_hold_fast_reg[15]/D
                                1.59           4.75 f        -3.16  (VIOLATED)
   u_ctrl/ct_hold_fast_reg[125]/D
                                1.59           4.74 f        -3.16  (VIOLATED)
   u_ctrl/ct_hold_fast_reg[13]/D
                                1.57           4.70 r        -3.12  (VIOLATED)
   u_ctrl/ct_hold_fast_reg[74]/D
                                1.59           4.67 f        -3.08  (VIOLATED)
   u_ctrl/ct_hold_fast_reg[121]/D
                                1.57           4.45 r        -2.88  (VIOLATED)
   u_ctrl/ct_hold_fast_reg[8]/D
                                1.57           4.45 r        -2.88  (VIOLATED)
   u_ctrl/ct_ok_reg/D           1.59           4.46 f        -2.88  (VIOLATED)
   u_ctrl/ct_hold_fast_reg[71]/D
                                1.58           4.42 r        -2.85  (VIOLATED)
   u_ctrl/ct_hold_fast_reg[53]/D
                                1.58           4.41 r        -2.84  (VIOLATED)
   u_ctrl/ct_hold_fast_reg[87]/D
                                1.59           4.40 f        -2.82  (VIOLATED)
   u_ctrl/ct_hold_fast_reg[108]/D
                                1.59           4.40 f        -2.82  (VIOLATED)
   u_ctrl/ct_hold_fast_reg[28]/D
                                1.59           4.40 f        -2.82  (VIOLATED)
   u_ctrl/ct_hold_fast_reg[37]/D
                                1.57           4.37 r        -2.79  (VIOLATED)
   u_ctrl/ct_hold_fast_reg[96]/D
                                1.59           4.37 f        -2.78  (VIOLATED)
   u_ctrl/ct_hold_fast_reg[110]/D
                                1.59           4.35 f        -2.77  (VIOLATED)
   u_ctrl/ct_req_pulse_fast_reg/D
                                1.59           4.29 f        -2.70  (VIOLATED)
   u_ctrl/aes_clk_req_reg/D     1.57           4.13 r        -2.56  (VIOLATED)
   u_ctrl/ct_hold_fast_reg[98]/D
                                1.57           4.13 r        -2.56  (VIOLATED)
   u_ctrl/pass_reg/D            1.59           3.46 f        -1.87  (VIOLATED)
   u_ctrl/done_reg/D            1.57           3.35 r        -1.77  (VIOLATED)
   u_ctrl/aes_start_reg/D       1.57           2.94 r        -1.37  (VIOLATED)
   u_ctrl/start_seen_reg/D      1.57           2.32 r        -0.75  (VIOLATED)
   u_ctrl/crc_done_hold_reg/D
                                1.57           2.06 r        -0.49  (VIOLATED)


   max_delay/setup ('clk_fast_aes' group)

                             Required        Actual
   Endpoint                 Path Delay     Path Delay        Slack
   -----------------------------------------------------------------
   u_ctrl/u_aes/state_reg[48]/D
                                1.59           9.19 f        -7.60  (VIOLATED)
   u_ctrl/u_aes/state_reg[82]/D
                                1.59           9.19 f        -7.60  (VIOLATED)
   u_ctrl/u_aes/state_reg[89]/D
                                1.59           9.19 f        -7.60  (VIOLATED)
   u_ctrl/u_aes/state_reg[92]/D
                                1.59           9.19 f        -7.60  (VIOLATED)
   u_ctrl/u_aes/state_reg[93]/D
                                1.59           9.19 f        -7.60  (VIOLATED)
   u_ctrl/u_aes/state_reg[95]/D
                                1.59           9.19 f        -7.60  (VIOLATED)
   u_ctrl/u_aes/state_reg[73]/D
                                1.59           9.19 f        -7.60  (VIOLATED)
   u_ctrl/u_aes/state_reg[75]/D
                                1.59           9.19 f        -7.60  (VIOLATED)
   u_ctrl/u_aes/state_reg[67]/D
                                1.59           9.19 f        -7.60  (VIOLATED)
   u_ctrl/u_aes/state_reg[122]/D
                                1.59           9.19 f        -7.60  (VIOLATED)
   u_ctrl/u_aes/state_reg[80]/D
                                1.59           9.19 f        -7.60  (VIOLATED)
   u_ctrl/u_aes/state_reg[81]/D
                                1.59           9.19 f        -7.60  (VIOLATED)
   u_ctrl/u_aes/state_reg[74]/D
                                1.59           9.19 f        -7.60  (VIOLATED)
   u_ctrl/u_aes/state_reg[72]/D
                                1.59           9.19 f        -7.60  (VIOLATED)
   u_ctrl/u_aes/state_reg[97]/D
                                1.59           9.19 f        -7.60  (VIOLATED)
   u_ctrl/u_aes/state_reg[83]/D
                                1.59           9.19 f        -7.60  (VIOLATED)
   u_ctrl/u_aes/state_reg[52]/D
                                1.57           9.17 r        -7.59  (VIOLATED)
   u_ctrl/u_aes/state_reg[15]/D
                                1.57           9.14 r        -7.57  (VIOLATED)
   u_ctrl/u_aes/state_reg[100]/D
                                1.57           9.14 r        -7.56  (VIOLATED)
   u_ctrl/u_aes/state_reg[99]/D
                                1.57           9.13 r        -7.55  (VIOLATED)
   u_ctrl/u_aes/state_reg[27]/D
                                1.57           9.09 r        -7.52  (VIOLATED)
   u_ctrl/u_aes/state_reg[24]/D
                                1.59           9.10 f        -7.51  (VIOLATED)
   u_ctrl/u_aes/state_reg[62]/D
                                1.57           9.08 r        -7.51  (VIOLATED)
   u_ctrl/u_aes/state_reg[96]/D
                                1.57           9.08 r        -7.50  (VIOLATED)
   u_ctrl/u_aes/state_reg[107]/D
                                1.57           9.08 r        -7.50  (VIOLATED)
   u_ctrl/u_aes/state_reg[115]/D
                                1.57           9.08 r        -7.50  (VIOLATED)
   u_ctrl/u_aes/state_reg[90]/D
                                1.57           9.08 r        -7.50  (VIOLATED)
   u_ctrl/u_aes/state_reg[91]/D
                                1.57           9.08 r        -7.50  (VIOLATED)
   u_ctrl/u_aes/state_reg[105]/D
                                1.57           9.08 r        -7.50  (VIOLATED)
   u_ctrl/u_aes/state_reg[35]/D
                                1.57           9.07 r        -7.50  (VIOLATED)
   u_ctrl/u_aes/state_reg[66]/D
                                1.57           9.07 r        -7.50  (VIOLATED)
   u_ctrl/u_aes/state_reg[64]/D
                                1.57           9.08 r        -7.50  (VIOLATED)
   u_ctrl/u_aes/state_reg[87]/D
                                1.57           9.08 r        -7.50  (VIOLATED)
   u_ctrl/u_aes/state_reg[60]/D
                                1.57           9.07 r        -7.50  (VIOLATED)
   u_ctrl/u_aes/state_reg[41]/D
                                1.57           9.07 r        -7.50  (VIOLATED)
   u_ctrl/u_aes/state_reg[49]/D
                                1.57           9.07 r        -7.50  (VIOLATED)
   u_ctrl/u_aes/state_reg[42]/D
                                1.57           9.07 r        -7.50  (VIOLATED)
   u_ctrl/u_aes/state_reg[111]/D
                                1.57           9.07 r        -7.50  (VIOLATED)
   u_ctrl/u_aes/state_reg[119]/D
                                1.57           9.07 r        -7.50  (VIOLATED)
   u_ctrl/u_aes/state_reg[39]/D
                                1.57           9.06 r        -7.49  (VIOLATED)
   u_ctrl/u_aes/state_reg[45]/D
                                1.57           9.05 r        -7.48  (VIOLATED)
   u_ctrl/u_aes/state_reg[20]/D
                                1.57           9.05 r        -7.47  (VIOLATED)
   u_ctrl/u_aes/busy_reg/D      1.57           9.04 r        -7.46  (VIOLATED)
   u_ctrl/u_aes/state_reg[59]/D
                                1.57           9.03 r        -7.46  (VIOLATED)
   u_ctrl/u_aes/state_reg[57]/D
                                1.57           9.03 r        -7.46  (VIOLATED)
   u_ctrl/u_aes/state_reg[56]/D
                                1.57           9.03 r        -7.46  (VIOLATED)
   u_ctrl/u_aes/state_reg[109]/D
                                1.57           9.03 r        -7.45  (VIOLATED)
   u_ctrl/u_aes/state_reg[3]/D
                                1.57           9.00 r        -7.42  (VIOLATED)
   u_ctrl/u_aes/state_reg[47]/D
                                1.57           8.99 r        -7.42  (VIOLATED)
   u_ctrl/u_aes/state_reg[124]/D
                                1.57           8.98 r        -7.41  (VIOLATED)
   u_ctrl/u_aes/state_reg[71]/D
                                1.57           8.98 r        -7.40  (VIOLATED)
   u_ctrl/u_aes/state_reg[117]/D
                                1.57           8.96 r        -7.39  (VIOLATED)
   u_ctrl/u_aes/state_reg[46]/D
                                1.57           8.96 r        -7.38  (VIOLATED)
   u_ctrl/u_aes/state_reg[54]/D
                                1.57           8.96 r        -7.38  (VIOLATED)
   u_ctrl/u_aes/state_reg[16]/D
                                1.57           8.95 r        -7.38  (VIOLATED)
   u_ctrl/u_aes/state_reg[17]/D
                                1.57           8.94 r        -7.36  (VIOLATED)
   u_ctrl/u_aes/state_reg[19]/D
                                1.57           8.94 r        -7.36  (VIOLATED)
   u_ctrl/u_aes/state_reg[88]/D
                                1.59           8.94 f        -7.35  (VIOLATED)
   u_ctrl/u_aes/state_reg[120]/D
                                1.57           8.92 r        -7.35  (VIOLATED)
   u_ctrl/u_aes/state_reg[79]/D
                                1.57           8.91 r        -7.33  (VIOLATED)
   u_ctrl/u_aes/state_reg[112]/D
                                1.57           8.91 r        -7.33  (VIOLATED)
   u_ctrl/u_aes/state_reg[85]/D
                                1.57           8.89 r        -7.32  (VIOLATED)
   u_ctrl/u_aes/state_reg[77]/D
                                1.57           8.89 r        -7.32  (VIOLATED)
   u_ctrl/u_aes/state_reg[70]/D
                                1.57           8.89 r        -7.32  (VIOLATED)
   u_ctrl/u_aes/state_reg[0]/D
                                1.57           8.89 r        -7.32  (VIOLATED)
   u_ctrl/u_aes/state_reg[86]/D
                                1.57           8.89 r        -7.32  (VIOLATED)
   u_ctrl/u_aes/state_reg[7]/D
                                1.57           8.89 r        -7.31  (VIOLATED)
   u_ctrl/u_aes/state_reg[78]/D
                                1.59           8.90 f        -7.31  (VIOLATED)
   u_ctrl/u_aes/state_reg[123]/D
                                1.57           8.89 r        -7.31  (VIOLATED)
   u_ctrl/u_aes/state_reg[121]/D
                                1.57           8.89 r        -7.31  (VIOLATED)
   u_ctrl/u_aes/state_reg[44]/D
                                1.57           8.88 r        -7.31  (VIOLATED)
   u_ctrl/u_aes/state_reg[9]/D
                                1.57           8.88 r        -7.30  (VIOLATED)
   u_ctrl/u_aes/state_reg[28]/D
                                1.57           8.87 r        -7.30  (VIOLATED)
   u_ctrl/u_aes/state_reg[26]/D
                                1.59           8.89 f        -7.30  (VIOLATED)
   u_ctrl/u_aes/state_reg[14]/D
                                1.57           8.86 r        -7.29  (VIOLATED)
   u_ctrl/u_aes/state_reg[4]/D
                                1.57           8.86 r        -7.29  (VIOLATED)
   u_ctrl/u_aes/state_reg[1]/D
                                1.57           8.86 r        -7.29  (VIOLATED)
   u_ctrl/u_aes/state_reg[65]/D
                                1.57           8.86 r        -7.29  (VIOLATED)
   u_ctrl/u_aes/state_reg[40]/D
                                1.57           8.85 r        -7.28  (VIOLATED)
   u_ctrl/u_aes/state_reg[102]/D
                                1.57           8.85 r        -7.28  (VIOLATED)
   u_ctrl/u_aes/state_reg[104]/D
                                1.57           8.85 r        -7.28  (VIOLATED)
   u_ctrl/u_aes/state_reg[11]/D
                                1.57           8.85 r        -7.28  (VIOLATED)
   u_ctrl/u_aes/state_reg[68]/D
                                1.57           8.84 r        -7.27  (VIOLATED)
   u_ctrl/u_aes/state_reg[37]/D
                                1.57           8.84 r        -7.27  (VIOLATED)
   u_ctrl/u_aes/state_reg[110]/D
                                1.57           8.83 r        -7.26  (VIOLATED)
   u_ctrl/u_aes/state_reg[127]/D
                                1.57           8.84 r        -7.26  (VIOLATED)
   u_ctrl/u_aes/state_reg[50]/D
                                1.57           8.82 r        -7.25  (VIOLATED)
   u_ctrl/u_aes/state_reg[36]/D
                                1.57           8.81 r        -7.24  (VIOLATED)
   u_ctrl/u_aes/state_reg[43]/D
                                1.57           8.81 r        -7.24  (VIOLATED)
   u_ctrl/u_aes/state_reg[51]/D
                                1.57           8.81 r        -7.24  (VIOLATED)
   u_ctrl/u_aes/state_reg[31]/D
                                1.57           8.80 r        -7.23  (VIOLATED)
   u_ctrl/u_aes/state_reg[10]/D
                                1.57           8.80 r        -7.23  (VIOLATED)
   u_ctrl/u_aes/state_reg[29]/D
                                1.57           8.79 r        -7.22  (VIOLATED)
   u_ctrl/u_aes/state_reg[84]/D
                                1.57           8.79 r        -7.21  (VIOLATED)
   u_ctrl/u_aes/state_reg[33]/D
                                1.57           8.78 r        -7.21  (VIOLATED)
   u_ctrl/u_aes/state_reg[94]/D
                                1.59           8.79 f        -7.21  (VIOLATED)
   u_ctrl/u_aes/state_reg[23]/D
                                1.57           8.77 r        -7.20  (VIOLATED)
   u_ctrl/u_aes/state_reg[116]/D
                                1.57           8.77 r        -7.20  (VIOLATED)
   u_ctrl/u_aes/state_reg[21]/D
                                1.57           8.77 r        -7.20  (VIOLATED)
   u_ctrl/u_aes/state_reg[25]/D
                                1.57           8.77 r        -7.20  (VIOLATED)
   u_ctrl/u_aes/state_reg[38]/D
                                1.57           8.77 r        -7.20  (VIOLATED)
   u_ctrl/u_aes/state_reg[53]/D
                                1.57           8.77 r        -7.20  (VIOLATED)
   u_ctrl/u_aes/state_reg[6]/D
                                1.57           8.76 r        -7.19  (VIOLATED)
   u_ctrl/u_aes/state_reg[125]/D
                                1.57           8.75 r        -7.17  (VIOLATED)
   u_ctrl/u_aes/state_reg[55]/D
                                1.59           8.76 f        -7.17  (VIOLATED)
   u_ctrl/u_aes/state_reg[63]/D
                                1.59           8.76 f        -7.17  (VIOLATED)
   u_ctrl/u_aes/state_reg[108]/D
                                1.57           8.74 r        -7.17  (VIOLATED)
   u_ctrl/u_aes/state_reg[101]/D
                                1.57           8.73 r        -7.16  (VIOLATED)
   u_ctrl/u_aes/state_reg[118]/D
                                1.57           8.73 r        -7.16  (VIOLATED)
   u_ctrl/u_aes/state_reg[30]/D
                                1.59           8.74 f        -7.15  (VIOLATED)
   u_ctrl/u_aes/state_reg[22]/D
                                1.57           8.73 r        -7.15  (VIOLATED)
   u_ctrl/u_aes/state_reg[103]/D
                                1.57           8.72 r        -7.15  (VIOLATED)
   u_ctrl/u_aes/state_reg[13]/D
                                1.57           8.72 r        -7.14  (VIOLATED)
   u_ctrl/u_aes/state_reg[113]/D
                                1.57           8.71 r        -7.14  (VIOLATED)
   u_ctrl/u_aes/state_reg[114]/D
                                1.57           8.71 r        -7.14  (VIOLATED)
   u_ctrl/u_aes/state_reg[5]/D
                                1.57           8.71 r        -7.13  (VIOLATED)
   u_ctrl/u_aes/state_reg[98]/D
                                1.57           8.70 r        -7.13  (VIOLATED)
   u_ctrl/u_aes/state_reg[18]/D
                                1.57           8.70 r        -7.13  (VIOLATED)
   u_ctrl/u_aes/state_reg[126]/D
                                1.57           8.70 r        -7.12  (VIOLATED)
   u_ctrl/u_aes/state_reg[106]/D
                                1.59           8.71 f        -7.12  (VIOLATED)
   u_ctrl/u_aes/state_reg[76]/D
                                1.57           8.68 r        -7.11  (VIOLATED)
   u_ctrl/u_aes/state_reg[12]/D
                                1.57           8.65 r        -7.08  (VIOLATED)
   u_ctrl/u_aes/ct_out_reg[36]/D
                                1.57           8.65 r        -7.08  (VIOLATED)
   u_ctrl/u_aes/ct_out_reg[19]/D
                                1.59           8.66 f        -7.07  (VIOLATED)
   u_ctrl/u_aes/state_reg[61]/D
                                1.57           8.64 r        -7.06  (VIOLATED)
   u_ctrl/u_aes/state_reg[32]/D
                                1.57           8.63 r        -7.06  (VIOLATED)
   u_ctrl/u_aes/ct_out_reg[65]/D
                                1.57           8.63 r        -7.05  (VIOLATED)
   u_ctrl/u_aes/state_reg[8]/D
                                1.57           8.62 r        -7.05  (VIOLATED)
   u_ctrl/u_aes/ct_out_reg[38]/D
                                1.59           8.63 f        -7.04  (VIOLATED)
   u_ctrl/u_aes/state_reg[69]/D
                                1.59           8.62 f        -7.04  (VIOLATED)
   u_ctrl/u_aes/ct_out_reg[70]/D
                                1.57           8.61 r        -7.03  (VIOLATED)
   u_ctrl/u_aes/state_reg[2]/D
                                1.57           8.59 r        -7.02  (VIOLATED)
   u_ctrl/u_aes/state_reg[34]/D
                                1.57           8.59 r        -7.02  (VIOLATED)
   u_ctrl/u_aes/ct_out_reg[69]/D
                                1.59           8.60 f        -7.01  (VIOLATED)
   u_ctrl/u_aes/state_reg[58]/D
                                1.57           8.58 r        -7.01  (VIOLATED)
   u_ctrl/u_aes/ct_out_reg[33]/D
                                1.57           8.58 r        -7.01  (VIOLATED)
   u_ctrl/u_aes/ct_out_reg[17]/D
                                1.59           8.59 f        -7.00  (VIOLATED)
   u_ctrl/u_aes/ct_out_reg[126]/D
                                1.59           8.58 f        -6.99  (VIOLATED)
   u_ctrl/u_aes/ct_out_reg[125]/D
                                1.59           8.55 f        -6.97  (VIOLATED)
   u_ctrl/u_aes/ct_out_reg[123]/D
                                1.59           8.49 f        -6.91  (VIOLATED)
   u_ctrl/u_aes/ct_out_reg[120]/D
                                1.59           8.48 f        -6.90  (VIOLATED)
   u_ctrl/u_aes/ct_out_reg[37]/D
                                1.57           8.44 r        -6.86  (VIOLATED)
   u_ctrl/u_aes/ct_out_reg[25]/D
                                1.59           8.45 f        -6.86  (VIOLATED)
   u_ctrl/u_aes/ct_out_reg[34]/D
                                1.57           8.43 r        -6.86  (VIOLATED)
   u_ctrl/u_aes/ct_out_reg[23]/D
                                1.59           8.43 f        -6.84  (VIOLATED)
   u_ctrl/u_aes/ct_out_reg[101]/D
                                1.57           8.40 r        -6.83  (VIOLATED)
   u_ctrl/u_aes/ct_out_reg[3]/D
                                1.59           8.41 f        -6.82  (VIOLATED)
   u_ctrl/u_aes/ct_out_reg[98]/D
                                1.57           8.40 r        -6.82  (VIOLATED)
   u_ctrl/u_aes/ct_out_reg[30]/D
                                1.57           8.39 r        -6.82  (VIOLATED)
   u_ctrl/u_aes/ct_out_reg[6]/D
                                1.59           8.40 f        -6.81  (VIOLATED)
   u_ctrl/u_aes/ct_out_reg[68]/D
                                1.57           8.38 r        -6.81  (VIOLATED)
   u_ctrl/u_aes/ct_out_reg[124]/D
                                1.57           8.38 r        -6.81  (VIOLATED)
   u_ctrl/u_aes/ct_out_reg[64]/D
                                1.57           8.38 r        -6.81  (VIOLATED)
   u_ctrl/u_aes/ct_out_reg[58]/D
                                1.59           8.39 f        -6.80  (VIOLATED)
   u_ctrl/u_aes/ct_out_reg[24]/D
                                1.59           8.38 f        -6.79  (VIOLATED)
   u_ctrl/u_aes/ct_out_reg[32]/D
                                1.59           8.38 f        -6.79  (VIOLATED)
   u_ctrl/u_aes/ct_out_reg[13]/D
                                1.57           8.36 r        -6.79  (VIOLATED)
   u_ctrl/u_aes/ct_out_reg[20]/D
                                1.59           8.37 f        -6.78  (VIOLATED)
   u_ctrl/u_aes/ct_out_reg[22]/D
                                1.59           8.36 f        -6.77  (VIOLATED)
   u_ctrl/u_aes/ct_out_reg[21]/D
                                1.57           8.33 r        -6.76  (VIOLATED)
   u_ctrl/u_aes/ct_out_reg[59]/D
                                1.59           8.33 f        -6.74  (VIOLATED)
   u_ctrl/u_aes/ct_out_reg[7]/D
                                1.59           8.33 f        -6.74  (VIOLATED)
   u_ctrl/u_aes/ct_out_reg[102]/D
                                1.57           8.31 r        -6.74  (VIOLATED)
   u_ctrl/u_aes/ct_out_reg[4]/D
                                1.57           8.30 r        -6.73  (VIOLATED)
   u_ctrl/u_aes/ct_out_reg[121]/D
                                1.59           8.31 f        -6.72  (VIOLATED)
   u_ctrl/u_aes/ct_out_reg[9]/D
                                1.57           8.29 r        -6.72  (VIOLATED)
   u_ctrl/u_aes/ct_out_reg[31]/D
                                1.59           8.30 f        -6.71  (VIOLATED)
   u_ctrl/u_aes/ct_out_reg[2]/D
                                1.57           8.27 r        -6.70  (VIOLATED)
   u_ctrl/u_aes/ct_out_reg[66]/D
                                1.57           8.26 r        -6.68  (VIOLATED)
   u_ctrl/u_aes/ct_out_reg[16]/D
                                1.57           8.26 r        -6.68  (VIOLATED)
   u_ctrl/u_aes/ct_out_reg[27]/D
                                1.57           8.25 r        -6.68  (VIOLATED)
   u_ctrl/u_aes/ct_out_reg[61]/D
                                1.57           8.24 r        -6.66  (VIOLATED)
   u_ctrl/u_aes/ct_out_reg[67]/D
                                1.59           8.24 f        -6.66  (VIOLATED)
   u_ctrl/u_aes/ct_out_reg[72]/D
                                1.59           8.24 f        -6.66  (VIOLATED)
   u_ctrl/u_aes/ct_out_reg[8]/D
                                1.57           8.22 r        -6.65  (VIOLATED)
   u_ctrl/u_aes/ct_out_reg[11]/D
                                1.57           8.22 r        -6.64  (VIOLATED)
   u_ctrl/u_aes/ct_out_reg[100]/D
                                1.57           8.21 r        -6.64  (VIOLATED)
   u_ctrl/u_aes/ct_out_reg[62]/D
                                1.59           8.22 f        -6.64  (VIOLATED)
   u_ctrl/u_aes/ct_out_reg[122]/D
                                1.59           8.22 f        -6.64  (VIOLATED)
   u_ctrl/u_aes/ct_out_reg[28]/D
                                1.57           8.20 r        -6.63  (VIOLATED)
   u_ctrl/u_aes/ct_out_reg[99]/D
                                1.59           8.21 f        -6.63  (VIOLATED)
   u_ctrl/u_aes/ct_out_reg[35]/D
                                1.59           8.21 f        -6.62  (VIOLATED)
   u_ctrl/u_aes/ct_out_reg[26]/D
                                1.57           8.19 r        -6.62  (VIOLATED)
   u_ctrl/u_aes/ct_out_reg[1]/D
                                1.59           8.20 f        -6.62  (VIOLATED)
   u_ctrl/u_aes/ct_out_reg[5]/D
                                1.57           8.18 r        -6.61  (VIOLATED)
   u_ctrl/u_aes/ct_out_reg[75]/D
                                1.57           8.18 r        -6.61  (VIOLATED)
   u_ctrl/u_aes/ct_out_reg[60]/D
                                1.59           8.17 f        -6.58  (VIOLATED)
   u_ctrl/u_aes/ct_out_reg[14]/D
                                1.59           8.16 f        -6.58  (VIOLATED)
   u_ctrl/u_aes/ct_out_reg[77]/D
                                1.59           8.16 f        -6.57  (VIOLATED)
   u_ctrl/u_aes/ct_out_reg[56]/D
                                1.59           8.14 f        -6.56  (VIOLATED)
   u_ctrl/u_aes/ct_out_reg[0]/D
                                1.59           8.13 f        -6.55  (VIOLATED)
   u_ctrl/u_aes/ct_out_reg[57]/D
                                1.59           8.13 f        -6.55  (VIOLATED)
   u_ctrl/u_aes/ct_out_reg[76]/D
                                1.59           8.12 f        -6.53  (VIOLATED)
   u_ctrl/u_aes/ct_out_reg[91]/D
                                1.57           8.10 r        -6.53  (VIOLATED)
   u_ctrl/u_aes/ct_out_reg[10]/D
                                1.57           8.09 r        -6.52  (VIOLATED)
   u_ctrl/u_aes/ct_out_reg[93]/D
                                1.57           8.08 r        -6.50  (VIOLATED)
   u_ctrl/u_aes/ct_out_reg[96]/D
                                1.59           8.09 f        -6.50  (VIOLATED)
   u_ctrl/u_aes/ct_out_reg[92]/D
                                1.59           8.05 f        -6.47  (VIOLATED)
   u_ctrl/u_aes/ct_out_reg[116]/D
                                1.57           8.03 r        -6.46  (VIOLATED)
   u_ctrl/u_aes/ct_out_reg[103]/D
                                1.59           8.04 f        -6.45  (VIOLATED)
   u_ctrl/u_aes/ct_out_reg[15]/D
                                1.57           8.02 r        -6.45  (VIOLATED)
   u_ctrl/u_aes/ct_out_reg[63]/D
                                1.57           8.01 r        -6.44  (VIOLATED)
   u_ctrl/u_aes/ct_out_reg[89]/D
                                1.59           8.01 f        -6.43  (VIOLATED)
   u_ctrl/u_aes/ct_out_reg[97]/D
                                1.57           8.00 r        -6.42  (VIOLATED)
   u_ctrl/u_aes/ct_out_reg[118]/D
                                1.57           7.99 r        -6.42  (VIOLATED)
   u_ctrl/u_aes/ct_out_reg[71]/D
                                1.59           8.00 f        -6.42  (VIOLATED)
   u_ctrl/u_aes/ct_out_reg[74]/D
                                1.59           8.00 f        -6.41  (VIOLATED)
   u_ctrl/u_aes/ct_out_reg[127]/D
                                1.59           8.00 f        -6.41  (VIOLATED)
   u_ctrl/u_aes/ct_out_reg[73]/D
                                1.59           7.98 f        -6.39  (VIOLATED)
   u_ctrl/u_aes/ct_out_reg[83]/D
                                1.57           7.95 r        -6.38  (VIOLATED)
   u_ctrl/u_aes/ct_out_reg[18]/D
                                1.57           7.95 r        -6.38  (VIOLATED)
   u_ctrl/u_aes/ct_out_reg[29]/D
                                1.57           7.92 r        -6.35  (VIOLATED)
   u_ctrl/u_aes/ct_out_reg[78]/D
                                1.59           7.91 f        -6.32  (VIOLATED)
   u_ctrl/u_aes/ct_out_reg[119]/D
                                1.57           7.89 r        -6.32  (VIOLATED)
   u_ctrl/u_aes/rkeys_reg[13]/D
                                1.59           7.83 f        -6.25  (VIOLATED)
   u_ctrl/u_aes/rkeys_reg[73]/D
                                1.59           7.83 f        -6.25  (VIOLATED)
   u_ctrl/u_aes/rkeys_reg[75]/D
                                1.59           7.83 f        -6.25  (VIOLATED)
   u_ctrl/u_aes/rkeys_reg[78]/D
                                1.59           7.83 f        -6.25  (VIOLATED)
   u_ctrl/u_aes/rkeys_reg[84]/D
                                1.59           7.83 f        -6.25  (VIOLATED)
   u_ctrl/u_aes/rkeys_reg[87]/D
                                1.59           7.83 f        -6.25  (VIOLATED)
   u_ctrl/u_aes/rkeys_reg[89]/D
                                1.59           7.83 f        -6.25  (VIOLATED)
   u_ctrl/u_aes/rkeys_reg[82]/D
                                1.59           7.83 f        -6.25  (VIOLATED)
   u_ctrl/u_aes/rkeys_reg[88]/D
                                1.59           7.83 f        -6.25  (VIOLATED)
   u_ctrl/u_aes/rkeys_reg[93]/D
                                1.59           7.83 f        -6.25  (VIOLATED)
   u_ctrl/u_aes/rkeys_reg[95]/D
                                1.59           7.83 f        -6.25  (VIOLATED)
   u_ctrl/u_aes/rkeys_reg[108]/D
                                1.59           7.83 f        -6.25  (VIOLATED)
   u_ctrl/u_aes/ct_out_reg[55]/D
                                1.59           7.82 f        -6.24  (VIOLATED)
   u_ctrl/u_aes/ct_out_reg[107]/D
                                1.59           7.81 f        -6.23  (VIOLATED)
   u_ctrl/u_aes/ct_out_reg[46]/D
                                1.57           7.79 r        -6.22  (VIOLATED)
   u_ctrl/u_aes/ct_out_reg[53]/D
                                1.59           7.81 f        -6.22  (VIOLATED)
   u_ctrl/u_aes/ct_out_reg[115]/D
                                1.57           7.79 r        -6.22  (VIOLATED)
   u_ctrl/u_aes/ct_out_reg[86]/D
                                1.57           7.78 r        -6.21  (VIOLATED)
   u_ctrl/u_aes/ct_out_reg[114]/D
                                1.57           7.77 r        -6.20  (VIOLATED)
   u_ctrl/u_aes/ct_out_reg[12]/D
                                1.57           7.76 r        -6.19  (VIOLATED)
   u_ctrl/u_aes/ct_out_reg[87]/D
                                1.59           7.77 f        -6.19  (VIOLATED)
   u_ctrl/u_aes/ct_out_reg[80]/D
                                1.57           7.75 r        -6.17  (VIOLATED)
   u_ctrl/u_aes/ct_out_reg[45]/D
                                1.57           7.71 r        -6.14  (VIOLATED)
   u_ctrl/u_aes/ct_out_reg[81]/D
                                1.57           7.69 r        -6.12  (VIOLATED)
   u_ctrl/u_aes/ct_out_reg[88]/D
                                1.59           7.69 f        -6.10  (VIOLATED)
   u_ctrl/u_aes/ct_out_reg[50]/D
                                1.59           7.68 f        -6.09  (VIOLATED)
   u_ctrl/u_aes/ct_out_reg[82]/D
                                1.59           7.67 f        -6.08  (VIOLATED)
   u_ctrl/u_aes/ct_out_reg[79]/D
                                1.59           7.67 f        -6.08  (VIOLATED)
   u_ctrl/u_aes/ct_out_reg[40]/D
                                1.59           7.66 f        -6.07  (VIOLATED)
   u_ctrl/u_aes/ct_out_reg[52]/D
                                1.59           7.65 f        -6.06  (VIOLATED)
   u_ctrl/u_aes/ct_out_reg[90]/D
                                1.57           7.63 r        -6.06  (VIOLATED)
   u_ctrl/u_aes/ct_out_reg[43]/D
                                1.59           7.62 f        -6.03  (VIOLATED)
   u_ctrl/u_aes/ct_out_reg[110]/D
                                1.59           7.62 f        -6.03  (VIOLATED)
   u_ctrl/u_aes/ct_out_reg[48]/D
                                1.59           7.62 f        -6.03  (VIOLATED)
   u_ctrl/u_aes/ct_out_reg[84]/D
                                1.59           7.60 f        -6.01  (VIOLATED)
   u_ctrl/u_aes/ct_out_reg[49]/D
                                1.59           7.59 f        -6.00  (VIOLATED)
   u_ctrl/u_aes/ct_out_reg[42]/D
                                1.59           7.58 f        -5.99  (VIOLATED)
   u_ctrl/u_aes/ct_out_reg[85]/D
                                1.57           7.55 r        -5.97  (VIOLATED)
   u_ctrl/u_aes/ct_out_reg[54]/D
                                1.59           7.55 f        -5.97  (VIOLATED)
   u_ctrl/u_aes/ct_out_reg[113]/D
                                1.59           7.48 f        -5.89  (VIOLATED)
   u_ctrl/u_aes/ct_out_reg[41]/D
                                1.59           7.47 f        -5.88  (VIOLATED)
   u_ctrl/u_aes/ct_out_reg[95]/D
                                1.59           7.44 f        -5.85  (VIOLATED)
   u_ctrl/u_aes/ct_out_reg[51]/D
                                1.59           7.43 f        -5.85  (VIOLATED)
   u_ctrl/u_aes/ct_out_reg[47]/D
                                1.57           7.42 r        -5.84  (VIOLATED)
   u_ctrl/u_aes/ct_out_reg[39]/D
                                1.57           7.39 r        -5.81  (VIOLATED)
   u_ctrl/u_aes/ct_out_reg[117]/D
                                1.57           7.37 r        -5.80  (VIOLATED)
   u_ctrl/u_aes/ct_out_reg[94]/D
                                1.59           7.36 f        -5.78  (VIOLATED)
   u_ctrl/u_aes/ct_out_reg[112]/D
                                1.57           7.29 r        -5.71  (VIOLATED)
   u_ctrl/u_aes/round_reg[1]/D
                                1.59           7.21 f        -5.62  (VIOLATED)
   u_ctrl/u_aes/round_reg[2]/D
                                1.57           7.20 r        -5.62  (VIOLATED)
   u_ctrl/u_aes/ct_out_reg[44]/D
                                1.59           7.19 f        -5.60  (VIOLATED)
   u_ctrl/u_aes/round_reg[0]/D
                                1.59           7.15 f        -5.56  (VIOLATED)
   u_ctrl/u_aes/ct_out_reg[109]/D
                                1.57           6.89 r        -5.32  (VIOLATED)
   u_ctrl/u_aes/ct_out_reg[104]/D
                                1.57           6.83 r        -5.25  (VIOLATED)
   u_ctrl/u_aes/round_reg[3]/D
                                1.59           6.74 f        -5.16  (VIOLATED)
   u_ctrl/u_aes/ct_out_reg[105]/D
                                1.57           6.68 r        -5.11  (VIOLATED)
   u_ctrl/u_aes/ct_out_reg[111]/D
                                1.59           6.67 f        -5.09  (VIOLATED)
   u_ctrl/u_aes/rkeys_reg[47]/D
                                1.59           6.64 f        -5.06  (VIOLATED)
   u_ctrl/u_aes/rkeys_reg[116]/D
                                1.59           6.64 f        -5.06  (VIOLATED)
   u_ctrl/u_aes/rkeys_reg[56]/D
                                1.59           6.64 f        -5.06  (VIOLATED)
   u_ctrl/u_aes/rkeys_reg[120]/D
                                1.59           6.64 f        -5.06  (VIOLATED)
   u_ctrl/u_aes/rkeys_reg[0]/D
                                1.59           6.64 f        -5.06  (VIOLATED)
   u_ctrl/u_aes/rkeys_reg[57]/D
                                1.59           6.64 f        -5.06  (VIOLATED)
   u_ctrl/u_aes/rkeys_reg[64]/D
                                1.59           6.64 f        -5.06  (VIOLATED)
   u_ctrl/u_aes/ct_out_reg[108]/D
                                1.59           6.62 f        -5.03  (VIOLATED)
   u_ctrl/u_aes/rkeys_reg[208]/D
                                1.59           6.54 f        -4.95  (VIOLATED)
   u_ctrl/u_aes/rkeys_reg[215]/D
                                1.59           6.54 f        -4.95  (VIOLATED)
   u_ctrl/u_aes/rkeys_reg[484]/D
                                1.59           6.54 f        -4.95  (VIOLATED)
   u_ctrl/u_aes/rkeys_reg[597]/D
                                1.59           6.54 f        -4.95  (VIOLATED)
   u_ctrl/u_aes/rkeys_reg[627]/D
                                1.59           6.54 f        -4.95  (VIOLATED)
   u_ctrl/u_aes/rkeys_reg[638]/D
                                1.59           6.54 f        -4.95  (VIOLATED)
   u_ctrl/u_aes/rkeys_reg[749]/D
                                1.59           6.54 f        -4.95  (VIOLATED)
   u_ctrl/u_aes/rkeys_reg[833]/D
                                1.59           6.54 f        -4.95  (VIOLATED)
   u_ctrl/u_aes/rkeys_reg[844]/D
                                1.59           6.54 f        -4.95  (VIOLATED)
   u_ctrl/u_aes/rkeys_reg[860]/D
                                1.59           6.54 f        -4.95  (VIOLATED)
   u_ctrl/u_aes/rkeys_reg[930]/D
                                1.59           6.54 f        -4.95  (VIOLATED)
   u_ctrl/u_aes/rkeys_reg[955]/D
                                1.59           6.54 f        -4.95  (VIOLATED)
   u_ctrl/u_aes/rkeys_reg[1088]/D
                                1.59           6.54 f        -4.95  (VIOLATED)
   u_ctrl/u_aes/rkeys_reg[1121]/D
                                1.59           6.54 f        -4.95  (VIOLATED)
   u_ctrl/u_aes/rkeys_reg[1362]/D
                                1.59           6.54 f        -4.95  (VIOLATED)
   u_ctrl/u_aes/rkeys_reg[1370]/D
                                1.59           6.54 f        -4.95  (VIOLATED)
   u_ctrl/u_aes/rkeys_reg[177]/D
                                1.59           6.47 f        -4.89  (VIOLATED)
   u_ctrl/u_aes/rkeys_reg[195]/D
                                1.59           6.47 f        -4.89  (VIOLATED)
   u_ctrl/u_aes/rkeys_reg[197]/D
                                1.59           6.47 f        -4.89  (VIOLATED)
   u_ctrl/u_aes/rkeys_reg[198]/D
                                1.59           6.47 f        -4.89  (VIOLATED)
   u_ctrl/u_aes/rkeys_reg[273]/D
                                1.59           6.47 f        -4.89  (VIOLATED)
   u_ctrl/u_aes/rkeys_reg[299]/D
                                1.59           6.47 f        -4.89  (VIOLATED)
   u_ctrl/u_aes/rkeys_reg[305]/D
                                1.59           6.47 f        -4.89  (VIOLATED)
   u_ctrl/u_aes/rkeys_reg[338]/D
                                1.59           6.47 f        -4.89  (VIOLATED)
   u_ctrl/u_aes/rkeys_reg[450]/D
                                1.59           6.47 f        -4.89  (VIOLATED)
   u_ctrl/u_aes/rkeys_reg[463]/D
                                1.59           6.47 f        -4.89  (VIOLATED)
   u_ctrl/u_aes/rkeys_reg[468]/D
                                1.59           6.47 f        -4.89  (VIOLATED)
   u_ctrl/u_aes/rkeys_reg[537]/D
                                1.59           6.47 f        -4.89  (VIOLATED)
   u_ctrl/u_aes/rkeys_reg[601]/D
                                1.59           6.47 f        -4.89  (VIOLATED)
   u_ctrl/u_aes/rkeys_reg[661]/D
                                1.59           6.47 f        -4.89  (VIOLATED)
   u_ctrl/u_aes/rkeys_reg[662]/D
                                1.59           6.47 f        -4.89  (VIOLATED)
   u_ctrl/u_aes/rkeys_reg[755]/D
                                1.59           6.47 f        -4.89  (VIOLATED)
   u_ctrl/u_aes/rkeys_reg[863]/D
                                1.59           6.47 f        -4.89  (VIOLATED)
   u_ctrl/u_aes/rkeys_reg[866]/D
                                1.59           6.47 f        -4.89  (VIOLATED)
   u_ctrl/u_aes/rkeys_reg[874]/D
                                1.59           6.47 f        -4.89  (VIOLATED)
   u_ctrl/u_aes/rkeys_reg[876]/D
                                1.59           6.47 f        -4.89  (VIOLATED)
   u_ctrl/u_aes/rkeys_reg[967]/D
                                1.59           6.47 f        -4.89  (VIOLATED)
   u_ctrl/u_aes/rkeys_reg[985]/D
                                1.59           6.47 f        -4.89  (VIOLATED)
   u_ctrl/u_aes/rkeys_reg[990]/D
                                1.59           6.47 f        -4.89  (VIOLATED)
   u_ctrl/u_aes/rkeys_reg[991]/D
                                1.59           6.47 f        -4.89  (VIOLATED)
   u_ctrl/u_aes/rkeys_reg[33]/D
                                1.59           6.46 f        -4.87  (VIOLATED)
   u_ctrl/u_aes/rkeys_reg[35]/D
                                1.59           6.46 f        -4.87  (VIOLATED)
   u_ctrl/u_aes/rkeys_reg[39]/D
                                1.59           6.46 f        -4.87  (VIOLATED)
   u_ctrl/u_aes/rkeys_reg[97]/D
                                1.59           6.46 f        -4.87  (VIOLATED)
   u_ctrl/u_aes/rkeys_reg[107]/D
                                1.59           6.46 f        -4.87  (VIOLATED)
   u_ctrl/u_aes/rkeys_reg[154]/D
                                1.59           6.46 f        -4.87  (VIOLATED)
   u_ctrl/u_aes/rkeys_reg[155]/D
                                1.59           6.46 f        -4.87  (VIOLATED)
   u_ctrl/u_aes/rkeys_reg[157]/D
                                1.59           6.46 f        -4.87  (VIOLATED)
   u_ctrl/u_aes/rkeys_reg[159]/D
                                1.59           6.46 f        -4.87  (VIOLATED)
   u_ctrl/u_aes/rkeys_reg[174]/D
                                1.59           6.46 f        -4.87  (VIOLATED)
   u_ctrl/u_aes/rkeys_reg[176]/D
                                1.59           6.46 f        -4.87  (VIOLATED)
   u_ctrl/u_aes/rkeys_reg[180]/D
                                1.59           6.46 f        -4.87  (VIOLATED)
   u_ctrl/u_aes/rkeys_reg[201]/D
                                1.59           6.46 f        -4.87  (VIOLATED)
   u_ctrl/u_aes/rkeys_reg[222]/D
                                1.59           6.46 f        -4.87  (VIOLATED)
   u_ctrl/u_aes/rkeys_reg[240]/D
                                1.59           6.46 f        -4.87  (VIOLATED)
   u_ctrl/u_aes/rkeys_reg[243]/D
                                1.59           6.46 f        -4.87  (VIOLATED)
   u_ctrl/u_aes/rkeys_reg[244]/D
                                1.59           6.46 f        -4.87  (VIOLATED)
   u_ctrl/u_aes/rkeys_reg[250]/D
                                1.59           6.46 f        -4.87  (VIOLATED)
   u_ctrl/u_aes/rkeys_reg[254]/D
                                1.59           6.46 f        -4.87  (VIOLATED)
   u_ctrl/u_aes/rkeys_reg[269]/D
                                1.59           6.46 f        -4.87  (VIOLATED)
   u_ctrl/u_aes/rkeys_reg[270]/D
                                1.59           6.46 f        -4.87  (VIOLATED)
   u_ctrl/u_aes/rkeys_reg[272]/D
                                1.59           6.46 f        -4.87  (VIOLATED)
   u_ctrl/u_aes/rkeys_reg[274]/D
                                1.59           6.46 f        -4.87  (VIOLATED)
   u_ctrl/u_aes/rkeys_reg[275]/D
                                1.59           6.46 f        -4.87  (VIOLATED)
   u_ctrl/u_aes/rkeys_reg[308]/D
                                1.59           6.46 f        -4.87  (VIOLATED)
   u_ctrl/u_aes/rkeys_reg[339]/D
                                1.59           6.46 f        -4.87  (VIOLATED)
   u_ctrl/u_aes/rkeys_reg[340]/D
                                1.59           6.46 f        -4.87  (VIOLATED)
   u_ctrl/u_aes/rkeys_reg[368]/D
                                1.59           6.46 f        -4.87  (VIOLATED)
   u_ctrl/u_aes/rkeys_reg[710]/D
                                1.59           6.46 f        -4.87  (VIOLATED)
   u_ctrl/u_aes/rkeys_reg[727]/D
                                1.59           6.46 f        -4.87  (VIOLATED)
   u_ctrl/u_aes/rkeys_reg[786]/D
                                1.59           6.46 f        -4.87  (VIOLATED)
   u_ctrl/u_aes/rkeys_reg[805]/D
                                1.59           6.46 f        -4.87  (VIOLATED)
   u_ctrl/u_aes/rkeys_reg[961]/D
                                1.59           6.46 f        -4.87  (VIOLATED)
   u_ctrl/u_aes/rkeys_reg[963]/D
                                1.59           6.46 f        -4.87  (VIOLATED)
   u_ctrl/u_aes/rkeys_reg[965]/D
                                1.59           6.46 f        -4.87  (VIOLATED)
   u_ctrl/u_aes/rkeys_reg[1151]/D
                                1.59           6.46 f        -4.87  (VIOLATED)
   u_ctrl/u_aes/rkeys_reg[146]/D
                                1.59           6.43 f        -4.85  (VIOLATED)
   u_ctrl/u_aes/rkeys_reg[204]/D
                                1.59           6.43 f        -4.85  (VIOLATED)
   u_ctrl/u_aes/rkeys_reg[233]/D
                                1.59           6.43 f        -4.85  (VIOLATED)
   u_ctrl/u_aes/rkeys_reg[236]/D
                                1.59           6.43 f        -4.85  (VIOLATED)
   u_ctrl/u_aes/rkeys_reg[297]/D
                                1.59           6.43 f        -4.85  (VIOLATED)
   u_ctrl/u_aes/rkeys_reg[300]/D
                                1.59           6.43 f        -4.85  (VIOLATED)
   u_ctrl/u_aes/rkeys_reg[306]/D
                                1.59           6.43 f        -4.85  (VIOLATED)
   u_ctrl/u_aes/rkeys_reg[323]/D
                                1.59           6.43 f        -4.85  (VIOLATED)
   u_ctrl/u_aes/rkeys_reg[325]/D
                                1.59           6.43 f        -4.85  (VIOLATED)
   u_ctrl/u_aes/rkeys_reg[361]/D
                                1.59           6.43 f        -4.85  (VIOLATED)
   u_ctrl/u_aes/rkeys_reg[425]/D
                                1.59           6.43 f        -4.85  (VIOLATED)
   u_ctrl/u_aes/rkeys_reg[427]/D
                                1.59           6.43 f        -4.85  (VIOLATED)
   u_ctrl/u_aes/rkeys_reg[428]/D
                                1.59           6.43 f        -4.85  (VIOLATED)
   u_ctrl/u_aes/rkeys_reg[457]/D
                                1.59           6.43 f        -4.85  (VIOLATED)
   u_ctrl/u_aes/rkeys_reg[492]/D
                                1.59           6.43 f        -4.85  (VIOLATED)
   u_ctrl/u_aes/rkeys_reg[517]/D
                                1.59           6.43 f        -4.85  (VIOLATED)
   u_ctrl/u_aes/rkeys_reg[947]/D
                                1.59           6.43 f        -4.85  (VIOLATED)
   u_ctrl/u_aes/rkeys_reg[1230]/D
                                1.59           6.43 f        -4.85  (VIOLATED)
   u_ctrl/u_aes/rkeys_reg[224]/D
                                1.59           6.41 f        -4.82  (VIOLATED)
   u_ctrl/u_aes/rkeys_reg[324]/D
                                1.59           6.41 f        -4.82  (VIOLATED)
   u_ctrl/u_aes/rkeys_reg[607]/D
                                1.59           6.41 f        -4.82  (VIOLATED)
   u_ctrl/u_aes/rkeys_reg[719]/D
                                1.59           6.41 f        -4.82  (VIOLATED)
   u_ctrl/u_aes/rkeys_reg[829]/D
                                1.59           6.41 f        -4.82  (VIOLATED)
   u_ctrl/u_aes/rkeys_reg[831]/D
                                1.59           6.41 f        -4.82  (VIOLATED)
   u_ctrl/u_aes/rkeys_reg[872]/D
                                1.59           6.41 f        -4.82  (VIOLATED)
   u_ctrl/u_aes/rkeys_reg[911]/D
                                1.59           6.41 f        -4.82  (VIOLATED)
   u_ctrl/u_aes/rkeys_reg[944]/D
                                1.59           6.41 f        -4.82  (VIOLATED)
   u_ctrl/u_aes/rkeys_reg[1070]/D
                                1.59           6.41 f        -4.82  (VIOLATED)
   u_ctrl/u_aes/rkeys_reg[1104]/D
                                1.59           6.41 f        -4.82  (VIOLATED)
   u_ctrl/u_aes/rkeys_reg[1106]/D
                                1.59           6.41 f        -4.82  (VIOLATED)
   u_ctrl/u_aes/rkeys_reg[1134]/D
                                1.59           6.41 f        -4.82  (VIOLATED)
   u_ctrl/u_aes/rkeys_reg[1198]/D
                                1.59           6.41 f        -4.82  (VIOLATED)
   u_ctrl/u_aes/ct_out_reg[106]/D
                                1.57           6.39 r        -4.81  (VIOLATED)
   u_ctrl/u_aes/rkeys_reg[619]/D
                                1.59           6.40 f        -4.81  (VIOLATED)
   u_ctrl/u_aes/rkeys_reg[629]/D
                                1.59           6.40 f        -4.81  (VIOLATED)
   u_ctrl/u_aes/rkeys_reg[681]/D
                                1.59           6.40 f        -4.81  (VIOLATED)
   u_ctrl/u_aes/rkeys_reg[693]/D
                                1.59           6.40 f        -4.81  (VIOLATED)
   u_ctrl/u_aes/rkeys_reg[715]/D
                                1.59           6.40 f        -4.81  (VIOLATED)
   u_ctrl/u_aes/rkeys_reg[733]/D
                                1.59           6.40 f        -4.81  (VIOLATED)
   u_ctrl/u_aes/rkeys_reg[745]/D
                                1.59           6.40 f        -4.81  (VIOLATED)
   u_ctrl/u_aes/rkeys_reg[853]/D
                                1.59           6.40 f        -4.81  (VIOLATED)
   u_ctrl/u_aes/rkeys_reg[884]/D
                                1.59           6.40 f        -4.81  (VIOLATED)
   u_ctrl/u_aes/rkeys_reg[905]/D
                                1.59           6.40 f        -4.81  (VIOLATED)
   u_ctrl/u_aes/rkeys_reg[908]/D
                                1.59           6.40 f        -4.81  (VIOLATED)
   u_ctrl/u_aes/rkeys_reg[939]/D
                                1.59           6.40 f        -4.81  (VIOLATED)
   u_ctrl/u_aes/rkeys_reg[1037]/D
                                1.59           6.40 f        -4.81  (VIOLATED)
   u_ctrl/u_aes/rkeys_reg[1101]/D
                                1.59           6.40 f        -4.81  (VIOLATED)
   u_ctrl/u_aes/rkeys_reg[1155]/D
                                1.59           6.40 f        -4.81  (VIOLATED)
   u_ctrl/u_aes/rkeys_reg[1156]/D
                                1.59           6.40 f        -4.81  (VIOLATED)
   u_ctrl/u_aes/rkeys_reg[1157]/D
                                1.59           6.40 f        -4.81  (VIOLATED)
   u_ctrl/u_aes/rkeys_reg[1188]/D
                                1.59           6.40 f        -4.81  (VIOLATED)
   u_ctrl/u_aes/rkeys_reg[1217]/D
                                1.59           6.40 f        -4.81  (VIOLATED)
   u_ctrl/u_aes/rkeys_reg[1219]/D
                                1.59           6.40 f        -4.81  (VIOLATED)
   u_ctrl/u_aes/rkeys_reg[1220]/D
                                1.59           6.40 f        -4.81  (VIOLATED)
   u_ctrl/u_aes/rkeys_reg[1251]/D
                                1.59           6.40 f        -4.81  (VIOLATED)
   u_ctrl/u_aes/rkeys_reg[1252]/D
                                1.59           6.40 f        -4.81  (VIOLATED)
   u_ctrl/u_aes/rkeys_reg[1253]/D
                                1.59           6.40 f        -4.81  (VIOLATED)
   u_ctrl/u_aes/rkeys_reg[500]/D
                                1.59           6.38 f        -4.79  (VIOLATED)
   u_ctrl/u_aes/rkeys_reg[1012]/D
                                1.59           6.38 f        -4.79  (VIOLATED)
   u_ctrl/u_aes/rkeys_reg[1076]/D
                                1.59           6.38 f        -4.79  (VIOLATED)
   u_ctrl/u_aes/rkeys_reg[1168]/D
                                1.59           6.38 f        -4.79  (VIOLATED)
   u_ctrl/u_aes/rkeys_reg[1182]/D
                                1.59           6.38 f        -4.79  (VIOLATED)
   u_ctrl/u_aes/rkeys_reg[1184]/D
                                1.59           6.38 f        -4.79  (VIOLATED)
   u_ctrl/u_aes/rkeys_reg[1228]/D
                                1.59           6.38 f        -4.79  (VIOLATED)
   u_ctrl/u_aes/rkeys_reg[1278]/D
                                1.59           6.38 f        -4.79  (VIOLATED)
   u_ctrl/u_aes/rkeys_reg[1280]/D
                                1.59           6.38 f        -4.79  (VIOLATED)
   u_ctrl/u_aes/rkeys_reg[1290]/D
                                1.59           6.38 f        -4.79  (VIOLATED)
   u_ctrl/u_aes/rkeys_reg[1298]/D
                                1.59           6.38 f        -4.79  (VIOLATED)
   u_ctrl/u_aes/rkeys_reg[1299]/D
                                1.59           6.38 f        -4.79  (VIOLATED)
   u_ctrl/u_aes/rkeys_reg[1306]/D
                                1.59           6.38 f        -4.79  (VIOLATED)
   u_ctrl/u_aes/rkeys_reg[1307]/D
                                1.59           6.38 f        -4.79  (VIOLATED)
   u_ctrl/u_aes/rkeys_reg[1312]/D
                                1.59           6.38 f        -4.79  (VIOLATED)
   u_ctrl/u_aes/rkeys_reg[1313]/D
                                1.59           6.38 f        -4.79  (VIOLATED)
   u_ctrl/u_aes/rkeys_reg[188]/D
                                1.59           6.37 f        -4.79  (VIOLATED)
   u_ctrl/u_aes/rkeys_reg[237]/D
                                1.59           6.37 f        -4.79  (VIOLATED)
   u_ctrl/u_aes/rkeys_reg[279]/D
                                1.59           6.37 f        -4.79  (VIOLATED)
   u_ctrl/u_aes/rkeys_reg[301]/D
                                1.59           6.37 f        -4.79  (VIOLATED)
   u_ctrl/u_aes/rkeys_reg[362]/D
                                1.59           6.37 f        -4.79  (VIOLATED)
   u_ctrl/u_aes/rkeys_reg[496]/D
                                1.59           6.37 f        -4.79  (VIOLATED)
   u_ctrl/u_aes/rkeys_reg[501]/D
                                1.59           6.37 f        -4.79  (VIOLATED)
   u_ctrl/u_aes/rkeys_reg[624]/D
                                1.59           6.37 f        -4.79  (VIOLATED)
   u_ctrl/u_aes/rkeys_reg[688]/D
                                1.59           6.37 f        -4.79  (VIOLATED)
   u_ctrl/u_aes/rkeys_reg[689]/D
                                1.59           6.37 f        -4.79  (VIOLATED)
   u_ctrl/u_aes/rkeys_reg[753]/D
                                1.59           6.37 f        -4.79  (VIOLATED)
   u_ctrl/u_aes/rkeys_reg[757]/D
                                1.59           6.37 f        -4.79  (VIOLATED)
   u_ctrl/u_aes/rkeys_reg[784]/D
                                1.59           6.37 f        -4.79  (VIOLATED)
   u_ctrl/u_aes/rkeys_reg[821]/D
                                1.59           6.37 f        -4.79  (VIOLATED)
   u_ctrl/u_aes/rkeys_reg[848]/D
                                1.59           6.37 f        -4.79  (VIOLATED)
   u_ctrl/u_aes/rkeys_reg[878]/D
                                1.59           6.37 f        -4.79  (VIOLATED)
   u_ctrl/u_aes/rkeys_reg[880]/D
                                1.59           6.37 f        -4.79  (VIOLATED)
   u_ctrl/u_aes/rkeys_reg[881]/D
                                1.59           6.37 f        -4.79  (VIOLATED)
   u_ctrl/u_aes/rkeys_reg[149]/D
                                1.59           6.37 f        -4.79  (VIOLATED)
   u_ctrl/u_aes/rkeys_reg[175]/D
                                1.59           6.37 f        -4.79  (VIOLATED)
   u_ctrl/u_aes/rkeys_reg[455]/D
                                1.59           6.37 f        -4.79  (VIOLATED)
   u_ctrl/u_aes/rkeys_reg[591]/D
                                1.59           6.37 f        -4.79  (VIOLATED)
   u_ctrl/u_aes/rkeys_reg[660]/D
                                1.59           6.37 f        -4.79  (VIOLATED)
   u_ctrl/u_aes/rkeys_reg[687]/D
                                1.59           6.37 f        -4.79  (VIOLATED)
   u_ctrl/u_aes/rkeys_reg[705]/D
                                1.59           6.37 f        -4.79  (VIOLATED)
   u_ctrl/u_aes/rkeys_reg[711]/D
                                1.59           6.37 f        -4.79  (VIOLATED)
   u_ctrl/u_aes/rkeys_reg[802]/D
                                1.59           6.37 f        -4.79  (VIOLATED)
   u_ctrl/u_aes/rkeys_reg[896]/D
                                1.59           6.37 f        -4.79  (VIOLATED)
   u_ctrl/u_aes/rkeys_reg[958]/D
                                1.59           6.37 f        -4.79  (VIOLATED)
   u_ctrl/u_aes/rkeys_reg[977]/D
                                1.59           6.37 f        -4.79  (VIOLATED)
   u_ctrl/u_aes/rkeys_reg[983]/D
                                1.59           6.37 f        -4.79  (VIOLATED)
   u_ctrl/u_aes/rkeys_reg[1015]/D
                                1.59           6.37 f        -4.79  (VIOLATED)
   u_ctrl/u_aes/rkeys_reg[1054]/D
                                1.59           6.37 f        -4.79  (VIOLATED)
   u_ctrl/u_aes/rkeys_reg[1072]/D
                                1.59           6.37 f        -4.79  (VIOLATED)
   u_ctrl/u_aes/rkeys_reg[1118]/D
                                1.59           6.37 f        -4.79  (VIOLATED)
   u_ctrl/u_aes/rkeys_reg[1137]/D
                                1.59           6.37 f        -4.79  (VIOLATED)
   u_ctrl/u_aes/rkeys_reg[1143]/D
                                1.59           6.37 f        -4.79  (VIOLATED)
   u_ctrl/u_aes/rkeys_reg[1201]/D
                                1.59           6.37 f        -4.79  (VIOLATED)
   u_ctrl/u_aes/rkeys_reg[1207]/D
                                1.59           6.37 f        -4.79  (VIOLATED)
   u_ctrl/u_aes/rkeys_reg[1232]/D
                                1.59           6.37 f        -4.79  (VIOLATED)
   u_ctrl/u_aes/rkeys_reg[1265]/D
                                1.59           6.37 f        -4.79  (VIOLATED)
   u_ctrl/u_aes/rkeys_reg[1271]/D
                                1.59           6.37 f        -4.79  (VIOLATED)
   u_ctrl/u_aes/rkeys_reg[430]/D
                                1.59           6.35 f        -4.76  (VIOLATED)
   u_ctrl/u_aes/rkeys_reg[503]/D
                                1.59           6.35 f        -4.76  (VIOLATED)
   u_ctrl/u_aes/rkeys_reg[594]/D
                                1.59           6.35 f        -4.76  (VIOLATED)
   u_ctrl/u_aes/rkeys_reg[599]/D
                                1.59           6.35 f        -4.76  (VIOLATED)
   u_ctrl/u_aes/rkeys_reg[613]/D
                                1.59           6.35 f        -4.76  (VIOLATED)
   u_ctrl/u_aes/rkeys_reg[694]/D
                                1.59           6.35 f        -4.76  (VIOLATED)
   u_ctrl/u_aes/rkeys_reg[695]/D
                                1.59           6.35 f        -4.76  (VIOLATED)
   u_ctrl/u_aes/rkeys_reg[759]/D
                                1.59           6.35 f        -4.76  (VIOLATED)
   u_ctrl/u_aes/rkeys_reg[775]/D
                                1.59           6.35 f        -4.76  (VIOLATED)
   u_ctrl/u_aes/rkeys_reg[818]/D
                                1.59           6.35 f        -4.76  (VIOLATED)
   u_ctrl/u_aes/rkeys_reg[822]/D
                                1.59           6.35 f        -4.76  (VIOLATED)
   u_ctrl/u_aes/rkeys_reg[850]/D
                                1.59           6.35 f        -4.76  (VIOLATED)
   u_ctrl/u_aes/rkeys_reg[868]/D
                                1.59           6.35 f        -4.76  (VIOLATED)
   u_ctrl/u_aes/rkeys_reg[887]/D
                                1.59           6.35 f        -4.76  (VIOLATED)
   u_ctrl/u_aes/rkeys_reg[931]/D
                                1.59           6.35 f        -4.76  (VIOLATED)
   u_ctrl/u_aes/rkeys_reg[1026]/D
                                1.59           6.35 f        -4.76  (VIOLATED)
   u_ctrl/u_aes/rkeys_reg[1315]/D
                                1.59           6.35 f        -4.76  (VIOLATED)
   u_ctrl/u_aes/rkeys_reg[1321]/D
                                1.59           6.35 f        -4.76  (VIOLATED)
   u_ctrl/u_aes/rkeys_reg[295]/D
                                1.59           6.34 f        -4.76  (VIOLATED)
   u_ctrl/u_aes/rkeys_reg[334]/D
                                1.59           6.34 f        -4.76  (VIOLATED)
   u_ctrl/u_aes/rkeys_reg[435]/D
                                1.59           6.34 f        -4.76  (VIOLATED)
   u_ctrl/u_aes/rkeys_reg[529]/D
                                1.59           6.34 f        -4.76  (VIOLATED)
   u_ctrl/u_aes/rkeys_reg[764]/D
                                1.59           6.34 f        -4.76  (VIOLATED)
   u_ctrl/u_aes/rkeys_reg[798]/D
                                1.59           6.34 f        -4.76  (VIOLATED)
   u_ctrl/u_aes/rkeys_reg[824]/D
                                1.59           6.34 f        -4.76  (VIOLATED)
   u_ctrl/u_aes/rkeys_reg[828]/D
                                1.59           6.34 f        -4.76  (VIOLATED)
   u_ctrl/u_aes/rkeys_reg[882]/D
                                1.59           6.34 f        -4.76  (VIOLATED)
   u_ctrl/u_aes/rkeys_reg[886]/D
                                1.59           6.34 f        -4.76  (VIOLATED)
   u_ctrl/u_aes/rkeys_reg[890]/D
                                1.59           6.34 f        -4.76  (VIOLATED)
   u_ctrl/u_aes/rkeys_reg[902]/D
                                1.59           6.34 f        -4.76  (VIOLATED)
   u_ctrl/u_aes/rkeys_reg[904]/D
                                1.59           6.34 f        -4.76  (VIOLATED)
   u_ctrl/u_aes/rkeys_reg[928]/D
                                1.59           6.34 f        -4.76  (VIOLATED)
   u_ctrl/u_aes/rkeys_reg[933]/D
                                1.59           6.34 f        -4.76  (VIOLATED)
   u_ctrl/u_aes/rkeys_reg[1018]/D
                                1.59           6.34 f        -4.76  (VIOLATED)
   u_ctrl/u_aes/rkeys_reg[1023]/D
                                1.59           6.34 f        -4.76  (VIOLATED)
   u_ctrl/u_aes/rkeys_reg[1032]/D
                                1.59           6.34 f        -4.76  (VIOLATED)
   u_ctrl/u_aes/rkeys_reg[1093]/D
                                1.59           6.34 f        -4.76  (VIOLATED)
   u_ctrl/u_aes/rkeys_reg[1145]/D
                                1.59           6.34 f        -4.76  (VIOLATED)
   u_ctrl/u_aes/rkeys_reg[1154]/D
                                1.59           6.34 f        -4.76  (VIOLATED)
   u_ctrl/u_aes/rkeys_reg[1158]/D
                                1.59           6.34 f        -4.76  (VIOLATED)
   u_ctrl/u_aes/rkeys_reg[1159]/D
                                1.59           6.34 f        -4.76  (VIOLATED)
   u_ctrl/u_aes/rkeys_reg[1165]/D
                                1.59           6.34 f        -4.76  (VIOLATED)
   u_ctrl/u_aes/rkeys_reg[1180]/D
                                1.59           6.34 f        -4.76  (VIOLATED)
   u_ctrl/u_aes/rkeys_reg[1191]/D
                                1.59           6.34 f        -4.76  (VIOLATED)
   u_ctrl/u_aes/rkeys_reg[1197]/D
                                1.59           6.34 f        -4.76  (VIOLATED)
   u_ctrl/u_aes/rkeys_reg[1223]/D
                                1.59           6.34 f        -4.76  (VIOLATED)
   u_ctrl/u_aes/rkeys_reg[1229]/D
                                1.59           6.34 f        -4.76  (VIOLATED)
   u_ctrl/u_aes/rkeys_reg[1241]/D
                                1.59           6.34 f        -4.76  (VIOLATED)
   u_ctrl/u_aes/rkeys_reg[1248]/D
                                1.59           6.34 f        -4.76  (VIOLATED)
   u_ctrl/u_aes/rkeys_reg[1250]/D
                                1.59           6.34 f        -4.76  (VIOLATED)
   u_ctrl/u_aes/rkeys_reg[1254]/D
                                1.59           6.34 f        -4.76  (VIOLATED)
   u_ctrl/u_aes/rkeys_reg[1255]/D
                                1.59           6.34 f        -4.76  (VIOLATED)
   u_ctrl/u_aes/rkeys_reg[1279]/D
                                1.59           6.34 f        -4.76  (VIOLATED)
   u_ctrl/u_aes/rkeys_reg[369]/D
                                1.59           6.34 f        -4.75  (VIOLATED)
   u_ctrl/u_aes/rkeys_reg[566]/D
                                1.59           6.34 f        -4.75  (VIOLATED)
   u_ctrl/u_aes/rkeys_reg[663]/D
                                1.59           6.34 f        -4.75  (VIOLATED)
   u_ctrl/u_aes/rkeys_reg[974]/D
                                1.59           6.34 f        -4.75  (VIOLATED)
   u_ctrl/u_aes/rkeys_reg[1064]/D
                                1.59           6.34 f        -4.75  (VIOLATED)
   u_ctrl/u_aes/rkeys_reg[1109]/D
                                1.59           6.34 f        -4.75  (VIOLATED)
   u_ctrl/u_aes/rkeys_reg[1209]/D
                                1.59           6.34 f        -4.75  (VIOLATED)
   u_ctrl/u_aes/rkeys_reg[1392]/D
                                1.59           6.34 f        -4.75  (VIOLATED)
   u_ctrl/u_aes/rkeys_reg[173]/D
                                1.59           6.32 f        -4.73  (VIOLATED)
   u_ctrl/u_aes/rkeys_reg[200]/D
                                1.59           6.32 f        -4.73  (VIOLATED)
   u_ctrl/u_aes/rkeys_reg[221]/D
                                1.59           6.32 f        -4.73  (VIOLATED)
   u_ctrl/u_aes/rkeys_reg[290]/D
                                1.59           6.32 f        -4.73  (VIOLATED)
   u_ctrl/u_aes/rkeys_reg[349]/D
                                1.59           6.32 f        -4.73  (VIOLATED)
   u_ctrl/u_aes/rkeys_reg[352]/D
                                1.59           6.32 f        -4.73  (VIOLATED)
   u_ctrl/u_aes/rkeys_reg[357]/D
                                1.59           6.32 f        -4.73  (VIOLATED)
   u_ctrl/u_aes/rkeys_reg[385]/D
                                1.59           6.32 f        -4.73  (VIOLATED)
   u_ctrl/u_aes/rkeys_reg[386]/D
                                1.59           6.32 f        -4.73  (VIOLATED)
   u_ctrl/u_aes/rkeys_reg[446]/D
                                1.59           6.32 f        -4.73  (VIOLATED)
   u_ctrl/u_aes/rkeys_reg[451]/D
                                1.59           6.32 f        -4.73  (VIOLATED)
   u_ctrl/u_aes/rkeys_reg[515]/D
                                1.59           6.32 f        -4.73  (VIOLATED)
   u_ctrl/u_aes/rkeys_reg[533]/D
                                1.59           6.32 f        -4.73  (VIOLATED)
   u_ctrl/u_aes/rkeys_reg[539]/D
                                1.59           6.32 f        -4.73  (VIOLATED)
   u_ctrl/u_aes/rkeys_reg[593]/D
                                1.59           6.32 f        -4.73  (VIOLATED)
   u_ctrl/u_aes/rkeys_reg[602]/D
                                1.59           6.32 f        -4.73  (VIOLATED)
   u_ctrl/u_aes/rkeys_reg[604]/D
                                1.59           6.32 f        -4.73  (VIOLATED)
   u_ctrl/u_aes/rkeys_reg[605]/D
                                1.59           6.32 f        -4.73  (VIOLATED)
   u_ctrl/u_aes/rkeys_reg[606]/D
                                1.59           6.32 f        -4.73  (VIOLATED)
   u_ctrl/u_aes/rkeys_reg[618]/D
                                1.59           6.32 f        -4.73  (VIOLATED)
   u_ctrl/u_aes/rkeys_reg[657]/D
                                1.59           6.32 f        -4.73  (VIOLATED)
   u_ctrl/u_aes/rkeys_reg[678]/D
                                1.59           6.32 f        -4.73  (VIOLATED)
   u_ctrl/u_aes/rkeys_reg[707]/D
                                1.59           6.32 f        -4.73  (VIOLATED)
   u_ctrl/u_aes/rkeys_reg[739]/D
                                1.59           6.32 f        -4.73  (VIOLATED)
   u_ctrl/u_aes/rkeys_reg[869]/D
                                1.59           6.32 f        -4.73  (VIOLATED)
   u_ctrl/u_aes/rkeys_reg[922]/D
                                1.59           6.32 f        -4.73  (VIOLATED)
   u_ctrl/u_aes/rkeys_reg[1011]/D
                                1.59           6.32 f        -4.73  (VIOLATED)
   u_ctrl/u_aes/rkeys_reg[1014]/D
                                1.59           6.32 f        -4.73  (VIOLATED)
   u_ctrl/u_aes/rkeys_reg[1029]/D
                                1.59           6.32 f        -4.73  (VIOLATED)
   u_ctrl/u_aes/rkeys_reg[1036]/D
                                1.59           6.32 f        -4.73  (VIOLATED)
   u_ctrl/u_aes/rkeys_reg[1082]/D
                                1.59           6.32 f        -4.73  (VIOLATED)
   u_ctrl/u_aes/rkeys_reg[1098]/D
                                1.59           6.32 f        -4.73  (VIOLATED)
   u_ctrl/u_aes/rkeys_reg[1099]/D
                                1.59           6.32 f        -4.73  (VIOLATED)
   u_ctrl/u_aes/rkeys_reg[1100]/D
                                1.59           6.32 f        -4.73  (VIOLATED)
   u_ctrl/u_aes/rkeys_reg[1149]/D
                                1.59           6.32 f        -4.73  (VIOLATED)
   u_ctrl/u_aes/rkeys_reg[442]/D
                                1.59           6.31 f        -4.72  (VIOLATED)
   u_ctrl/u_aes/rkeys_reg[470]/D
                                1.59           6.31 f        -4.72  (VIOLATED)
   u_ctrl/u_aes/rkeys_reg[600]/D
                                1.59           6.31 f        -4.72  (VIOLATED)
   u_ctrl/u_aes/rkeys_reg[724]/D
                                1.59           6.31 f        -4.72  (VIOLATED)
   u_ctrl/u_aes/rkeys_reg[964]/D
                                1.59           6.31 f        -4.72  (VIOLATED)
   u_ctrl/u_aes/rkeys_reg[1215]/D
                                1.59           6.31 f        -4.72  (VIOLATED)
   u_ctrl/u_aes/rkeys_reg[1385]/D
                                1.59           6.31 f        -4.72  (VIOLATED)
   u_ctrl/u_aes/rkeys_reg[303]/D
                                1.59           6.29 f        -4.70  (VIOLATED)
   u_ctrl/u_aes/rkeys_reg[351]/D
                                1.59           6.29 f        -4.70  (VIOLATED)
   u_ctrl/u_aes/rkeys_reg[400]/D
                                1.59           6.29 f        -4.70  (VIOLATED)
   u_ctrl/u_aes/rkeys_reg[407]/D
                                1.59           6.29 f        -4.70  (VIOLATED)
   u_ctrl/u_aes/rkeys_reg[578]/D
                                1.59           6.29 f        -4.70  (VIOLATED)
   u_ctrl/u_aes/rkeys_reg[672]/D
                                1.59           6.29 f        -4.70  (VIOLATED)
   u_ctrl/u_aes/rkeys_reg[673]/D
                                1.59           6.29 f        -4.70  (VIOLATED)
   u_ctrl/u_aes/rkeys_reg[674]/D
                                1.59           6.29 f        -4.70  (VIOLATED)
   u_ctrl/u_aes/rkeys_reg[676]/D
                                1.59           6.29 f        -4.70  (VIOLATED)
   u_ctrl/u_aes/rkeys_reg[751]/D
                                1.59           6.29 f        -4.70  (VIOLATED)
   u_ctrl/u_aes/rkeys_reg[768]/D
                                1.59           6.29 f        -4.70  (VIOLATED)
   u_ctrl/u_aes/rkeys_reg[770]/D
                                1.59           6.29 f        -4.70  (VIOLATED)
   u_ctrl/u_aes/rkeys_reg[771]/D
                                1.59           6.29 f        -4.70  (VIOLATED)
   u_ctrl/u_aes/rkeys_reg[772]/D
                                1.59           6.29 f        -4.70  (VIOLATED)
   u_ctrl/u_aes/rkeys_reg[773]/D
                                1.59           6.29 f        -4.70  (VIOLATED)
   u_ctrl/u_aes/rkeys_reg[803]/D
                                1.59           6.29 f        -4.70  (VIOLATED)
   u_ctrl/u_aes/rkeys_reg[975]/D
                                1.59           6.29 f        -4.70  (VIOLATED)
   u_ctrl/u_aes/rkeys_reg[1183]/D
                                1.59           6.29 f        -4.70  (VIOLATED)
   u_ctrl/u_aes/rkeys_reg[573]/D
                                1.59           6.26 f        -4.68  (VIOLATED)
   u_ctrl/u_aes/rkeys_reg[616]/D
                                1.59           6.26 f        -4.68  (VIOLATED)
   u_ctrl/u_aes/rkeys_reg[742]/D
                                1.59           6.26 f        -4.68  (VIOLATED)
   u_ctrl/u_aes/rkeys_reg[743]/D
                                1.59           6.26 f        -4.68  (VIOLATED)
   u_ctrl/u_aes/rkeys_reg[812]/D
                                1.59           6.26 f        -4.68  (VIOLATED)
   u_ctrl/u_aes/rkeys_reg[907]/D
                                1.59           6.26 f        -4.68  (VIOLATED)
   u_ctrl/u_aes/rkeys_reg[932]/D
                                1.59           6.26 f        -4.68  (VIOLATED)
   u_ctrl/u_aes/rkeys_reg[935]/D
                                1.59           6.26 f        -4.68  (VIOLATED)
   u_ctrl/u_aes/rkeys_reg[954]/D
                                1.59           6.26 f        -4.68  (VIOLATED)
   u_ctrl/u_aes/rkeys_reg[998]/D
                                1.59           6.26 f        -4.68  (VIOLATED)
   u_ctrl/u_aes/rkeys_reg[1004]/D
                                1.59           6.26 f        -4.68  (VIOLATED)
   u_ctrl/u_aes/rkeys_reg[1028]/D
                                1.59           6.26 f        -4.68  (VIOLATED)
   u_ctrl/u_aes/rkeys_reg[1030]/D
                                1.59           6.26 f        -4.68  (VIOLATED)
   u_ctrl/u_aes/rkeys_reg[1092]/D
                                1.59           6.26 f        -4.68  (VIOLATED)
   u_ctrl/u_aes/rkeys_reg[1094]/D
                                1.59           6.26 f        -4.68  (VIOLATED)
   u_ctrl/u_aes/rkeys_reg[1095]/D
                                1.59           6.26 f        -4.68  (VIOLATED)
   u_ctrl/u_aes/rkeys_reg[1114]/D
                                1.59           6.26 f        -4.68  (VIOLATED)
   u_ctrl/u_aes/rkeys_reg[1205]/D
                                1.59           6.26 f        -4.68  (VIOLATED)
   u_ctrl/u_aes/rkeys_reg[499]/D
                                1.59           6.26 f        -4.67  (VIOLATED)
   u_ctrl/u_aes/rkeys_reg[502]/D
                                1.59           6.26 f        -4.67  (VIOLATED)
   u_ctrl/u_aes/rkeys_reg[512]/D
                                1.59           6.26 f        -4.67  (VIOLATED)
   u_ctrl/u_aes/rkeys_reg[608]/D
                                1.59           6.26 f        -4.67  (VIOLATED)
   u_ctrl/u_aes/rkeys_reg[612]/D
                                1.59           6.26 f        -4.67  (VIOLATED)
   u_ctrl/u_aes/rkeys_reg[617]/D
                                1.59           6.26 f        -4.67  (VIOLATED)
   u_ctrl/u_aes/rkeys_reg[664]/D
                                1.59           6.26 f        -4.67  (VIOLATED)
   u_ctrl/u_aes/rkeys_reg[809]/D
                                1.59           6.26 f        -4.67  (VIOLATED)
   u_ctrl/u_aes/rkeys_reg[873]/D
                                1.59           6.26 f        -4.67  (VIOLATED)
   u_ctrl/u_aes/rkeys_reg[879]/D
                                1.59           6.26 f        -4.67  (VIOLATED)
   u_ctrl/u_aes/rkeys_reg[971]/D
                                1.59           6.26 f        -4.67  (VIOLATED)
   u_ctrl/u_aes/rkeys_reg[1006]/D
                                1.59           6.26 f        -4.67  (VIOLATED)
   u_ctrl/u_aes/rkeys_reg[1017]/D
                                1.59           6.26 f        -4.67  (VIOLATED)
   u_ctrl/u_aes/rkeys_reg[1071]/D
                                1.59           6.26 f        -4.67  (VIOLATED)
   u_ctrl/u_aes/rkeys_reg[1085]/D
                                1.59           6.26 f        -4.67  (VIOLATED)
   u_ctrl/u_aes/rkeys_reg[1130]/D
                                1.59           6.26 f        -4.67  (VIOLATED)
   u_ctrl/u_aes/rkeys_reg[153]/D
                                1.59           6.26 f        -4.67  (VIOLATED)
   u_ctrl/u_aes/rkeys_reg[320]/D
                                1.59           6.26 f        -4.67  (VIOLATED)
   u_ctrl/u_aes/rkeys_reg[712]/D
                                1.59           6.26 f        -4.67  (VIOLATED)
   u_ctrl/u_aes/rkeys_reg[1008]/D
                                1.59           6.26 f        -4.67  (VIOLATED)
   u_ctrl/u_aes/rkeys_reg[1079]/D
                                1.59           6.26 f        -4.67  (VIOLATED)
   u_ctrl/u_aes/rkeys_reg[1146]/D
                                1.59           6.26 f        -4.67  (VIOLATED)
   u_ctrl/u_aes/rkeys_reg[1178]/D
                                1.59           6.26 f        -4.67  (VIOLATED)
   u_ctrl/u_aes/rkeys_reg[1211]/D
                                1.59           6.26 f        -4.67  (VIOLATED)
   u_ctrl/u_aes/rkeys_reg[1246]/D
                                1.59           6.26 f        -4.67  (VIOLATED)
   u_ctrl/u_aes/rkeys_reg[1261]/D
                                1.59           6.26 f        -4.67  (VIOLATED)
   u_ctrl/u_aes/rkeys_reg[1274]/D
                                1.59           6.26 f        -4.67  (VIOLATED)
   u_ctrl/u_aes/rkeys_reg[1289]/D
                                1.59           6.26 f        -4.67  (VIOLATED)
   u_ctrl/u_aes/rkeys_reg[1291]/D
                                1.59           6.26 f        -4.67  (VIOLATED)
   u_ctrl/u_aes/rkeys_reg[1296]/D
                                1.59           6.26 f        -4.67  (VIOLATED)
   u_ctrl/u_aes/rkeys_reg[134]/D
                                1.59           6.25 f        -4.67  (VIOLATED)
   u_ctrl/u_aes/rkeys_reg[318]/D
                                1.59           6.25 f        -4.67  (VIOLATED)
   u_ctrl/u_aes/rkeys_reg[472]/D
                                1.59           6.25 f        -4.67  (VIOLATED)
   u_ctrl/u_aes/rkeys_reg[520]/D
                                1.59           6.25 f        -4.67  (VIOLATED)
   u_ctrl/u_aes/rkeys_reg[521]/D
                                1.59           6.25 f        -4.67  (VIOLATED)
   u_ctrl/u_aes/rkeys_reg[522]/D
                                1.59           6.25 f        -4.67  (VIOLATED)
   u_ctrl/u_aes/rkeys_reg[523]/D
                                1.59           6.25 f        -4.67  (VIOLATED)
   u_ctrl/u_aes/rkeys_reg[524]/D
                                1.59           6.25 f        -4.67  (VIOLATED)
   u_ctrl/u_aes/rkeys_reg[535]/D
                                1.59           6.25 f        -4.67  (VIOLATED)
   u_ctrl/u_aes/rkeys_reg[641]/D
                                1.59           6.25 f        -4.67  (VIOLATED)
   u_ctrl/u_aes/rkeys_reg[643]/D
                                1.59           6.25 f        -4.67  (VIOLATED)
   u_ctrl/u_aes/rkeys_reg[645]/D
                                1.59           6.25 f        -4.67  (VIOLATED)
   u_ctrl/u_aes/rkeys_reg[647]/D
                                1.59           6.25 f        -4.67  (VIOLATED)
   u_ctrl/u_aes/rkeys_reg[797]/D
                                1.59           6.25 f        -4.67  (VIOLATED)
   u_ctrl/u_aes/rkeys_reg[799]/D
                                1.59           6.25 f        -4.67  (VIOLATED)
   u_ctrl/u_aes/rkeys_reg[832]/D
                                1.59           6.25 f        -4.67  (VIOLATED)
   u_ctrl/u_aes/rkeys_reg[906]/D
                                1.59           6.25 f        -4.67  (VIOLATED)
   u_ctrl/u_aes/rkeys_reg[938]/D
                                1.59           6.25 f        -4.67  (VIOLATED)
   u_ctrl/u_aes/rkeys_reg[1002]/D
                                1.59           6.25 f        -4.67  (VIOLATED)
   u_ctrl/u_aes/rkeys_reg[1033]/D
                                1.59           6.25 f        -4.67  (VIOLATED)
   u_ctrl/u_aes/rkeys_reg[1096]/D
                                1.59           6.25 f        -4.67  (VIOLATED)
   u_ctrl/u_aes/rkeys_reg[1140]/D
                                1.59           6.25 f        -4.67  (VIOLATED)
   u_ctrl/u_aes/rkeys_reg[1190]/D
                                1.59           6.25 f        -4.67  (VIOLATED)
   u_ctrl/u_aes/rkeys_reg[1222]/D
                                1.59           6.25 f        -4.67  (VIOLATED)
   u_ctrl/u_aes/rkeys_reg[65]/D
                                1.59           6.23 f        -4.65  (VIOLATED)
   u_ctrl/u_aes/rkeys_reg[66]/D
                                1.59           6.23 f        -4.65  (VIOLATED)
   u_ctrl/u_aes/rkeys_reg[164]/D
                                1.59           6.23 f        -4.65  (VIOLATED)
   u_ctrl/u_aes/rkeys_reg[411]/D
                                1.59           6.23 f        -4.65  (VIOLATED)
   u_ctrl/u_aes/rkeys_reg[611]/D
                                1.59           6.23 f        -4.65  (VIOLATED)
   u_ctrl/u_aes/rkeys_reg[704]/D
                                1.59           6.23 f        -4.65  (VIOLATED)
   u_ctrl/u_aes/rkeys_reg[744]/D
                                1.59           6.23 f        -4.65  (VIOLATED)
   u_ctrl/u_aes/rkeys_reg[841]/D
                                1.59           6.23 f        -4.65  (VIOLATED)
   u_ctrl/u_aes/rkeys_reg[957]/D
                                1.59           6.23 f        -4.65  (VIOLATED)
   u_ctrl/u_aes/rkeys_reg[960]/D
                                1.59           6.23 f        -4.65  (VIOLATED)
   u_ctrl/u_aes/rkeys_reg[993]/D
                                1.59           6.23 f        -4.65  (VIOLATED)
   u_ctrl/u_aes/rkeys_reg[1053]/D
                                1.59           6.23 f        -4.65  (VIOLATED)
   u_ctrl/u_aes/rkeys_reg[1117]/D
                                1.59           6.23 f        -4.65  (VIOLATED)
   u_ctrl/u_aes/rkeys_reg[1120]/D
                                1.59           6.23 f        -4.65  (VIOLATED)
   u_ctrl/u_aes/rkeys_reg[1135]/D
                                1.59           6.23 f        -4.65  (VIOLATED)
   u_ctrl/u_aes/rkeys_reg[1153]/D
                                1.59           6.23 f        -4.65  (VIOLATED)
   u_ctrl/u_aes/rkeys_reg[1169]/D
                                1.59           6.23 f        -4.65  (VIOLATED)
   u_ctrl/u_aes/rkeys_reg[1196]/D
                                1.59           6.23 f        -4.65  (VIOLATED)
   u_ctrl/u_aes/rkeys_reg[1214]/D
                                1.59           6.23 f        -4.65  (VIOLATED)
   u_ctrl/u_aes/rkeys_reg[1239]/D
                                1.59           6.23 f        -4.65  (VIOLATED)
   u_ctrl/u_aes/rkeys_reg[1273]/D
                                1.59           6.23 f        -4.65  (VIOLATED)
   u_ctrl/u_aes/rkeys_reg[1281]/D
                                1.59           6.23 f        -4.65  (VIOLATED)
   u_ctrl/u_aes/rkeys_reg[1376]/D
                                1.59           6.23 f        -4.65  (VIOLATED)
   u_ctrl/u_aes/rkeys_reg[1377]/D
                                1.59           6.23 f        -4.65  (VIOLATED)
   u_ctrl/u_aes/rkeys_reg[367]/D
                                1.59           6.22 f        -4.63  (VIOLATED)
   u_ctrl/u_aes/rkeys_reg[399]/D
                                1.59           6.22 f        -4.63  (VIOLATED)
   u_ctrl/u_aes/rkeys_reg[680]/D
                                1.59           6.22 f        -4.63  (VIOLATED)
   u_ctrl/u_aes/rkeys_reg[709]/D
                                1.59           6.22 f        -4.63  (VIOLATED)
   u_ctrl/u_aes/rkeys_reg[721]/D
                                1.59           6.22 f        -4.63  (VIOLATED)
   u_ctrl/u_aes/rkeys_reg[776]/D
                                1.59           6.22 f        -4.63  (VIOLATED)
   u_ctrl/u_aes/rkeys_reg[783]/D
                                1.59           6.22 f        -4.63  (VIOLATED)
   u_ctrl/u_aes/rkeys_reg[807]/D
                                1.59           6.22 f        -4.63  (VIOLATED)
   u_ctrl/u_aes/rkeys_reg[210]/D
                                1.59           6.21 f        -4.63  (VIOLATED)
   u_ctrl/u_aes/rkeys_reg[478]/D
                                1.59           6.21 f        -4.63  (VIOLATED)
   u_ctrl/u_aes/rkeys_reg[856]/D
                                1.59           6.21 f        -4.63  (VIOLATED)
   u_ctrl/u_aes/rkeys_reg[867]/D
                                1.59           6.21 f        -4.63  (VIOLATED)
   u_ctrl/u_aes/rkeys_reg[871]/D
                                1.59           6.21 f        -4.63  (VIOLATED)
   u_ctrl/u_aes/rkeys_reg[877]/D
                                1.59           6.21 f        -4.63  (VIOLATED)
   u_ctrl/u_aes/rkeys_reg[888]/D
                                1.59           6.21 f        -4.63  (VIOLATED)
   u_ctrl/u_aes/rkeys_reg[889]/D
                                1.59           6.21 f        -4.63  (VIOLATED)
   u_ctrl/u_aes/rkeys_reg[894]/D
                                1.59           6.21 f        -4.63  (VIOLATED)
   u_ctrl/u_aes/rkeys_reg[948]/D
                                1.59           6.21 f        -4.63  (VIOLATED)
   u_ctrl/u_aes/rkeys_reg[950]/D
                                1.59           6.21 f        -4.63  (VIOLATED)
   u_ctrl/u_aes/rkeys_reg[962]/D
                                1.59           6.21 f        -4.63  (VIOLATED)
   u_ctrl/u_aes/rkeys_reg[982]/D
                                1.59           6.21 f        -4.63  (VIOLATED)
   u_ctrl/u_aes/rkeys_reg[994]/D
                                1.59           6.21 f        -4.63  (VIOLATED)
   u_ctrl/u_aes/rkeys_reg[1081]/D
                                1.59           6.21 f        -4.63  (VIOLATED)
   u_ctrl/u_aes/rkeys_reg[1084]/D
                                1.59           6.21 f        -4.63  (VIOLATED)
   u_ctrl/u_aes/rkeys_reg[1282]/D
                                1.59           6.21 f        -4.63  (VIOLATED)
   u_ctrl/u_aes/rkeys_reg[1283]/D
                                1.59           6.21 f        -4.63  (VIOLATED)
   u_ctrl/u_aes/rkeys_reg[16]/D
                                1.59           6.21 f        -4.62  (VIOLATED)
   u_ctrl/u_aes/rkeys_reg[418]/D
                                1.59           6.21 f        -4.62  (VIOLATED)
   u_ctrl/u_aes/rkeys_reg[568]/D
                                1.59           6.21 f        -4.62  (VIOLATED)
   u_ctrl/u_aes/rkeys_reg[635]/D
                                1.59           6.21 f        -4.62  (VIOLATED)
   u_ctrl/u_aes/rkeys_reg[667]/D
                                1.59           6.21 f        -4.62  (VIOLATED)
   u_ctrl/u_aes/rkeys_reg[731]/D
                                1.59           6.21 f        -4.62  (VIOLATED)
   u_ctrl/u_aes/rkeys_reg[763]/D
                                1.59           6.21 f        -4.62  (VIOLATED)
   u_ctrl/u_aes/rkeys_reg[1202]/D
                                1.59           6.21 f        -4.62  (VIOLATED)
   u_ctrl/u_aes/rkeys_reg[12]/D
                                1.59           6.18 f        -4.59  (VIOLATED)
   u_ctrl/u_aes/rkeys_reg[96]/D
                                1.59           6.18 f        -4.59  (VIOLATED)
   u_ctrl/u_aes/rkeys_reg[124]/D
                                1.59           6.18 f        -4.59  (VIOLATED)
   u_ctrl/u_aes/rkeys_reg[129]/D
                                1.59           6.18 f        -4.59  (VIOLATED)
   u_ctrl/u_aes/rkeys_reg[130]/D
                                1.59           6.18 f        -4.59  (VIOLATED)
   u_ctrl/u_aes/rkeys_reg[131]/D
                                1.59           6.18 f        -4.59  (VIOLATED)
   u_ctrl/u_aes/rkeys_reg[136]/D
                                1.59           6.18 f        -4.59  (VIOLATED)
   u_ctrl/u_aes/rkeys_reg[147]/D
                                1.59           6.18 f        -4.59  (VIOLATED)
   u_ctrl/u_aes/rkeys_reg[156]/D
                                1.59           6.18 f        -4.59  (VIOLATED)
   u_ctrl/u_aes/rkeys_reg[167]/D
                                1.59           6.18 f        -4.59  (VIOLATED)
   u_ctrl/u_aes/rkeys_reg[168]/D
                                1.59           6.18 f        -4.59  (VIOLATED)
   u_ctrl/u_aes/rkeys_reg[170]/D
                                1.59           6.18 f        -4.59  (VIOLATED)
   u_ctrl/u_aes/rkeys_reg[171]/D
                                1.59           6.18 f        -4.59  (VIOLATED)
   u_ctrl/u_aes/rkeys_reg[183]/D
                                1.59           6.18 f        -4.59  (VIOLATED)
   u_ctrl/u_aes/rkeys_reg[202]/D
                                1.59           6.18 f        -4.59  (VIOLATED)
   u_ctrl/u_aes/rkeys_reg[252]/D
                                1.59           6.18 f        -4.59  (VIOLATED)
   u_ctrl/u_aes/rkeys_reg[263]/D
                                1.59           6.18 f        -4.59  (VIOLATED)
   u_ctrl/u_aes/rkeys_reg[265]/D
                                1.59           6.18 f        -4.59  (VIOLATED)
   u_ctrl/u_aes/rkeys_reg[267]/D
                                1.59           6.18 f        -4.59  (VIOLATED)
   u_ctrl/u_aes/rkeys_reg[268]/D
                                1.59           6.18 f        -4.59  (VIOLATED)
   u_ctrl/u_aes/rkeys_reg[276]/D
                                1.59           6.18 f        -4.59  (VIOLATED)
   u_ctrl/u_aes/rkeys_reg[277]/D
                                1.59           6.18 f        -4.59  (VIOLATED)
   u_ctrl/u_aes/rkeys_reg[281]/D
                                1.59           6.18 f        -4.59  (VIOLATED)
   u_ctrl/u_aes/rkeys_reg[282]/D
                                1.59           6.18 f        -4.59  (VIOLATED)
   u_ctrl/u_aes/rkeys_reg[283]/D
                                1.59           6.18 f        -4.59  (VIOLATED)
   u_ctrl/u_aes/rkeys_reg[285]/D
                                1.59           6.18 f        -4.59  (VIOLATED)
   u_ctrl/u_aes/rkeys_reg[287]/D
                                1.59           6.18 f        -4.59  (VIOLATED)
   u_ctrl/u_aes/rkeys_reg[292]/D
                                1.59           6.18 f        -4.59  (VIOLATED)
   u_ctrl/u_aes/rkeys_reg[293]/D
                                1.59           6.18 f        -4.59  (VIOLATED)
   u_ctrl/u_aes/rkeys_reg[294]/D
                                1.59           6.18 f        -4.59  (VIOLATED)
   u_ctrl/u_aes/rkeys_reg[328]/D
                                1.59           6.18 f        -4.59  (VIOLATED)
   u_ctrl/u_aes/rkeys_reg[330]/D
                                1.59           6.18 f        -4.59  (VIOLATED)
   u_ctrl/u_aes/rkeys_reg[374]/D
                                1.59           6.18 f        -4.59  (VIOLATED)
   u_ctrl/u_aes/rkeys_reg[389]/D
                                1.59           6.18 f        -4.59  (VIOLATED)
   u_ctrl/u_aes/rkeys_reg[403]/D
                                1.59           6.18 f        -4.59  (VIOLATED)
   u_ctrl/u_aes/rkeys_reg[405]/D
                                1.59           6.18 f        -4.59  (VIOLATED)
   u_ctrl/u_aes/rkeys_reg[426]/D
                                1.59           6.18 f        -4.59  (VIOLATED)
   u_ctrl/u_aes/rkeys_reg[461]/D
                                1.59           6.18 f        -4.59  (VIOLATED)
   u_ctrl/u_aes/rkeys_reg[494]/D
                                1.59           6.18 f        -4.59  (VIOLATED)
   u_ctrl/u_aes/rkeys_reg[588]/D
                                1.59           6.18 f        -4.59  (VIOLATED)
   u_ctrl/u_aes/rkeys_reg[683]/D
                                1.59           6.18 f        -4.59  (VIOLATED)
   u_ctrl/u_aes/rkeys_reg[741]/D
                                1.59           6.18 f        -4.59  (VIOLATED)
   u_ctrl/u_aes/rkeys_reg[774]/D
                                1.59           6.18 f        -4.59  (VIOLATED)
   u_ctrl/u_aes/rkeys_reg[778]/D
                                1.59           6.18 f        -4.59  (VIOLATED)
   u_ctrl/u_aes/rkeys_reg[792]/D
                                1.59           6.18 f        -4.59  (VIOLATED)
   u_ctrl/u_aes/rkeys_reg[794]/D
                                1.59           6.18 f        -4.59  (VIOLATED)
   u_ctrl/u_aes/rkeys_reg[795]/D
                                1.59           6.18 f        -4.59  (VIOLATED)
   u_ctrl/u_aes/rkeys_reg[796]/D
                                1.59           6.18 f        -4.59  (VIOLATED)
   u_ctrl/u_aes/rkeys_reg[842]/D
                                1.59           6.18 f        -4.59  (VIOLATED)
   u_ctrl/u_aes/rkeys_reg[843]/D
                                1.59           6.18 f        -4.59  (VIOLATED)
   u_ctrl/u_aes/rkeys_reg[845]/D
                                1.59           6.18 f        -4.59  (VIOLATED)
   u_ctrl/u_aes/rkeys_reg[912]/D
                                1.59           6.18 f        -4.59  (VIOLATED)
   u_ctrl/u_aes/rkeys_reg[915]/D
                                1.59           6.18 f        -4.59  (VIOLATED)
   u_ctrl/u_aes/rkeys_reg[917]/D
                                1.59           6.18 f        -4.59  (VIOLATED)
   u_ctrl/u_aes/rkeys_reg[918]/D
                                1.59           6.18 f        -4.59  (VIOLATED)
   u_ctrl/u_aes/rkeys_reg[1009]/D
                                1.59           6.18 f        -4.59  (VIOLATED)
   u_ctrl/u_aes/rkeys_reg[1039]/D
                                1.59           6.18 f        -4.59  (VIOLATED)
   u_ctrl/u_aes/rkeys_reg[1044]/D
                                1.59           6.18 f        -4.59  (VIOLATED)
   u_ctrl/u_aes/rkeys_reg[1103]/D
                                1.59           6.18 f        -4.59  (VIOLATED)
   u_ctrl/u_aes/rkeys_reg[1131]/D
                                1.59           6.18 f        -4.59  (VIOLATED)
   u_ctrl/u_aes/rkeys_reg[1233]/D
                                1.59           6.18 f        -4.59  (VIOLATED)
   u_ctrl/u_aes/rkeys_reg[1262]/D
                                1.59           6.18 f        -4.59  (VIOLATED)
   u_ctrl/u_aes/rkeys_reg[1323]/D
                                1.59           6.18 f        -4.59  (VIOLATED)
   u_ctrl/u_aes/rkeys_reg[1328]/D
                                1.59           6.18 f        -4.59  (VIOLATED)
   u_ctrl/u_aes/rkeys_reg[1331]/D
                                1.59           6.18 f        -4.59  (VIOLATED)
   u_ctrl/u_aes/rkeys_reg[1339]/D
                                1.59           6.18 f        -4.59  (VIOLATED)
   u_ctrl/u_aes/rkeys_reg[1344]/D
                                1.59           6.18 f        -4.59  (VIOLATED)
   u_ctrl/u_aes/rkeys_reg[1345]/D
                                1.59           6.18 f        -4.59  (VIOLATED)
   u_ctrl/u_aes/rkeys_reg[1346]/D
                                1.59           6.18 f        -4.59  (VIOLATED)
   u_ctrl/u_aes/rkeys_reg[1353]/D
                                1.59           6.18 f        -4.59  (VIOLATED)
   u_ctrl/u_aes/rkeys_reg[1354]/D
                                1.59           6.18 f        -4.59  (VIOLATED)
   u_ctrl/u_aes/rkeys_reg[1360]/D
                                1.59           6.18 f        -4.59  (VIOLATED)
   u_ctrl/u_aes/rkeys_reg[410]/D
                                1.59           6.14 f        -4.55  (VIOLATED)
   u_ctrl/u_aes/rkeys_reg[988]/D
                                1.59           6.14 f        -4.55  (VIOLATED)
   u_ctrl/u_aes/rkeys_reg[1020]/D
                                1.59           6.14 f        -4.55  (VIOLATED)
   u_ctrl/u_aes/rkeys_reg[1021]/D
                                1.59           6.14 f        -4.55  (VIOLATED)
   u_ctrl/u_aes/rkeys_reg[1045]/D
                                1.59           6.14 f        -4.55  (VIOLATED)
   u_ctrl/u_aes/rkeys_reg[1177]/D
                                1.59           6.14 f        -4.55  (VIOLATED)
   u_ctrl/u_aes/rkeys_reg[1244]/D
                                1.59           6.14 f        -4.55  (VIOLATED)
   u_ctrl/u_aes/rkeys_reg[1276]/D
                                1.59           6.14 f        -4.55  (VIOLATED)
   u_ctrl/u_aes/rkeys_reg[137]/D
                                1.59           6.13 f        -4.54  (VIOLATED)
   u_ctrl/u_aes/rkeys_reg[140]/D
                                1.59           6.13 f        -4.54  (VIOLATED)
   u_ctrl/u_aes/rkeys_reg[143]/D
                                1.59           6.13 f        -4.54  (VIOLATED)
   u_ctrl/u_aes/rkeys_reg[162]/D
                                1.59           6.13 f        -4.54  (VIOLATED)
   u_ctrl/u_aes/rkeys_reg[220]/D
                                1.59           6.13 f        -4.54  (VIOLATED)
   u_ctrl/u_aes/rkeys_reg[247]/D
                                1.59           6.13 f        -4.54  (VIOLATED)
   u_ctrl/u_aes/rkeys_reg[257]/D
                                1.59           6.13 f        -4.54  (VIOLATED)
   u_ctrl/u_aes/rkeys_reg[260]/D
                                1.59           6.13 f        -4.54  (VIOLATED)
   u_ctrl/u_aes/rkeys_reg[433]/D
                                1.59           6.13 f        -4.54  (VIOLATED)
   u_ctrl/u_aes/rkeys_reg[493]/D
                                1.59           6.13 f        -4.54  (VIOLATED)
   u_ctrl/u_aes/rkeys_reg[528]/D
                                1.59           6.13 f        -4.54  (VIOLATED)
   u_ctrl/u_aes/rkeys_reg[552]/D
                                1.59           6.13 f        -4.54  (VIOLATED)
   u_ctrl/u_aes/rkeys_reg[554]/D
                                1.59           6.13 f        -4.54  (VIOLATED)
   u_ctrl/u_aes/rkeys_reg[555]/D
                                1.59           6.13 f        -4.54  (VIOLATED)
   u_ctrl/u_aes/rkeys_reg[556]/D
                                1.59           6.13 f        -4.54  (VIOLATED)
   u_ctrl/u_aes/rkeys_reg[557]/D
                                1.59           6.13 f        -4.54  (VIOLATED)
   u_ctrl/u_aes/rkeys_reg[649]/D
                                1.59           6.13 f        -4.54  (VIOLATED)
   u_ctrl/u_aes/rkeys_reg[653]/D
                                1.59           6.13 f        -4.54  (VIOLATED)
   u_ctrl/u_aes/rkeys_reg[230]/D
                                1.59           6.13 f        -4.54  (VIOLATED)
   u_ctrl/u_aes/rkeys_reg[231]/D
                                1.59           6.13 f        -4.54  (VIOLATED)
   u_ctrl/u_aes/rkeys_reg[319]/D
                                1.59           6.13 f        -4.54  (VIOLATED)
   u_ctrl/u_aes/rkeys_reg[327]/D
                                1.59           6.13 f        -4.54  (VIOLATED)
   u_ctrl/u_aes/rkeys_reg[356]/D
                                1.59           6.13 f        -4.54  (VIOLATED)
   u_ctrl/u_aes/rkeys_reg[419]/D
                                1.59           6.13 f        -4.54  (VIOLATED)
   u_ctrl/u_aes/rkeys_reg[422]/D
                                1.59           6.13 f        -4.54  (VIOLATED)
   u_ctrl/u_aes/rkeys_reg[481]/D
                                1.59           6.13 f        -4.54  (VIOLATED)
   u_ctrl/u_aes/rkeys_reg[483]/D
                                1.59           6.13 f        -4.54  (VIOLATED)
   u_ctrl/u_aes/rkeys_reg[513]/D
                                1.59           6.13 f        -4.54  (VIOLATED)
   u_ctrl/u_aes/rkeys_reg[518]/D
                                1.59           6.13 f        -4.54  (VIOLATED)
   u_ctrl/u_aes/rkeys_reg[550]/D
                                1.59           6.13 f        -4.54  (VIOLATED)
   u_ctrl/u_aes/rkeys_reg[577]/D
                                1.59           6.13 f        -4.54  (VIOLATED)
   u_ctrl/u_aes/rkeys_reg[585]/D
                                1.59           6.13 f        -4.54  (VIOLATED)
   u_ctrl/u_aes/rkeys_reg[610]/D
                                1.59           6.13 f        -4.54  (VIOLATED)
   u_ctrl/u_aes/rkeys_reg[614]/D
                                1.59           6.13 f        -4.54  (VIOLATED)
   u_ctrl/u_aes/rkeys_reg[666]/D
                                1.59           6.13 f        -4.54  (VIOLATED)
   u_ctrl/u_aes/rkeys_reg[1235]/D
                                1.59           6.13 f        -4.54  (VIOLATED)
   u_ctrl/u_aes/rkeys_reg[163]/D
                                1.59           6.12 f        -4.54  (VIOLATED)
   u_ctrl/u_aes/rkeys_reg[346]/D
                                1.59           6.12 f        -4.54  (VIOLATED)
   u_ctrl/u_aes/rkeys_reg[424]/D
                                1.59           6.12 f        -4.54  (VIOLATED)
   u_ctrl/u_aes/rkeys_reg[464]/D
                                1.59           6.12 f        -4.54  (VIOLATED)
   u_ctrl/u_aes/rkeys_reg[465]/D
                                1.59           6.12 f        -4.54  (VIOLATED)
   u_ctrl/u_aes/rkeys_reg[466]/D
                                1.59           6.12 f        -4.54  (VIOLATED)
   u_ctrl/u_aes/rkeys_reg[467]/D
                                1.59           6.12 f        -4.54  (VIOLATED)
   u_ctrl/u_aes/rkeys_reg[477]/D
                                1.59           6.12 f        -4.54  (VIOLATED)
   u_ctrl/u_aes/rkeys_reg[560]/D
                                1.59           6.12 f        -4.54  (VIOLATED)
   u_ctrl/u_aes/rkeys_reg[562]/D
                                1.59           6.12 f        -4.54  (VIOLATED)
   u_ctrl/u_aes/rkeys_reg[564]/D
                                1.59           6.12 f        -4.54  (VIOLATED)
   u_ctrl/u_aes/rkeys_reg[575]/D
                                1.59           6.12 f        -4.54  (VIOLATED)
   u_ctrl/u_aes/rkeys_reg[658]/D
                                1.59           6.12 f        -4.54  (VIOLATED)
   u_ctrl/u_aes/rkeys_reg[720]/D
                                1.59           6.12 f        -4.54  (VIOLATED)
   u_ctrl/u_aes/rkeys_reg[722]/D
                                1.59           6.12 f        -4.54  (VIOLATED)
   u_ctrl/u_aes/rkeys_reg[723]/D
                                1.59           6.12 f        -4.54  (VIOLATED)
   u_ctrl/u_aes/rkeys_reg[1107]/D
                                1.59           6.12 f        -4.54  (VIOLATED)
   u_ctrl/u_aes/rkeys_reg[1108]/D
                                1.59           6.12 f        -4.54  (VIOLATED)
   u_ctrl/u_aes/rkeys_reg[377]/D
                                1.59           6.12 f        -4.53  (VIOLATED)
   u_ctrl/u_aes/rkeys_reg[378]/D
                                1.59           6.12 f        -4.53  (VIOLATED)
   u_ctrl/u_aes/rkeys_reg[382]/D
                                1.59           6.12 f        -4.53  (VIOLATED)
   u_ctrl/u_aes/rkeys_reg[473]/D
                                1.59           6.12 f        -4.53  (VIOLATED)
   u_ctrl/u_aes/rkeys_reg[506]/D
                                1.59           6.12 f        -4.53  (VIOLATED)
   u_ctrl/u_aes/rkeys_reg[508]/D
                                1.59           6.12 f        -4.53  (VIOLATED)
   u_ctrl/u_aes/rkeys_reg[569]/D
                                1.59           6.12 f        -4.53  (VIOLATED)
   u_ctrl/u_aes/rkeys_reg[570]/D
                                1.59           6.12 f        -4.53  (VIOLATED)
   u_ctrl/u_aes/rkeys_reg[633]/D
                                1.59           6.12 f        -4.53  (VIOLATED)
   u_ctrl/u_aes/rkeys_reg[634]/D
                                1.59           6.12 f        -4.53  (VIOLATED)
   u_ctrl/u_aes/rkeys_reg[636]/D
                                1.59           6.12 f        -4.53  (VIOLATED)
   u_ctrl/u_aes/rkeys_reg[669]/D
                                1.59           6.12 f        -4.53  (VIOLATED)
   u_ctrl/u_aes/rkeys_reg[700]/D
                                1.59           6.12 f        -4.53  (VIOLATED)
   u_ctrl/u_aes/rkeys_reg[702]/D
                                1.59           6.12 f        -4.53  (VIOLATED)
   u_ctrl/u_aes/rkeys_reg[762]/D
                                1.59           6.12 f        -4.53  (VIOLATED)
   u_ctrl/u_aes/rkeys_reg[852]/D
                                1.59           6.12 f        -4.53  (VIOLATED)
   u_ctrl/u_aes/rkeys_reg[858]/D
                                1.59           6.12 f        -4.53  (VIOLATED)
   u_ctrl/u_aes/rkeys_reg[1175]/D
                                1.59           6.12 f        -4.53  (VIOLATED)
   u_ctrl/u_aes/rkeys_reg[714]/D
                                1.59           6.04 f        -4.46  (VIOLATED)
   u_ctrl/u_aes/rkeys_reg[813]/D
                                1.59           6.04 f        -4.46  (VIOLATED)
   u_ctrl/u_aes/rkeys_reg[830]/D
                                1.59           6.04 f        -4.46  (VIOLATED)
   u_ctrl/u_aes/rkeys_reg[929]/D
                                1.59           6.04 f        -4.46  (VIOLATED)
   u_ctrl/u_aes/rkeys_reg[995]/D
                                1.59           6.04 f        -4.46  (VIOLATED)
   u_ctrl/u_aes/rkeys_reg[1025]/D
                                1.59           6.04 f        -4.46  (VIOLATED)
   u_ctrl/u_aes/rkeys_reg[1027]/D
                                1.59           6.04 f        -4.46  (VIOLATED)
   u_ctrl/u_aes/rkeys_reg[1031]/D
                                1.59           6.04 f        -4.46  (VIOLATED)
   u_ctrl/u_aes/rkeys_reg[1066]/D
                                1.59           6.04 f        -4.46  (VIOLATED)
   u_ctrl/u_aes/rkeys_reg[1123]/D
                                1.59           6.04 f        -4.46  (VIOLATED)
   u_ctrl/u_aes/rkeys_reg[1166]/D
                                1.59           6.04 f        -4.46  (VIOLATED)
   u_ctrl/u_aes/rkeys_reg[1171]/D
                                1.59           6.04 f        -4.46  (VIOLATED)
   u_ctrl/u_aes/rkeys_reg[1195]/D
                                1.59           6.04 f        -4.46  (VIOLATED)
   u_ctrl/u_aes/rkeys_reg[1258]/D
                                1.59           6.04 f        -4.46  (VIOLATED)
   u_ctrl/u_aes/rkeys_reg[376]/D
                                1.59           5.71 f        -4.12  (VIOLATED)
   u_ctrl/u_aes/rkeys_reg[409]/D
                                1.59           5.71 f        -4.12  (VIOLATED)
   u_ctrl/u_aes/rkeys_reg[909]/D
                                1.59           5.71 f        -4.12  (VIOLATED)
   u_ctrl/u_aes/rkeys_reg[1005]/D
                                1.59           5.71 f        -4.12  (VIOLATED)
   u_ctrl/u_aes/rkeys_reg[1221]/D
                                1.59           5.71 f        -4.12  (VIOLATED)
   u_ctrl/u_aes/rkeys_reg[1225]/D
                                1.59           5.71 f        -4.12  (VIOLATED)
   u_ctrl/u_aes/rkeys_reg[583]/D
                                1.59           5.68 f        -4.10  (VIOLATED)
   u_ctrl/u_aes/rkeys_reg[804]/D
                                1.59           5.68 f        -4.10  (VIOLATED)
   u_ctrl/u_aes/rkeys_reg[1128]/D
                                1.59           5.68 f        -4.10  (VIOLATED)
   u_ctrl/u_aes/rkeys_reg[1247]/D
                                1.59           5.68 f        -4.10  (VIOLATED)
   u_ctrl/u_aes/rkeys_reg[360]/D
                                1.59           5.62 f        -4.03  (VIOLATED)
   u_ctrl/u_aes/rkeys_reg[398]/D
                                1.59           5.62 f        -4.03  (VIOLATED)
   u_ctrl/u_aes/rkeys_reg[462]/D
                                1.59           5.62 f        -4.03  (VIOLATED)
   u_ctrl/u_aes/rkeys_reg[1234]/D
                                1.59           5.62 f        -4.03  (VIOLATED)
   u_ctrl/u_aes/rkeys_reg[206]/D
                                1.59           5.60 f        -4.01  (VIOLATED)
   u_ctrl/u_aes/rkeys_reg[551]/D
                                1.59           5.60 f        -4.01  (VIOLATED)
   u_ctrl/u_aes/rkeys_reg[1087]/D
                                1.59           5.60 f        -4.01  (VIOLATED)
   u_ctrl/u_aes/rkeys_reg[1162]/D
                                1.59           5.60 f        -4.01  (VIOLATED)
   u_ctrl/u_aes/rkeys_reg[223]/D
                                1.59           5.54 f        -3.95  (VIOLATED)
   u_ctrl/u_aes/rkeys_reg[716]/D
                                1.59           5.54 f        -3.95  (VIOLATED)
   u_ctrl/u_aes/rkeys_reg[827]/D
                                1.59           5.54 f        -3.95  (VIOLATED)
   u_ctrl/u_aes/rkeys_reg[1051]/D
                                1.59           5.51 f        -3.92  (VIOLATED)
   u_ctrl/u_aes/rkeys_reg[1075]/D
                                1.59           5.51 f        -3.92  (VIOLATED)
   u_ctrl/u_aes/rkeys_reg[1173]/D
                                1.59           5.51 f        -3.92  (VIOLATED)
   u_ctrl/u_aes/rkeys_reg[1161]/D
                                1.59           5.50 f        -3.92  (VIOLATED)
   u_ctrl/u_aes/rkeys_reg[1212]/D
                                1.59           5.50 f        -3.92  (VIOLATED)
   u_ctrl/u_aes/rkeys_reg[94]/D
                                1.59           5.46 f        -3.88  (VIOLATED)
   u_ctrl/u_aes/rkeys_reg[1010]/D
                                1.59           5.46 f        -3.88  (VIOLATED)
   u_ctrl/u_aes/rkeys_reg[1148]/D
                                1.59           5.46 f        -3.88  (VIOLATED)
   u_ctrl/u_aes/rkeys_reg[1267]/D
                                1.59           5.46 f        -3.88  (VIOLATED)
   u_ctrl/u_aes/rkeys_reg[317]/D
                                1.59           5.43 f        -3.84  (VIOLATED)
   u_ctrl/u_aes/rkeys_reg[479]/D
                                1.59           5.43 f        -3.84  (VIOLATED)
   u_ctrl/u_aes/rkeys_reg[682]/D
                                1.59           5.43 f        -3.84  (VIOLATED)
   u_ctrl/u_aes/rkeys_reg[685]/D
                                1.59           5.43 f        -3.84  (VIOLATED)
   u_ctrl/u_aes/rkeys_reg[728]/D
                                1.59           5.43 f        -3.84  (VIOLATED)
   u_ctrl/u_aes/rkeys_reg[735]/D
                                1.59           5.43 f        -3.84  (VIOLATED)
   u_ctrl/u_aes/rkeys_reg[779]/D
                                1.59           5.43 f        -3.84  (VIOLATED)
   u_ctrl/u_aes/rkeys_reg[819]/D
                                1.59           5.43 f        -3.84  (VIOLATED)
   u_ctrl/u_aes/rkeys_reg[885]/D
                                1.59           5.43 f        -3.84  (VIOLATED)
   u_ctrl/u_aes/rkeys_reg[1073]/D
                                1.59           5.43 f        -3.84  (VIOLATED)
   u_ctrl/u_aes/rkeys_reg[1083]/D
                                1.59           5.43 f        -3.84  (VIOLATED)
   u_ctrl/u_aes/rkeys_reg[1237]/D
                                1.59           5.43 f        -3.84  (VIOLATED)
   u_ctrl/u_aes/rkeys_reg[262]/D
                                1.59           5.38 f        -3.79  (VIOLATED)
   u_ctrl/u_aes/rkeys_reg[414]/D
                                1.59           5.38 f        -3.79  (VIOLATED)
   u_ctrl/u_aes/rkeys_reg[671]/D
                                1.59           5.38 f        -3.79  (VIOLATED)
   u_ctrl/u_aes/rkeys_reg[228]/D
                                1.59           5.38 f        -3.79  (VIOLATED)
   u_ctrl/u_aes/rkeys_reg[333]/D
                                1.59           5.38 f        -3.79  (VIOLATED)
   u_ctrl/u_aes/rkeys_reg[1129]/D
                                1.59           5.38 f        -3.79  (VIOLATED)
   u_ctrl/u_aes/rkeys_reg[138]/D
                                1.59           5.37 f        -3.79  (VIOLATED)
   u_ctrl/u_aes/rkeys_reg[354]/D
                                1.59           5.37 f        -3.79  (VIOLATED)
   u_ctrl/u_aes/rkeys_reg[692]/D
                                1.59           5.37 f        -3.79  (VIOLATED)
   u_ctrl/u_aes/rkeys_reg[628]/D
                                1.59           5.37 f        -3.78  (VIOLATED)
   u_ctrl/u_aes/rkeys_reg[765]/D
                                1.59           5.37 f        -3.78  (VIOLATED)
   u_ctrl/u_aes/rkeys_reg[1013]/D
                                1.59           5.37 f        -3.78  (VIOLATED)
   u_ctrl/u_aes/rkeys_reg[416]/D
                                1.59           5.32 f        -3.73  (VIOLATED)
   u_ctrl/u_aes/rkeys_reg[544]/D
                                1.59           5.32 f        -3.73  (VIOLATED)
   u_ctrl/u_aes/rkeys_reg[580]/D
                                1.59           5.32 f        -3.73  (VIOLATED)
   u_ctrl/u_aes/rkeys_reg[968]/D
                                1.59           5.32 f        -3.73  (VIOLATED)
   u_ctrl/u_aes/rkeys_reg[1189]/D
                                1.59           5.23 f        -3.64  (VIOLATED)
   u_ctrl/u_aes/rkeys_reg[1164]/D
                                1.57           5.16 r        -3.59  (VIOLATED)
   u_ctrl/u_aes/rkeys_reg[1269]/D
                                1.57           5.16 r        -3.59  (VIOLATED)
   u_ctrl/u_aes/rkeys_reg[1260]/D
                                1.57           5.16 r        -3.59  (VIOLATED)
   u_ctrl/u_aes/rkeys_reg[30]/D
                                1.59           5.02 f        -3.43  (VIOLATED)
   u_ctrl/u_aes/rkeys_reg[68]/D
                                1.59           5.02 f        -3.43  (VIOLATED)
   u_ctrl/u_aes/rkeys_reg[6]/D
                                1.59           5.02 f        -3.43  (VIOLATED)
   u_ctrl/u_aes/rkeys_reg[24]/D
                                1.59           5.02 f        -3.43  (VIOLATED)
   u_ctrl/u_aes/rkeys_reg[42]/D
                                1.59           5.02 f        -3.43  (VIOLATED)
   u_ctrl/u_aes/rkeys_reg[99]/D
                                1.59           5.02 f        -3.43  (VIOLATED)
   u_ctrl/u_aes/rkeys_reg[102]/D
                                1.59           5.02 f        -3.43  (VIOLATED)
   u_ctrl/u_aes/rkeys_reg[104]/D
                                1.59           5.02 f        -3.43  (VIOLATED)
   u_ctrl/u_aes/rkeys_reg[106]/D
                                1.59           5.02 f        -3.43  (VIOLATED)
   u_ctrl/u_aes/rkeys_reg[41]/D
                                1.59           5.02 f        -3.43  (VIOLATED)
   u_ctrl/u_aes/rkeys_reg[431]/D
                                1.57           4.85 r        -3.28  (VIOLATED)
   u_ctrl/u_aes/rkeys_reg[100]/D
                                1.59           4.85 f        -3.26  (VIOLATED)
   u_ctrl/u_aes/rkeys_reg[98]/D
                                1.59           4.85 f        -3.26  (VIOLATED)
   u_ctrl/u_aes/rkeys_reg[19]/D
                                1.59           4.85 f        -3.26  (VIOLATED)
   u_ctrl/u_aes/rkeys_reg[101]/D
                                1.59           4.83 f        -3.24  (VIOLATED)
   u_ctrl/u_aes/rkeys_reg[21]/D
                                1.59           4.83 f        -3.24  (VIOLATED)
   u_ctrl/u_aes/rkeys_reg[40]/D
                                1.59           4.83 f        -3.24  (VIOLATED)
   u_ctrl/u_aes/rkeys_reg[2]/D
                                1.59           4.83 f        -3.24  (VIOLATED)
   u_ctrl/u_aes/rkeys_reg[45]/D
                                1.57           4.81 r        -3.23  (VIOLATED)
   u_ctrl/u_aes/rkeys_reg[32]/D
                                1.57           4.73 r        -3.16  (VIOLATED)
   u_ctrl/u_aes/rkeys_reg[60]/D
                                1.57           4.68 r        -3.10  (VIOLATED)
   u_ctrl/u_aes/rkeys_reg[48]/D
                                1.57           4.67 r        -3.10  (VIOLATED)
   u_ctrl/u_aes/rkeys_reg[61]/D
                                1.57           4.67 r        -3.10  (VIOLATED)
   u_ctrl/u_aes/rkeys_reg[62]/D
                                1.57           4.67 r        -3.10  (VIOLATED)
   u_ctrl/u_aes/rkeys_reg[49]/D
                                1.57           4.67 r        -3.09  (VIOLATED)
   u_ctrl/u_aes/rkeys_reg[50]/D
                                1.57           4.67 r        -3.09  (VIOLATED)
   u_ctrl/u_aes/rkeys_reg[26]/D
                                1.57           4.66 r        -3.08  (VIOLATED)
   u_ctrl/u_aes/rkeys_reg[27]/D
                                1.57           4.66 r        -3.08  (VIOLATED)
   u_ctrl/u_aes/rkeys_reg[7]/D
                                1.57           4.66 r        -3.08  (VIOLATED)
   u_ctrl/u_aes/rkeys_reg[17]/D
                                1.57           4.59 r        -3.02  (VIOLATED)
   u_ctrl/u_aes/rkeys_reg[112]/D
                                1.57           4.59 r        -3.02  (VIOLATED)
   u_ctrl/u_aes/rkeys_reg[121]/D
                                1.57           4.57 r        -3.00  (VIOLATED)
   u_ctrl/u_aes/rkeys_reg[63]/D
                                1.57           4.57 r        -3.00  (VIOLATED)


   max_leakage_power

                             Required        Actual
   Design                   Leakage Power  Leakage Power     Slack
   -----------------------------------------------------------------
   top_mcu_pll_sram_multiclk_soc
                                0.00       370411077632.00
                                                          -370411077632.00
                                                                    (VIOLATED)


1
