****************************************
Report : constraint
	-all_violators
	-path slack_only
Design : top_mcu_pll_sram_multiclk_soc
Version: W-2024.09-SP5-3
Date   : Wed Apr 15 22:56:53 2026
****************************************


   max_delay/setup ('INS' group)

   Endpoint                                                  Slack
   -----------------------------------------------------------------
   u_ctrl/u_rx/divcnt_reg_8_/D                             -4.4498  (VIOLATED)
   u_ctrl/u_rx/divcnt_reg_7_/D                             -4.4352  (VIOLATED)
   u_ctrl/u_rx/divcnt_reg_2_/D                             -4.4022  (VIOLATED)
   u_ctrl/u_rx/divcnt_reg_9_/D                             -4.3877  (VIOLATED)
   u_ctrl/u_rx/divcnt_reg_5_/D                             -4.3877  (VIOLATED)
   u_ctrl/u_rx/divcnt_reg_3_/D                             -4.3876  (VIOLATED)
   u_ctrl/u_rx/divcnt_reg_0_/D                             -4.3579  (VIOLATED)
   u_ctrl/u_rx/divcnt_reg_31_/D                            -3.9204  (VIOLATED)
   u_ctrl/u_rx/divcnt_reg_30_/D                            -3.8910  (VIOLATED)
   u_ctrl/u_rx/divcnt_reg_29_/D                            -3.8143  (VIOLATED)
   u_ctrl/u_rx/divcnt_reg_4_/D                             -3.7762  (VIOLATED)
   u_ctrl/u_rx/divcnt_reg_6_/D                             -3.7726  (VIOLATED)
   u_ctrl/u_rx/divcnt_reg_10_/D                            -3.7726  (VIOLATED)
   u_ctrl/u_rx/divcnt_reg_16_/D                            -3.7697  (VIOLATED)
   u_ctrl/u_rx/divcnt_reg_26_/D                            -3.7697  (VIOLATED)
   u_ctrl/u_rx/divcnt_reg_12_/D                            -3.7697  (VIOLATED)
   u_ctrl/u_rx/divcnt_reg_14_/D                            -3.7697  (VIOLATED)
   u_ctrl/u_rx/divcnt_reg_18_/D                            -3.7697  (VIOLATED)
   u_ctrl/u_rx/divcnt_reg_22_/D                            -3.7697  (VIOLATED)
   u_ctrl/u_rx/divcnt_reg_20_/D                            -3.7696  (VIOLATED)
   u_ctrl/u_rx/divcnt_reg_28_/D                            -3.7695  (VIOLATED)
   u_ctrl/u_rx/divcnt_reg_24_/D                            -3.7693  (VIOLATED)
   u_ctrl/u_rx/divcnt_reg_1_/D                             -3.7630  (VIOLATED)
   u_ctrl/u_rx/busy_reg/D                                  -3.7073  (VIOLATED)

   max_delay/setup ('clk_fast_aes' group)

   Endpoint                                                  Slack
   -----------------------------------------------------------------
   u_ctrl/u_aes/rkeys_reg_149_/D                          -313.9272 (VIOLATED)
   u_ctrl/u_aes/rkeys_reg_260_/D                          -313.9272 (VIOLATED)
   u_ctrl/u_aes/rkeys_reg_263_/D                          -313.9272 (VIOLATED)
   u_ctrl/u_aes/rkeys_reg_265_/D                          -313.9272 (VIOLATED)
   u_ctrl/u_aes/rkeys_reg_270_/D                          -313.9272 (VIOLATED)
   u_ctrl/u_aes/rkeys_reg_276_/D                          -313.9272 (VIOLATED)
   u_ctrl/u_aes/rkeys_reg_290_/D                          -313.9272 (VIOLATED)
   u_ctrl/u_aes/rkeys_reg_398_/D                          -313.9272 (VIOLATED)
   u_ctrl/u_aes/rkeys_reg_405_/D                          -313.9272 (VIOLATED)
   u_ctrl/u_aes/rkeys_reg_407_/D                          -313.9272 (VIOLATED)
   u_ctrl/u_aes/rkeys_reg_409_/D                          -313.9272 (VIOLATED)
   u_ctrl/u_aes/rkeys_reg_528_/D                          -313.9272 (VIOLATED)
   u_ctrl/u_aes/rkeys_reg_529_/D                          -313.9272 (VIOLATED)
   u_ctrl/u_aes/rkeys_reg_533_/D                          -313.9272 (VIOLATED)
   u_ctrl/u_aes/rkeys_reg_535_/D                          -313.9272 (VIOLATED)
   u_ctrl/u_aes/rkeys_reg_537_/D                          -313.9272 (VIOLATED)
   u_ctrl/u_aes/rkeys_reg_647_/D                          -313.9272 (VIOLATED)
   u_ctrl/u_aes/rkeys_reg_657_/D                          -313.9272 (VIOLATED)
   u_ctrl/u_aes/rkeys_reg_661_/D                          -313.9272 (VIOLATED)
   u_ctrl/u_aes/rkeys_reg_663_/D                          -313.9272 (VIOLATED)
   u_ctrl/u_aes/rkeys_reg_744_/D                          -313.9272 (VIOLATED)
   u_ctrl/u_aes/rkeys_reg_794_/D                          -313.9272 (VIOLATED)
   u_ctrl/u_aes/rkeys_reg_917_/D                          -313.9272 (VIOLATED)
   u_ctrl/u_aes/rkeys_reg_1002_/D                         -313.9272 (VIOLATED)
   u_ctrl/u_aes/rkeys_reg_1033_/D                         -313.9272 (VIOLATED)
   u_ctrl/u_aes/rkeys_reg_1159_/D                         -313.9272 (VIOLATED)
   u_ctrl/u_aes/rkeys_reg_1162_/D                         -313.9272 (VIOLATED)
   u_ctrl/u_aes/rkeys_reg_1164_/D                         -313.9272 (VIOLATED)
   u_ctrl/u_aes/rkeys_reg_1166_/D                         -313.9272 (VIOLATED)
   u_ctrl/u_aes/rkeys_reg_1169_/D                         -313.9272 (VIOLATED)
   u_ctrl/u_aes/rkeys_reg_1177_/D                         -313.9272 (VIOLATED)
   u_ctrl/u_aes/rkeys_reg_1180_/D                         -313.9272 (VIOLATED)
   u_ctrl/u_aes/rkeys_reg_1247_/D                         -313.9272 (VIOLATED)
   u_ctrl/u_aes/rkeys_reg_131_/D                          -313.9236 (VIOLATED)
   u_ctrl/u_aes/rkeys_reg_262_/D                          -313.9236 (VIOLATED)
   u_ctrl/u_aes/rkeys_reg_1030_/D                         -313.9236 (VIOLATED)
   u_ctrl/u_aes/rkeys_reg_1158_/D                         -313.9236 (VIOLATED)
   u_ctrl/u_aes/rkeys_reg_1281_/D                         -313.9236 (VIOLATED)
   u_ctrl/u_aes/rkeys_reg_378_/D                          -313.4489 (VIOLATED)
   u_ctrl/u_aes/rkeys_reg_866_/D                          -313.4489 (VIOLATED)
   u_ctrl/u_aes/rkeys_reg_1018_/D                         -313.4489 (VIOLATED)
   u_ctrl/u_aes/rkeys_reg_174_/D                          -313.4450 (VIOLATED)
   u_ctrl/u_aes/rkeys_reg_231_/D                          -313.4450 (VIOLATED)
   u_ctrl/u_aes/rkeys_reg_233_/D                          -313.4450 (VIOLATED)
   u_ctrl/u_aes/rkeys_reg_361_/D                          -313.4450 (VIOLATED)
   u_ctrl/u_aes/rkeys_reg_424_/D                          -313.4450 (VIOLATED)
   u_ctrl/u_aes/rkeys_reg_506_/D                          -313.4450 (VIOLATED)
   u_ctrl/u_aes/rkeys_reg_512_/D                          -313.4450 (VIOLATED)
   u_ctrl/u_aes/rkeys_reg_599_/D                          -313.4450 (VIOLATED)
   u_ctrl/u_aes/rkeys_reg_600_/D                          -313.4450 (VIOLATED)
   u_ctrl/u_aes/rkeys_reg_604_/D                          -313.4450 (VIOLATED)
   u_ctrl/u_aes/rkeys_reg_610_/D                          -313.4450 (VIOLATED)
   u_ctrl/u_aes/rkeys_reg_617_/D                          -313.4450 (VIOLATED)
   u_ctrl/u_aes/rkeys_reg_634_/D                          -313.4450 (VIOLATED)
   u_ctrl/u_aes/rkeys_reg_638_/D                          -313.4450 (VIOLATED)
   u_ctrl/u_aes/rkeys_reg_667_/D                          -313.4450 (VIOLATED)
   u_ctrl/u_aes/rkeys_reg_728_/D                          -313.4450 (VIOLATED)
   u_ctrl/u_aes/rkeys_reg_743_/D                          -313.4450 (VIOLATED)
   u_ctrl/u_aes/rkeys_reg_764_/D                          -313.4450 (VIOLATED)
   u_ctrl/u_aes/rkeys_reg_768_/D                          -313.4450 (VIOLATED)
   u_ctrl/u_aes/rkeys_reg_799_/D                          -313.4450 (VIOLATED)
   u_ctrl/u_aes/rkeys_reg_856_/D                          -313.4450 (VIOLATED)
   u_ctrl/u_aes/rkeys_reg_860_/D                          -313.4450 (VIOLATED)
   u_ctrl/u_aes/rkeys_reg_869_/D                          -313.4450 (VIOLATED)
   u_ctrl/u_aes/rkeys_reg_871_/D                          -313.4450 (VIOLATED)
   u_ctrl/u_aes/rkeys_reg_890_/D                          -313.4450 (VIOLATED)
   u_ctrl/u_aes/rkeys_reg_894_/D                          -313.4450 (VIOLATED)
   u_ctrl/u_aes/rkeys_reg_982_/D                          -313.4450 (VIOLATED)
   u_ctrl/u_aes/rkeys_reg_983_/D                          -313.4450 (VIOLATED)
   u_ctrl/u_aes/rkeys_reg_994_/D                          -313.4450 (VIOLATED)
   u_ctrl/u_aes/rkeys_reg_1020_/D                         -313.4450 (VIOLATED)
   u_ctrl/u_aes/rkeys_reg_1031_/D                         -313.4450 (VIOLATED)
   u_ctrl/u_aes/rkeys_reg_1129_/D                         -313.4450 (VIOLATED)
   u_ctrl/u_aes/rkeys_reg_1145_/D                         -313.4450 (VIOLATED)
   u_ctrl/u_aes/rkeys_reg_1146_/D                         -313.4450 (VIOLATED)
   u_ctrl/u_aes/rkeys_reg_763_/D                          -313.4414 (VIOLATED)
   u_ctrl/u_aes/rkeys_reg_153_/D                          -308.7797 (VIOLATED)
   u_ctrl/u_aes/rkeys_reg_171_/D                          -308.7797 (VIOLATED)
   u_ctrl/u_aes/rkeys_reg_176_/D                          -308.7797 (VIOLATED)
   u_ctrl/u_aes/rkeys_reg_65_/D                           -308.7758 (VIOLATED)
   u_ctrl/u_aes/rkeys_reg_136_/D                          -308.7758 (VIOLATED)
   u_ctrl/u_aes/rkeys_reg_138_/D                          -308.7758 (VIOLATED)
   u_ctrl/u_aes/rkeys_reg_140_/D                          -308.7758 (VIOLATED)
   u_ctrl/u_aes/rkeys_reg_146_/D                          -308.7758 (VIOLATED)
   u_ctrl/u_aes/rkeys_reg_147_/D                          -308.7758 (VIOLATED)
   u_ctrl/u_aes/rkeys_reg_154_/D                          -308.7758 (VIOLATED)
   u_ctrl/u_aes/rkeys_reg_155_/D                          -308.7758 (VIOLATED)
   u_ctrl/u_aes/rkeys_reg_157_/D                          -308.7758 (VIOLATED)
   u_ctrl/u_aes/rkeys_reg_159_/D                          -308.7758 (VIOLATED)
   u_ctrl/u_aes/rkeys_reg_163_/D                          -308.7758 (VIOLATED)
   u_ctrl/u_aes/rkeys_reg_164_/D                          -308.7758 (VIOLATED)
   u_ctrl/u_aes/rkeys_reg_167_/D                          -308.7758 (VIOLATED)
   u_ctrl/u_aes/rkeys_reg_168_/D                          -308.7758 (VIOLATED)
   u_ctrl/u_aes/rkeys_reg_173_/D                          -308.7758 (VIOLATED)
   u_ctrl/u_aes/rkeys_reg_175_/D                          -308.7758 (VIOLATED)
   u_ctrl/u_aes/rkeys_reg_223_/D                          -308.7758 (VIOLATED)
   u_ctrl/u_aes/rkeys_reg_224_/D                          -308.7758 (VIOLATED)
   u_ctrl/u_aes/rkeys_reg_240_/D                          -308.7758 (VIOLATED)
   u_ctrl/u_aes/rkeys_reg_244_/D                          -308.7758 (VIOLATED)
   u_ctrl/u_aes/rkeys_reg_250_/D                          -308.7758 (VIOLATED)
   u_ctrl/u_aes/rkeys_reg_252_/D                          -308.7758 (VIOLATED)
   u_ctrl/u_aes/rkeys_reg_272_/D                          -308.7758 (VIOLATED)
   u_ctrl/u_aes/rkeys_reg_273_/D                          -308.7758 (VIOLATED)
   u_ctrl/u_aes/rkeys_reg_277_/D                          -308.7758 (VIOLATED)
   u_ctrl/u_aes/rkeys_reg_281_/D                          -308.7758 (VIOLATED)
   u_ctrl/u_aes/rkeys_reg_282_/D                          -308.7758 (VIOLATED)
   u_ctrl/u_aes/rkeys_reg_283_/D                          -308.7758 (VIOLATED)
   u_ctrl/u_aes/rkeys_reg_285_/D                          -308.7758 (VIOLATED)
   u_ctrl/u_aes/rkeys_reg_351_/D                          -308.7758 (VIOLATED)
   u_ctrl/u_aes/rkeys_reg_352_/D                          -308.7758 (VIOLATED)
   u_ctrl/u_aes/rkeys_reg_362_/D                          -308.7758 (VIOLATED)
   u_ctrl/u_aes/rkeys_reg_367_/D                          -308.7758 (VIOLATED)
   u_ctrl/u_aes/rkeys_reg_368_/D                          -308.7758 (VIOLATED)
   u_ctrl/u_aes/rkeys_reg_369_/D                          -308.7758 (VIOLATED)
   u_ctrl/u_aes/rkeys_reg_374_/D                          -308.7758 (VIOLATED)
   u_ctrl/u_aes/rkeys_reg_376_/D                          -308.7758 (VIOLATED)
   u_ctrl/u_aes/rkeys_reg_377_/D                          -308.7758 (VIOLATED)
   u_ctrl/u_aes/rkeys_reg_411_/D                          -308.7758 (VIOLATED)
   u_ctrl/u_aes/rkeys_reg_500_/D                          -308.7758 (VIOLATED)
   u_ctrl/u_aes/rkeys_reg_502_/D                          -308.7758 (VIOLATED)
   u_ctrl/u_aes/rkeys_reg_616_/D                          -308.7758 (VIOLATED)
   u_ctrl/u_aes/rkeys_reg_618_/D                          -308.7758 (VIOLATED)
   u_ctrl/u_aes/rkeys_reg_628_/D                          -308.7758 (VIOLATED)
   u_ctrl/u_aes/rkeys_reg_633_/D                          -308.7758 (VIOLATED)
   u_ctrl/u_aes/rkeys_reg_735_/D                          -308.7758 (VIOLATED)
   u_ctrl/u_aes/rkeys_reg_776_/D                          -308.7758 (VIOLATED)
   u_ctrl/u_aes/rkeys_reg_778_/D                          -308.7758 (VIOLATED)
   u_ctrl/u_aes/rkeys_reg_779_/D                          -308.7758 (VIOLATED)
   u_ctrl/u_aes/rkeys_reg_786_/D                          -308.7758 (VIOLATED)
   u_ctrl/u_aes/rkeys_reg_792_/D                          -308.7758 (VIOLATED)
   u_ctrl/u_aes/rkeys_reg_795_/D                          -308.7758 (VIOLATED)
   u_ctrl/u_aes/rkeys_reg_796_/D                          -308.7758 (VIOLATED)
   u_ctrl/u_aes/rkeys_reg_863_/D                          -308.7758 (VIOLATED)
   u_ctrl/u_aes/rkeys_reg_872_/D                          -308.7758 (VIOLATED)
   u_ctrl/u_aes/rkeys_reg_879_/D                          -308.7758 (VIOLATED)
   u_ctrl/u_aes/rkeys_reg_880_/D                          -308.7758 (VIOLATED)
   u_ctrl/u_aes/rkeys_reg_882_/D                          -308.7758 (VIOLATED)
   u_ctrl/u_aes/rkeys_reg_885_/D                          -308.7758 (VIOLATED)
   u_ctrl/u_aes/rkeys_reg_886_/D                          -308.7758 (VIOLATED)
   u_ctrl/u_aes/rkeys_reg_888_/D                          -308.7758 (VIOLATED)
   u_ctrl/u_aes/rkeys_reg_889_/D                          -308.7758 (VIOLATED)
   u_ctrl/u_aes/rkeys_reg_1008_/D                         -308.7758 (VIOLATED)
   u_ctrl/u_aes/rkeys_reg_1009_/D                         -308.7758 (VIOLATED)
   u_ctrl/u_aes/rkeys_reg_1010_/D                         -308.7758 (VIOLATED)
   u_ctrl/u_aes/rkeys_reg_1014_/D                         -308.7758 (VIOLATED)
   u_ctrl/u_aes/rkeys_reg_1017_/D                         -308.7758 (VIOLATED)
   u_ctrl/u_aes/rkeys_reg_130_/D                          -308.7723 (VIOLATED)
   u_ctrl/u_aes/rkeys_reg_134_/D                          -308.7723 (VIOLATED)
   u_ctrl/u_aes/rkeys_reg_257_/D                          -308.7723 (VIOLATED)
   u_ctrl/u_aes/rkeys_reg_513_/D                          -308.7723 (VIOLATED)
   u_ctrl/u_aes/rkeys_reg_1191_/D                         -299.6569 (VIOLATED)
   u_ctrl/u_aes/rkeys_reg_1250_/D                         -299.6569 (VIOLATED)
   u_ctrl/u_aes/rkeys_reg_162_/D                          -299.6530 (VIOLATED)
   u_ctrl/u_aes/rkeys_reg_293_/D                          -299.6530 (VIOLATED)
   u_ctrl/u_aes/rkeys_reg_294_/D                          -299.6530 (VIOLATED)
   u_ctrl/u_aes/rkeys_reg_301_/D                          -299.6530 (VIOLATED)
   u_ctrl/u_aes/rkeys_reg_303_/D                          -299.6530 (VIOLATED)
   u_ctrl/u_aes/rkeys_reg_354_/D                          -299.6530 (VIOLATED)
   u_ctrl/u_aes/rkeys_reg_357_/D                          -299.6530 (VIOLATED)
   u_ctrl/u_aes/rkeys_reg_418_/D                          -299.6530 (VIOLATED)
   u_ctrl/u_aes/rkeys_reg_430_/D                          -299.6530 (VIOLATED)
   u_ctrl/u_aes/rkeys_reg_431_/D                          -299.6530 (VIOLATED)
   u_ctrl/u_aes/rkeys_reg_551_/D                          -299.6530 (VIOLATED)
   u_ctrl/u_aes/rkeys_reg_552_/D                          -299.6530 (VIOLATED)
   u_ctrl/u_aes/rkeys_reg_611_/D                          -299.6530 (VIOLATED)
   u_ctrl/u_aes/rkeys_reg_613_/D                          -299.6530 (VIOLATED)
   u_ctrl/u_aes/rkeys_reg_674_/D                          -299.6530 (VIOLATED)
   u_ctrl/u_aes/rkeys_reg_741_/D                          -299.6530 (VIOLATED)
   u_ctrl/u_aes/rkeys_reg_798_/D                          -299.6530 (VIOLATED)
   u_ctrl/u_aes/rkeys_reg_802_/D                          -299.6530 (VIOLATED)
   u_ctrl/u_aes/rkeys_reg_804_/D                          -299.6530 (VIOLATED)
   u_ctrl/u_aes/rkeys_reg_805_/D                          -299.6530 (VIOLATED)
   u_ctrl/u_aes/rkeys_reg_807_/D                          -299.6530 (VIOLATED)
   u_ctrl/u_aes/rkeys_reg_858_/D                          -299.6530 (VIOLATED)
   u_ctrl/u_aes/rkeys_reg_867_/D                          -299.6530 (VIOLATED)
   u_ctrl/u_aes/rkeys_reg_877_/D                          -299.6530 (VIOLATED)
   u_ctrl/u_aes/rkeys_reg_1005_/D                         -299.6530 (VIOLATED)
   u_ctrl/u_aes/rkeys_reg_1182_/D                         -299.6530 (VIOLATED)
   u_ctrl/u_aes/rkeys_reg_1189_/D                         -299.6530 (VIOLATED)
   u_ctrl/u_aes/rkeys_reg_1190_/D                         -299.6530 (VIOLATED)
   u_ctrl/u_aes/rkeys_reg_1244_/D                         -299.6530 (VIOLATED)
   u_ctrl/u_aes/rkeys_reg_1253_/D                         -299.6530 (VIOLATED)
   u_ctrl/u_aes/rkeys_reg_1261_/D                         -299.6530 (VIOLATED)
   u_ctrl/u_aes/rkeys_reg_774_/D                          -299.6494 (VIOLATED)
   u_ctrl/u_aes/rkeys_reg_902_/D                          -299.6494 (VIOLATED)
   u_ctrl/u_aes/rkeys_reg_1045_/D                         -299.4398 (VIOLATED)
   u_ctrl/u_aes/rkeys_reg_230_/D                          -299.4359 (VIOLATED)
   u_ctrl/u_aes/rkeys_reg_295_/D                          -299.4359 (VIOLATED)
   u_ctrl/u_aes/rkeys_reg_299_/D                          -299.4359 (VIOLATED)
   u_ctrl/u_aes/rkeys_reg_305_/D                          -299.4359 (VIOLATED)
   u_ctrl/u_aes/rkeys_reg_324_/D                          -299.4359 (VIOLATED)
   u_ctrl/u_aes/rkeys_reg_433_/D                          -299.4359 (VIOLATED)
   u_ctrl/u_aes/rkeys_reg_483_/D                          -299.4359 (VIOLATED)
   u_ctrl/u_aes/rkeys_reg_493_/D                          -299.4359 (VIOLATED)
   u_ctrl/u_aes/rkeys_reg_591_/D                          -299.4359 (VIOLATED)
   u_ctrl/u_aes/rkeys_reg_605_/D                          -299.4359 (VIOLATED)
   u_ctrl/u_aes/rkeys_reg_614_/D                          -299.4359 (VIOLATED)
   u_ctrl/u_aes/rkeys_reg_680_/D                          -299.4359 (VIOLATED)
   u_ctrl/u_aes/rkeys_reg_689_/D                          -299.4359 (VIOLATED)
   u_ctrl/u_aes/rkeys_reg_739_/D                          -299.4359 (VIOLATED)
   u_ctrl/u_aes/rkeys_reg_742_/D                          -299.4359 (VIOLATED)
   u_ctrl/u_aes/rkeys_reg_749_/D                          -299.4359 (VIOLATED)
   u_ctrl/u_aes/rkeys_reg_809_/D                          -299.4359 (VIOLATED)
   u_ctrl/u_aes/rkeys_reg_930_/D                          -299.4359 (VIOLATED)
   u_ctrl/u_aes/rkeys_reg_933_/D                          -299.4359 (VIOLATED)
   u_ctrl/u_aes/rkeys_reg_935_/D                          -299.4359 (VIOLATED)
   u_ctrl/u_aes/rkeys_reg_1053_/D                         -299.4359 (VIOLATED)
   u_ctrl/u_aes/rkeys_reg_1064_/D                         -299.4359 (VIOLATED)
   u_ctrl/u_aes/rkeys_reg_1073_/D                         -299.4359 (VIOLATED)
   u_ctrl/u_aes/rkeys_reg_1087_/D                         -299.4359 (VIOLATED)
   u_ctrl/u_aes/rkeys_reg_1103_/D                         -299.4359 (VIOLATED)
   u_ctrl/u_aes/rkeys_reg_1114_/D                         -299.4359 (VIOLATED)
   u_ctrl/u_aes/rkeys_reg_1117_/D                         -299.4359 (VIOLATED)
   u_ctrl/u_aes/rkeys_reg_1151_/D                         -299.4359 (VIOLATED)
   u_ctrl/u_aes/rkeys_reg_1195_/D                         -299.4359 (VIOLATED)
   u_ctrl/u_aes/rkeys_reg_1196_/D                         -299.4359 (VIOLATED)
   u_ctrl/u_aes/rkeys_reg_1197_/D                         -299.4359 (VIOLATED)
   u_ctrl/u_aes/rkeys_reg_1198_/D                         -299.4359 (VIOLATED)
   u_ctrl/u_aes/rkeys_reg_1278_/D                         -299.4359 (VIOLATED)
   u_ctrl/u_aes/rkeys_reg_1279_/D                         -299.4359 (VIOLATED)
   u_ctrl/u_aes/rkeys_reg_221_/D                          -291.3551 (VIOLATED)
   u_ctrl/u_aes/rkeys_reg_349_/D                          -291.3551 (VIOLATED)
   u_ctrl/u_aes/rkeys_reg_400_/D                          -291.3551 (VIOLATED)
   u_ctrl/u_aes/rkeys_reg_416_/D                          -291.3551 (VIOLATED)
   u_ctrl/u_aes/rkeys_reg_477_/D                          -291.3551 (VIOLATED)
   u_ctrl/u_aes/rkeys_reg_484_/D                          -291.3551 (VIOLATED)
   u_ctrl/u_aes/rkeys_reg_494_/D                          -291.3551 (VIOLATED)
   u_ctrl/u_aes/rkeys_reg_672_/D                          -291.3551 (VIOLATED)
   u_ctrl/u_aes/rkeys_reg_676_/D                          -291.3551 (VIOLATED)
   u_ctrl/u_aes/rkeys_reg_733_/D                          -291.3551 (VIOLATED)
   u_ctrl/u_aes/rkeys_reg_751_/D                          -291.3551 (VIOLATED)
   u_ctrl/u_aes/rkeys_reg_765_/D                          -291.3551 (VIOLATED)
   u_ctrl/u_aes/rkeys_reg_784_/D                          -291.3551 (VIOLATED)
   u_ctrl/u_aes/rkeys_reg_878_/D                          -291.3551 (VIOLATED)
   u_ctrl/u_aes/rkeys_reg_1006_/D                         -291.3551 (VIOLATED)
   u_ctrl/u_aes/rkeys_reg_1021_/D                         -291.3551 (VIOLATED)
   u_ctrl/u_aes/rkeys_reg_1023_/D                         -291.3551 (VIOLATED)
   u_ctrl/u_aes/rkeys_reg_1039_/D                         -291.3551 (VIOLATED)
   u_ctrl/u_aes/rkeys_reg_1109_/D                         -291.3551 (VIOLATED)
   u_ctrl/u_aes/rkeys_reg_1130_/D                         -291.3551 (VIOLATED)
   u_ctrl/u_aes/rkeys_reg_1134_/D                         -291.3551 (VIOLATED)
   u_ctrl/u_aes/rkeys_reg_1135_/D                         -291.3551 (VIOLATED)
   u_ctrl/u_aes/rkeys_reg_1149_/D                         -291.3551 (VIOLATED)
   u_ctrl/u_aes/rkeys_reg_1168_/D                         -291.3551 (VIOLATED)
   u_ctrl/u_aes/rkeys_reg_1251_/D                         -291.3551 (VIOLATED)
   u_ctrl/u_aes/rkeys_reg_1252_/D                         -291.3551 (VIOLATED)
   u_ctrl/u_aes/rkeys_reg_1254_/D                         -291.3551 (VIOLATED)
   u_ctrl/u_aes/rkeys_reg_1258_/D                         -291.3551 (VIOLATED)
   u_ctrl/u_aes/rkeys_reg_1262_/D                         -291.3551 (VIOLATED)
   u_ctrl/u_aes/rkeys_reg_499_/D                          -291.3513 (VIOLATED)
   u_ctrl/u_aes/rkeys_reg_627_/D                          -291.3513 (VIOLATED)
   u_ctrl/u_aes/rkeys_reg_1011_/D                         -291.3513 (VIOLATED)
   u_ctrl/u_aes/rkeys_reg_1267_/D                         -291.3513 (VIOLATED)
   u_ctrl/u_aes/rkeys_reg_137_/D                          -286.9317 (VIOLATED)
   u_ctrl/u_aes/rkeys_reg_143_/D                          -286.9317 (VIOLATED)
   u_ctrl/u_aes/rkeys_reg_156_/D                          -286.9317 (VIOLATED)
   u_ctrl/u_aes/rkeys_reg_228_/D                          -286.9317 (VIOLATED)
   u_ctrl/u_aes/rkeys_reg_267_/D                          -286.9317 (VIOLATED)
   u_ctrl/u_aes/rkeys_reg_268_/D                          -286.9317 (VIOLATED)
   u_ctrl/u_aes/rkeys_reg_274_/D                          -286.9317 (VIOLATED)
   u_ctrl/u_aes/rkeys_reg_275_/D                          -286.9317 (VIOLATED)
   u_ctrl/u_aes/rkeys_reg_279_/D                          -286.9317 (VIOLATED)
   u_ctrl/u_aes/rkeys_reg_356_/D                          -286.9317 (VIOLATED)
   u_ctrl/u_aes/rkeys_reg_360_/D                          -286.9317 (VIOLATED)
   u_ctrl/u_aes/rkeys_reg_399_/D                          -286.9317 (VIOLATED)
   u_ctrl/u_aes/rkeys_reg_503_/D                          -286.9317 (VIOLATED)
   u_ctrl/u_aes/rkeys_reg_520_/D                          -286.9317 (VIOLATED)
   u_ctrl/u_aes/rkeys_reg_522_/D                          -286.9317 (VIOLATED)
   u_ctrl/u_aes/rkeys_reg_524_/D                          -286.9317 (VIOLATED)
   u_ctrl/u_aes/rkeys_reg_607_/D                          -286.9317 (VIOLATED)
   u_ctrl/u_aes/rkeys_reg_612_/D                          -286.9317 (VIOLATED)
   u_ctrl/u_aes/rkeys_reg_619_/D                          -286.9317 (VIOLATED)
   u_ctrl/u_aes/rkeys_reg_624_/D                          -286.9317 (VIOLATED)
   u_ctrl/u_aes/rkeys_reg_649_/D                          -286.9317 (VIOLATED)
   u_ctrl/u_aes/rkeys_reg_658_/D                          -286.9317 (VIOLATED)
   u_ctrl/u_aes/rkeys_reg_783_/D                          -286.9317 (VIOLATED)
   u_ctrl/u_aes/rkeys_reg_868_/D                          -286.9317 (VIOLATED)
   u_ctrl/u_aes/rkeys_reg_874_/D                          -286.9317 (VIOLATED)
   u_ctrl/u_aes/rkeys_reg_884_/D                          -286.9317 (VIOLATED)
   u_ctrl/u_aes/rkeys_reg_906_/D                          -286.9317 (VIOLATED)
   u_ctrl/u_aes/rkeys_reg_907_/D                          -286.9317 (VIOLATED)
   u_ctrl/u_aes/rkeys_reg_908_/D                          -286.9317 (VIOLATED)
   u_ctrl/u_aes/rkeys_reg_911_/D                          -286.9317 (VIOLATED)
   u_ctrl/u_aes/rkeys_reg_1013_/D                         -286.9317 (VIOLATED)
   u_ctrl/u_aes/rkeys_reg_1036_/D                         -286.9317 (VIOLATED)
   u_ctrl/u_aes/rkeys_reg_220_/D                          -284.5432 (VIOLATED)
   u_ctrl/u_aes/rkeys_reg_403_/D                          -284.5432 (VIOLATED)
   u_ctrl/u_aes/rkeys_reg_410_/D                          -284.5432 (VIOLATED)
   u_ctrl/u_aes/rkeys_reg_470_/D                          -284.5432 (VIOLATED)
   u_ctrl/u_aes/rkeys_reg_479_/D                          -284.5432 (VIOLATED)
   u_ctrl/u_aes/rkeys_reg_662_/D                          -284.5432 (VIOLATED)
   u_ctrl/u_aes/rkeys_reg_671_/D                          -284.5432 (VIOLATED)
   u_ctrl/u_aes/rkeys_reg_876_/D                          -284.5432 (VIOLATED)
   u_ctrl/u_aes/rkeys_reg_881_/D                          -284.5432 (VIOLATED)
   u_ctrl/u_aes/rkeys_reg_988_/D                          -284.5432 (VIOLATED)
   u_ctrl/u_aes/rkeys_reg_991_/D                          -284.5432 (VIOLATED)
   u_ctrl/u_aes/rkeys_reg_1004_/D                         -284.5432 (VIOLATED)
   u_ctrl/u_aes/rkeys_reg_1028_/D                         -284.5432 (VIOLATED)
   u_ctrl/u_aes/rkeys_reg_1137_/D                         -284.5432 (VIOLATED)
   u_ctrl/u_aes/rkeys_reg_1273_/D                         -284.5432 (VIOLATED)
   u_ctrl/u_aes/rkeys_reg_2_/D                            -284.5395 (VIOLATED)
   u_ctrl/u_aes/rkeys_reg_6_/D                            -284.5395 (VIOLATED)
   u_ctrl/u_aes/rkeys_reg_13_/D                           -284.5395 (VIOLATED)
   u_ctrl/u_aes/rkeys_reg_129_/D                          -284.5395 (VIOLATED)
   u_ctrl/u_aes/rkeys_reg_386_/D                          -284.5395 (VIOLATED)
   u_ctrl/u_aes/rkeys_reg_515_/D                          -284.5395 (VIOLATED)
   u_ctrl/u_aes/rkeys_reg_635_/D                          -284.5395 (VIOLATED)
   u_ctrl/u_aes/rkeys_reg_641_/D                          -284.5395 (VIOLATED)
   u_ctrl/u_aes/rkeys_reg_643_/D                          -284.5395 (VIOLATED)
   u_ctrl/u_aes/rkeys_reg_771_/D                          -284.5395 (VIOLATED)
   u_ctrl/u_aes/rkeys_reg_1025_/D                         -284.5395 (VIOLATED)
   u_ctrl/u_aes/rkeys_reg_1153_/D                         -284.5395 (VIOLATED)
   u_ctrl/u_aes/rkeys_reg_1154_/D                         -284.5395 (VIOLATED)
   u_ctrl/u_aes/rkeys_reg_1155_/D                         -284.5395 (VIOLATED)
   u_ctrl/u_aes/rkeys_reg_1282_/D                         -284.5395 (VIOLATED)
   u_ctrl/u_aes/rkeys_reg_1283_/D                         -284.5395 (VIOLATED)
   u_ctrl/u_aes/rkeys_reg_195_/D                          -283.0626 (VIOLATED)
   u_ctrl/u_aes/rkeys_reg_201_/D                          -283.0626 (VIOLATED)
   u_ctrl/u_aes/rkeys_reg_202_/D                          -283.0626 (VIOLATED)
   u_ctrl/u_aes/rkeys_reg_204_/D                          -283.0626 (VIOLATED)
   u_ctrl/u_aes/rkeys_reg_297_/D                          -283.0626 (VIOLATED)
   u_ctrl/u_aes/rkeys_reg_300_/D                          -283.0626 (VIOLATED)
   u_ctrl/u_aes/rkeys_reg_306_/D                          -283.0626 (VIOLATED)
   u_ctrl/u_aes/rkeys_reg_308_/D                          -283.0626 (VIOLATED)
   u_ctrl/u_aes/rkeys_reg_317_/D                          -283.0626 (VIOLATED)
   u_ctrl/u_aes/rkeys_reg_318_/D                          -283.0626 (VIOLATED)
   u_ctrl/u_aes/rkeys_reg_319_/D                          -283.0626 (VIOLATED)
   u_ctrl/u_aes/rkeys_reg_323_/D                          -283.0626 (VIOLATED)
   u_ctrl/u_aes/rkeys_reg_325_/D                          -283.0626 (VIOLATED)
   u_ctrl/u_aes/rkeys_reg_442_/D                          -283.0626 (VIOLATED)
   u_ctrl/u_aes/rkeys_reg_556_/D                          -283.0626 (VIOLATED)
   u_ctrl/u_aes/rkeys_reg_562_/D                          -283.0626 (VIOLATED)
   u_ctrl/u_aes/rkeys_reg_564_/D                          -283.0626 (VIOLATED)
   u_ctrl/u_aes/rkeys_reg_566_/D                          -283.0626 (VIOLATED)
   u_ctrl/u_aes/rkeys_reg_568_/D                          -283.0626 (VIOLATED)
   u_ctrl/u_aes/rkeys_reg_573_/D                          -283.0626 (VIOLATED)
   u_ctrl/u_aes/rkeys_reg_575_/D                          -283.0626 (VIOLATED)
   u_ctrl/u_aes/rkeys_reg_577_/D                          -283.0626 (VIOLATED)
   u_ctrl/u_aes/rkeys_reg_588_/D                          -283.0626 (VIOLATED)
   u_ctrl/u_aes/rkeys_reg_681_/D                          -283.0626 (VIOLATED)
   u_ctrl/u_aes/rkeys_reg_685_/D                          -283.0626 (VIOLATED)
   u_ctrl/u_aes/rkeys_reg_687_/D                          -283.0626 (VIOLATED)
   u_ctrl/u_aes/rkeys_reg_702_/D                          -283.0626 (VIOLATED)
   u_ctrl/u_aes/rkeys_reg_704_/D                          -283.0626 (VIOLATED)
   u_ctrl/u_aes/rkeys_reg_705_/D                          -283.0626 (VIOLATED)
   u_ctrl/u_aes/rkeys_reg_709_/D                          -283.0626 (VIOLATED)
   u_ctrl/u_aes/rkeys_reg_714_/D                          -283.0626 (VIOLATED)
   u_ctrl/u_aes/rkeys_reg_812_/D                          -283.0626 (VIOLATED)
   u_ctrl/u_aes/rkeys_reg_813_/D                          -283.0626 (VIOLATED)
   u_ctrl/u_aes/rkeys_reg_818_/D                          -283.0626 (VIOLATED)
   u_ctrl/u_aes/rkeys_reg_827_/D                          -283.0626 (VIOLATED)
   u_ctrl/u_aes/rkeys_reg_831_/D                          -283.0626 (VIOLATED)
   u_ctrl/u_aes/rkeys_reg_842_/D                          -283.0626 (VIOLATED)
   u_ctrl/u_aes/rkeys_reg_1070_/D                         -283.0626 (VIOLATED)
   u_ctrl/u_aes/rkeys_reg_1071_/D                         -283.0626 (VIOLATED)
   u_ctrl/u_aes/rkeys_reg_1075_/D                         -283.0626 (VIOLATED)
   u_ctrl/u_aes/rkeys_reg_1076_/D                         -283.0626 (VIOLATED)
   u_ctrl/u_aes/rkeys_reg_1079_/D                         -283.0626 (VIOLATED)
   u_ctrl/u_aes/rkeys_reg_1083_/D                         -283.0626 (VIOLATED)
   u_ctrl/u_aes/rkeys_reg_1084_/D                         -283.0626 (VIOLATED)
   u_ctrl/u_aes/rkeys_reg_1085_/D                         -283.0626 (VIOLATED)
   u_ctrl/u_aes/rkeys_reg_1088_/D                         -283.0626 (VIOLATED)
   u_ctrl/u_aes/rkeys_reg_1094_/D                         -283.0626 (VIOLATED)
   u_ctrl/u_aes/rkeys_reg_1098_/D                         -283.0626 (VIOLATED)
   u_ctrl/u_aes/rkeys_reg_1100_/D                         -283.0626 (VIOLATED)
   u_ctrl/u_aes/rkeys_reg_1201_/D                         -283.0626 (VIOLATED)
   u_ctrl/u_aes/rkeys_reg_1202_/D                         -283.0626 (VIOLATED)
   u_ctrl/u_aes/rkeys_reg_1205_/D                         -283.0626 (VIOLATED)
   u_ctrl/u_aes/rkeys_reg_1207_/D                         -283.0626 (VIOLATED)
   u_ctrl/u_aes/rkeys_reg_1211_/D                         -283.0626 (VIOLATED)
   u_ctrl/u_aes/rkeys_reg_1212_/D                         -283.0626 (VIOLATED)
   u_ctrl/u_aes/rkeys_reg_1214_/D                         -283.0626 (VIOLATED)
   u_ctrl/u_aes/rkeys_reg_1219_/D                         -283.0626 (VIOLATED)
   u_ctrl/u_aes/rkeys_reg_1220_/D                         -283.0626 (VIOLATED)
   u_ctrl/u_aes/rkeys_reg_1225_/D                         -283.0626 (VIOLATED)
   u_ctrl/u_aes/rkeys_reg_1228_/D                         -283.0626 (VIOLATED)
   u_ctrl/u_aes/rkeys_reg_1234_/D                         -283.0626 (VIOLATED)
   u_ctrl/u_aes/rkeys_reg_1241_/D                         -283.0626 (VIOLATED)
   u_ctrl/u_aes/rkeys_reg_236_/D                          -280.0540 (VIOLATED)
   u_ctrl/u_aes/rkeys_reg_237_/D                          -280.0540 (VIOLATED)
   u_ctrl/u_aes/rkeys_reg_254_/D                          -280.0540 (VIOLATED)
   u_ctrl/u_aes/rkeys_reg_492_/D                          -280.0540 (VIOLATED)
   u_ctrl/u_aes/rkeys_reg_508_/D                          -280.0540 (VIOLATED)
   u_ctrl/u_aes/rkeys_reg_523_/D                          -280.0540 (VIOLATED)
   u_ctrl/u_aes/rkeys_reg_636_/D                          -280.0540 (VIOLATED)
   u_ctrl/u_aes/rkeys_reg_645_/D                          -280.0540 (VIOLATED)
   u_ctrl/u_aes/rkeys_reg_745_/D                          -280.0540 (VIOLATED)
   u_ctrl/u_aes/rkeys_reg_759_/D                          -280.0540 (VIOLATED)
   u_ctrl/u_aes/rkeys_reg_762_/D                          -280.0540 (VIOLATED)
   u_ctrl/u_aes/rkeys_reg_772_/D                          -280.0540 (VIOLATED)
   u_ctrl/u_aes/rkeys_reg_775_/D                          -280.0540 (VIOLATED)
   u_ctrl/u_aes/rkeys_reg_1012_/D                         -280.0540 (VIOLATED)
   u_ctrl/u_aes/rkeys_reg_1015_/D                         -280.0540 (VIOLATED)
   u_ctrl/u_aes/rkeys_reg_1032_/D                         -280.0540 (VIOLATED)
   u_ctrl/u_aes/rkeys_reg_1131_/D                         -280.0540 (VIOLATED)
   u_ctrl/u_aes/rkeys_reg_1140_/D                         -280.0540 (VIOLATED)
   u_ctrl/u_aes/rkeys_reg_1156_/D                         -280.0540 (VIOLATED)
   u_ctrl/u_aes/rkeys_reg_1161_/D                         -280.0540 (VIOLATED)
   u_ctrl/u_aes/rkeys_reg_1274_/D                         -280.0540 (VIOLATED)
   u_ctrl/u_aes/rkeys_reg_1289_/D                         -280.0540 (VIOLATED)
   u_ctrl/u_aes/rkeys_reg_269_/D                          -280.0504 (VIOLATED)
   u_ctrl/u_aes/rkeys_reg_385_/D                          -280.0504 (VIOLATED)
   u_ctrl/u_aes/rkeys_reg_518_/D                          -280.0504 (VIOLATED)
   u_ctrl/u_aes/rkeys_reg_653_/D                          -280.0504 (VIOLATED)
   u_ctrl/u_aes/rkeys_reg_770_/D                          -280.0504 (VIOLATED)
   u_ctrl/u_aes/rkeys_reg_909_/D                          -280.0504 (VIOLATED)
   u_ctrl/u_aes/rkeys_reg_1026_/D                         -280.0504 (VIOLATED)
   u_ctrl/u_aes/rkeys_reg_1165_/D                         -280.0504 (VIOLATED)
   u_ctrl/u_aes/rkeys_reg_929_/D                          -279.3497 (VIOLATED)
   u_ctrl/u_aes/rkeys_reg_1313_/D                         -279.3497 (VIOLATED)
   u_ctrl/u_aes/rkeys_reg_177_/D                          -279.3458 (VIOLATED)
   u_ctrl/u_aes/rkeys_reg_208_/D                          -279.3458 (VIOLATED)
   u_ctrl/u_aes/rkeys_reg_327_/D                          -279.3458 (VIOLATED)
   u_ctrl/u_aes/rkeys_reg_340_/D                          -279.3458 (VIOLATED)
   u_ctrl/u_aes/rkeys_reg_346_/D                          -279.3458 (VIOLATED)
   u_ctrl/u_aes/rkeys_reg_426_/D                          -279.3458 (VIOLATED)
   u_ctrl/u_aes/rkeys_reg_427_/D                          -279.3458 (VIOLATED)
   u_ctrl/u_aes/rkeys_reg_428_/D                          -279.3458 (VIOLATED)
   u_ctrl/u_aes/rkeys_reg_446_/D                          -279.3458 (VIOLATED)
   u_ctrl/u_aes/rkeys_reg_451_/D                          -279.3458 (VIOLATED)
   u_ctrl/u_aes/rkeys_reg_455_/D                          -279.3458 (VIOLATED)
   u_ctrl/u_aes/rkeys_reg_457_/D                          -279.3458 (VIOLATED)
   u_ctrl/u_aes/rkeys_reg_466_/D                          -279.3458 (VIOLATED)
   u_ctrl/u_aes/rkeys_reg_473_/D                          -279.3458 (VIOLATED)
   u_ctrl/u_aes/rkeys_reg_481_/D                          -279.3458 (VIOLATED)
   u_ctrl/u_aes/rkeys_reg_496_/D                          -279.3458 (VIOLATED)
   u_ctrl/u_aes/rkeys_reg_544_/D                          -279.3458 (VIOLATED)
   u_ctrl/u_aes/rkeys_reg_550_/D                          -279.3458 (VIOLATED)
   u_ctrl/u_aes/rkeys_reg_554_/D                          -279.3458 (VIOLATED)
   u_ctrl/u_aes/rkeys_reg_557_/D                          -279.3458 (VIOLATED)
   u_ctrl/u_aes/rkeys_reg_583_/D                          -279.3458 (VIOLATED)
   u_ctrl/u_aes/rkeys_reg_585_/D                          -279.3458 (VIOLATED)
   u_ctrl/u_aes/rkeys_reg_593_/D                          -279.3458 (VIOLATED)
   u_ctrl/u_aes/rkeys_reg_692_/D                          -279.3458 (VIOLATED)
   u_ctrl/u_aes/rkeys_reg_694_/D                          -279.3458 (VIOLATED)
   u_ctrl/u_aes/rkeys_reg_707_/D                          -279.3458 (VIOLATED)
   u_ctrl/u_aes/rkeys_reg_711_/D                          -279.3458 (VIOLATED)
   u_ctrl/u_aes/rkeys_reg_716_/D                          -279.3458 (VIOLATED)
   u_ctrl/u_aes/rkeys_reg_719_/D                          -279.3458 (VIOLATED)
   u_ctrl/u_aes/rkeys_reg_724_/D                          -279.3458 (VIOLATED)
   u_ctrl/u_aes/rkeys_reg_822_/D                          -279.3458 (VIOLATED)
   u_ctrl/u_aes/rkeys_reg_829_/D                          -279.3458 (VIOLATED)
   u_ctrl/u_aes/rkeys_reg_830_/D                          -279.3458 (VIOLATED)
   u_ctrl/u_aes/rkeys_reg_841_/D                          -279.3458 (VIOLATED)
   u_ctrl/u_aes/rkeys_reg_844_/D                          -279.3458 (VIOLATED)
   u_ctrl/u_aes/rkeys_reg_852_/D                          -279.3458 (VIOLATED)
   u_ctrl/u_aes/rkeys_reg_928_/D                          -279.3458 (VIOLATED)
   u_ctrl/u_aes/rkeys_reg_931_/D                          -279.3458 (VIOLATED)
   u_ctrl/u_aes/rkeys_reg_957_/D                          -279.3458 (VIOLATED)
   u_ctrl/u_aes/rkeys_reg_958_/D                          -279.3458 (VIOLATED)
   u_ctrl/u_aes/rkeys_reg_963_/D                          -279.3458 (VIOLATED)
   u_ctrl/u_aes/rkeys_reg_967_/D                          -279.3458 (VIOLATED)
   u_ctrl/u_aes/rkeys_reg_985_/D                          -279.3458 (VIOLATED)
   u_ctrl/u_aes/rkeys_reg_1066_/D                         -279.3458 (VIOLATED)
   u_ctrl/u_aes/rkeys_reg_1095_/D                         -279.3458 (VIOLATED)
   u_ctrl/u_aes/rkeys_reg_1120_/D                         -279.3458 (VIOLATED)
   u_ctrl/u_aes/rkeys_reg_1128_/D                         -279.3458 (VIOLATED)
   u_ctrl/u_aes/rkeys_reg_1217_/D                         -279.3458 (VIOLATED)
   u_ctrl/u_aes/rkeys_reg_1223_/D                         -279.3458 (VIOLATED)
   u_ctrl/u_aes/rkeys_reg_1232_/D                         -279.3458 (VIOLATED)
   u_ctrl/u_aes/rkeys_reg_1298_/D                         -279.3458 (VIOLATED)
   u_ctrl/u_aes/rkeys_reg_1299_/D                         -279.3458 (VIOLATED)
   u_ctrl/u_aes/rkeys_reg_1307_/D                         -279.3458 (VIOLATED)
   u_ctrl/u_aes/rkeys_reg_1315_/D                         -279.3458 (VIOLATED)
   u_ctrl/u_aes/rkeys_reg_1328_/D                         -279.3458 (VIOLATED)
   u_ctrl/u_aes/rkeys_reg_1331_/D                         -279.3458 (VIOLATED)
   u_ctrl/u_aes/rkeys_reg_1376_/D                         -279.3458 (VIOLATED)
   u_ctrl/u_aes/rkeys_reg_1392_/D                         -279.3458 (VIOLATED)
   u_ctrl/u_aes/rkeys_reg_188_/D                          -276.0347 (VIOLATED)
   u_ctrl/u_aes/rkeys_reg_210_/D                          -276.0347 (VIOLATED)
   u_ctrl/u_aes/rkeys_reg_382_/D                          -276.0347 (VIOLATED)
   u_ctrl/u_aes/rkeys_reg_414_/D                          -276.0347 (VIOLATED)
   u_ctrl/u_aes/rkeys_reg_425_/D                          -276.0347 (VIOLATED)
   u_ctrl/u_aes/rkeys_reg_463_/D                          -276.0347 (VIOLATED)
   u_ctrl/u_aes/rkeys_reg_464_/D                          -276.0347 (VIOLATED)
   u_ctrl/u_aes/rkeys_reg_555_/D                          -276.0347 (VIOLATED)
   u_ctrl/u_aes/rkeys_reg_580_/D                          -276.0347 (VIOLATED)
   u_ctrl/u_aes/rkeys_reg_594_/D                          -276.0347 (VIOLATED)
   u_ctrl/u_aes/rkeys_reg_682_/D                          -276.0347 (VIOLATED)
   u_ctrl/u_aes/rkeys_reg_683_/D                          -276.0347 (VIOLATED)
   u_ctrl/u_aes/rkeys_reg_693_/D                          -276.0347 (VIOLATED)
   u_ctrl/u_aes/rkeys_reg_712_/D                          -276.0347 (VIOLATED)
   u_ctrl/u_aes/rkeys_reg_722_/D                          -276.0347 (VIOLATED)
   u_ctrl/u_aes/rkeys_reg_727_/D                          -276.0347 (VIOLATED)
   u_ctrl/u_aes/rkeys_reg_821_/D                          -276.0347 (VIOLATED)
   u_ctrl/u_aes/rkeys_reg_828_/D                          -276.0347 (VIOLATED)
   u_ctrl/u_aes/rkeys_reg_932_/D                          -276.0347 (VIOLATED)
   u_ctrl/u_aes/rkeys_reg_939_/D                          -276.0347 (VIOLATED)
   u_ctrl/u_aes/rkeys_reg_975_/D                          -276.0347 (VIOLATED)
   u_ctrl/u_aes/rkeys_reg_998_/D                          -276.0347 (VIOLATED)
   u_ctrl/u_aes/rkeys_reg_1054_/D                         -276.0347 (VIOLATED)
   u_ctrl/u_aes/rkeys_reg_1237_/D                         -276.0347 (VIOLATED)
   u_ctrl/u_aes/rkeys_reg_1321_/D                         -276.0347 (VIOLATED)
   u_ctrl/u_aes/rkeys_reg_1323_/D                         -276.0347 (VIOLATED)
   u_ctrl/u_aes/rkeys_reg_222_/D                          -276.0311 (VIOLATED)
   u_ctrl/u_aes/rkeys_reg_243_/D                          -276.0311 (VIOLATED)
   u_ctrl/u_aes/rkeys_reg_606_/D                          -276.0311 (VIOLATED)
   u_ctrl/u_aes/rkeys_reg_247_/D                          -275.7811 (VIOLATED)
   u_ctrl/u_aes/rkeys_reg_287_/D                          -275.7811 (VIOLATED)
   u_ctrl/u_aes/rkeys_reg_292_/D                          -275.7811 (VIOLATED)
   u_ctrl/u_aes/rkeys_reg_389_/D                          -275.7811 (VIOLATED)
   u_ctrl/u_aes/rkeys_reg_501_/D                          -275.7811 (VIOLATED)
   u_ctrl/u_aes/rkeys_reg_517_/D                          -275.7811 (VIOLATED)
   u_ctrl/u_aes/rkeys_reg_521_/D                          -275.7811 (VIOLATED)
   u_ctrl/u_aes/rkeys_reg_629_/D                          -275.7811 (VIOLATED)
   u_ctrl/u_aes/rkeys_reg_669_/D                          -275.7811 (VIOLATED)
   u_ctrl/u_aes/rkeys_reg_757_/D                          -275.7811 (VIOLATED)
   u_ctrl/u_aes/rkeys_reg_773_/D                          -275.7811 (VIOLATED)
   u_ctrl/u_aes/rkeys_reg_797_/D                          -275.7811 (VIOLATED)
   u_ctrl/u_aes/rkeys_reg_887_/D                          -275.7811 (VIOLATED)
   u_ctrl/u_aes/rkeys_reg_904_/D                          -275.7811 (VIOLATED)
   u_ctrl/u_aes/rkeys_reg_905_/D                          -275.7811 (VIOLATED)
   u_ctrl/u_aes/rkeys_reg_1029_/D                         -275.7811 (VIOLATED)
   u_ctrl/u_aes/rkeys_reg_1143_/D                         -275.7811 (VIOLATED)
   u_ctrl/u_aes/rkeys_reg_1148_/D                         -275.7811 (VIOLATED)
   u_ctrl/u_aes/rkeys_reg_1157_/D                         -275.7811 (VIOLATED)
   u_ctrl/u_aes/rkeys_reg_1171_/D                         -275.7811 (VIOLATED)
   u_ctrl/u_aes/rkeys_reg_1173_/D                         -275.7811 (VIOLATED)
   u_ctrl/u_aes/rkeys_reg_1175_/D                         -275.7811 (VIOLATED)
   u_ctrl/u_aes/rkeys_reg_1183_/D                         -275.7811 (VIOLATED)
   u_ctrl/u_aes/rkeys_reg_1188_/D                         -275.7811 (VIOLATED)
   u_ctrl/u_aes/rkeys_reg_1255_/D                         -275.7811 (VIOLATED)
   u_ctrl/u_aes/rkeys_reg_1260_/D                         -275.7811 (VIOLATED)
   u_ctrl/u_aes/rkeys_reg_1269_/D                         -275.7811 (VIOLATED)
   u_ctrl/u_aes/rkeys_reg_1271_/D                         -275.7811 (VIOLATED)
   u_ctrl/u_aes/rkeys_reg_1276_/D                         -275.7811 (VIOLATED)
   u_ctrl/u_aes/rkeys_reg_200_/D                          -270.3327 (VIOLATED)
   u_ctrl/u_aes/rkeys_reg_328_/D                          -270.3327 (VIOLATED)
   u_ctrl/u_aes/rkeys_reg_995_/D                          -270.3327 (VIOLATED)
   u_ctrl/u_aes/rkeys_reg_1108_/D                         -270.3327 (VIOLATED)
   u_ctrl/u_aes/rkeys_reg_1121_/D                         -270.3327 (VIOLATED)
   u_ctrl/u_aes/rkeys_reg_1123_/D                         -270.3327 (VIOLATED)
   u_ctrl/u_aes/rkeys_reg_1233_/D                         -270.3327 (VIOLATED)
   u_ctrl/u_aes/rkeys_reg_1306_/D                         -270.3327 (VIOLATED)
   u_ctrl/u_aes/rkeys_reg_1312_/D                         -270.3327 (VIOLATED)
   u_ctrl/u_aes/rkeys_reg_1370_/D                         -270.3327 (VIOLATED)
   u_ctrl/u_aes/rkeys_reg_1377_/D                         -270.3327 (VIOLATED)
   u_ctrl/u_aes/rkeys_reg_206_/D                          -270.3291 (VIOLATED)
   u_ctrl/u_aes/rkeys_reg_333_/D                          -270.3291 (VIOLATED)
   u_ctrl/u_aes/rkeys_reg_334_/D                          -270.3291 (VIOLATED)
   u_ctrl/u_aes/rkeys_reg_339_/D                          -270.3291 (VIOLATED)
   u_ctrl/u_aes/rkeys_reg_461_/D                          -270.3291 (VIOLATED)
   u_ctrl/u_aes/rkeys_reg_462_/D                          -270.3291 (VIOLATED)
   u_ctrl/u_aes/rkeys_reg_478_/D                          -270.3291 (VIOLATED)
   u_ctrl/u_aes/rkeys_reg_723_/D                          -270.3291 (VIOLATED)
   u_ctrl/u_aes/rkeys_reg_845_/D                          -270.3291 (VIOLATED)
   u_ctrl/u_aes/rkeys_reg_974_/D                          -270.3291 (VIOLATED)
   u_ctrl/u_aes/rkeys_reg_1101_/D                         -270.3291 (VIOLATED)
   u_ctrl/u_aes/rkeys_reg_1107_/D                         -270.3291 (VIOLATED)
   u_ctrl/u_aes/rkeys_reg_1118_/D                         -270.3291 (VIOLATED)
   u_ctrl/u_aes/rkeys_reg_1229_/D                         -270.3291 (VIOLATED)
   u_ctrl/u_aes/rkeys_reg_1230_/D                         -270.3291 (VIOLATED)
   u_ctrl/u_aes/rkeys_reg_1235_/D                         -270.3291 (VIOLATED)
   u_ctrl/u_aes/rkeys_reg_180_/D                          -266.0003 (VIOLATED)
   u_ctrl/u_aes/rkeys_reg_183_/D                          -266.0003 (VIOLATED)
   u_ctrl/u_aes/rkeys_reg_338_/D                          -266.0003 (VIOLATED)
   u_ctrl/u_aes/rkeys_reg_419_/D                          -266.0003 (VIOLATED)
   u_ctrl/u_aes/rkeys_reg_450_/D                          -266.0003 (VIOLATED)
   u_ctrl/u_aes/rkeys_reg_560_/D                          -266.0003 (VIOLATED)
   u_ctrl/u_aes/rkeys_reg_569_/D                          -266.0003 (VIOLATED)
   u_ctrl/u_aes/rkeys_reg_570_/D                          -266.0003 (VIOLATED)
   u_ctrl/u_aes/rkeys_reg_578_/D                          -266.0003 (VIOLATED)
   u_ctrl/u_aes/rkeys_reg_601_/D                          -266.0003 (VIOLATED)
   u_ctrl/u_aes/rkeys_reg_688_/D                          -266.0003 (VIOLATED)
   u_ctrl/u_aes/rkeys_reg_695_/D                          -266.0003 (VIOLATED)
   u_ctrl/u_aes/rkeys_reg_700_/D                          -266.0003 (VIOLATED)
   u_ctrl/u_aes/rkeys_reg_720_/D                          -266.0003 (VIOLATED)
   u_ctrl/u_aes/rkeys_reg_824_/D                          -266.0003 (VIOLATED)
   u_ctrl/u_aes/rkeys_reg_832_/D                          -266.0003 (VIOLATED)
   u_ctrl/u_aes/rkeys_reg_848_/D                          -266.0003 (VIOLATED)
   u_ctrl/u_aes/rkeys_reg_850_/D                          -266.0003 (VIOLATED)
   u_ctrl/u_aes/rkeys_reg_944_/D                          -266.0003 (VIOLATED)
   u_ctrl/u_aes/rkeys_reg_948_/D                          -266.0003 (VIOLATED)
   u_ctrl/u_aes/rkeys_reg_1072_/D                         -266.0003 (VIOLATED)
   u_ctrl/u_aes/rkeys_reg_1209_/D                         -266.0003 (VIOLATED)
   u_ctrl/u_aes/rkeys_reg_1215_/D                         -266.0003 (VIOLATED)
   u_ctrl/u_aes/rkeys_reg_1239_/D                         -266.0003 (VIOLATED)
   u_ctrl/u_aes/rkeys_reg_1344_/D                         -266.0003 (VIOLATED)
   u_ctrl/u_aes/rkeys_reg_1345_/D                         -266.0003 (VIOLATED)
   u_ctrl/u_aes/rkeys_reg_1290_/D                         -257.8352 (VIOLATED)
   u_ctrl/u_aes/rkeys_reg_170_/D                          -257.8313 (VIOLATED)
   u_ctrl/u_aes/rkeys_reg_539_/D                          -257.8313 (VIOLATED)
   u_ctrl/u_aes/rkeys_reg_597_/D                          -257.8313 (VIOLATED)
   u_ctrl/u_aes/rkeys_reg_608_/D                          -257.8313 (VIOLATED)
   u_ctrl/u_aes/rkeys_reg_753_/D                          -257.8313 (VIOLATED)
   u_ctrl/u_aes/rkeys_reg_853_/D                          -257.8313 (VIOLATED)
   u_ctrl/u_aes/rkeys_reg_896_/D                          -257.8313 (VIOLATED)
   u_ctrl/u_aes/rkeys_reg_912_/D                          -257.8313 (VIOLATED)
   u_ctrl/u_aes/rkeys_reg_915_/D                          -257.8313 (VIOLATED)
   u_ctrl/u_aes/rkeys_reg_922_/D                          -257.8313 (VIOLATED)
   u_ctrl/u_aes/rkeys_reg_1051_/D                         -257.8313 (VIOLATED)
   u_ctrl/u_aes/rkeys_reg_1178_/D                         -257.8313 (VIOLATED)
   u_ctrl/u_aes/rkeys_reg_1184_/D                         -257.8313 (VIOLATED)
   u_ctrl/u_aes/rkeys_reg_1248_/D                         -257.8313 (VIOLATED)
   u_ctrl/u_aes/rkeys_reg_1265_/D                         -257.8313 (VIOLATED)
   u_ctrl/u_aes/rkeys_reg_1280_/D                         -257.8313 (VIOLATED)
   u_ctrl/u_aes/rkeys_reg_1291_/D                         -257.8313 (VIOLATED)
   u_ctrl/u_aes/rkeys_reg_1296_/D                         -257.8313 (VIOLATED)
   u_ctrl/u_aes/rkeys_reg_755_/D                          -257.8277 (VIOLATED)
   u_ctrl/u_aes/rkeys_reg_990_/D                          -257.8277 (VIOLATED)
   u_ctrl/u_aes/rkeys_reg_1037_/D                         -257.8277 (VIOLATED)
   u_ctrl/u_aes/rkeys_reg_1246_/D                         -257.8277 (VIOLATED)
   u_ctrl/u_aes/rkeys_reg_320_/D                          -257.5893 (VIOLATED)
   u_ctrl/u_aes/rkeys_reg_330_/D                          -257.5893 (VIOLATED)
   u_ctrl/u_aes/rkeys_reg_435_/D                          -257.5893 (VIOLATED)
   u_ctrl/u_aes/rkeys_reg_468_/D                          -257.5893 (VIOLATED)
   u_ctrl/u_aes/rkeys_reg_710_/D                          -257.5893 (VIOLATED)
   u_ctrl/u_aes/rkeys_reg_819_/D                          -257.5893 (VIOLATED)
   u_ctrl/u_aes/rkeys_reg_938_/D                          -257.5893 (VIOLATED)
   u_ctrl/u_aes/rkeys_reg_947_/D                          -257.5893 (VIOLATED)
   u_ctrl/u_aes/rkeys_reg_950_/D                          -257.5893 (VIOLATED)
   u_ctrl/u_aes/rkeys_reg_955_/D                          -257.5893 (VIOLATED)
   u_ctrl/u_aes/rkeys_reg_960_/D                          -257.5893 (VIOLATED)
   u_ctrl/u_aes/rkeys_reg_961_/D                          -257.5893 (VIOLATED)
   u_ctrl/u_aes/rkeys_reg_962_/D                          -257.5893 (VIOLATED)
   u_ctrl/u_aes/rkeys_reg_964_/D                          -257.5893 (VIOLATED)
   u_ctrl/u_aes/rkeys_reg_965_/D                          -257.5893 (VIOLATED)
   u_ctrl/u_aes/rkeys_reg_1081_/D                         -257.5893 (VIOLATED)
   u_ctrl/u_aes/rkeys_reg_1082_/D                         -257.5893 (VIOLATED)
   u_ctrl/u_aes/rkeys_reg_1093_/D                         -257.5893 (VIOLATED)
   u_ctrl/u_aes/rkeys_reg_1096_/D                         -257.5893 (VIOLATED)
   u_ctrl/u_aes/rkeys_reg_1222_/D                         -257.5893 (VIOLATED)
   u_ctrl/u_aes/rkeys_reg_1339_/D                         -257.5893 (VIOLATED)
   u_ctrl/u_aes/rkeys_reg_1346_/D                         -257.5893 (VIOLATED)
   u_ctrl/u_aes/rkeys_reg_1360_/D                         -257.5893 (VIOLATED)
   u_ctrl/u_aes/rkeys_reg_197_/D                          -253.0053 (VIOLATED)
   u_ctrl/u_aes/rkeys_reg_198_/D                          -253.0053 (VIOLATED)
   u_ctrl/u_aes/rkeys_reg_465_/D                          -253.0053 (VIOLATED)
   u_ctrl/u_aes/rkeys_reg_721_/D                          -253.0053 (VIOLATED)
   u_ctrl/u_aes/rkeys_reg_833_/D                          -253.0053 (VIOLATED)
   u_ctrl/u_aes/rkeys_reg_954_/D                          -253.0053 (VIOLATED)
   u_ctrl/u_aes/rkeys_reg_968_/D                          -253.0053 (VIOLATED)
   u_ctrl/u_aes/rkeys_reg_977_/D                          -253.0053 (VIOLATED)
   u_ctrl/u_aes/rkeys_reg_993_/D                          -253.0053 (VIOLATED)
   u_ctrl/u_aes/rkeys_reg_1092_/D                         -253.0053 (VIOLATED)
   u_ctrl/u_aes/rkeys_reg_1104_/D                         -253.0053 (VIOLATED)
   u_ctrl/u_aes/rkeys_reg_1106_/D                         -253.0053 (VIOLATED)
   u_ctrl/u_aes/rkeys_reg_1221_/D                         -253.0053 (VIOLATED)
   u_ctrl/u_aes/rkeys_reg_1353_/D                         -253.0053 (VIOLATED)
   u_ctrl/u_aes/rkeys_reg_1354_/D                         -253.0053 (VIOLATED)
   u_ctrl/u_aes/rkeys_reg_1362_/D                         -253.0053 (VIOLATED)
   u_ctrl/u_aes/rkeys_reg_467_/D                          -253.0017 (VIOLATED)
   u_ctrl/u_aes/rkeys_reg_715_/D                          -253.0017 (VIOLATED)
   u_ctrl/u_aes/rkeys_reg_843_/D                          -253.0017 (VIOLATED)
   u_ctrl/u_aes/rkeys_reg_971_/D                          -253.0017 (VIOLATED)
   u_ctrl/u_aes/rkeys_reg_1099_/D                         -253.0017 (VIOLATED)
   u_ctrl/u_aes/state_reg_36_/D                           -250.1701 (VIOLATED)
   u_ctrl/u_aes/state_reg_70_/D                           -250.1658 (VIOLATED)
   u_ctrl/u_aes/state_reg_52_/D                           -250.0809 (VIOLATED)
   u_ctrl/u_aes/state_reg_55_/D                           -250.0806 (VIOLATED)
   u_ctrl/u_aes/rkeys_reg_32_/D                           -250.0793 (VIOLATED)
   u_ctrl/u_aes/rkeys_reg_39_/D                           -250.0793 (VIOLATED)
   u_ctrl/u_aes/rkeys_reg_40_/D                           -250.0793 (VIOLATED)
   u_ctrl/u_aes/rkeys_reg_41_/D                           -250.0793 (VIOLATED)
   u_ctrl/u_aes/rkeys_reg_42_/D                           -250.0793 (VIOLATED)
   u_ctrl/u_aes/rkeys_reg_45_/D                           -250.0793 (VIOLATED)
   u_ctrl/u_aes/rkeys_reg_47_/D                           -250.0793 (VIOLATED)
   u_ctrl/u_aes/rkeys_reg_48_/D                           -250.0793 (VIOLATED)
   u_ctrl/u_aes/rkeys_reg_49_/D                           -250.0793 (VIOLATED)
   u_ctrl/u_aes/rkeys_reg_50_/D                           -250.0793 (VIOLATED)
   u_ctrl/u_aes/rkeys_reg_56_/D                           -250.0793 (VIOLATED)
   u_ctrl/u_aes/rkeys_reg_57_/D                           -250.0793 (VIOLATED)
   u_ctrl/u_aes/rkeys_reg_60_/D                           -250.0793 (VIOLATED)
   u_ctrl/u_aes/rkeys_reg_61_/D                           -250.0793 (VIOLATED)
   u_ctrl/u_aes/rkeys_reg_62_/D                           -250.0793 (VIOLATED)
   u_ctrl/u_aes/rkeys_reg_63_/D                           -250.0793 (VIOLATED)
   u_ctrl/u_aes/rkeys_reg_33_/D                           -238.8851 (VIOLATED)
   u_ctrl/u_aes/rkeys_reg_35_/D                           -238.8851 (VIOLATED)
   u_ctrl/u_aes/rkeys_reg_215_/D                          -238.8812 (VIOLATED)
   u_ctrl/u_aes/rkeys_reg_422_/D                          -238.8812 (VIOLATED)
   u_ctrl/u_aes/rkeys_reg_472_/D                          -238.8812 (VIOLATED)
   u_ctrl/u_aes/rkeys_reg_602_/D                          -238.8812 (VIOLATED)
   u_ctrl/u_aes/rkeys_reg_666_/D                          -238.8812 (VIOLATED)
   u_ctrl/u_aes/rkeys_reg_673_/D                          -238.8812 (VIOLATED)
   u_ctrl/u_aes/rkeys_reg_678_/D                          -238.8812 (VIOLATED)
   u_ctrl/u_aes/rkeys_reg_803_/D                          -238.8812 (VIOLATED)
   u_ctrl/u_aes/rkeys_reg_1385_/D                         -238.8812 (VIOLATED)
   u_ctrl/u_aes/rkeys_reg_99_/D                           -238.1319 (VIOLATED)
   u_ctrl/u_aes/rkeys_reg_104_/D                          -238.1319 (VIOLATED)
   u_ctrl/u_aes/rkeys_reg_94_/D                           -238.1299 (VIOLATED)
   u_ctrl/u_aes/rkeys_reg_73_/D                           -238.1281 (VIOLATED)
   u_ctrl/u_aes/rkeys_reg_87_/D                           -238.1281 (VIOLATED)
   u_ctrl/u_aes/rkeys_reg_88_/D                           -238.1281 (VIOLATED)
   u_ctrl/u_aes/rkeys_reg_89_/D                           -238.1281 (VIOLATED)
   u_ctrl/u_aes/rkeys_reg_93_/D                           -238.1281 (VIOLATED)
   u_ctrl/u_aes/rkeys_reg_95_/D                           -238.1281 (VIOLATED)
   u_ctrl/u_aes/rkeys_reg_108_/D                          -238.1281 (VIOLATED)
   u_ctrl/u_aes/rkeys_reg_124_/D                          -237.2669 (VIOLATED)
   u_ctrl/u_aes/rkeys_reg_121_/D                          -237.2665 (VIOLATED)
   u_ctrl/u_aes/rkeys_reg_82_/D                           -237.2664 (VIOLATED)
   u_ctrl/u_aes/rkeys_reg_120_/D                          -237.2664 (VIOLATED)
   u_ctrl/u_aes/rkeys_reg_84_/D                           -237.2664 (VIOLATED)
   u_ctrl/u_aes/rkeys_reg_68_/D                           -237.2664 (VIOLATED)
   u_ctrl/u_aes/rkeys_reg_101_/D                          -237.2664 (VIOLATED)
   u_ctrl/u_aes/state_reg_86_/D                           -237.2652 (VIOLATED)
   u_ctrl/u_aes/rkeys_reg_98_/D                           -236.2097 (VIOLATED)
   u_ctrl/u_aes/rkeys_reg_75_/D                           -236.2027 (VIOLATED)
   u_ctrl/u_aes/rkeys_reg_78_/D                           -236.2027 (VIOLATED)
   u_ctrl/u_aes/round_reg_0_/D                            -236.1255 (VIOLATED)
   u_ctrl/u_aes/busy_reg/D                                -236.0873 (VIOLATED)
   u_ctrl/u_aes/round_reg_1_/D                            -236.0600 (VIOLATED)
   u_ctrl/u_aes/rkeys_reg_96_/D                           -236.0411 (VIOLATED)
   u_ctrl/u_aes/rkeys_reg_106_/D                          -236.0411 (VIOLATED)
   u_ctrl/u_aes/rkeys_reg_107_/D                          -236.0411 (VIOLATED)
   u_ctrl/u_aes/state_reg_14_/D                           -236.0387 (VIOLATED)
   u_ctrl/u_aes/state_reg_31_/D                           -236.0387 (VIOLATED)
   u_ctrl/u_aes/state_reg_69_/D                           -236.0387 (VIOLATED)
   u_ctrl/u_aes/rkeys_reg_66_/D                           -236.0373 (VIOLATED)
   u_ctrl/u_aes/rkeys_reg_97_/D                           -236.0373 (VIOLATED)
   u_ctrl/u_aes/rkeys_reg_112_/D                          -236.0373 (VIOLATED)
   u_ctrl/u_aes/rkeys_reg_116_/D                          -236.0373 (VIOLATED)
   u_ctrl/u_aes/state_reg_20_/D                           -236.0348 (VIOLATED)
   u_ctrl/u_aes/state_reg_22_/D                           -236.0348 (VIOLATED)
   u_ctrl/u_aes/state_reg_23_/D                           -236.0348 (VIOLATED)
   u_ctrl/u_aes/round_reg_2_/D                            -236.0343 (VIOLATED)
   u_ctrl/u_aes/round_reg_3_/D                            -236.0278 (VIOLATED)
   u_ctrl/u_aes/ct_out_reg_27_/D                          -98.0921  (VIOLATED)
   u_ctrl/u_aes/ct_out_reg_66_/D                          -98.0921  (VIOLATED)
   u_ctrl/u_aes/ct_out_reg_87_/D                          -98.0921  (VIOLATED)
   u_ctrl/u_aes/ct_out_reg_89_/D                          -98.0921  (VIOLATED)
   u_ctrl/u_aes/ct_out_reg_96_/D                          -98.0921  (VIOLATED)
   u_ctrl/u_aes/ct_out_reg_104_/D                         -98.0921  (VIOLATED)
   u_ctrl/u_aes/ct_out_reg_124_/D                         -98.0921  (VIOLATED)
   u_ctrl/u_aes/ct_out_reg_33_/D                          -98.0887  (VIOLATED)
   u_ctrl/u_aes/ct_out_reg_0_/D                           -98.0883  (VIOLATED)
   u_ctrl/u_aes/ct_out_reg_2_/D                           -98.0883  (VIOLATED)
   u_ctrl/u_aes/ct_out_reg_17_/D                          -98.0883  (VIOLATED)
   u_ctrl/u_aes/ct_out_reg_40_/D                          -98.0883  (VIOLATED)
   u_ctrl/u_aes/ct_out_reg_65_/D                          -98.0883  (VIOLATED)
   u_ctrl/u_aes/ct_out_reg_75_/D                          -98.0883  (VIOLATED)
   u_ctrl/u_aes/ct_out_reg_82_/D                          -98.0883  (VIOLATED)
   u_ctrl/u_aes/ct_out_reg_88_/D                          -98.0883  (VIOLATED)
   u_ctrl/u_aes/ct_out_reg_95_/D                          -98.0883  (VIOLATED)
   u_ctrl/u_aes/ct_out_reg_97_/D                          -98.0883  (VIOLATED)
   u_ctrl/u_aes/ct_out_reg_98_/D                          -98.0883  (VIOLATED)
   u_ctrl/u_aes/ct_out_reg_99_/D                          -98.0883  (VIOLATED)
   u_ctrl/u_aes/ct_out_reg_102_/D                         -98.0883  (VIOLATED)
   u_ctrl/u_aes/ct_out_reg_106_/D                         -98.0883  (VIOLATED)
   u_ctrl/u_aes/ct_out_reg_107_/D                         -98.0883  (VIOLATED)
   u_ctrl/u_aes/ct_out_reg_108_/D                         -98.0883  (VIOLATED)
   u_ctrl/u_aes/ct_out_reg_112_/D                         -98.0883  (VIOLATED)
   u_ctrl/u_aes/ct_out_reg_120_/D                         -98.0883  (VIOLATED)
   u_ctrl/u_aes/ct_out_reg_121_/D                         -98.0883  (VIOLATED)
   u_ctrl/u_aes/ct_out_reg_100_/D                         -98.0810  (VIOLATED)
   u_ctrl/u_aes/ct_out_reg_109_/D                         -98.0789  (VIOLATED)
   u_ctrl/u_aes/ct_out_reg_30_/D                          -98.0771  (VIOLATED)
   u_ctrl/u_aes/ct_out_reg_39_/D                          -98.0771  (VIOLATED)
   u_ctrl/u_aes/ct_out_reg_77_/D                          -98.0771  (VIOLATED)
   u_ctrl/u_aes/ct_out_reg_78_/D                          -98.0771  (VIOLATED)
   u_ctrl/u_aes/ct_out_reg_84_/D                          -98.0771  (VIOLATED)
   u_ctrl/u_aes/ct_out_reg_94_/D                          -98.0771  (VIOLATED)
   u_ctrl/u_aes/ct_out_reg_101_/D                         -98.0771  (VIOLATED)
   u_ctrl/u_aes/ct_out_reg_116_/D                         -98.0771  (VIOLATED)
   u_ctrl/u_aes/state_reg_1_/D                            -82.6887  (VIOLATED)
   u_ctrl/u_aes/state_reg_43_/D                           -82.6859  (VIOLATED)
   u_ctrl/u_aes/state_reg_12_/D                           -82.6858  (VIOLATED)
   u_ctrl/u_aes/state_reg_40_/D                           -82.6858  (VIOLATED)
   u_ctrl/u_aes/state_reg_41_/D                           -82.6856  (VIOLATED)
   u_ctrl/u_aes/state_reg_29_/D                           -82.6854  (VIOLATED)
   u_ctrl/u_aes/state_reg_93_/D                           -82.6811  (VIOLATED)
   u_ctrl/u_aes/state_reg_11_/D                           -82.6811  (VIOLATED)
   u_ctrl/u_aes/state_reg_2_/D                            -82.6810  (VIOLATED)
   u_ctrl/u_aes/state_reg_46_/D                           -82.6809  (VIOLATED)
   u_ctrl/u_aes/state_reg_9_/D                            -82.6779  (VIOLATED)
   u_ctrl/u_aes/state_reg_25_/D                           -82.6774  (VIOLATED)
   u_ctrl/u_aes/state_reg_92_/D                           -82.6662  (VIOLATED)
   u_ctrl/u_aes/state_reg_28_/D                           -82.6662  (VIOLATED)
   u_ctrl/u_aes/state_reg_74_/D                           -82.6659  (VIOLATED)
   u_ctrl/u_aes/state_reg_88_/D                           -82.6657  (VIOLATED)
   u_ctrl/u_aes/state_reg_95_/D                           -82.6654  (VIOLATED)
   u_ctrl/u_aes/state_reg_27_/D                           -82.6653  (VIOLATED)
   u_ctrl/u_aes/state_reg_0_/D                            -82.6650  (VIOLATED)
   u_ctrl/u_aes/state_reg_18_/D                           -82.6649  (VIOLATED)
   u_ctrl/u_aes/state_reg_26_/D                           -82.6648  (VIOLATED)
   u_ctrl/u_aes/state_reg_10_/D                           -82.6648  (VIOLATED)
   u_ctrl/u_aes/state_reg_24_/D                           -82.6628  (VIOLATED)
   u_ctrl/u_aes/state_reg_8_/D                            -82.6627  (VIOLATED)
   u_ctrl/u_aes/state_reg_90_/D                           -82.6626  (VIOLATED)
   u_ctrl/u_aes/state_reg_17_/D                           -82.6623  (VIOLATED)
   u_ctrl/u_aes/state_reg_66_/D                           -82.6621  (VIOLATED)
   u_ctrl/u_aes/state_reg_3_/D                            -82.6620  (VIOLATED)
   u_ctrl/u_aes/state_reg_91_/D                           -82.6615  (VIOLATED)
   u_ctrl/u_aes/state_reg_21_/D                           -82.6608  (VIOLATED)
   u_ctrl/u_aes/state_reg_44_/D                           -82.6608  (VIOLATED)
   u_ctrl/u_aes/state_reg_19_/D                           -82.6598  (VIOLATED)
   u_ctrl/u_aes/state_reg_89_/D                           -82.6584  (VIOLATED)
   u_ctrl/u_aes/state_reg_15_/D                           -82.6517  (VIOLATED)
   u_ctrl/u_aes/state_reg_7_/D                            -82.6444  (VIOLATED)
   u_ctrl/u_aes/state_reg_47_/D                           -82.6443  (VIOLATED)
   u_ctrl/u_aes/state_reg_30_/D                           -82.6443  (VIOLATED)
   u_ctrl/u_aes/state_reg_94_/D                           -82.6194  (VIOLATED)
   u_ctrl/u_aes/state_reg_6_/D                            -82.6164  (VIOLATED)
   u_ctrl/u_aes/state_reg_13_/D                           -82.6153  (VIOLATED)
   u_ctrl/u_aes/state_reg_71_/D                           -76.2526  (VIOLATED)
   u_ctrl/u_aes/state_reg_59_/D                           -76.2324  (VIOLATED)
   u_ctrl/u_aes/state_reg_98_/D                           -76.2272  (VIOLATED)
   u_ctrl/u_aes/state_reg_61_/D                           -76.2261  (VIOLATED)
   u_ctrl/u_aes/state_reg_65_/D                           -76.2151  (VIOLATED)
   u_ctrl/u_aes/state_reg_79_/D                           -76.2012  (VIOLATED)
   u_ctrl/u_aes/state_reg_42_/D                           -76.1970  (VIOLATED)
   u_ctrl/u_aes/state_reg_51_/D                           -76.1963  (VIOLATED)
   u_ctrl/u_aes/state_reg_58_/D                           -76.1959  (VIOLATED)
   u_ctrl/u_aes/state_reg_54_/D                           -76.1904  (VIOLATED)
   u_ctrl/u_aes/state_reg_110_/D                          -76.1848  (VIOLATED)
   u_ctrl/u_aes/state_reg_64_/D                           -76.1847  (VIOLATED)
   u_ctrl/u_aes/state_reg_102_/D                          -76.1839  (VIOLATED)
   u_ctrl/u_aes/state_reg_78_/D                           -76.1831  (VIOLATED)
   u_ctrl/u_aes/state_reg_75_/D                           -76.1826  (VIOLATED)
   u_ctrl/u_aes/state_reg_48_/D                           -76.1788  (VIOLATED)
   u_ctrl/u_aes/state_reg_67_/D                           -76.1758  (VIOLATED)
   u_ctrl/u_aes/state_reg_35_/D                           -76.1753  (VIOLATED)
   u_ctrl/u_aes/state_reg_115_/D                          -76.1677  (VIOLATED)
   u_ctrl/u_aes/state_reg_81_/D                           -76.1669  (VIOLATED)
   u_ctrl/u_aes/state_reg_16_/D                           -76.1668  (VIOLATED)
   u_ctrl/u_aes/state_reg_68_/D                           -76.1644  (VIOLATED)
   u_ctrl/u_aes/state_reg_97_/D                           -76.1618  (VIOLATED)
   u_ctrl/u_aes/state_reg_127_/D                          -76.1591  (VIOLATED)
   u_ctrl/u_aes/state_reg_99_/D                           -76.1562  (VIOLATED)
   u_ctrl/u_aes/state_reg_62_/D                           -76.1202  (VIOLATED)
   u_ctrl/u_aes/state_reg_125_/D                          -76.1099  (VIOLATED)
   u_ctrl/u_aes/state_reg_72_/D                           -76.1071  (VIOLATED)
   u_ctrl/u_aes/state_reg_32_/D                           -76.1018  (VIOLATED)
   u_ctrl/u_aes/state_reg_39_/D                           -76.0760  (VIOLATED)
   u_ctrl/u_aes/state_reg_124_/D                          -67.7049  (VIOLATED)
   u_ctrl/u_aes/state_reg_37_/D                           -67.6488  (VIOLATED)
   u_ctrl/u_aes/state_reg_119_/D                          -67.6371  (VIOLATED)
   u_ctrl/u_aes/state_reg_101_/D                          -67.6290  (VIOLATED)
   u_ctrl/u_aes/state_reg_4_/D                            -67.6220  (VIOLATED)
   u_ctrl/u_aes/state_reg_108_/D                          -67.6208  (VIOLATED)
   u_ctrl/u_aes/state_reg_38_/D                           -67.6156  (VIOLATED)
   u_ctrl/u_aes/state_reg_122_/D                          -67.6151  (VIOLATED)
   u_ctrl/u_aes/state_reg_117_/D                          -67.6111  (VIOLATED)
   u_ctrl/u_aes/state_reg_121_/D                          -67.6039  (VIOLATED)
   u_ctrl/u_aes/state_reg_5_/D                            -67.6015  (VIOLATED)
   u_ctrl/u_aes/state_reg_103_/D                          -67.5727  (VIOLATED)
   u_ctrl/u_aes/state_reg_109_/D                          -67.5618  (VIOLATED)
   u_ctrl/u_aes/state_reg_105_/D                          -61.9117  (VIOLATED)
   u_ctrl/u_aes/state_reg_112_/D                          -61.9064  (VIOLATED)
   u_ctrl/u_aes/state_reg_123_/D                          -61.8708  (VIOLATED)
   u_ctrl/u_aes/state_reg_100_/D                          -61.8692  (VIOLATED)
   u_ctrl/u_aes/state_reg_116_/D                          -61.8545  (VIOLATED)
   u_ctrl/u_aes/state_reg_107_/D                          -61.8454  (VIOLATED)
   u_ctrl/u_aes/state_reg_104_/D                          -61.8385  (VIOLATED)
   u_ctrl/u_aes/state_reg_126_/D                          -61.8295  (VIOLATED)
   u_ctrl/u_aes/state_reg_87_/D                           -61.8239  (VIOLATED)
   u_ctrl/u_aes/state_reg_106_/D                          -61.8069  (VIOLATED)
   u_ctrl/u_aes/state_reg_63_/D                           -56.5107  (VIOLATED)
   u_ctrl/u_aes/state_reg_45_/D                           -56.5065  (VIOLATED)
   u_ctrl/u_aes/ct_out_reg_63_/D                          -56.4662  (VIOLATED)
   u_ctrl/u_aes/ct_out_reg_45_/D                          -56.4662  (VIOLATED)
   u_ctrl/u_aes/ct_out_reg_35_/D                          -56.4564  (VIOLATED)
   u_ctrl/u_aes/ct_out_reg_37_/D                          -56.4488  (VIOLATED)
   u_ctrl/u_aes/state_reg_53_/D                           -56.4112  (VIOLATED)
   u_ctrl/u_aes/ct_out_reg_36_/D                          -56.4046  (VIOLATED)
   u_ctrl/u_aes/ct_out_reg_38_/D                          -56.4046  (VIOLATED)
   u_ctrl/u_aes/ct_out_reg_46_/D                          -56.4046  (VIOLATED)
   u_ctrl/u_aes/ct_out_reg_52_/D                          -56.4046  (VIOLATED)
   u_ctrl/u_aes/ct_out_reg_53_/D                          -56.4046  (VIOLATED)
   u_ctrl/u_aes/ct_out_reg_54_/D                          -56.4046  (VIOLATED)
   u_ctrl/u_aes/ct_out_reg_55_/D                          -56.4046  (VIOLATED)
   u_ctrl/u_aes/ct_out_reg_59_/D                          -56.4046  (VIOLATED)
   u_ctrl/u_aes/ct_out_reg_44_/D                          -56.4008  (VIOLATED)
   u_ctrl/u_aes/ct_out_reg_58_/D                          -56.4008  (VIOLATED)
   u_ctrl/u_aes/state_reg_113_/D                          -53.8131  (VIOLATED)
   u_ctrl/u_aes/ct_out_reg_113_/D                         -53.7685  (VIOLATED)
   u_ctrl/u_aes/ct_out_reg_86_/D                          -53.7681  (VIOLATED)
   u_ctrl/u_aes/ct_out_reg_115_/D                         -53.7681  (VIOLATED)
   u_ctrl/u_aes/ct_out_reg_117_/D                         -53.7681  (VIOLATED)
   u_ctrl/u_aes/ct_out_reg_122_/D                         -53.7681  (VIOLATED)
   u_ctrl/u_aes/ct_out_reg_123_/D                         -53.7681  (VIOLATED)
   u_ctrl/u_aes/ct_out_reg_125_/D                         -53.7681  (VIOLATED)
   u_ctrl/u_aes/ct_out_reg_126_/D                         -53.7681  (VIOLATED)
   u_ctrl/u_aes/ct_out_reg_127_/D                         -53.7681  (VIOLATED)
   u_ctrl/u_aes/state_reg_82_/D                           -50.2951  (VIOLATED)
   u_ctrl/u_aes/state_reg_49_/D                           -50.2872  (VIOLATED)
   u_ctrl/u_aes/state_reg_77_/D                           -50.2841  (VIOLATED)
   u_ctrl/u_aes/state_reg_73_/D                           -50.2768  (VIOLATED)
   u_ctrl/u_aes/state_reg_83_/D                           -50.2633  (VIOLATED)
   u_ctrl/u_aes/state_reg_84_/D                           -50.2285  (VIOLATED)
   u_ctrl/u_aes/state_reg_80_/D                           -50.2081  (VIOLATED)
   u_ctrl/u_aes/state_reg_76_/D                           -44.9024  (VIOLATED)
   u_ctrl/u_aes/ct_out_reg_91_/D                          -44.8909  (VIOLATED)
   u_ctrl/u_aes/ct_out_reg_72_/D                          -44.8909  (VIOLATED)
   u_ctrl/u_aes/ct_out_reg_90_/D                          -44.8909  (VIOLATED)
   u_ctrl/u_aes/ct_out_reg_28_/D                          -43.7139  (VIOLATED)
   u_ctrl/u_aes/ct_out_reg_8_/D                           -43.7105  (VIOLATED)
   u_ctrl/u_aes/ct_out_reg_10_/D                          -43.7103  (VIOLATED)
   u_ctrl/u_aes/ct_out_reg_11_/D                          -43.7101  (VIOLATED)
   u_ctrl/u_aes/ct_out_reg_14_/D                          -43.7063  (VIOLATED)
   u_ctrl/u_aes/ct_out_reg_15_/D                          -43.7063  (VIOLATED)
   u_ctrl/u_aes/done_reg/D                                -42.7102  (VIOLATED)
   u_ctrl/u_aes/ct_out_reg_64_/D                          -42.6894  (VIOLATED)
   u_ctrl/u_aes/ct_out_reg_41_/D                          -42.6894  (VIOLATED)
   u_ctrl/u_aes/ct_out_reg_32_/D                          -42.6893  (VIOLATED)
   u_ctrl/u_aes/ct_out_reg_42_/D                          -42.6893  (VIOLATED)
   u_ctrl/u_aes/ct_out_reg_48_/D                          -42.6893  (VIOLATED)
   u_ctrl/u_aes/ct_out_reg_49_/D                          -42.6893  (VIOLATED)
   u_ctrl/u_aes/ct_out_reg_50_/D                          -42.6893  (VIOLATED)
   u_ctrl/u_aes/ct_out_reg_56_/D                          -42.6893  (VIOLATED)
   u_ctrl/u_aes/ct_out_reg_57_/D                          -42.6893  (VIOLATED)
   u_ctrl/u_aes/ct_out_reg_60_/D                          -42.6893  (VIOLATED)
   u_ctrl/u_aes/ct_out_reg_61_/D                          -42.6893  (VIOLATED)
   u_ctrl/u_aes/ct_out_reg_62_/D                          -42.6893  (VIOLATED)
   u_ctrl/u_aes/ct_out_reg_68_/D                          -42.6709  (VIOLATED)
   u_ctrl/u_aes/ct_out_reg_47_/D                          -42.6709  (VIOLATED)
   u_ctrl/u_aes/state_reg_34_/D                           -42.5540  (VIOLATED)
   u_ctrl/u_aes/state_reg_33_/D                           -42.4819  (VIOLATED)
   u_ctrl/u_aes/ct_out_reg_7_/D                           -41.9713  (VIOLATED)
   u_ctrl/u_aes/ct_out_reg_6_/D                           -41.9604  (VIOLATED)
   u_ctrl/u_aes/ct_out_reg_13_/D                          -41.9604  (VIOLATED)
   u_ctrl/u_aes/ct_out_reg_31_/D                          -41.9063  (VIOLATED)
   u_ctrl/u_aes/ct_out_reg_29_/D                          -41.8988  (VIOLATED)
   u_ctrl/u_aes/ct_out_reg_9_/D                           -41.8988  (VIOLATED)
   u_ctrl/u_aes/ct_out_reg_18_/D                          -41.8988  (VIOLATED)
   u_ctrl/u_aes/state_reg_85_/D                           -41.4222  (VIOLATED)
   u_ctrl/u_aes/state_reg_57_/D                           -41.4201  (VIOLATED)
   u_ctrl/u_aes/state_reg_96_/D                           -41.3442  (VIOLATED)
   u_ctrl/u_aes/state_reg_56_/D                           -41.3314  (VIOLATED)
   u_ctrl/u_aes/state_reg_50_/D                           -41.3094  (VIOLATED)
   u_ctrl/u_aes/state_reg_60_/D                           -40.9969  (VIOLATED)
   u_ctrl/u_aes/ct_out_reg_67_/D                          -38.2921  (VIOLATED)
   u_ctrl/u_aes/ct_out_reg_71_/D                          -38.2846  (VIOLATED)
   u_ctrl/u_aes/ct_out_reg_73_/D                          -37.8293  (VIOLATED)
   u_ctrl/u_aes/ct_out_reg_93_/D                          -37.8272  (VIOLATED)
   u_ctrl/u_aes/ct_out_reg_16_/D                          -37.0072  (VIOLATED)
   u_ctrl/u_aes/ct_out_reg_26_/D                          -37.0067  (VIOLATED)
   u_ctrl/u_aes/ct_out_reg_24_/D                          -36.9993  (VIOLATED)
   u_ctrl/u_aes/ct_out_reg_21_/D                          -36.9733  (VIOLATED)
   u_ctrl/u_aes/ct_out_reg_12_/D                          -36.6602  (VIOLATED)
   u_ctrl/u_aes/ct_out_reg_19_/D                          -36.6511  (VIOLATED)
   u_ctrl/u_aes/ct_out_reg_69_/D                          -36.1586  (VIOLATED)
   u_ctrl/u_aes/ct_out_reg_70_/D                          -36.1586  (VIOLATED)
   u_ctrl/u_aes/ct_out_reg_76_/D                          -36.1586  (VIOLATED)
   u_ctrl/u_aes/ct_out_reg_74_/D                          -36.1586  (VIOLATED)
   u_ctrl/u_aes/ct_out_reg_103_/D                         -35.8065  (VIOLATED)
   u_ctrl/u_aes/ct_out_reg_1_/D                           -35.8031  (VIOLATED)
   u_ctrl/u_aes/ct_out_reg_92_/D                          -35.8029  (VIOLATED)
   u_ctrl/u_aes/ct_out_reg_23_/D                          -35.8029  (VIOLATED)
   u_ctrl/u_aes/ct_out_reg_25_/D                          -35.8029  (VIOLATED)
   u_ctrl/u_aes/ct_out_reg_20_/D                          -35.8028  (VIOLATED)
   u_ctrl/u_aes/ct_out_reg_4_/D                           -35.8028  (VIOLATED)
   u_ctrl/u_aes/ct_out_reg_3_/D                           -35.8028  (VIOLATED)
   u_ctrl/u_aes/ct_out_reg_5_/D                           -35.8028  (VIOLATED)
   u_ctrl/u_aes/ct_out_reg_22_/D                          -35.8028  (VIOLATED)
   u_ctrl/u_aes/ct_out_reg_79_/D                          -35.8028  (VIOLATED)
   u_ctrl/u_aes/state_reg_111_/D                          -35.5470  (VIOLATED)
   u_ctrl/u_aes/state_reg_114_/D                          -35.5432  (VIOLATED)
   u_ctrl/u_aes/ct_out_reg_110_/D                         -35.5427  (VIOLATED)
   u_ctrl/u_aes/ct_out_reg_119_/D                         -35.5394  (VIOLATED)
   u_ctrl/u_aes/ct_out_reg_80_/D                          -35.5391  (VIOLATED)
   u_ctrl/u_aes/ct_out_reg_81_/D                          -35.5391  (VIOLATED)
   u_ctrl/u_aes/state_reg_118_/D                          -35.3003  (VIOLATED)
   u_ctrl/u_aes/ct_out_reg_83_/D                          -35.2210  (VIOLATED)
   u_ctrl/u_aes/ct_out_reg_85_/D                          -35.2210  (VIOLATED)
   u_ctrl/u_aes/state_reg_120_/D                          -34.1067  (VIOLATED)
   u_ctrl/u_aes/rkeys_reg_64_/D                           -13.5015  (VIOLATED)
   u_ctrl/u_aes/rkeys_reg_100_/D                          -13.4976  (VIOLATED)
   u_ctrl/u_aes/rkeys_reg_102_/D                          -13.4976  (VIOLATED)
   u_ctrl/u_aes/rkeys_reg_660_/D                          -13.4976  (VIOLATED)
   u_ctrl/u_aes/rkeys_reg_664_/D                          -13.4976  (VIOLATED)
   u_ctrl/u_aes/rkeys_reg_731_/D                          -13.4976  (VIOLATED)
   u_ctrl/u_aes/rkeys_reg_873_/D                          -13.4976  (VIOLATED)
   u_ctrl/u_aes/rkeys_reg_918_/D                          -13.4976  (VIOLATED)
   u_ctrl/u_aes/rkeys_reg_1044_/D                         -13.4976  (VIOLATED)
   u_ctrl/u_aes/rkeys_reg_1027_/D                         -13.4940  (VIOLATED)
   u_ctrl/u_aes/ct_out_reg_51_/D                          -12.7717  (VIOLATED)
   u_ctrl/u_aes/ct_out_reg_43_/D                          -12.7717  (VIOLATED)
   u_ctrl/u_aes/ct_out_reg_34_/D                          -12.7716  (VIOLATED)
   u_ctrl/u_aes/ct_out_reg_105_/D                         -12.7716  (VIOLATED)
   u_ctrl/u_aes/ct_out_reg_111_/D                         -12.7716  (VIOLATED)
   u_ctrl/u_aes/ct_out_reg_114_/D                         -12.7716  (VIOLATED)
   u_ctrl/u_aes/ct_out_reg_118_/D                         -12.7716  (VIOLATED)
   u_ctrl/u_aes/rkeys_reg_0_/D                            -10.6152  (VIOLATED)
   u_ctrl/u_aes/rkeys_reg_7_/D                            -10.6152  (VIOLATED)
   u_ctrl/u_aes/rkeys_reg_12_/D                           -10.6152  (VIOLATED)
   u_ctrl/u_aes/rkeys_reg_16_/D                           -10.6152  (VIOLATED)
   u_ctrl/u_aes/rkeys_reg_17_/D                           -10.6152  (VIOLATED)
   u_ctrl/u_aes/rkeys_reg_19_/D                           -10.6152  (VIOLATED)
   u_ctrl/u_aes/rkeys_reg_21_/D                           -10.6152  (VIOLATED)
   u_ctrl/u_aes/rkeys_reg_24_/D                           -10.6152  (VIOLATED)
   u_ctrl/u_aes/rkeys_reg_26_/D                           -10.6152  (VIOLATED)
   u_ctrl/u_aes/rkeys_reg_27_/D                           -10.6152  (VIOLATED)
   u_ctrl/u_aes/rkeys_reg_30_/D                           -10.6152  (VIOLATED)

   max_delay/setup ('ref_clk' group)

   Endpoint                                                  Slack
   -----------------------------------------------------------------
   u_ctrl/ct_hold_div2_reg_38_/D                          -233.0672 (VIOLATED)
   u_ctrl/ct_hold_div2_reg_46_/D                          -233.0672 (VIOLATED)
   u_ctrl/ct_hold_div2_reg_55_/D                          -233.0636 (VIOLATED)
   u_ctrl/ct_hold_div2_reg_60_/D                          -233.0636 (VIOLATED)
   u_ctrl/ct_hold_div2_reg_86_/D                          -233.0636 (VIOLATED)
   u_ctrl/ct_hold_div2_reg_89_/D                          -233.0636 (VIOLATED)
   u_ctrl/ct_hold_div2_reg_90_/D                          -233.0636 (VIOLATED)
   u_ctrl/ct_hold_div2_reg_96_/D                          -233.0636 (VIOLATED)
   u_ctrl/ct_hold_div2_reg_98_/D                          -233.0636 (VIOLATED)
   u_ctrl/ct_hold_div2_reg_100_/D                         -233.0636 (VIOLATED)
   u_ctrl/ct_hold_div2_reg_101_/D                         -233.0636 (VIOLATED)
   u_ctrl/ct_hold_div2_reg_103_/D                         -233.0636 (VIOLATED)
   u_ctrl/ct_hold_div2_reg_104_/D                         -233.0636 (VIOLATED)
   u_ctrl/ct_hold_div2_reg_105_/D                         -233.0636 (VIOLATED)
   u_ctrl/ct_hold_div2_reg_106_/D                         -233.0636 (VIOLATED)
   u_ctrl/ct_hold_div2_reg_37_/D                          -233.0633 (VIOLATED)
   u_ctrl/ct_hold_div2_reg_40_/D                          -233.0633 (VIOLATED)
   u_ctrl/ct_hold_div2_reg_41_/D                          -233.0633 (VIOLATED)
   u_ctrl/ct_hold_div2_reg_42_/D                          -233.0633 (VIOLATED)
   u_ctrl/ct_hold_div2_reg_43_/D                          -233.0633 (VIOLATED)
   u_ctrl/ct_hold_div2_reg_44_/D                          -233.0633 (VIOLATED)
   u_ctrl/ct_hold_div2_reg_45_/D                          -233.0633 (VIOLATED)
   u_ctrl/ct_hold_div2_reg_48_/D                          -233.0633 (VIOLATED)
   u_ctrl/ct_hold_div2_reg_53_/D                          -233.0633 (VIOLATED)
   u_ctrl/ct_hold_div2_reg_81_/D                          -214.7446 (VIOLATED)
   u_ctrl/ct_hold_div2_reg_82_/D                          -214.7446 (VIOLATED)
   u_ctrl/ct_hold_div2_reg_83_/D                          -214.7446 (VIOLATED)
   u_ctrl/ct_hold_div2_reg_84_/D                          -214.7446 (VIOLATED)
   u_ctrl/ct_hold_div2_reg_85_/D                          -214.7446 (VIOLATED)
   u_ctrl/ct_hold_div2_reg_87_/D                          -214.7446 (VIOLATED)
   u_ctrl/ct_hold_div2_reg_88_/D                          -214.7446 (VIOLATED)
   u_ctrl/ct_hold_div2_reg_91_/D                          -214.7446 (VIOLATED)
   u_ctrl/ct_hold_div2_reg_92_/D                          -214.7446 (VIOLATED)
   u_ctrl/ct_hold_div2_reg_93_/D                          -214.7446 (VIOLATED)
   u_ctrl/ct_hold_div2_reg_94_/D                          -214.7446 (VIOLATED)
   u_ctrl/ct_hold_div2_reg_95_/D                          -214.7446 (VIOLATED)
   u_ctrl/ct_hold_div2_reg_107_/D                         -214.7446 (VIOLATED)
   u_ctrl/ct_hold_div2_reg_108_/D                         -214.7446 (VIOLATED)
   u_ctrl/ct_hold_div2_reg_47_/D                          -213.6366 (VIOLATED)
   u_ctrl/ct_hold_div2_reg_112_/D                         -209.4986 (VIOLATED)
   u_ctrl/ct_hold_div2_reg_113_/D                         -209.4986 (VIOLATED)
   u_ctrl/ct_hold_div2_reg_115_/D                         -209.4986 (VIOLATED)
   u_ctrl/ct_hold_div2_reg_116_/D                         -209.4986 (VIOLATED)
   u_ctrl/ct_hold_div2_reg_117_/D                         -209.4986 (VIOLATED)
   u_ctrl/ct_hold_div2_reg_118_/D                         -209.4986 (VIOLATED)
   u_ctrl/ct_hold_div2_reg_119_/D                         -209.4986 (VIOLATED)
   u_ctrl/ct_hold_div2_reg_120_/D                         -209.4986 (VIOLATED)
   u_ctrl/ct_hold_div2_reg_121_/D                         -209.4986 (VIOLATED)
   u_ctrl/ct_hold_div2_reg_122_/D                         -209.4986 (VIOLATED)
   u_ctrl/ct_hold_div2_reg_123_/D                         -209.4986 (VIOLATED)
   u_ctrl/ct_hold_div2_reg_124_/D                         -209.4986 (VIOLATED)
   u_ctrl/ct_hold_div2_reg_125_/D                         -209.4986 (VIOLATED)
   u_ctrl/ct_hold_div2_reg_126_/D                         -209.4986 (VIOLATED)
   u_ctrl/ct_hold_div2_reg_127_/D                         -209.4986 (VIOLATED)
   u_ctrl/ct_hold_div2_reg_7_/D                           -208.4832 (VIOLATED)
   u_ctrl/ct_hold_div2_reg_8_/D                           -208.4832 (VIOLATED)
   u_ctrl/ct_hold_div2_reg_11_/D                          -208.4832 (VIOLATED)
   u_ctrl/ct_hold_div2_reg_15_/D                          -208.4832 (VIOLATED)
   u_ctrl/ct_hold_div2_reg_16_/D                          -208.4832 (VIOLATED)
   u_ctrl/ct_hold_div2_reg_17_/D                          -208.4832 (VIOLATED)
   u_ctrl/ct_hold_div2_reg_18_/D                          -208.4832 (VIOLATED)
   u_ctrl/ct_hold_div2_reg_19_/D                          -208.4832 (VIOLATED)
   u_ctrl/ct_hold_div2_reg_21_/D                          -208.4832 (VIOLATED)
   u_ctrl/ct_hold_div2_reg_23_/D                          -208.4832 (VIOLATED)
   u_ctrl/ct_hold_div2_reg_24_/D                          -208.4832 (VIOLATED)
   u_ctrl/ct_hold_div2_reg_26_/D                          -208.4832 (VIOLATED)
   u_ctrl/ct_hold_div2_reg_27_/D                          -208.4832 (VIOLATED)
   u_ctrl/ct_hold_div2_reg_28_/D                          -208.4832 (VIOLATED)
   u_ctrl/ct_hold_div2_reg_0_/D                           -206.2007 (VIOLATED)
   u_ctrl/ct_hold_div2_reg_2_/D                           -206.2007 (VIOLATED)
   u_ctrl/ct_hold_div2_reg_3_/D                           -206.2007 (VIOLATED)
   u_ctrl/ct_hold_div2_reg_4_/D                           -206.2007 (VIOLATED)
   u_ctrl/ct_hold_div2_reg_5_/D                           -206.2007 (VIOLATED)
   u_ctrl/ct_hold_div2_reg_25_/D                          -206.2007 (VIOLATED)
   u_ctrl/ct_hold_div2_reg_66_/D                          -206.2007 (VIOLATED)
   u_ctrl/ct_hold_div2_reg_67_/D                          -206.2007 (VIOLATED)
   u_ctrl/ct_hold_div2_reg_69_/D                          -206.2007 (VIOLATED)
   u_ctrl/ct_hold_div2_reg_70_/D                          -206.2007 (VIOLATED)
   u_ctrl/ct_hold_div2_reg_71_/D                          -206.2007 (VIOLATED)
   u_ctrl/ct_hold_div2_reg_13_/D                          -205.1737 (VIOLATED)
   u_ctrl/ct_hold_div2_reg_20_/D                          -205.1737 (VIOLATED)
   u_ctrl/ct_hold_div2_reg_1_/D                           -205.1698 (VIOLATED)
   u_ctrl/ct_hold_div2_reg_6_/D                           -205.1698 (VIOLATED)
   u_ctrl/ct_hold_div2_reg_9_/D                           -205.1698 (VIOLATED)
   u_ctrl/ct_hold_div2_reg_10_/D                          -205.1698 (VIOLATED)
   u_ctrl/ct_hold_div2_reg_12_/D                          -205.1698 (VIOLATED)
   u_ctrl/ct_hold_div2_reg_14_/D                          -205.1698 (VIOLATED)
   u_ctrl/ct_hold_div2_reg_22_/D                          -205.1698 (VIOLATED)
   u_ctrl/tx_idx_div2_reg_2_/D                            -204.1251 (VIOLATED)
   u_ctrl/tx_idx_div2_reg_3_/D                            -204.1133 (VIOLATED)
   u_ctrl/tx_idx_div2_reg_4_/D                            -204.1094 (VIOLATED)
   u_ctrl/tx_idx_div2_reg_0_/D                            -204.0814 (VIOLATED)
   u_ctrl/tx_idx_div2_reg_1_/D                            -203.8506 (VIOLATED)
   u_ctrl/stream_sent_div2_reg/D                          -203.8081 (VIOLATED)
   u_ctrl/stream_ready_div2_reg/D                         -203.7510 (VIOLATED)
   u_ctrl/crc_start_reg/D                                 -203.7422 (VIOLATED)
   u_ctrl/sst_reg_0_/D                                    -203.6014 (VIOLATED)
   u_ctrl/ct_hold_div2_reg_110_/D                         -203.5432 (VIOLATED)
   u_ctrl/u_crc/crc_out_reg_0_/D                          -25.7692  (VIOLATED)
   u_ctrl/u_crc/crc_out_reg_1_/D                          -25.7692  (VIOLATED)
   u_ctrl/u_crc/crc_out_reg_3_/D                          -25.7692  (VIOLATED)
   u_ctrl/u_crc/crc_out_reg_4_/D                          -25.7692  (VIOLATED)
   u_ctrl/u_crc/crc_out_reg_5_/D                          -25.7692  (VIOLATED)
   u_ctrl/u_crc/crc_out_reg_10_/D                         -25.7692  (VIOLATED)
   u_ctrl/u_crc/crc_out_reg_11_/D                         -25.7692  (VIOLATED)
   u_ctrl/u_crc/crc_out_reg_12_/D                         -25.7692  (VIOLATED)
   u_ctrl/u_crc/crc_out_reg_15_/D                         -25.7692  (VIOLATED)
   u_ctrl/u_crc/crc_out_reg_17_/D                         -25.7692  (VIOLATED)
   u_ctrl/u_crc/crc_out_reg_20_/D                         -25.7692  (VIOLATED)
   u_ctrl/u_crc/crc_out_reg_23_/D                         -25.7692  (VIOLATED)
   u_ctrl/u_crc/crc_out_reg_24_/D                         -25.7692  (VIOLATED)
   u_ctrl/u_crc/crc_out_reg_25_/D                         -25.7692  (VIOLATED)
   u_ctrl/u_crc/crc_out_reg_28_/D                         -25.7692  (VIOLATED)
   u_ctrl/u_crc/crc_out_reg_29_/D                         -25.7692  (VIOLATED)
   u_ctrl/u_crc/crc_out_reg_31_/D                         -25.7692  (VIOLATED)
   u_ctrl/u_crc/done_reg/D                                -25.7211  (VIOLATED)
   u_ctrl/u_crc/crc_out_reg_2_/D                          -18.9337  (VIOLATED)
   u_ctrl/u_crc/crc_out_reg_6_/D                          -18.9337  (VIOLATED)
   u_ctrl/u_crc/crc_out_reg_7_/D                          -18.9337  (VIOLATED)
   u_ctrl/u_crc/crc_out_reg_8_/D                          -18.9337  (VIOLATED)
   u_ctrl/u_crc/crc_out_reg_9_/D                          -18.9337  (VIOLATED)
   u_ctrl/u_crc/crc_out_reg_13_/D                         -18.9337  (VIOLATED)
   u_ctrl/u_crc/crc_out_reg_14_/D                         -18.9337  (VIOLATED)
   u_ctrl/u_crc/crc_out_reg_16_/D                         -18.9337  (VIOLATED)
   u_ctrl/u_crc/crc_out_reg_18_/D                         -18.9337  (VIOLATED)
   u_ctrl/u_crc/crc_out_reg_19_/D                         -18.9337  (VIOLATED)
   u_ctrl/u_crc/crc_out_reg_21_/D                         -18.9337  (VIOLATED)
   u_ctrl/u_crc/crc_out_reg_22_/D                         -18.9337  (VIOLATED)
   u_ctrl/u_crc/crc_out_reg_26_/D                         -18.9337  (VIOLATED)
   u_ctrl/u_crc/crc_out_reg_27_/D                         -18.9337  (VIOLATED)
   u_ctrl/u_crc/crc_out_reg_30_/D                         -18.9337  (VIOLATED)
   u_ctrl/ct_hold_div2_reg_50_/D                          -17.8013  (VIOLATED)
   u_ctrl/ct_hold_div2_reg_52_/D                          -17.8013  (VIOLATED)
   u_ctrl/ct_hold_div2_reg_49_/D                          -17.7975  (VIOLATED)
   u_ctrl/ct_hold_div2_reg_51_/D                          -17.7975  (VIOLATED)
   u_ctrl/ct_hold_div2_reg_54_/D                          -17.7975  (VIOLATED)
   u_ctrl/ct_hold_div2_reg_56_/D                          -17.7975  (VIOLATED)
   u_ctrl/ct_hold_div2_reg_57_/D                          -17.7975  (VIOLATED)
   u_ctrl/ct_hold_div2_reg_58_/D                          -17.7975  (VIOLATED)
   u_ctrl/ct_hold_div2_reg_59_/D                          -17.7975  (VIOLATED)
   u_ctrl/ct_hold_div2_reg_61_/D                          -17.7975  (VIOLATED)
   u_ctrl/ct_hold_div2_reg_62_/D                          -17.7975  (VIOLATED)
   u_ctrl/ct_hold_div2_reg_64_/D                          -17.7975  (VIOLATED)
   u_ctrl/ct_hold_div2_reg_65_/D                          -17.7975  (VIOLATED)
   u_ctrl/ct_hold_div2_reg_97_/D                          -17.7975  (VIOLATED)
   u_ctrl/u_tx/divcnt_reg_31_/D                           -16.4438  (VIOLATED)
   u_ctrl/u_tx/divcnt_reg_30_/D                           -16.4123  (VIOLATED)
   u_ctrl/u_tx/divcnt_reg_2_/D                            -16.3660  (VIOLATED)
   u_ctrl/u_tx/divcnt_reg_29_/D                           -16.3499  (VIOLATED)
   u_ctrl/u_tx/divcnt_reg_12_/D                           -16.3442  (VIOLATED)
   u_ctrl/u_tx/divcnt_reg_8_/D                            -16.3442  (VIOLATED)
   u_ctrl/u_tx/divcnt_reg_1_/D                            -16.3440  (VIOLATED)
   u_ctrl/u_tx/divcnt_reg_6_/D                            -16.3390  (VIOLATED)
   u_ctrl/u_tx/divcnt_reg_10_/D                           -16.3390  (VIOLATED)
   u_ctrl/u_tx/divcnt_reg_5_/D                            -16.3373  (VIOLATED)
   u_ctrl/u_tx/divcnt_reg_9_/D                            -16.3373  (VIOLATED)
   u_ctrl/u_tx/divcnt_reg_7_/D                            -16.3373  (VIOLATED)
   u_ctrl/u_tx/divcnt_reg_11_/D                           -16.3373  (VIOLATED)
   u_ctrl/u_tx/divcnt_reg_4_/D                            -16.2720  (VIOLATED)
   u_ctrl/u_tx/divcnt_reg_26_/D                           -16.2720  (VIOLATED)
   u_ctrl/u_tx/divcnt_reg_3_/D                            -16.2715  (VIOLATED)
   u_ctrl/u_tx/divcnt_reg_25_/D                           -16.2715  (VIOLATED)
   u_ctrl/u_tx/divcnt_reg_27_/D                           -16.2715  (VIOLATED)
   u_ctrl/u_tx/divcnt_reg_0_/D                            -16.2526  (VIOLATED)
   u_ctrl/ct_hold_fast_reg_76_/D                          -16.1187  (VIOLATED)
   u_ctrl/ct_hold_fast_reg_33_/D                          -16.1148  (VIOLATED)
   u_ctrl/ct_hold_fast_reg_37_/D                          -16.1148  (VIOLATED)
   u_ctrl/ct_hold_fast_reg_38_/D                          -16.1148  (VIOLATED)
   u_ctrl/ct_hold_fast_reg_41_/D                          -16.1148  (VIOLATED)
   u_ctrl/ct_hold_fast_reg_43_/D                          -16.1148  (VIOLATED)
   u_ctrl/ct_hold_fast_reg_44_/D                          -16.1148  (VIOLATED)
   u_ctrl/ct_hold_fast_reg_45_/D                          -16.1148  (VIOLATED)
   u_ctrl/ct_hold_fast_reg_46_/D                          -16.1148  (VIOLATED)
   u_ctrl/ct_hold_fast_reg_47_/D                          -16.1148  (VIOLATED)
   u_ctrl/ct_hold_fast_reg_48_/D                          -16.1148  (VIOLATED)
   u_ctrl/ct_hold_fast_reg_49_/D                          -16.1148  (VIOLATED)
   u_ctrl/ct_hold_fast_reg_50_/D                          -16.1148  (VIOLATED)
   u_ctrl/ct_hold_fast_reg_51_/D                          -16.1148  (VIOLATED)
   u_ctrl/ct_hold_fast_reg_52_/D                          -16.1148  (VIOLATED)
   u_ctrl/ct_hold_fast_reg_53_/D                          -16.1148  (VIOLATED)
   u_ctrl/ct_hold_fast_reg_54_/D                          -16.1148  (VIOLATED)
   u_ctrl/ct_hold_fast_reg_55_/D                          -16.1148  (VIOLATED)
   u_ctrl/ct_hold_fast_reg_56_/D                          -16.1148  (VIOLATED)
   u_ctrl/ct_hold_fast_reg_57_/D                          -16.1148  (VIOLATED)
   u_ctrl/ct_hold_fast_reg_58_/D                          -16.1148  (VIOLATED)
   u_ctrl/ct_hold_fast_reg_59_/D                          -16.1148  (VIOLATED)
   u_ctrl/ct_hold_fast_reg_60_/D                          -16.1148  (VIOLATED)
   u_ctrl/ct_hold_fast_reg_61_/D                          -16.1148  (VIOLATED)
   u_ctrl/ct_hold_fast_reg_62_/D                          -16.1148  (VIOLATED)
   u_ctrl/ct_hold_fast_reg_64_/D                          -16.1148  (VIOLATED)
   u_ctrl/ct_hold_fast_reg_65_/D                          -16.1148  (VIOLATED)
   u_ctrl/ct_hold_fast_reg_68_/D                          -16.1148  (VIOLATED)
   u_ctrl/ct_hold_fast_reg_80_/D                          -16.1148  (VIOLATED)
   u_ctrl/ct_hold_fast_reg_87_/D                          -16.1148  (VIOLATED)
   u_ctrl/ct_hold_fast_reg_89_/D                          -16.1148  (VIOLATED)
   u_ctrl/ct_hold_fast_reg_90_/D                          -16.1148  (VIOLATED)
   u_ctrl/ct_hold_fast_reg_96_/D                          -16.1148  (VIOLATED)
   u_ctrl/ct_hold_fast_reg_97_/D                          -16.1148  (VIOLATED)
   u_ctrl/ct_hold_fast_reg_98_/D                          -16.1148  (VIOLATED)
   u_ctrl/ct_hold_fast_reg_100_/D                         -16.1148  (VIOLATED)
   u_ctrl/ct_hold_fast_reg_101_/D                         -16.1148  (VIOLATED)
   u_ctrl/ct_hold_fast_reg_103_/D                         -16.1148  (VIOLATED)
   u_ctrl/ct_hold_fast_reg_104_/D                         -16.1148  (VIOLATED)
   u_ctrl/ct_hold_fast_reg_105_/D                         -16.1148  (VIOLATED)
   u_ctrl/ct_hold_fast_reg_110_/D                         -16.1148  (VIOLATED)
   u_ctrl/ct_hold_fast_reg_111_/D                         -16.1148  (VIOLATED)
   u_ctrl/ct_hold_fast_reg_112_/D                         -16.1148  (VIOLATED)
   u_ctrl/ct_hold_fast_reg_113_/D                         -16.1148  (VIOLATED)
   u_ctrl/ct_hold_fast_reg_114_/D                         -16.1148  (VIOLATED)
   u_ctrl/ct_hold_fast_reg_116_/D                         -16.1148  (VIOLATED)
   u_ctrl/ct_hold_fast_reg_117_/D                         -16.1148  (VIOLATED)
   u_ctrl/ct_hold_fast_reg_118_/D                         -16.1148  (VIOLATED)
   u_ctrl/ct_hold_fast_reg_119_/D                         -16.1148  (VIOLATED)
   u_ctrl/ct_hold_fast_reg_120_/D                         -16.1148  (VIOLATED)
   u_ctrl/ct_hold_fast_reg_121_/D                         -16.1148  (VIOLATED)
   u_ctrl/ct_hold_fast_reg_122_/D                         -16.1148  (VIOLATED)
   u_ctrl/ct_hold_fast_reg_123_/D                         -16.1148  (VIOLATED)
   u_ctrl/ct_hold_fast_reg_127_/D                         -16.1148  (VIOLATED)
   u_ctrl/ct_ok_reg/D                                     -13.0795  (VIOLATED)
   u_ctrl/ct_hold_fast_reg_1_/D                           -12.9840  (VIOLATED)
   u_ctrl/ct_hold_fast_reg_75_/D                          -12.9302  (VIOLATED)
   u_ctrl/ct_hold_fast_reg_77_/D                          -12.9302  (VIOLATED)
   u_ctrl/ct_hold_fast_reg_0_/D                           -12.9263  (VIOLATED)
   u_ctrl/ct_hold_fast_reg_2_/D                           -12.9263  (VIOLATED)
   u_ctrl/ct_hold_fast_reg_3_/D                           -12.9263  (VIOLATED)
   u_ctrl/ct_hold_fast_reg_66_/D                          -12.9263  (VIOLATED)
   u_ctrl/ct_hold_fast_reg_67_/D                          -12.9263  (VIOLATED)
   u_ctrl/ct_hold_fast_reg_69_/D                          -12.9263  (VIOLATED)
   u_ctrl/ct_hold_fast_reg_70_/D                          -12.9263  (VIOLATED)
   u_ctrl/ct_hold_fast_reg_71_/D                          -12.9263  (VIOLATED)
   u_ctrl/ct_hold_fast_reg_72_/D                          -12.9263  (VIOLATED)
   u_ctrl/ct_hold_fast_reg_73_/D                          -12.9263  (VIOLATED)
   u_ctrl/ct_hold_fast_reg_78_/D                          -12.9263  (VIOLATED)
   u_ctrl/ct_hold_fast_reg_79_/D                          -12.9263  (VIOLATED)
   u_ctrl/ct_hold_fast_reg_124_/D                         -12.9263  (VIOLATED)
   u_ctrl/ct_hold_fast_reg_125_/D                         -12.9263  (VIOLATED)
   u_ctrl/u_crc/crc_reg_8_/D                              -11.2819  (VIOLATED)
   u_ctrl/u_crc/crc_reg_11_/D                             -11.2819  (VIOLATED)
   u_ctrl/u_crc/crc_reg_12_/D                             -11.2819  (VIOLATED)
   u_ctrl/u_crc/crc_reg_5_/D                              -11.2725  (VIOLATED)
   u_ctrl/u_crc/crc_reg_2_/D                              -11.2426  (VIOLATED)
   u_ctrl/u_crc/crc_reg_1_/D                              -11.2218  (VIOLATED)
   u_ctrl/ct_hold_fast_reg_29_/D                          -10.0178  (VIOLATED)
   u_ctrl/ct_hold_fast_reg_30_/D                          -10.0178  (VIOLATED)
   u_ctrl/ct_hold_fast_reg_31_/D                          -10.0178  (VIOLATED)
   u_ctrl/ct_hold_fast_reg_32_/D                          -10.0178  (VIOLATED)
   u_ctrl/ct_hold_fast_reg_34_/D                          -10.0178  (VIOLATED)
   u_ctrl/ct_hold_fast_reg_35_/D                          -10.0178  (VIOLATED)
   u_ctrl/ct_hold_fast_reg_36_/D                          -10.0178  (VIOLATED)
   u_ctrl/ct_hold_fast_reg_39_/D                          -10.0178  (VIOLATED)
   u_ctrl/ct_hold_fast_reg_40_/D                          -10.0178  (VIOLATED)
   u_ctrl/ct_hold_fast_reg_74_/D                          -10.0178  (VIOLATED)
   u_ctrl/ct_hold_fast_reg_82_/D                          -10.0178  (VIOLATED)
   u_ctrl/ct_hold_fast_reg_93_/D                          -10.0178  (VIOLATED)
   u_ctrl/ct_hold_fast_reg_94_/D                          -10.0178  (VIOLATED)
   u_ctrl/ct_hold_fast_reg_95_/D                          -10.0178  (VIOLATED)
   u_ctrl/ct_hold_fast_reg_99_/D                          -10.0178  (VIOLATED)
   u_ctrl/ct_hold_fast_reg_102_/D                         -10.0178  (VIOLATED)
   u_ctrl/u_crc/crc_reg_7_/D                               -9.6244  (VIOLATED)
   u_ctrl/u_crc/crc_reg_10_/D                              -9.6244  (VIOLATED)
   u_ctrl/u_crc/crc_reg_23_/D                              -9.6244  (VIOLATED)
   u_ctrl/u_crc/crc_reg_26_/D                              -9.6244  (VIOLATED)
   u_ctrl/u_crc/crc_reg_4_/D                               -9.6237  (VIOLATED)
   u_ctrl/u_crc/crc_reg_0_/D                               -9.5657  (VIOLATED)
   u_ctrl/ct_hold_div2_reg_29_/D                           -8.2918  (VIOLATED)
   u_ctrl/ct_hold_div2_reg_30_/D                           -8.2918  (VIOLATED)
   u_ctrl/ct_hold_div2_reg_31_/D                           -8.2918  (VIOLATED)
   u_ctrl/ct_hold_div2_reg_32_/D                           -8.2918  (VIOLATED)
   u_ctrl/ct_hold_div2_reg_33_/D                           -8.2918  (VIOLATED)
   u_ctrl/ct_hold_div2_reg_34_/D                           -8.2918  (VIOLATED)
   u_ctrl/ct_hold_div2_reg_35_/D                           -8.2918  (VIOLATED)
   u_ctrl/ct_hold_div2_reg_36_/D                           -8.2918  (VIOLATED)
   u_ctrl/ct_hold_div2_reg_39_/D                           -8.2918  (VIOLATED)
   u_ctrl/ct_hold_div2_reg_63_/D                           -8.2918  (VIOLATED)
   u_ctrl/ct_hold_div2_reg_99_/D                           -8.2918  (VIOLATED)
   u_ctrl/ct_hold_div2_reg_102_/D                          -8.2918  (VIOLATED)
   u_ctrl/ct_hold_div2_reg_109_/D                          -8.2918  (VIOLATED)
   u_ctrl/ct_hold_div2_reg_111_/D                          -8.2918  (VIOLATED)
   u_ctrl/ct_hold_div2_reg_114_/D                          -8.2918  (VIOLATED)
   u_ctrl/u_tx/divcnt_reg_14_/D                            -7.7036  (VIOLATED)
   u_ctrl/u_tx/divcnt_reg_16_/D                            -7.7000  (VIOLATED)
   u_ctrl/u_tx/divcnt_reg_18_/D                            -7.7000  (VIOLATED)
   u_ctrl/u_tx/divcnt_reg_20_/D                            -7.7000  (VIOLATED)
   u_ctrl/u_tx/divcnt_reg_22_/D                            -7.7000  (VIOLATED)
   u_ctrl/u_tx/divcnt_reg_24_/D                            -7.7000  (VIOLATED)
   u_ctrl/u_tx/divcnt_reg_28_/D                            -7.7000  (VIOLATED)
   u_ctrl/u_tx/divcnt_reg_13_/D                            -7.6964  (VIOLATED)
   u_ctrl/u_tx/divcnt_reg_15_/D                            -7.6964  (VIOLATED)
   u_ctrl/u_tx/divcnt_reg_17_/D                            -7.6964  (VIOLATED)
   u_ctrl/u_tx/divcnt_reg_19_/D                            -7.6964  (VIOLATED)
   u_ctrl/u_tx/divcnt_reg_21_/D                            -7.6964  (VIOLATED)
   u_ctrl/u_tx/divcnt_reg_23_/D                            -7.6964  (VIOLATED)
   u_ctrl/ct_hold_div2_reg_68_/D                           -7.6779  (VIOLATED)
   u_ctrl/ct_hold_div2_reg_72_/D                           -7.6779  (VIOLATED)
   u_ctrl/ct_hold_div2_reg_73_/D                           -7.6779  (VIOLATED)
   u_ctrl/ct_hold_div2_reg_74_/D                           -7.6779  (VIOLATED)
   u_ctrl/ct_hold_div2_reg_75_/D                           -7.6779  (VIOLATED)
   u_ctrl/ct_hold_div2_reg_76_/D                           -7.6779  (VIOLATED)
   u_ctrl/ct_hold_div2_reg_77_/D                           -7.6779  (VIOLATED)
   u_ctrl/ct_hold_div2_reg_78_/D                           -7.6779  (VIOLATED)
   u_ctrl/ct_hold_div2_reg_79_/D                           -7.6779  (VIOLATED)
   u_ctrl/ct_hold_div2_reg_80_/D                           -7.6779  (VIOLATED)
   u_ctrl/ct_hold_fast_reg_42_/D                           -7.5011  (VIOLATED)
   u_ctrl/ct_hold_fast_reg_63_/D                           -7.5011  (VIOLATED)
   u_ctrl/ct_hold_fast_reg_81_/D                           -7.5011  (VIOLATED)
   u_ctrl/ct_hold_fast_reg_83_/D                           -7.5011  (VIOLATED)
   u_ctrl/ct_hold_fast_reg_84_/D                           -7.5011  (VIOLATED)
   u_ctrl/ct_hold_fast_reg_85_/D                           -7.5011  (VIOLATED)
   u_ctrl/ct_hold_fast_reg_86_/D                           -7.5011  (VIOLATED)
   u_ctrl/ct_hold_fast_reg_88_/D                           -7.5011  (VIOLATED)
   u_ctrl/ct_hold_fast_reg_91_/D                           -7.5011  (VIOLATED)
   u_ctrl/ct_hold_fast_reg_92_/D                           -7.5011  (VIOLATED)
   u_ctrl/ct_hold_fast_reg_106_/D                          -7.5011  (VIOLATED)
   u_ctrl/ct_hold_fast_reg_107_/D                          -7.5011  (VIOLATED)
   u_ctrl/ct_hold_fast_reg_108_/D                          -7.5011  (VIOLATED)
   u_ctrl/ct_hold_fast_reg_109_/D                          -7.5011  (VIOLATED)
   u_ctrl/ct_hold_fast_reg_115_/D                          -7.5011  (VIOLATED)
   u_ctrl/u_rx/divcnt_reg_31_/D                            -6.3140  (VIOLATED)
   u_ctrl/u_rx/divcnt_reg_30_/D                            -6.2845  (VIOLATED)
   u_ctrl/u_rx/divcnt_reg_29_/D                            -6.2079  (VIOLATED)
   u_ctrl/u_rx/divcnt_reg_6_/D                             -6.1732  (VIOLATED)
   u_ctrl/u_rx/divcnt_reg_10_/D                            -6.1732  (VIOLATED)
   u_ctrl/u_rx/divcnt_reg_16_/D                            -6.1703  (VIOLATED)
   u_ctrl/u_rx/divcnt_reg_26_/D                            -6.1703  (VIOLATED)
   u_ctrl/u_rx/divcnt_reg_28_/D                            -6.1701  (VIOLATED)
   u_ctrl/u_crc/crc_reg_9_/D                               -5.4589  (VIOLATED)
   u_ctrl/u_crc/crc_reg_13_/D                              -5.4589  (VIOLATED)
   u_ctrl/u_crc/crc_reg_14_/D                              -5.4589  (VIOLATED)
   u_ctrl/u_crc/crc_reg_18_/D                              -5.4589  (VIOLATED)
   u_ctrl/u_crc/crc_reg_27_/D                              -5.4589  (VIOLATED)
   u_ctrl/u_crc/crc_reg_15_/D                              -5.4537  (VIOLATED)
   u_ctrl/u_crc/crc_reg_19_/D                              -5.4537  (VIOLATED)
   u_ctrl/u_crc/crc_reg_16_/D                              -5.4537  (VIOLATED)
   u_ctrl/u_crc/crc_reg_21_/D                              -5.4537  (VIOLATED)
   u_ctrl/u_crc/crc_reg_22_/D                              -5.4537  (VIOLATED)
   u_ctrl/u_crc/crc_reg_30_/D                              -5.4537  (VIOLATED)
   u_ctrl/ct_hold_fast_reg_7_/D                            -5.2955  (VIOLATED)
   u_ctrl/ct_hold_fast_reg_9_/D                            -5.2955  (VIOLATED)
   u_ctrl/ct_hold_fast_reg_10_/D                           -5.2955  (VIOLATED)
   u_ctrl/ct_hold_fast_reg_11_/D                           -5.2955  (VIOLATED)
   u_ctrl/ct_hold_fast_reg_12_/D                           -5.2955  (VIOLATED)
   u_ctrl/ct_hold_fast_reg_14_/D                           -5.2955  (VIOLATED)
   u_ctrl/ct_hold_fast_reg_15_/D                           -5.2955  (VIOLATED)
   u_ctrl/ct_hold_fast_reg_16_/D                           -5.2955  (VIOLATED)
   u_ctrl/ct_hold_fast_reg_18_/D                           -5.2955  (VIOLATED)
   u_ctrl/ct_hold_fast_reg_21_/D                           -5.2955  (VIOLATED)
   u_ctrl/ct_hold_fast_reg_23_/D                           -5.2955  (VIOLATED)
   u_ctrl/ct_hold_fast_reg_24_/D                           -5.2955  (VIOLATED)
   u_ctrl/ct_hold_fast_reg_26_/D                           -5.2955  (VIOLATED)
   u_ctrl/ct_hold_fast_reg_27_/D                           -5.2955  (VIOLATED)
   u_ctrl/u_crc/crc_reg_28_/D                              -4.9215  (VIOLATED)
   u_ctrl/u_rx/divcnt_reg_4_/D                             -3.1760  (VIOLATED)
   u_ctrl/u_rx/divcnt_reg_24_/D                            -3.1723  (VIOLATED)
   u_ctrl/u_rx/divcnt_reg_12_/D                            -3.1723  (VIOLATED)
   u_ctrl/u_rx/divcnt_reg_14_/D                            -3.1723  (VIOLATED)
   u_ctrl/u_rx/divcnt_reg_22_/D                            -3.1723  (VIOLATED)
   u_ctrl/u_rx/divcnt_reg_8_/D                             -2.2923  (VIOLATED)
   u_ctrl/u_rx/divcnt_reg_7_/D                             -2.2777  (VIOLATED)
   u_ctrl/u_rx/divcnt_reg_2_/D                             -2.2448  (VIOLATED)
   u_ctrl/u_rx/divcnt_reg_9_/D                             -2.2302  (VIOLATED)
   u_ctrl/u_rx/divcnt_reg_5_/D                             -2.2302  (VIOLATED)
   u_ctrl/u_rx/divcnt_reg_3_/D                             -2.2302  (VIOLATED)
   u_ctrl/u_rx/divcnt_reg_0_/D                             -2.2004  (VIOLATED)
   u_ctrl/fail_reg/D                                       -2.0728  (VIOLATED)
   u_ctrl/mem_wdata_reg_7_/D                               -1.8780  (VIOLATED)
   u_ctrl/mem_wdata_reg_0_/D                               -1.8760  (VIOLATED)
   u_ctrl/mem_wdata_reg_1_/D                               -1.8760  (VIOLATED)
   u_ctrl/mem_wdata_reg_2_/D                               -1.8760  (VIOLATED)
   u_ctrl/mem_wdata_reg_3_/D                               -1.8760  (VIOLATED)
   u_ctrl/mem_wdata_reg_4_/D                               -1.8760  (VIOLATED)
   u_ctrl/mem_wdata_reg_5_/D                               -1.8760  (VIOLATED)
   u_ctrl/mem_wdata_reg_6_/D                               -1.8760  (VIOLATED)
   u_ctrl/sst_reg_1_/D                                     -1.7414  (VIOLATED)
   u_ctrl/sst_reg_2_/D                                     -1.7322  (VIOLATED)
   u_ctrl/u_rx/divcnt_reg_18_/D                            -1.6122  (VIOLATED)
   u_ctrl/u_rx/divcnt_reg_20_/D                            -1.6121  (VIOLATED)
   u_ctrl/u_rx/divcnt_reg_1_/D                             -1.6055  (VIOLATED)
   u_ctrl/u_rx/busy_reg/D                                  -1.5498  (VIOLATED)
   u_ctrl/byte_idx_reg_2_/D                                -1.1459  (VIOLATED)
   u_ctrl/byte_idx_reg_3_/D                                -1.1336  (VIOLATED)
   u_ctrl/u_crc/crc_reg_6_/D                               -1.1060  (VIOLATED)
   u_ctrl/u_crc/crc_reg_17_/D                              -1.1060  (VIOLATED)
   u_ctrl/u_crc/crc_reg_20_/D                              -1.1060  (VIOLATED)
   u_ctrl/u_crc/crc_reg_24_/D                              -1.1060  (VIOLATED)
   u_ctrl/u_crc/crc_reg_25_/D                              -1.1060  (VIOLATED)
   u_ctrl/u_crc/crc_reg_29_/D                              -1.1060  (VIOLATED)
   u_ctrl/u_crc/crc_reg_31_/D                              -1.1060  (VIOLATED)
   u_ctrl/byte_idx_reg_0_/D                                -1.1024  (VIOLATED)
   u_ctrl/u_crc/crc_reg_3_/D                               -1.0980  (VIOLATED)
   u_ctrl/byte_idx_reg_1_/D                                -0.9887  (VIOLATED)
   u_ctrl/crc_byte_reg_4_/D                                -0.8535  (VIOLATED)
   u_ctrl/crc_byte_reg_0_/D                                -0.8496  (VIOLATED)
   u_ctrl/crc_byte_reg_1_/D                                -0.8496  (VIOLATED)
   u_ctrl/crc_byte_reg_2_/D                                -0.8496  (VIOLATED)
   u_ctrl/crc_byte_reg_3_/D                                -0.8496  (VIOLATED)
   u_ctrl/crc_byte_reg_5_/D                                -0.8496  (VIOLATED)
   u_ctrl/crc_byte_reg_6_/D                                -0.8496  (VIOLATED)
   u_ctrl/crc_byte_reg_7_/D                                -0.8496  (VIOLATED)
   u_ctrl/crc_dv_reg/D                                     -0.8143  (VIOLATED)
   u_ctrl/u_tx/bitpos_reg_3_/D                             -0.2268  (VIOLATED)
   u_ctrl/u_tx/bitpos_reg_2_/D                             -0.1977  (VIOLATED)
   u_ctrl/u_tx/bitpos_reg_1_/D                             -0.1187  (VIOLATED)
   u_ctrl/u_tx/bitpos_reg_0_/D                             -0.0492  (VIOLATED)


   min_delay/hold ('clock_gating_default' group)

   Endpoint                                                  Slack
   -----------------------------------------------------------------
   u_ctrl/u_icg_aes/U4/A2                                  -0.0005  (VIOLATED)



   clock_gating_hold

   Endpoint                                                  Slack
   -----------------------------------------------------------------
   u_ctrl/u_icg_aes/U4/A2                                  -0.0005  (VIOLATED)


   max_capacitance

                             Required        Actual
   Pin                      Capacitance    Capacitance       Slack
   -----------------------------------------------------------------
   u_ctrl/U28/Y              32.0000        40.3138        -8.3138  (VIOLATED)
   u_ctrl/u_aes/state_reg_89_/Q   8.0000    15.9574        -7.9574  (VIOLATED)
   u_ctrl/u_aes/U3008/Y      32.0000        39.6356        -7.6356  (VIOLATED)
   u_ctrl/u_aes/U2287/Y      32.0000        39.3455        -7.3455  (VIOLATED)
   u_ctrl/U299/Y             64.0000        70.1362        -6.1362  (VIOLATED)
   u_ctrl/u_aes/U2508/Y      32.0000        37.7257        -5.7257  (VIOLATED)
   u_ctrl/u_aes/U2101/Y      32.0000        37.4105        -5.4105  (VIOLATED)
   u_ctrl/u_tx/U42/Y         16.0000        21.1905        -5.1905  (VIOLATED)
   u_ctrl/u_aes/U2927/Y      16.0000        21.1087        -5.1087  (VIOLATED)
   u_ctrl/U16/Y              32.0000        37.0323        -5.0323  (VIOLATED)
   u_ctrl/u_aes/U2472/Y      32.0000        36.3668        -4.3668  (VIOLATED)
   u_ctrl/u_aes/U2478/Y      32.0000        36.3668        -4.3668  (VIOLATED)
   u_ctrl/u_aes/state_reg_110_/Q  16.0000   20.3542        -4.3542  (VIOLATED)
   u_ctrl/U42/Y              32.0000        35.8633        -3.8633  (VIOLATED)
   u_ctrl/U8/Y               64.0000        67.7898        -3.7898  (VIOLATED)
   u_ctrl/U678/Y             16.0000        19.6387        -3.6387  (VIOLATED)
   u_ctrl/U691/Y             16.0000        19.6387        -3.6387  (VIOLATED)
   u_ctrl/U786/Y             16.0000        19.6387        -3.6387  (VIOLATED)
   u_ctrl/u_aes/U2475/Y      32.0000        35.5298        -3.5298  (VIOLATED)
   u_ctrl/u_aes/state_reg_86_/Q   8.0000    11.3630        -3.3630  (VIOLATED)
   u_ctrl/U47/Y              32.0000        35.3242        -3.3242  (VIOLATED)
   u_ctrl/u_aes/state_reg_12_/Q   8.0000    11.2652        -3.2652  (VIOLATED)
   u_ctrl/u_aes/state_reg_78_/Q  16.0000    19.1533        -3.1533  (VIOLATED)
   u_ctrl/u_aes/state_reg_121_/Q   8.0000   11.1293        -3.1293  (VIOLATED)
   u_ctrl/u_aes/state_reg_67_/Q   8.0000    11.0860        -3.0860  (VIOLATED)
   u_ctrl/u_aes/state_reg_126_/Q   8.0000   11.0716        -3.0716  (VIOLATED)
   u_ctrl/u_aes/state_reg_39_/Q  16.0000    19.0578        -3.0578  (VIOLATED)
   u_ctrl/u_aes/U2289/Y      32.0000        35.0079        -3.0079  (VIOLATED)
   u_ctrl/u_aes/U2469/Y      32.0000        35.0079        -3.0079  (VIOLATED)
   u_ctrl/u_aes/state_reg_94_/Q   8.0000    10.9999        -2.9999  (VIOLATED)
   u_ctrl/u_aes/state_reg_65_/Q   8.0000    10.9596        -2.9596  (VIOLATED)
   u_ctrl/u_crc/U9/Y         16.0000        18.9465        -2.9465  (VIOLATED)
   u_ctrl/u_aes/U618/Y        8.0000        10.8842        -2.8842  (VIOLATED)
   u_ctrl/u_aes/state_reg_72_/QN  16.0000   18.8473        -2.8473  (VIOLATED)
   u_ctrl/u_aes/state_reg_108_/Q   8.0000   10.7917        -2.7917  (VIOLATED)
   u_ctrl/u_aes/U2048/Y       8.0000        10.6985        -2.6985  (VIOLATED)
   u_ctrl/u_aes/U464/Y        8.0000        10.6511        -2.6511  (VIOLATED)
   u_ctrl/u_aes/state_reg_7_/Q  16.0000     18.6202        -2.6202  (VIOLATED)
   u_ctrl/u_aes/state_reg_46_/Q  16.0000    18.5854        -2.5854  (VIOLATED)
   u_ctrl/u_aes/U242/Y        8.0000        10.5399        -2.5399  (VIOLATED)
   u_ctrl/u_aes/U1386/Y       8.0000        10.4462        -2.4462  (VIOLATED)
   u_ctrl/u_aes/state_reg_87_/Q   8.0000    10.4336        -2.4336  (VIOLATED)
   u_ctrl/U807/Y             16.0000        18.3995        -2.3995  (VIOLATED)
   u_ctrl/u_crc/U11/Y        16.0000        18.3872        -2.3872  (VIOLATED)
   u_ctrl/u_aes/state_reg_81_/Q   8.0000    10.3689        -2.3689  (VIOLATED)
   u_ctrl/u_crc/U28/Y         8.0000        10.3640        -2.3640  (VIOLATED)
   u_ctrl/u_aes/state_reg_83_/Q  16.0000    18.3375        -2.3375  (VIOLATED)
   u_ctrl/u_aes/U1397/Y       8.0000        10.3228        -2.3228  (VIOLATED)
   u_ctrl/u_aes/U1619/Y       8.0000        10.1626        -2.1626  (VIOLATED)
   u_ctrl/u_aes/U1237/Y       8.0000         9.9133        -1.9133  (VIOLATED)
   u_ctrl/U378/Y              8.0000         9.8903        -1.8903  (VIOLATED)
   u_ctrl/u_aes/state_reg_43_/Q   8.0000     9.8746        -1.8746  (VIOLATED)
   u_ctrl/u_aes/U2311/Y      32.0000        33.8447        -1.8447  (VIOLATED)
   u_ctrl/u_crc/U7/Y         16.0000        17.8040        -1.8040  (VIOLATED)
   u_ctrl/u_aes/state_reg_8_/Q  16.0000     17.7634        -1.7634  (VIOLATED)
   u_ctrl/U468/Y              8.0000         9.6873        -1.6873  (VIOLATED)
   u_ctrl/u_aes/U2474/Y      32.0000        33.6490        -1.6490  (VIOLATED)
   u_ctrl/u_aes/U1898/Y       8.0000         9.6457        -1.6457  (VIOLATED)
   u_ctrl/u_aes/U1205/Y       8.0000         9.6161        -1.6161  (VIOLATED)
   u_ctrl/u_aes/state_reg_59_/QN   8.0000    9.5823        -1.5823  (VIOLATED)
   u_ctrl/u_aes/state_reg_100_/Q  16.0000   17.5768        -1.5768  (VIOLATED)
   u_ctrl/u_aes/state_reg_118_/Q  16.0000   17.5344        -1.5344  (VIOLATED)
   u_ctrl/u_aes/U1002/Y       8.0000         9.5145        -1.5145  (VIOLATED)
   u_ctrl/u_aes/U1228/Y       8.0000         9.3963        -1.3963  (VIOLATED)
   u_ctrl/u_aes/state_reg_99_/Q  16.0000    17.3613        -1.3613  (VIOLATED)
   u_ctrl/u_aes/state_reg_65_/QN   8.0000    9.2919        -1.2919  (VIOLATED)
   u_ctrl/u_aes/U1583/Y       8.0000         9.2771        -1.2771  (VIOLATED)
   u_ctrl/u_aes/state_reg_16_/QN  16.0000   17.2586        -1.2586  (VIOLATED)
   u_ctrl/u_aes/U1935/Y       8.0000         9.1939        -1.1939  (VIOLATED)
   u_ctrl/U717/Y             16.0000        17.1725        -1.1725  (VIOLATED)
   u_ctrl/u_aes/U3332/Y       8.0000         9.1342        -1.1342  (VIOLATED)
   u_ctrl/u_aes/state_reg_3_/Q   8.0000      9.0903        -1.0903  (VIOLATED)
   u_ctrl/U690/Y             16.0000        17.0794        -1.0794  (VIOLATED)
   u_ctrl/U704/Y             16.0000        17.0794        -1.0794  (VIOLATED)
   u_ctrl/U804/Y             16.0000        17.0794        -1.0794  (VIOLATED)
   u_ctrl/u_crc/U12/Y        16.0000        17.0494        -1.0494  (VIOLATED)
   u_ctrl/u_aes/state_reg_123_/Q   8.0000    9.0300        -1.0300  (VIOLATED)
   u_ctrl/u_aes/U912/Y        8.0000         8.8529        -0.8529  (VIOLATED)
   u_ctrl/u_aes/U1391/Y       8.0000         8.8483        -0.8483  (VIOLATED)
   u_ctrl/U423/Y             16.0000        16.8404        -0.8404  (VIOLATED)
   u_ctrl/U29/Y               8.0000         8.8252        -0.8252  (VIOLATED)
   u_ctrl/u_aes/state_reg_40_/Q   8.0000     8.8119        -0.8119  (VIOLATED)
   u_ctrl/u_aes/U3549/Y       8.0000         8.7875        -0.7875  (VIOLATED)
   u_ctrl/u_aes/U1441/Y       8.0000         8.7425        -0.7425  (VIOLATED)
   u_ctrl/u_aes/state_reg_70_/QN   8.0000    8.7400        -0.7400  (VIOLATED)
   u_ctrl/u_aes/U2484/Y       8.0000         8.7246        -0.7246  (VIOLATED)
   u_ctrl/u_aes/state_reg_6_/Q  16.0000     16.7181        -0.7181  (VIOLATED)
   u_ctrl/u_aes/U3365/Y       8.0000         8.7162        -0.7162  (VIOLATED)
   u_ctrl/u_aes/U2517/Y       8.0000         8.6930        -0.6930  (VIOLATED)
   u_ctrl/U421/Y              8.0000         8.6929        -0.6929  (VIOLATED)
   u_ctrl/u_aes/state_reg_64_/Q   8.0000     8.6684        -0.6684  (VIOLATED)
   u_ctrl/u_aes/U2060/Y       8.0000         8.6212        -0.6212  (VIOLATED)
   u_ctrl/u_aes/U1600/Y       8.0000         8.5994        -0.5994  (VIOLATED)
   u_ctrl/u_aes/U1897/Y       8.0000         8.5940        -0.5940  (VIOLATED)
   u_ctrl/u_aes/U1374/Y       8.0000         8.5897        -0.5897  (VIOLATED)
   u_ctrl/u_aes/U1440/Y       8.0000         8.5461        -0.5461  (VIOLATED)
   u_ctrl/U635/Y              8.0000         8.5100        -0.5100  (VIOLATED)
   u_ctrl/u_aes/U3100/Y      16.0000        16.5068        -0.5068  (VIOLATED)
   u_ctrl/u_aes/U732/Y        8.0000         8.4952        -0.4952  (VIOLATED)
   u_ctrl/u_aes/state_reg_17_/QN   8.0000    8.4447        -0.4447  (VIOLATED)
   u_ctrl/u_aes/state_reg_108_/QN   8.0000   8.4322        -0.4322  (VIOLATED)
   u_ctrl/u_aes/U536/Y        8.0000         8.4185        -0.4185  (VIOLATED)
   u_ctrl/u_aes/U500/Y        8.0000         8.3879        -0.3879  (VIOLATED)
   u_ctrl/u_aes/U1679/Y       8.0000         8.3652        -0.3652  (VIOLATED)
   u_ctrl/u_aes/state_reg_70_/Q   8.0000     8.3555        -0.3555  (VIOLATED)
   u_ctrl/u_aes/state_reg_47_/Q  16.0000    16.3326        -0.3326  (VIOLATED)
   u_ctrl/u_aes/U3557/Y       8.0000         8.3158        -0.3158  (VIOLATED)
   u_ctrl/u_aes/U1427/Y       8.0000         8.3124        -0.3124  (VIOLATED)
   u_ctrl/u_aes/state_reg_67_/QN   8.0000    8.2396        -0.2396  (VIOLATED)
   u_ctrl/u_aes/state_reg_15_/Q   8.0000     8.1485        -0.1485  (VIOLATED)
   u_ctrl/u_aes/U2762/Y      16.0000        16.1288        -0.1288  (VIOLATED)
   u_ctrl/u_aes/U3548/Y       8.0000         8.0707        -0.0707  (VIOLATED)
   u_ctrl/u_aes/U730/Y        8.0000         8.0503        -0.0503  (VIOLATED)
   u_ctrl/u_aes/U1224/Y       8.0000         8.0163        -0.0163  (VIOLATED)


1
