****************************************
Report : constraint
	-all_violators
	-path slack_only
Design : top_mcu_pll_sram_multiclk_soc
Version: W-2024.09-SP5-3
Date   : Mon Apr 13 15:15:04 2026
****************************************


   max_delay/setup ('INS' group)

   Endpoint                                                  Slack
   -----------------------------------------------------------------
   u_ctrl/aes_start_reg/D                                  -1.2291  (VIOLATED)
   u_ctrl/pass_reg/D                                       -1.2258  (VIOLATED)
   u_ctrl/done_reg/D                                       -0.7941  (VIOLATED)
   u_ctrl/start_seen_reg/D                                 -0.5625  (VIOLATED)
   u_ctrl/crc_done_hold_reg/D                              -0.3330  (VIOLATED)

   max_delay/setup ('clk_div2' group)

   Endpoint                                                  Slack
   -----------------------------------------------------------------
   u_ctrl/u_crc_crc_reg_12_/D                              -5.1277  (VIOLATED)
   u_ctrl/u_crc_crc_reg_8_/D                               -5.1263  (VIOLATED)
   u_ctrl/u_crc_crc_reg_11_/D                              -5.1255  (VIOLATED)
   u_ctrl/u_crc_crc_reg_5_/D                               -4.8793  (VIOLATED)
   u_ctrl/mem_cs_reg/D                                     -4.8606  (VIOLATED)
   u_ctrl/mem_addr_reg_2_/D                                -4.8588  (VIOLATED)
   u_ctrl/mem_addr_reg_0_/D                                -4.8588  (VIOLATED)
   u_ctrl/mem_addr_reg_1_/D                                -4.8588  (VIOLATED)
   u_ctrl/mem_addr_reg_3_/D                                -4.8588  (VIOLATED)
   u_ctrl/u_crc_crc_reg_4_/D                               -4.7985  (VIOLATED)
   u_ctrl/u_crc_crc_reg_6_/D                               -4.7848  (VIOLATED)
   u_ctrl/u_crc_crc_reg_9_/D                               -4.7552  (VIOLATED)
   u_ctrl/tx_byte_div2_reg_7_/D                            -4.7448  (VIOLATED)
   u_ctrl/u_crc_crc_reg_3_/D                               -4.7437  (VIOLATED)
   u_ctrl/u_crc_crc_reg_25_/D                              -4.7334  (VIOLATED)
   u_ctrl/u_crc_crc_reg_2_/D                               -4.7289  (VIOLATED)
   u_ctrl/tx_byte_div2_reg_2_/D                            -4.6268  (VIOLATED)
   u_ctrl/tx_byte_div2_reg_5_/D                            -4.6268  (VIOLATED)
   u_ctrl/tx_byte_div2_reg_4_/D                            -4.6267  (VIOLATED)
   u_ctrl/tx_byte_div2_reg_1_/D                            -4.6267  (VIOLATED)
   u_ctrl/fail_reg/D                                       -4.6168  (VIOLATED)
   u_ctrl/u_crc_crc_out_reg_28_/D                          -4.6150  (VIOLATED)
   u_ctrl/u_crc_crc_out_reg_7_/D                           -4.6150  (VIOLATED)
   u_ctrl/u_crc_crc_out_reg_27_/D                          -4.6150  (VIOLATED)
   u_ctrl/u_crc_crc_out_reg_31_/D                          -4.6150  (VIOLATED)
   u_ctrl/u_crc_crc_out_reg_15_/D                          -4.6150  (VIOLATED)
   u_ctrl/u_crc_crc_out_reg_26_/D                          -4.6150  (VIOLATED)
   u_ctrl/u_crc_crc_reg_1_/D                               -4.5985  (VIOLATED)
   u_ctrl/ct_hold_div2_reg_69_/D                           -4.5529  (VIOLATED)
   u_ctrl/ct_hold_div2_reg_8_/D                            -4.5490  (VIOLATED)
   u_ctrl/ct_hold_div2_reg_65_/D                           -4.5342  (VIOLATED)
   u_ctrl/u_crc_crc_reg_26_/D                              -4.5117  (VIOLATED)
   u_ctrl/u_crc_crc_reg_13_/D                              -4.5116  (VIOLATED)
   u_ctrl/u_crc_crc_reg_23_/D                              -4.5116  (VIOLATED)
   u_ctrl/u_crc_crc_reg_24_/D                              -4.4823  (VIOLATED)
   u_ctrl/u_crc_crc_reg_16_/D                              -4.4823  (VIOLATED)
   u_ctrl/u_crc_crc_out_reg_10_/D                          -4.4781  (VIOLATED)
   u_ctrl/u_crc_crc_out_reg_19_/D                          -4.4781  (VIOLATED)
   u_ctrl/u_crc_crc_out_reg_22_/D                          -4.4781  (VIOLATED)
   u_ctrl/u_crc_crc_out_reg_29_/D                          -4.4781  (VIOLATED)
   u_ctrl/u_crc_crc_out_reg_2_/D                           -4.4780  (VIOLATED)
   u_ctrl/u_crc_crc_out_reg_25_/D                          -4.4780  (VIOLATED)
   u_ctrl/tx_byte_div2_reg_0_/D                            -4.4527  (VIOLATED)
   u_ctrl/ct_hold_div2_reg_21_/D                           -4.4453  (VIOLATED)
   u_ctrl/ct_hold_div2_reg_99_/D                           -4.4453  (VIOLATED)
   u_ctrl/ct_hold_div2_reg_47_/D                           -4.4453  (VIOLATED)
   u_ctrl/ct_hold_div2_reg_52_/D                           -4.4453  (VIOLATED)
   u_ctrl/ct_hold_div2_reg_106_/D                          -4.4453  (VIOLATED)
   u_ctrl/u_crc_crc_reg_15_/D                              -4.4088  (VIOLATED)
   u_ctrl/ct_hold_div2_reg_82_/D                           -4.3977  (VIOLATED)
   u_ctrl/ct_hold_div2_reg_78_/D                           -4.3977  (VIOLATED)
   u_ctrl/ct_hold_div2_reg_104_/D                          -4.3977  (VIOLATED)
   u_ctrl/ct_hold_div2_reg_107_/D                          -4.3977  (VIOLATED)
   u_ctrl/ct_hold_div2_reg_67_/D                           -4.3977  (VIOLATED)
   u_ctrl/ct_hold_div2_reg_4_/D                            -4.3976  (VIOLATED)
   u_ctrl/ct_hold_div2_reg_27_/D                           -4.3976  (VIOLATED)
   u_ctrl/ct_hold_div2_reg_75_/D                           -4.3976  (VIOLATED)
   u_ctrl/ct_hold_div2_reg_94_/D                           -4.3976  (VIOLATED)
   u_ctrl/ct_hold_div2_reg_115_/D                          -4.3976  (VIOLATED)
   u_ctrl/ct_hold_div2_reg_77_/D                           -4.3786  (VIOLATED)
   u_ctrl/ct_hold_div2_reg_29_/D                           -4.3786  (VIOLATED)
   u_ctrl/ct_hold_div2_reg_31_/D                           -4.3786  (VIOLATED)
   u_ctrl/ct_hold_div2_reg_95_/D                           -4.3786  (VIOLATED)
   u_ctrl/ct_hold_div2_reg_102_/D                          -4.3786  (VIOLATED)
   u_ctrl/ct_hold_div2_reg_60_/D                           -4.3739  (VIOLATED)
   u_ctrl/tx_idx_div2_reg_2_/D                             -4.3613  (VIOLATED)
   u_ctrl/u_crc_crc_reg_7_/D                               -4.3472  (VIOLATED)
   u_ctrl/tx_idx_div2_reg_4_/D                             -4.3424  (VIOLATED)
   u_ctrl/tx_idx_div2_reg_3_/D                             -4.3423  (VIOLATED)
   u_ctrl/tx_byte_div2_reg_6_/D                            -4.3389  (VIOLATED)
   u_ctrl/u_crc_crc_reg_27_/D                              -4.3310  (VIOLATED)
   u_ctrl/u_crc_crc_reg_10_/D                              -4.3282  (VIOLATED)
   u_ctrl/u_crc_crc_reg_19_/D                              -4.3264  (VIOLATED)
   u_ctrl/u_crc_crc_reg_17_/D                              -4.3263  (VIOLATED)
   u_ctrl/u_crc_crc_reg_22_/D                              -4.3263  (VIOLATED)
   u_ctrl/u_crc_crc_reg_31_/D                              -4.3172  (VIOLATED)
   u_ctrl/ct_hold_div2_reg_44_/D                           -4.3073  (VIOLATED)
   u_ctrl/ct_hold_div2_reg_24_/D                           -4.3073  (VIOLATED)
   u_ctrl/ct_hold_div2_reg_117_/D                          -4.3073  (VIOLATED)
   u_ctrl/ct_hold_div2_reg_121_/D                          -4.3073  (VIOLATED)
   u_ctrl/ct_hold_div2_reg_103_/D                          -4.3073  (VIOLATED)
   u_ctrl/ct_hold_div2_reg_28_/D                           -4.3073  (VIOLATED)
   u_ctrl/tx_idx_div2_reg_0_/D                             -4.2349  (VIOLATED)
   u_ctrl/ct_hold_div2_reg_12_/D                           -4.2341  (VIOLATED)
   u_ctrl/ct_hold_div2_reg_23_/D                           -4.2341  (VIOLATED)
   u_ctrl/ct_hold_div2_reg_38_/D                           -4.2341  (VIOLATED)
   u_ctrl/ct_hold_div2_reg_39_/D                           -4.2341  (VIOLATED)
   u_ctrl/ct_hold_div2_reg_55_/D                           -4.2341  (VIOLATED)
   u_ctrl/ct_hold_div2_reg_101_/D                          -4.2341  (VIOLATED)
   u_ctrl/ct_hold_div2_reg_108_/D                          -4.2298  (VIOLATED)
   u_ctrl/ct_hold_div2_reg_59_/D                           -4.2211  (VIOLATED)
   u_ctrl/ct_hold_div2_reg_61_/D                           -4.2211  (VIOLATED)
   u_ctrl/ct_hold_div2_reg_66_/D                           -4.2211  (VIOLATED)
   u_ctrl/ct_hold_div2_reg_84_/D                           -4.2211  (VIOLATED)
   u_ctrl/ct_hold_div2_reg_111_/D                          -4.2211  (VIOLATED)
   u_ctrl/ct_hold_div2_reg_118_/D                          -4.1936  (VIOLATED)
   u_ctrl/u_crc_crc_reg_14_/D                              -4.1901  (VIOLATED)
   u_ctrl/u_crc_crc_reg_20_/D                              -4.1901  (VIOLATED)
   u_ctrl/u_crc_crc_reg_21_/D                              -4.1901  (VIOLATED)
   u_ctrl/ct_hold_div2_reg_87_/D                           -4.1885  (VIOLATED)
   u_ctrl/ct_hold_div2_reg_74_/D                           -4.1491  (VIOLATED)
   u_ctrl/ct_hold_div2_reg_68_/D                           -4.1438  (VIOLATED)
   u_ctrl/ct_hold_div2_reg_0_/D                            -4.1282  (VIOLATED)
   u_ctrl/ct_hold_div2_reg_97_/D                           -4.1282  (VIOLATED)
   u_ctrl/ct_hold_div2_reg_98_/D                           -4.1282  (VIOLATED)
   u_ctrl/ct_hold_div2_reg_109_/D                          -4.1282  (VIOLATED)
   u_ctrl/ct_hold_div2_reg_86_/D                           -4.1267  (VIOLATED)
   u_ctrl/ct_hold_div2_reg_10_/D                           -4.1267  (VIOLATED)
   u_ctrl/ct_hold_div2_reg_11_/D                           -4.1216  (VIOLATED)
   u_ctrl/ct_hold_div2_reg_80_/D                           -4.1216  (VIOLATED)
   u_ctrl/ct_hold_div2_reg_88_/D                           -4.1216  (VIOLATED)
   u_ctrl/ct_hold_div2_reg_71_/D                           -4.1106  (VIOLATED)
   u_ctrl/ct_hold_div2_reg_51_/D                           -4.1106  (VIOLATED)
   u_ctrl/ct_hold_div2_reg_79_/D                           -4.1106  (VIOLATED)
   u_ctrl/ct_hold_div2_reg_58_/D                           -4.1090  (VIOLATED)
   u_ctrl/ct_hold_div2_reg_81_/D                           -4.1090  (VIOLATED)
   u_ctrl/ct_hold_div2_reg_92_/D                           -4.1065  (VIOLATED)
   u_ctrl/ct_hold_div2_reg_1_/D                            -4.1065  (VIOLATED)
   u_ctrl/ct_hold_div2_reg_125_/D                          -4.1065  (VIOLATED)
   u_ctrl/ct_hold_div2_reg_53_/D                           -4.0910  (VIOLATED)
   u_ctrl/ct_hold_div2_reg_26_/D                           -4.0910  (VIOLATED)
   u_ctrl/ct_hold_div2_reg_91_/D                           -4.0910  (VIOLATED)
   u_ctrl/mem_wdata_reg_2_/D                               -4.0750  (VIOLATED)
   u_ctrl/mem_wdata_reg_3_/D                               -4.0750  (VIOLATED)
   u_ctrl/mem_wdata_reg_4_/D                               -4.0750  (VIOLATED)
   u_ctrl/mem_wdata_reg_5_/D                               -4.0750  (VIOLATED)
   u_ctrl/mem_wdata_reg_6_/D                               -4.0750  (VIOLATED)
   u_ctrl/mem_wdata_reg_7_/D                               -4.0750  (VIOLATED)
   u_ctrl/tx_idx_div2_reg_1_/D                             -4.0401  (VIOLATED)
   u_ctrl/tx_byte_div2_reg_3_/D                            -4.0268  (VIOLATED)
   u_ctrl/u_crc_crc_reg_29_/D                              -4.0253  (VIOLATED)
   u_ctrl/u_crc_crc_reg_0_/D                               -3.9423  (VIOLATED)
   u_ctrl/ct_hold_div2_reg_123_/D                          -3.9312  (VIOLATED)
   u_ctrl/ct_hold_div2_reg_89_/D                           -3.9312  (VIOLATED)
   u_ctrl/ct_hold_div2_reg_70_/D                           -3.9268  (VIOLATED)
   u_ctrl/ct_hold_div2_reg_49_/D                           -3.9226  (VIOLATED)
   u_ctrl/ct_hold_div2_reg_2_/D                            -3.9226  (VIOLATED)
   u_ctrl/ct_hold_div2_reg_20_/D                           -3.9226  (VIOLATED)
   u_ctrl/ct_hold_div2_reg_32_/D                           -3.9226  (VIOLATED)
   u_ctrl/ct_hold_div2_reg_57_/D                           -3.9226  (VIOLATED)
   u_ctrl/ct_hold_div2_reg_72_/D                           -3.9226  (VIOLATED)
   u_ctrl/ct_hold_div2_reg_73_/D                           -3.9226  (VIOLATED)
   u_ctrl/ct_hold_div2_reg_40_/D                           -3.9100  (VIOLATED)
   u_ctrl/ct_hold_div2_reg_83_/D                           -3.9100  (VIOLATED)
   u_ctrl/ct_hold_div2_reg_126_/D                          -3.9100  (VIOLATED)
   u_ctrl/ct_hold_div2_reg_30_/D                           -3.9088  (VIOLATED)
   u_ctrl/ct_hold_div2_reg_13_/D                           -3.9069  (VIOLATED)
   u_ctrl/ct_hold_div2_reg_124_/D                          -3.9069  (VIOLATED)
   u_ctrl/byte_idx_reg_3_/D                                -3.8905  (VIOLATED)
   u_ctrl/u_crc_crc_reg_30_/D                              -3.8643  (VIOLATED)
   u_ctrl/ct_hold_div2_reg_19_/D                           -3.8525  (VIOLATED)
   u_ctrl/ct_hold_div2_reg_116_/D                          -3.8525  (VIOLATED)
   u_ctrl/ct_hold_div2_reg_25_/D                           -3.8332  (VIOLATED)
   u_ctrl/ct_hold_div2_reg_42_/D                           -3.8145  (VIOLATED)
   u_ctrl/ct_hold_div2_reg_85_/D                           -3.8128  (VIOLATED)
   u_ctrl/ct_hold_div2_reg_93_/D                           -3.8128  (VIOLATED)
   u_ctrl/ct_hold_div2_reg_110_/D                          -3.8107  (VIOLATED)
   u_ctrl/mem_wdata_reg_0_/D                               -3.8093  (VIOLATED)
   u_ctrl/byte_idx_reg_0_/D                                -3.7664  (VIOLATED)
   u_ctrl/byte_idx_reg_2_/D                                -3.7663  (VIOLATED)
   u_ctrl/byte_idx_reg_1_/D                                -3.7663  (VIOLATED)
   u_ctrl/ct_hold_div2_reg_96_/D                           -3.7219  (VIOLATED)
   u_ctrl/sst_reg_0_/D                                     -3.6918  (VIOLATED)
   u_ctrl/mem_wdata_reg_1_/D                               -3.6867  (VIOLATED)
   u_ctrl/sst_reg_2_/D                                     -3.6789  (VIOLATED)
   u_ctrl/ct_hold_div2_reg_22_/D                           -3.6689  (VIOLATED)
   u_ctrl/ct_hold_div2_reg_62_/D                           -3.6492  (VIOLATED)
   u_ctrl/ct_hold_div2_reg_7_/D                            -3.6345  (VIOLATED)
   u_ctrl/ct_hold_div2_reg_6_/D                            -3.6345  (VIOLATED)
   u_ctrl/mem_we_reg/D                                     -3.6271  (VIOLATED)
   u_ctrl/sst_reg_1_/D                                     -3.5857  (VIOLATED)
   u_ctrl/u_crc_crc_reg_28_/D                              -3.5751  (VIOLATED)
   u_ctrl/ct_hold_div2_reg_41_/D                           -3.5092  (VIOLATED)
   u_ctrl/ct_hold_div2_reg_9_/D                            -3.4901  (VIOLATED)
   u_ctrl/ct_hold_div2_reg_54_/D                           -3.4901  (VIOLATED)
   u_ctrl/ct_hold_div2_reg_113_/D                          -3.4901  (VIOLATED)
   u_ctrl/ct_hold_div2_reg_35_/D                           -3.4870  (VIOLATED)
   u_ctrl/ct_hold_div2_reg_18_/D                           -3.4870  (VIOLATED)
   u_ctrl/ct_hold_div2_reg_3_/D                            -3.4616  (VIOLATED)
   u_ctrl/ct_hold_div2_reg_50_/D                           -3.4616  (VIOLATED)
   u_ctrl/ct_hold_div2_reg_114_/D                          -3.4616  (VIOLATED)
   u_ctrl/ct_hold_div2_reg_120_/D                          -3.4567  (VIOLATED)
   u_ctrl/ct_hold_div2_reg_5_/D                            -3.4567  (VIOLATED)
   u_ctrl/ct_hold_div2_reg_48_/D                           -3.4398  (VIOLATED)
   u_ctrl/ct_hold_div2_reg_122_/D                          -3.4398  (VIOLATED)
   u_ctrl/u_crc_crc_reg_18_/D                              -3.4152  (VIOLATED)
   u_ctrl/ct_hold_div2_reg_100_/D                          -3.3195  (VIOLATED)
   u_ctrl/crc_byte_reg_1_/D                                -3.2622  (VIOLATED)
   u_ctrl/crc_byte_reg_3_/D                                -3.2622  (VIOLATED)
   u_ctrl/crc_byte_reg_5_/D                                -3.2622  (VIOLATED)
   u_ctrl/crc_byte_reg_7_/D                                -3.2622  (VIOLATED)
   u_ctrl/u_crc_crc_out_reg_8_/D                           -3.2339  (VIOLATED)
   u_ctrl/u_crc_crc_out_reg_9_/D                           -3.2339  (VIOLATED)
   u_ctrl/u_crc_crc_out_reg_11_/D                          -3.2339  (VIOLATED)
   u_ctrl/u_crc_crc_out_reg_21_/D                          -3.2339  (VIOLATED)
   u_ctrl/u_crc_crc_out_reg_14_/D                          -3.2339  (VIOLATED)
   u_ctrl/u_crc_crc_out_reg_18_/D                          -3.2339  (VIOLATED)
   u_ctrl/u_crc_crc_out_reg_24_/D                          -3.2339  (VIOLATED)
   u_ctrl/u_crc_crc_out_reg_30_/D                          -3.2291  (VIOLATED)
   u_ctrl/u_crc_crc_out_reg_12_/D                          -3.2291  (VIOLATED)
   u_ctrl/u_crc_crc_out_reg_6_/D                           -3.2290  (VIOLATED)
   u_ctrl/u_crc_crc_out_reg_5_/D                           -3.1962  (VIOLATED)
   u_ctrl/u_crc_crc_out_reg_16_/D                          -3.1962  (VIOLATED)
   u_ctrl/u_crc_crc_out_reg_20_/D                          -3.1962  (VIOLATED)
   u_ctrl/u_crc_crc_out_reg_13_/D                          -3.1914  (VIOLATED)
   u_ctrl/ct_hold_div2_reg_36_/D                           -3.1498  (VIOLATED)
   u_ctrl/u_crc_done_reg/D                                 -3.0893  (VIOLATED)
   u_ctrl/u_crc_crc_out_reg_23_/D                          -3.0627  (VIOLATED)
   u_ctrl/u_crc_crc_out_reg_1_/D                           -3.0626  (VIOLATED)
   u_ctrl/u_crc_crc_out_reg_3_/D                           -3.0591  (VIOLATED)
   u_ctrl/ct_hold_div2_reg_56_/D                           -3.0411  (VIOLATED)
   u_ctrl/ct_hold_div2_reg_43_/D                           -3.0349  (VIOLATED)
   u_ctrl/ct_hold_div2_reg_112_/D                          -3.0349  (VIOLATED)
   u_ctrl/ct_hold_div2_reg_16_/D                           -2.8458  (VIOLATED)
   u_ctrl/ct_hold_div2_reg_45_/D                           -2.8458  (VIOLATED)
   u_ctrl/ct_hold_div2_reg_76_/D                           -2.8066  (VIOLATED)
   u_ctrl/ct_hold_div2_reg_33_/D                           -2.8044  (VIOLATED)
   u_ctrl/ct_hold_div2_reg_37_/D                           -2.6970  (VIOLATED)
   u_ctrl/ct_hold_div2_reg_90_/D                           -2.6969  (VIOLATED)
   u_ctrl/ct_hold_div2_reg_15_/D                           -2.6969  (VIOLATED)
   u_ctrl/ct_hold_div2_reg_63_/D                           -2.6722  (VIOLATED)
   u_ctrl/ct_hold_div2_reg_17_/D                           -2.6722  (VIOLATED)
   u_ctrl/stream_sent_div2_reg/D                           -2.6243  (VIOLATED)
   u_ctrl/ct_hold_div2_reg_119_/D                          -2.5218  (VIOLATED)
   u_ctrl/crc_start_reg/D                                  -2.4940  (VIOLATED)
   u_ctrl/ct_hold_div2_reg_64_/D                           -2.3902  (VIOLATED)
   u_ctrl/ct_hold_div2_reg_127_/D                          -2.3777  (VIOLATED)
   u_ctrl/stream_ready_div2_reg/D                          -2.3564  (VIOLATED)
   u_ctrl/mem_oe_reg/D                                     -2.1930  (VIOLATED)
   u_ctrl/ct_hold_div2_reg_34_/D                           -2.1030  (VIOLATED)
   u_ctrl/crc_byte_reg_0_/D                                -1.8659  (VIOLATED)
   u_ctrl/crc_byte_reg_2_/D                                -1.8659  (VIOLATED)
   u_ctrl/crc_byte_reg_4_/D                                -1.8659  (VIOLATED)
   u_ctrl/crc_byte_reg_6_/D                                -1.8659  (VIOLATED)
   u_ctrl/ct_hold_div2_reg_105_/D                          -1.7744  (VIOLATED)
   u_ctrl/ct_hold_div2_reg_46_/D                           -1.7370  (VIOLATED)
   u_ctrl/u_crc_crc_out_reg_4_/D                           -1.6092  (VIOLATED)
   u_ctrl/send_go_div2_reg/D                               -1.4428  (VIOLATED)
   u_ctrl/u_ct_cdc_ack_tog_dst_reg/D                       -1.3180  (VIOLATED)
   u_ctrl/u_ct_cdc_pulse_dst_reg/D                         -1.3109  (VIOLATED)
   u_ctrl/crc_dv_reg/D                                     -1.2766  (VIOLATED)
   u_ctrl/u_crc_crc_out_reg_0_/D                           -1.1805  (VIOLATED)
   u_ctrl/u_crc_crc_out_reg_17_/D                          -1.1759  (VIOLATED)
   u_ctrl/crc_finish_reg/D                                 -1.0691  (VIOLATED)
   u_ctrl/ct_hold_div2_reg_14_/D                           -0.3437  (VIOLATED)

   max_delay/setup ('clk_div4' group)

   Endpoint                                                  Slack
   -----------------------------------------------------------------
   u_ctrl/u_rx_divcnt_reg_2_/D                             -1.4416  (VIOLATED)
   u_ctrl/u_rx_divcnt_reg_5_/D                             -1.4314  (VIOLATED)
   u_ctrl/u_rx_divcnt_reg_23_/D                            -1.4314  (VIOLATED)
   u_ctrl/u_rx_divcnt_reg_11_/D                            -1.4314  (VIOLATED)
   u_ctrl/u_rx_divcnt_reg_4_/D                             -1.4251  (VIOLATED)
   u_ctrl/u_tx_divcnt_reg_31_/D                            -1.3934  (VIOLATED)
   u_ctrl/u_rx_divcnt_reg_26_/D                            -1.3739  (VIOLATED)
   u_ctrl/u_rx_divcnt_reg_9_/D                             -1.3451  (VIOLATED)
   u_ctrl/u_tx_divcnt_reg_30_/D                            -1.2743  (VIOLATED)
   u_ctrl/u_tx_divcnt_reg_28_/D                            -1.2730  (VIOLATED)
   u_ctrl/u_rx_divcnt_reg_25_/D                            -1.2490  (VIOLATED)
   u_ctrl/u_tx_divcnt_reg_27_/D                            -1.2466  (VIOLATED)
   u_ctrl/u_tx_divcnt_reg_16_/D                            -1.2267  (VIOLATED)
   u_ctrl/u_tx_divcnt_reg_18_/D                            -1.2267  (VIOLATED)
   u_ctrl/u_tx_divcnt_reg_4_/D                             -1.2267  (VIOLATED)
   u_ctrl/u_rx_divcnt_reg_31_/D                            -1.2084  (VIOLATED)
   u_ctrl/u_tx_divcnt_reg_14_/D                            -1.2067  (VIOLATED)
   u_ctrl/u_tx_divcnt_reg_24_/D                            -1.1958  (VIOLATED)
   u_ctrl/u_tx_divcnt_reg_23_/D                            -1.1673  (VIOLATED)
   u_ctrl/u_tx_divcnt_reg_17_/D                            -1.1062  (VIOLATED)
   u_ctrl/u_rx_divcnt_reg_30_/D                            -1.0879  (VIOLATED)
   u_ctrl/u_rx_divcnt_reg_6_/D                             -1.0748  (VIOLATED)
   u_ctrl/u_rx_divcnt_reg_1_/D                             -1.0668  (VIOLATED)
   u_ctrl/u_rx_divcnt_reg_19_/D                            -1.0582  (VIOLATED)
   u_ctrl/u_rx_divcnt_reg_21_/D                            -1.0582  (VIOLATED)
   u_ctrl/u_rx_divcnt_reg_18_/D                            -1.0251  (VIOLATED)
   u_ctrl/u_rx_divcnt_reg_12_/D                            -1.0251  (VIOLATED)
   u_ctrl/u_rx_divcnt_reg_8_/D                             -0.9578  (VIOLATED)
   u_ctrl/u_rx_divcnt_reg_20_/D                            -0.9531  (VIOLATED)
   u_ctrl/u_rx_divcnt_reg_24_/D                            -0.9531  (VIOLATED)
   u_ctrl/u_rx_divcnt_reg_7_/D                             -0.9312  (VIOLATED)
   u_ctrl/u_rx_divcnt_reg_3_/D                             -0.9029  (VIOLATED)
   u_ctrl/u_tx_divcnt_reg_29_/D                            -0.8598  (VIOLATED)
   u_ctrl/u_rx_busy_reg/D                                  -0.8387  (VIOLATED)
   u_ctrl/u_rx_rx_data_reg_1_/D                            -0.8348  (VIOLATED)
   u_ctrl/u_rx_rx_data_reg_3_/D                            -0.8348  (VIOLATED)
   u_ctrl/u_rx_rx_data_reg_7_/D                            -0.8348  (VIOLATED)
   u_ctrl/u_rx_rx_data_reg_5_/D                            -0.8348  (VIOLATED)
   u_ctrl/u_tx_divcnt_reg_20_/D                            -0.8161  (VIOLATED)
   u_ctrl/u_tx_divcnt_reg_6_/D                             -0.8147  (VIOLATED)
   u_ctrl/u_tx_divcnt_reg_5_/D                             -0.7811  (VIOLATED)
   u_ctrl/u_tx_divcnt_reg_26_/D                            -0.7808  (VIOLATED)
   u_ctrl/u_tx_divcnt_reg_25_/D                            -0.7764  (VIOLATED)
   u_ctrl/u_tx_divcnt_reg_22_/D                            -0.7369  (VIOLATED)
   u_ctrl/start_uart_cmd_reg/D                             -0.7248  (VIOLATED)
   u_ctrl/u_tx_divcnt_reg_2_/D                             -0.6805  (VIOLATED)
   u_ctrl/u_rx_divcnt_reg_29_/D                            -0.6522  (VIOLATED)
   u_ctrl/u_rx_divcnt_reg_28_/D                            -0.6383  (VIOLATED)
   u_ctrl/u_rx_divcnt_reg_14_/D                            -0.6315  (VIOLATED)
   u_ctrl/u_rx_divcnt_reg_27_/D                            -0.6180  (VIOLATED)
   u_ctrl/u_rx_divcnt_reg_17_/D                            -0.6052  (VIOLATED)
   u_ctrl/tx_buf_valid_reg/D                               -0.5382  (VIOLATED)
   u_ctrl/u_tx_divcnt_reg_8_/D                             -0.5345  (VIOLATED)
   u_ctrl/tx_data_reg_2_/D                                 -0.5328  (VIOLATED)
   u_ctrl/tx_data_reg_4_/D                                 -0.5328  (VIOLATED)
   u_ctrl/tx_data_reg_0_/D                                 -0.5328  (VIOLATED)
   u_ctrl/tx_data_reg_6_/D                                 -0.5328  (VIOLATED)
   u_ctrl/u_tx_divcnt_reg_15_/D                            -0.5294  (VIOLATED)
   u_ctrl/u_tx_divcnt_reg_13_/D                            -0.5293  (VIOLATED)
   u_ctrl/u_tx_bitpos_reg_3_/D                             -0.5233  (VIOLATED)
   u_ctrl/u_tx_divcnt_reg_0_/D                             -0.5199  (VIOLATED)
   u_ctrl/u_tx_divcnt_reg_10_/D                            -0.4703  (VIOLATED)
   u_ctrl/u_rx_data_shift_reg_2_/D                         -0.4425  (VIOLATED)
   u_ctrl/u_rx_data_shift_reg_4_/D                         -0.4425  (VIOLATED)
   u_ctrl/u_rx_data_shift_reg_5_/D                         -0.4425  (VIOLATED)
   u_ctrl/u_rx_data_shift_reg_6_/D                         -0.4425  (VIOLATED)
   u_ctrl/u_tx_bitpos_reg_2_/D                             -0.4181  (VIOLATED)
   u_ctrl/u_tx_divcnt_reg_19_/D                            -0.3227  (VIOLATED)
   u_ctrl/u_tx_divcnt_reg_3_/D                             -0.3170  (VIOLATED)
   u_ctrl/u_tx_divcnt_reg_9_/D                             -0.2176  (VIOLATED)
   u_ctrl/u_tx_divcnt_reg_12_/D                            -0.1943  (VIOLATED)
   u_ctrl/tx_data_reg_5_/D                                 -0.1868  (VIOLATED)
   u_ctrl/u_tx_divcnt_reg_7_/D                             -0.1855  (VIOLATED)
   u_ctrl/u_tx_shifter_reg_1_/D                            -0.1774  (VIOLATED)
   u_ctrl/u_tx_shifter_reg_4_/D                            -0.1774  (VIOLATED)
   u_ctrl/u_tx_divcnt_reg_11_/D                            -0.1768  (VIOLATED)
   u_ctrl/u_tx_divcnt_reg_21_/D                            -0.1734  (VIOLATED)
   u_ctrl/u_tx_shifter_reg_0_/D                            -0.1696  (VIOLATED)
   u_ctrl/u_rx_divcnt_reg_15_/D                            -0.1677  (VIOLATED)
   u_ctrl/u_tx_divcnt_reg_1_/D                             -0.1598  (VIOLATED)
   u_ctrl/u_rx_divcnt_reg_16_/D                            -0.1169  (VIOLATED)
   u_ctrl/u_rx_divcnt_reg_22_/D                            -0.1169  (VIOLATED)
   u_ctrl/u_rx_divcnt_reg_0_/D                             -0.1120  (VIOLATED)
   u_ctrl/tx_start_reg/D                                   -0.0695  (VIOLATED)
   u_ctrl/u_tx_shifter_reg_7_/D                            -0.0233  (VIOLATED)
   u_ctrl/u_tx_shifter_reg_3_/D                            -0.0183  (VIOLATED)
   u_ctrl/u_tx_shifter_reg_6_/D                            -0.0183  (VIOLATED)
   u_ctrl/u_tx_shifter_reg_8_/D                            -0.0147  (VIOLATED)
   u_ctrl/u_tx_tx_busy_reg/D                               -0.0117  (VIOLATED)
   u_ctrl/u_tx_shifter_reg_2_/D                            -0.0038  (VIOLATED)
   u_ctrl/u_tx_shifter_reg_5_/D                            -0.0038  (VIOLATED)
   u_ctrl/tx_data_reg_1_/D                                 -0.0030  (VIOLATED)
   u_ctrl/tx_data_reg_3_/D                                 -0.0030  (VIOLATED)
   u_ctrl/tx_data_reg_7_/D                                 -0.0030  (VIOLATED)

   max_delay/setup ('clk_fast' group)

   Endpoint                                                  Slack
   -----------------------------------------------------------------
   u_ctrl/ct_hold_fast_reg_65_/D                           -3.9723  (VIOLATED)
   u_ctrl/ct_hold_fast_reg_118_/D                          -3.9723  (VIOLATED)
   u_ctrl/ct_hold_fast_reg_16_/D                           -3.9723  (VIOLATED)
   u_ctrl/ct_hold_fast_reg_27_/D                           -3.9723  (VIOLATED)
   u_ctrl/ct_hold_fast_reg_64_/D                           -3.9723  (VIOLATED)
   u_ctrl/ct_hold_fast_reg_51_/D                           -3.9723  (VIOLATED)
   u_ctrl/ct_hold_fast_reg_57_/D                           -3.9723  (VIOLATED)
   u_ctrl/ct_hold_fast_reg_91_/D                           -3.9723  (VIOLATED)
   u_ctrl/ct_hold_fast_reg_115_/D                          -3.9169  (VIOLATED)
   u_ctrl/ct_hold_fast_reg_112_/D                          -3.9169  (VIOLATED)
   u_ctrl/ct_hold_fast_reg_9_/D                            -3.9169  (VIOLATED)
   u_ctrl/ct_hold_fast_reg_123_/D                          -3.9121  (VIOLATED)
   u_ctrl/ct_hold_fast_reg_72_/D                           -3.8888  (VIOLATED)
   u_ctrl/ct_hold_fast_reg_39_/D                           -3.8888  (VIOLATED)
   u_ctrl/ct_hold_fast_reg_25_/D                           -3.8744  (VIOLATED)
   u_ctrl/ct_hold_fast_reg_124_/D                          -3.8744  (VIOLATED)
   u_ctrl/ct_hold_fast_reg_41_/D                           -3.8700  (VIOLATED)
   u_ctrl/ct_hold_fast_reg_42_/D                           -3.8663  (VIOLATED)
   u_ctrl/ct_hold_fast_reg_47_/D                           -3.8663  (VIOLATED)
   u_ctrl/ct_hold_fast_reg_84_/D                           -3.8663  (VIOLATED)
   u_ctrl/ct_hold_fast_reg_88_/D                           -3.8421  (VIOLATED)
   u_ctrl/ct_hold_fast_reg_101_/D                          -3.8421  (VIOLATED)
   u_ctrl/ct_hold_fast_reg_49_/D                           -3.8413  (VIOLATED)
   u_ctrl/ct_hold_fast_reg_3_/D                            -3.8413  (VIOLATED)
   u_ctrl/ct_hold_fast_reg_60_/D                           -3.8292  (VIOLATED)
   u_ctrl/ct_hold_fast_reg_73_/D                           -3.8116  (VIOLATED)
   u_ctrl/ct_hold_fast_reg_80_/D                           -3.7999  (VIOLATED)
   u_ctrl/ct_hold_fast_reg_56_/D                           -3.7999  (VIOLATED)
   u_ctrl/ct_hold_fast_reg_77_/D                           -3.7999  (VIOLATED)
   u_ctrl/ct_hold_fast_reg_52_/D                           -3.7970  (VIOLATED)
   u_ctrl/ct_hold_fast_reg_31_/D                           -3.7969  (VIOLATED)
   u_ctrl/ct_hold_fast_reg_114_/D                          -3.7887  (VIOLATED)
   u_ctrl/ct_hold_fast_reg_35_/D                           -3.7887  (VIOLATED)
   u_ctrl/ct_hold_fast_reg_21_/D                           -3.7835  (VIOLATED)
   u_ctrl/ct_hold_fast_reg_22_/D                           -3.7797  (VIOLATED)
   u_ctrl/ct_hold_fast_reg_75_/D                           -3.7797  (VIOLATED)
   u_ctrl/ct_hold_fast_reg_63_/D                           -3.7797  (VIOLATED)
   u_ctrl/ct_hold_fast_reg_99_/D                           -3.7652  (VIOLATED)
   u_ctrl/ct_hold_fast_reg_68_/D                           -3.7652  (VIOLATED)
   u_ctrl/ct_hold_fast_reg_40_/D                           -3.7652  (VIOLATED)
   u_ctrl/ct_hold_fast_reg_24_/D                           -3.7529  (VIOLATED)
   u_ctrl/ct_hold_fast_reg_26_/D                           -3.7529  (VIOLATED)
   u_ctrl/ct_hold_fast_reg_100_/D                          -3.7529  (VIOLATED)
   u_ctrl/ct_hold_fast_reg_23_/D                           -3.7518  (VIOLATED)
   u_ctrl/ct_hold_fast_reg_106_/D                          -3.7518  (VIOLATED)
   u_ctrl/ct_hold_fast_reg_113_/D                          -3.7518  (VIOLATED)
   u_ctrl/ct_hold_fast_reg_126_/D                          -3.7220  (VIOLATED)
   u_ctrl/ct_hold_fast_reg_127_/D                          -3.7220  (VIOLATED)
   u_ctrl/ct_hold_fast_reg_55_/D                           -3.7220  (VIOLATED)
   u_ctrl/ct_hold_fast_reg_97_/D                           -3.7220  (VIOLATED)
   u_ctrl/ct_hold_fast_reg_90_/D                           -3.7220  (VIOLATED)
   u_ctrl/ct_hold_fast_reg_93_/D                           -3.7220  (VIOLATED)
   u_ctrl/ct_hold_fast_reg_120_/D                          -3.7102  (VIOLATED)
   u_ctrl/ct_hold_fast_reg_19_/D                           -3.7102  (VIOLATED)
   u_ctrl/ct_hold_fast_reg_104_/D                          -3.7102  (VIOLATED)
   u_ctrl/ct_hold_fast_reg_38_/D                           -3.6963  (VIOLATED)
   u_ctrl/ct_hold_fast_reg_122_/D                          -3.6958  (VIOLATED)
   u_ctrl/ct_hold_fast_reg_92_/D                           -3.6954  (VIOLATED)
   u_ctrl/ct_hold_fast_reg_7_/D                            -3.6954  (VIOLATED)
   u_ctrl/ct_hold_fast_reg_83_/D                           -3.6939  (VIOLATED)
   u_ctrl/ct_hold_fast_reg_4_/D                            -3.6836  (VIOLATED)
   u_ctrl/ct_hold_fast_reg_14_/D                           -3.6836  (VIOLATED)
   u_ctrl/ct_hold_fast_reg_67_/D                           -3.6573  (VIOLATED)
   u_ctrl/ct_hold_fast_reg_103_/D                          -3.6573  (VIOLATED)
   u_ctrl/ct_hold_fast_reg_79_/D                           -3.6573  (VIOLATED)
   u_ctrl/ct_hold_fast_reg_117_/D                          -3.6544  (VIOLATED)
   u_ctrl/ct_hold_fast_reg_116_/D                          -3.6544  (VIOLATED)
   u_ctrl/ct_hold_fast_reg_81_/D                           -3.6142  (VIOLATED)
   u_ctrl/ct_hold_fast_reg_70_/D                           -3.6142  (VIOLATED)
   u_ctrl/ct_hold_fast_reg_29_/D                           -3.6142  (VIOLATED)
   u_ctrl/ct_hold_fast_reg_33_/D                           -3.5840  (VIOLATED)
   u_ctrl/ct_hold_fast_reg_66_/D                           -3.5840  (VIOLATED)
   u_ctrl/ct_hold_fast_reg_89_/D                           -3.5436  (VIOLATED)
   u_ctrl/ct_hold_fast_reg_43_/D                           -3.5435  (VIOLATED)
   u_ctrl/ct_hold_fast_reg_107_/D                          -3.5435  (VIOLATED)
   u_ctrl/ct_hold_fast_reg_111_/D                          -3.5319  (VIOLATED)
   u_ctrl/ct_hold_fast_reg_10_/D                           -3.5112  (VIOLATED)
   u_ctrl/ct_hold_fast_reg_54_/D                           -3.5112  (VIOLATED)
   u_ctrl/ct_hold_fast_reg_119_/D                          -3.5112  (VIOLATED)
   u_ctrl/ct_hold_fast_reg_17_/D                           -3.5055  (VIOLATED)
   u_ctrl/ct_hold_fast_reg_94_/D                           -3.5055  (VIOLATED)
   u_ctrl/ct_hold_fast_reg_44_/D                           -3.5031  (VIOLATED)
   u_ctrl/ct_hold_fast_reg_5_/D                            -3.4998  (VIOLATED)
   u_ctrl/ct_hold_fast_reg_6_/D                            -3.4997  (VIOLATED)
   u_ctrl/ct_hold_fast_reg_50_/D                           -3.4997  (VIOLATED)
   u_ctrl/ct_hold_fast_reg_32_/D                           -3.4993  (VIOLATED)
   u_ctrl/ct_hold_fast_reg_45_/D                           -3.4628  (VIOLATED)
   u_ctrl/ct_hold_fast_reg_46_/D                           -3.4628  (VIOLATED)
   u_ctrl/ct_hold_fast_reg_69_/D                           -3.4577  (VIOLATED)
   u_ctrl/ct_hold_fast_reg_95_/D                           -3.4065  (VIOLATED)
   u_ctrl/ct_hold_fast_reg_82_/D                           -3.4065  (VIOLATED)
   u_ctrl/ct_hold_fast_reg_62_/D                           -3.4029  (VIOLATED)
   u_ctrl/ct_hold_fast_reg_102_/D                          -3.3994  (VIOLATED)
   u_ctrl/ct_hold_fast_reg_61_/D                           -3.3993  (VIOLATED)
   u_ctrl/ct_hold_fast_reg_59_/D                           -3.3265  (VIOLATED)
   u_ctrl/ct_hold_fast_reg_20_/D                           -3.3097  (VIOLATED)
   u_ctrl/ct_hold_fast_reg_76_/D                           -3.3097  (VIOLATED)
   u_ctrl/ct_hold_fast_reg_78_/D                           -3.3045  (VIOLATED)
   u_ctrl/ct_hold_fast_reg_58_/D                           -3.3045  (VIOLATED)
   u_ctrl/ct_hold_fast_reg_1_/D                            -3.2590  (VIOLATED)
   u_ctrl/ct_hold_fast_reg_86_/D                           -3.2536  (VIOLATED)
   u_ctrl/ct_hold_fast_reg_48_/D                           -3.2535  (VIOLATED)
   u_ctrl/ct_hold_fast_reg_0_/D                            -3.2505  (VIOLATED)
   u_ctrl/ct_hold_fast_reg_18_/D                           -3.2299  (VIOLATED)
   u_ctrl/ct_hold_fast_reg_105_/D                          -3.2262  (VIOLATED)
   u_ctrl/ct_hold_fast_reg_2_/D                            -3.2253  (VIOLATED)
   u_ctrl/ct_hold_fast_reg_11_/D                           -3.2081  (VIOLATED)
   u_ctrl/ct_hold_fast_reg_34_/D                           -3.2081  (VIOLATED)
   u_ctrl/ct_hold_fast_reg_36_/D                           -3.1977  (VIOLATED)
   u_ctrl/ct_hold_fast_reg_109_/D                          -3.1977  (VIOLATED)
   u_ctrl/ct_hold_fast_reg_30_/D                           -3.1825  (VIOLATED)
   u_ctrl/ct_hold_fast_reg_85_/D                           -3.1698  (VIOLATED)
   u_ctrl/ct_hold_fast_reg_12_/D                           -3.1601  (VIOLATED)
   u_ctrl/ct_hold_fast_reg_15_/D                           -3.1601  (VIOLATED)
   u_ctrl/ct_hold_fast_reg_125_/D                          -3.1577  (VIOLATED)
   u_ctrl/ct_hold_fast_reg_13_/D                           -3.1252  (VIOLATED)
   u_ctrl/ct_hold_fast_reg_74_/D                           -3.0799  (VIOLATED)
   u_ctrl/ct_hold_fast_reg_121_/D                          -2.8817  (VIOLATED)
   u_ctrl/ct_hold_fast_reg_8_/D                            -2.8776  (VIOLATED)
   u_ctrl/ct_ok_reg/D                                      -2.8772  (VIOLATED)
   u_ctrl/ct_hold_fast_reg_71_/D                           -2.8460  (VIOLATED)
   u_ctrl/ct_hold_fast_reg_53_/D                           -2.8368  (VIOLATED)
   u_ctrl/ct_hold_fast_reg_28_/D                           -2.8159  (VIOLATED)
   u_ctrl/ct_hold_fast_reg_87_/D                           -2.8159  (VIOLATED)
   u_ctrl/ct_hold_fast_reg_108_/D                          -2.8159  (VIOLATED)
   u_ctrl/ct_hold_fast_reg_37_/D                           -2.7944  (VIOLATED)
   u_ctrl/ct_hold_fast_reg_96_/D                           -2.7805  (VIOLATED)
   u_ctrl/ct_hold_fast_reg_110_/D                          -2.7692  (VIOLATED)
   u_ctrl/ct_req_pulse_fast_reg/D                          -2.7009  (VIOLATED)
   u_ctrl/aes_clk_req_reg/D                                -2.5597  (VIOLATED)
   u_ctrl/ct_hold_fast_reg_98_/D                           -2.5560  (VIOLATED)
   u_ctrl/pass_reg/D                                       -1.8713  (VIOLATED)
   u_ctrl/done_reg/D                                       -1.7707  (VIOLATED)
   u_ctrl/aes_start_reg/D                                  -1.3691  (VIOLATED)
   u_ctrl/start_seen_reg/D                                 -0.7478  (VIOLATED)
   u_ctrl/crc_done_hold_reg/D                              -0.4884  (VIOLATED)

   max_delay/setup ('clk_fast_aes' group)

   Endpoint                                                  Slack
   -----------------------------------------------------------------
   u_ctrl/u_aes/state_reg_92_/D                            -7.6001  (VIOLATED)
   u_ctrl/u_aes/state_reg_97_/D                            -7.6001  (VIOLATED)
   u_ctrl/u_aes/state_reg_67_/D                            -7.6001  (VIOLATED)
   u_ctrl/u_aes/state_reg_122_/D                           -7.6001  (VIOLATED)
   u_ctrl/u_aes/state_reg_48_/D                            -7.6001  (VIOLATED)
   u_ctrl/u_aes/state_reg_80_/D                            -7.6001  (VIOLATED)
   u_ctrl/u_aes/state_reg_81_/D                            -7.6001  (VIOLATED)
   u_ctrl/u_aes/state_reg_82_/D                            -7.6001  (VIOLATED)
   u_ctrl/u_aes/state_reg_89_/D                            -7.6001  (VIOLATED)
   u_ctrl/u_aes/state_reg_93_/D                            -7.6001  (VIOLATED)
   u_ctrl/u_aes/state_reg_95_/D                            -7.6001  (VIOLATED)
   u_ctrl/u_aes/state_reg_74_/D                            -7.6001  (VIOLATED)
   u_ctrl/u_aes/state_reg_72_/D                            -7.6001  (VIOLATED)
   u_ctrl/u_aes/state_reg_73_/D                            -7.6001  (VIOLATED)
   u_ctrl/u_aes/state_reg_75_/D                            -7.6001  (VIOLATED)
   u_ctrl/u_aes/state_reg_83_/D                            -7.5980  (VIOLATED)
   u_ctrl/u_aes/state_reg_52_/D                            -7.5951  (VIOLATED)
   u_ctrl/u_aes/state_reg_15_/D                            -7.5740  (VIOLATED)
   u_ctrl/u_aes/state_reg_100_/D                           -7.5630  (VIOLATED)
   u_ctrl/u_aes/state_reg_99_/D                            -7.5519  (VIOLATED)
   u_ctrl/u_aes/state_reg_27_/D                            -7.5177  (VIOLATED)
   u_ctrl/u_aes/state_reg_24_/D                            -7.5093  (VIOLATED)
   u_ctrl/u_aes/state_reg_62_/D                            -7.5052  (VIOLATED)
   u_ctrl/u_aes/state_reg_96_/D                            -7.5036  (VIOLATED)
   u_ctrl/u_aes/state_reg_107_/D                           -7.5034  (VIOLATED)
   u_ctrl/u_aes/state_reg_115_/D                           -7.5025  (VIOLATED)
   u_ctrl/u_aes/state_reg_90_/D                            -7.5024  (VIOLATED)
   u_ctrl/u_aes/state_reg_91_/D                            -7.5023  (VIOLATED)
   u_ctrl/u_aes/state_reg_105_/D                           -7.5023  (VIOLATED)
   u_ctrl/u_aes/state_reg_35_/D                            -7.5016  (VIOLATED)
   u_ctrl/u_aes/state_reg_66_/D                            -7.5015  (VIOLATED)
   u_ctrl/u_aes/state_reg_64_/D                            -7.5012  (VIOLATED)
   u_ctrl/u_aes/state_reg_87_/D                            -7.5012  (VIOLATED)
   u_ctrl/u_aes/state_reg_60_/D                            -7.5012  (VIOLATED)
   u_ctrl/u_aes/state_reg_41_/D                            -7.5003  (VIOLATED)
   u_ctrl/u_aes/state_reg_49_/D                            -7.5003  (VIOLATED)
   u_ctrl/u_aes/state_reg_42_/D                            -7.5002  (VIOLATED)
   u_ctrl/u_aes/state_reg_111_/D                           -7.4976  (VIOLATED)
   u_ctrl/u_aes/state_reg_119_/D                           -7.4956  (VIOLATED)
   u_ctrl/u_aes/state_reg_39_/D                            -7.4873  (VIOLATED)
   u_ctrl/u_aes/state_reg_45_/D                            -7.4774  (VIOLATED)
   u_ctrl/u_aes/state_reg_20_/D                            -7.4719  (VIOLATED)
   u_ctrl/u_aes/busy_reg/D                                 -7.4645  (VIOLATED)
   u_ctrl/u_aes/state_reg_59_/D                            -7.4586  (VIOLATED)
   u_ctrl/u_aes/state_reg_57_/D                            -7.4582  (VIOLATED)
   u_ctrl/u_aes/state_reg_56_/D                            -7.4579  (VIOLATED)
   u_ctrl/u_aes/state_reg_109_/D                           -7.4542  (VIOLATED)
   u_ctrl/u_aes/state_reg_3_/D                             -7.4232  (VIOLATED)
   u_ctrl/u_aes/state_reg_47_/D                            -7.4192  (VIOLATED)
   u_ctrl/u_aes/state_reg_124_/D                           -7.4080  (VIOLATED)
   u_ctrl/u_aes/state_reg_71_/D                            -7.4045  (VIOLATED)
   u_ctrl/u_aes/state_reg_117_/D                           -7.3875  (VIOLATED)
   u_ctrl/u_aes/state_reg_46_/D                            -7.3839  (VIOLATED)
   u_ctrl/u_aes/state_reg_54_/D                            -7.3837  (VIOLATED)
   u_ctrl/u_aes/state_reg_16_/D                            -7.3779  (VIOLATED)
   u_ctrl/u_aes/state_reg_17_/D                            -7.3626  (VIOLATED)
   u_ctrl/u_aes/state_reg_19_/D                            -7.3626  (VIOLATED)
   u_ctrl/u_aes/state_reg_88_/D                            -7.3507  (VIOLATED)
   u_ctrl/u_aes/state_reg_120_/D                           -7.3453  (VIOLATED)
   u_ctrl/u_aes/state_reg_79_/D                            -7.3324  (VIOLATED)
   u_ctrl/u_aes/state_reg_112_/D                           -7.3320  (VIOLATED)
   u_ctrl/u_aes/state_reg_85_/D                            -7.3218  (VIOLATED)
   u_ctrl/u_aes/state_reg_77_/D                            -7.3218  (VIOLATED)
   u_ctrl/u_aes/state_reg_70_/D                            -7.3206  (VIOLATED)
   u_ctrl/u_aes/state_reg_0_/D                             -7.3166  (VIOLATED)
   u_ctrl/u_aes/state_reg_86_/D                            -7.3159  (VIOLATED)
   u_ctrl/u_aes/state_reg_7_/D                             -7.3154  (VIOLATED)
   u_ctrl/u_aes/state_reg_78_/D                            -7.3153  (VIOLATED)
   u_ctrl/u_aes/state_reg_123_/D                           -7.3122  (VIOLATED)
   u_ctrl/u_aes/state_reg_121_/D                           -7.3119  (VIOLATED)
   u_ctrl/u_aes/state_reg_44_/D                            -7.3079  (VIOLATED)
   u_ctrl/u_aes/state_reg_9_/D                             -7.3049  (VIOLATED)
   u_ctrl/u_aes/state_reg_28_/D                            -7.3015  (VIOLATED)
   u_ctrl/u_aes/state_reg_26_/D                            -7.3006  (VIOLATED)
   u_ctrl/u_aes/state_reg_4_/D                             -7.2922  (VIOLATED)
   u_ctrl/u_aes/state_reg_14_/D                            -7.2919  (VIOLATED)
   u_ctrl/u_aes/state_reg_1_/D                             -7.2914  (VIOLATED)
   u_ctrl/u_aes/state_reg_65_/D                            -7.2907  (VIOLATED)
   u_ctrl/u_aes/state_reg_40_/D                            -7.2825  (VIOLATED)
   u_ctrl/u_aes/state_reg_102_/D                           -7.2798  (VIOLATED)
   u_ctrl/u_aes/state_reg_104_/D                           -7.2791  (VIOLATED)
   u_ctrl/u_aes/state_reg_11_/D                            -7.2789  (VIOLATED)
   u_ctrl/u_aes/state_reg_68_/D                            -7.2712  (VIOLATED)
   u_ctrl/u_aes/state_reg_37_/D                            -7.2701  (VIOLATED)
   u_ctrl/u_aes/state_reg_110_/D                           -7.2622  (VIOLATED)
   u_ctrl/u_aes/state_reg_127_/D                           -7.2621  (VIOLATED)
   u_ctrl/u_aes/state_reg_50_/D                            -7.2527  (VIOLATED)
   u_ctrl/u_aes/state_reg_36_/D                            -7.2426  (VIOLATED)
   u_ctrl/u_aes/state_reg_43_/D                            -7.2409  (VIOLATED)
   u_ctrl/u_aes/state_reg_51_/D                            -7.2388  (VIOLATED)
   u_ctrl/u_aes/state_reg_31_/D                            -7.2289  (VIOLATED)
   u_ctrl/u_aes/state_reg_10_/D                            -7.2284  (VIOLATED)
   u_ctrl/u_aes/state_reg_29_/D                            -7.2158  (VIOLATED)
   u_ctrl/u_aes/state_reg_84_/D                            -7.2127  (VIOLATED)
   u_ctrl/u_aes/state_reg_33_/D                            -7.2080  (VIOLATED)
   u_ctrl/u_aes/state_reg_94_/D                            -7.2074  (VIOLATED)
   u_ctrl/u_aes/state_reg_23_/D                            -7.2032  (VIOLATED)
   u_ctrl/u_aes/state_reg_116_/D                           -7.2009  (VIOLATED)
   u_ctrl/u_aes/state_reg_21_/D                            -7.1988  (VIOLATED)
   u_ctrl/u_aes/state_reg_25_/D                            -7.1979  (VIOLATED)
   u_ctrl/u_aes/state_reg_38_/D                            -7.1963  (VIOLATED)
   u_ctrl/u_aes/state_reg_53_/D                            -7.1963  (VIOLATED)
   u_ctrl/u_aes/state_reg_6_/D                             -7.1889  (VIOLATED)
   u_ctrl/u_aes/state_reg_125_/D                           -7.1736  (VIOLATED)
   u_ctrl/u_aes/state_reg_55_/D                            -7.1726  (VIOLATED)
   u_ctrl/u_aes/state_reg_63_/D                            -7.1726  (VIOLATED)
   u_ctrl/u_aes/state_reg_108_/D                           -7.1690  (VIOLATED)
   u_ctrl/u_aes/state_reg_101_/D                           -7.1570  (VIOLATED)
   u_ctrl/u_aes/state_reg_118_/D                           -7.1554  (VIOLATED)
   u_ctrl/u_aes/state_reg_30_/D                            -7.1551  (VIOLATED)
   u_ctrl/u_aes/state_reg_22_/D                            -7.1520  (VIOLATED)
   u_ctrl/u_aes/state_reg_103_/D                           -7.1499  (VIOLATED)
   u_ctrl/u_aes/state_reg_13_/D                            -7.1443  (VIOLATED)
   u_ctrl/u_aes/state_reg_113_/D                           -7.1408  (VIOLATED)
   u_ctrl/u_aes/state_reg_114_/D                           -7.1371  (VIOLATED)
   u_ctrl/u_aes/state_reg_5_/D                             -7.1347  (VIOLATED)
   u_ctrl/u_aes/state_reg_98_/D                            -7.1304  (VIOLATED)
   u_ctrl/u_aes/state_reg_18_/D                            -7.1277  (VIOLATED)
   u_ctrl/u_aes/state_reg_126_/D                           -7.1238  (VIOLATED)
   u_ctrl/u_aes/state_reg_106_/D                           -7.1208  (VIOLATED)
   u_ctrl/u_aes/state_reg_76_/D                            -7.1071  (VIOLATED)
   u_ctrl/u_aes/state_reg_12_/D                            -7.0826  (VIOLATED)
   u_ctrl/u_aes/ct_out_reg_36_/D                           -7.0798  (VIOLATED)
   u_ctrl/u_aes/ct_out_reg_19_/D                           -7.0740  (VIOLATED)
   u_ctrl/u_aes/state_reg_61_/D                            -7.0636  (VIOLATED)
   u_ctrl/u_aes/state_reg_32_/D                            -7.0566  (VIOLATED)
   u_ctrl/u_aes/ct_out_reg_65_/D                           -7.0546  (VIOLATED)
   u_ctrl/u_aes/state_reg_8_/D                             -7.0479  (VIOLATED)
   u_ctrl/u_aes/ct_out_reg_38_/D                           -7.0441  (VIOLATED)
   u_ctrl/u_aes/state_reg_69_/D                            -7.0380  (VIOLATED)
   u_ctrl/u_aes/ct_out_reg_70_/D                           -7.0333  (VIOLATED)
   u_ctrl/u_aes/state_reg_2_/D                             -7.0206  (VIOLATED)
   u_ctrl/u_aes/state_reg_34_/D                            -7.0186  (VIOLATED)
   u_ctrl/u_aes/ct_out_reg_69_/D                           -7.0151  (VIOLATED)
   u_ctrl/u_aes/state_reg_58_/D                            -7.0096  (VIOLATED)
   u_ctrl/u_aes/ct_out_reg_33_/D                           -7.0069  (VIOLATED)
   u_ctrl/u_aes/ct_out_reg_17_/D                           -7.0049  (VIOLATED)
   u_ctrl/u_aes/ct_out_reg_126_/D                          -6.9928  (VIOLATED)
   u_ctrl/u_aes/ct_out_reg_125_/D                          -6.9673  (VIOLATED)
   u_ctrl/u_aes/ct_out_reg_123_/D                          -6.9077  (VIOLATED)
   u_ctrl/u_aes/ct_out_reg_120_/D                          -6.8986  (VIOLATED)
   u_ctrl/u_aes/ct_out_reg_37_/D                           -6.8651  (VIOLATED)
   u_ctrl/u_aes/ct_out_reg_25_/D                           -6.8646  (VIOLATED)
   u_ctrl/u_aes/ct_out_reg_34_/D                           -6.8572  (VIOLATED)
   u_ctrl/u_aes/ct_out_reg_23_/D                           -6.8423  (VIOLATED)
   u_ctrl/u_aes/ct_out_reg_101_/D                          -6.8275  (VIOLATED)
   u_ctrl/u_aes/ct_out_reg_3_/D                            -6.8253  (VIOLATED)
   u_ctrl/u_aes/ct_out_reg_98_/D                           -6.8237  (VIOLATED)
   u_ctrl/u_aes/ct_out_reg_30_/D                           -6.8161  (VIOLATED)
   u_ctrl/u_aes/ct_out_reg_6_/D                            -6.8105  (VIOLATED)
   u_ctrl/u_aes/ct_out_reg_68_/D                           -6.8082  (VIOLATED)
   u_ctrl/u_aes/ct_out_reg_124_/D                          -6.8081  (VIOLATED)
   u_ctrl/u_aes/ct_out_reg_64_/D                           -6.8056  (VIOLATED)
   u_ctrl/u_aes/ct_out_reg_58_/D                           -6.8015  (VIOLATED)
   u_ctrl/u_aes/ct_out_reg_24_/D                           -6.7937  (VIOLATED)
   u_ctrl/u_aes/ct_out_reg_32_/D                           -6.7929  (VIOLATED)
   u_ctrl/u_aes/ct_out_reg_13_/D                           -6.7894  (VIOLATED)
   u_ctrl/u_aes/ct_out_reg_20_/D                           -6.7837  (VIOLATED)
   u_ctrl/u_aes/ct_out_reg_22_/D                           -6.7698  (VIOLATED)
   u_ctrl/u_aes/ct_out_reg_21_/D                           -6.7576  (VIOLATED)
   u_ctrl/u_aes/ct_out_reg_59_/D                           -6.7447  (VIOLATED)
   u_ctrl/u_aes/ct_out_reg_7_/D                            -6.7437  (VIOLATED)
   u_ctrl/u_aes/ct_out_reg_102_/D                          -6.7362  (VIOLATED)
   u_ctrl/u_aes/ct_out_reg_4_/D                            -6.7289  (VIOLATED)
   u_ctrl/u_aes/ct_out_reg_121_/D                          -6.7203  (VIOLATED)
   u_ctrl/u_aes/ct_out_reg_9_/D                            -6.7175  (VIOLATED)
   u_ctrl/u_aes/ct_out_reg_31_/D                           -6.7153  (VIOLATED)
   u_ctrl/u_aes/ct_out_reg_2_/D                            -6.6965  (VIOLATED)
   u_ctrl/u_aes/ct_out_reg_66_/D                           -6.6849  (VIOLATED)
   u_ctrl/u_aes/ct_out_reg_16_/D                           -6.6836  (VIOLATED)
   u_ctrl/u_aes/ct_out_reg_27_/D                           -6.6800  (VIOLATED)
   u_ctrl/u_aes/ct_out_reg_61_/D                           -6.6632  (VIOLATED)
   u_ctrl/u_aes/ct_out_reg_67_/D                           -6.6591  (VIOLATED)
   u_ctrl/u_aes/ct_out_reg_72_/D                           -6.6576  (VIOLATED)
   u_ctrl/u_aes/ct_out_reg_8_/D                            -6.6517  (VIOLATED)
   u_ctrl/u_aes/ct_out_reg_11_/D                           -6.6419  (VIOLATED)
   u_ctrl/u_aes/ct_out_reg_62_/D                           -6.6392  (VIOLATED)
   u_ctrl/u_aes/ct_out_reg_100_/D                          -6.6391  (VIOLATED)
   u_ctrl/u_aes/ct_out_reg_122_/D                          -6.6384  (VIOLATED)
   u_ctrl/u_aes/ct_out_reg_28_/D                           -6.6303  (VIOLATED)
   u_ctrl/u_aes/ct_out_reg_99_/D                           -6.6259  (VIOLATED)
   u_ctrl/u_aes/ct_out_reg_35_/D                           -6.6229  (VIOLATED)
   u_ctrl/u_aes/ct_out_reg_26_/D                           -6.6175  (VIOLATED)
   u_ctrl/u_aes/ct_out_reg_1_/D                            -6.6165  (VIOLATED)
   u_ctrl/u_aes/ct_out_reg_5_/D                            -6.6110  (VIOLATED)
   u_ctrl/u_aes/ct_out_reg_75_/D                           -6.6065  (VIOLATED)
   u_ctrl/u_aes/ct_out_reg_60_/D                           -6.5815  (VIOLATED)
   u_ctrl/u_aes/ct_out_reg_14_/D                           -6.5771  (VIOLATED)
   u_ctrl/u_aes/ct_out_reg_77_/D                           -6.5711  (VIOLATED)
   u_ctrl/u_aes/ct_out_reg_56_/D                           -6.5559  (VIOLATED)
   u_ctrl/u_aes/ct_out_reg_0_/D                            -6.5485  (VIOLATED)
   u_ctrl/u_aes/ct_out_reg_57_/D                           -6.5469  (VIOLATED)
   u_ctrl/u_aes/ct_out_reg_76_/D                           -6.5316  (VIOLATED)
   u_ctrl/u_aes/ct_out_reg_91_/D                           -6.5257  (VIOLATED)
   u_ctrl/u_aes/ct_out_reg_10_/D                           -6.5154  (VIOLATED)
   u_ctrl/u_aes/ct_out_reg_93_/D                           -6.5047  (VIOLATED)
   u_ctrl/u_aes/ct_out_reg_96_/D                           -6.5012  (VIOLATED)
   u_ctrl/u_aes/ct_out_reg_92_/D                           -6.4670  (VIOLATED)
   u_ctrl/u_aes/ct_out_reg_116_/D                          -6.4607  (VIOLATED)
   u_ctrl/u_aes/ct_out_reg_103_/D                          -6.4538  (VIOLATED)
   u_ctrl/u_aes/ct_out_reg_15_/D                           -6.4459  (VIOLATED)
   u_ctrl/u_aes/ct_out_reg_63_/D                           -6.4360  (VIOLATED)
   u_ctrl/u_aes/ct_out_reg_89_/D                           -6.4278  (VIOLATED)
   u_ctrl/u_aes/ct_out_reg_97_/D                           -6.4249  (VIOLATED)
   u_ctrl/u_aes/ct_out_reg_71_/D                           -6.4159  (VIOLATED)
   u_ctrl/u_aes/ct_out_reg_118_/D                          -6.4157  (VIOLATED)
   u_ctrl/u_aes/ct_out_reg_74_/D                           -6.4155  (VIOLATED)
   u_ctrl/u_aes/ct_out_reg_127_/D                          -6.4146  (VIOLATED)
   u_ctrl/u_aes/ct_out_reg_73_/D                           -6.3899  (VIOLATED)
   u_ctrl/u_aes/ct_out_reg_83_/D                           -6.3803  (VIOLATED)
   u_ctrl/u_aes/ct_out_reg_18_/D                           -6.3783  (VIOLATED)
   u_ctrl/u_aes/ct_out_reg_29_/D                           -6.3500  (VIOLATED)
   u_ctrl/u_aes/ct_out_reg_78_/D                           -6.3193  (VIOLATED)
   u_ctrl/u_aes/ct_out_reg_119_/D                          -6.3180  (VIOLATED)
   u_ctrl/u_aes/rkeys_reg_13_/D                            -6.2482  (VIOLATED)
   u_ctrl/u_aes/rkeys_reg_73_/D                            -6.2482  (VIOLATED)
   u_ctrl/u_aes/rkeys_reg_75_/D                            -6.2482  (VIOLATED)
   u_ctrl/u_aes/rkeys_reg_78_/D                            -6.2482  (VIOLATED)
   u_ctrl/u_aes/rkeys_reg_82_/D                            -6.2482  (VIOLATED)
   u_ctrl/u_aes/rkeys_reg_84_/D                            -6.2482  (VIOLATED)
   u_ctrl/u_aes/rkeys_reg_87_/D                            -6.2482  (VIOLATED)
   u_ctrl/u_aes/rkeys_reg_88_/D                            -6.2482  (VIOLATED)
   u_ctrl/u_aes/rkeys_reg_89_/D                            -6.2482  (VIOLATED)
   u_ctrl/u_aes/rkeys_reg_93_/D                            -6.2482  (VIOLATED)
   u_ctrl/u_aes/rkeys_reg_95_/D                            -6.2482  (VIOLATED)
   u_ctrl/u_aes/rkeys_reg_108_/D                           -6.2482  (VIOLATED)
   u_ctrl/u_aes/ct_out_reg_55_/D                           -6.2393  (VIOLATED)
   u_ctrl/u_aes/ct_out_reg_107_/D                          -6.2276  (VIOLATED)
   u_ctrl/u_aes/ct_out_reg_46_/D                           -6.2197  (VIOLATED)
   u_ctrl/u_aes/ct_out_reg_53_/D                           -6.2196  (VIOLATED)
   u_ctrl/u_aes/ct_out_reg_115_/D                          -6.2154  (VIOLATED)
   u_ctrl/u_aes/ct_out_reg_86_/D                           -6.2097  (VIOLATED)
   u_ctrl/u_aes/ct_out_reg_114_/D                          -6.2012  (VIOLATED)
   u_ctrl/u_aes/ct_out_reg_12_/D                           -6.1881  (VIOLATED)
   u_ctrl/u_aes/ct_out_reg_87_/D                           -6.1860  (VIOLATED)
   u_ctrl/u_aes/ct_out_reg_80_/D                           -6.1728  (VIOLATED)
   u_ctrl/u_aes/ct_out_reg_45_/D                           -6.1392  (VIOLATED)
   u_ctrl/u_aes/ct_out_reg_81_/D                           -6.1203  (VIOLATED)
   u_ctrl/u_aes/ct_out_reg_88_/D                           -6.1026  (VIOLATED)
   u_ctrl/u_aes/ct_out_reg_50_/D                           -6.0944  (VIOLATED)
   u_ctrl/u_aes/ct_out_reg_82_/D                           -6.0845  (VIOLATED)
   u_ctrl/u_aes/ct_out_reg_79_/D                           -6.0805  (VIOLATED)
   u_ctrl/u_aes/ct_out_reg_40_/D                           -6.0703  (VIOLATED)
   u_ctrl/u_aes/ct_out_reg_52_/D                           -6.0608  (VIOLATED)
   u_ctrl/u_aes/ct_out_reg_90_/D                           -6.0554  (VIOLATED)
   u_ctrl/u_aes/ct_out_reg_110_/D                          -6.0309  (VIOLATED)
   u_ctrl/u_aes/ct_out_reg_43_/D                           -6.0309  (VIOLATED)
   u_ctrl/u_aes/ct_out_reg_48_/D                           -6.0295  (VIOLATED)
   u_ctrl/u_aes/ct_out_reg_84_/D                           -6.0111  (VIOLATED)
   u_ctrl/u_aes/ct_out_reg_49_/D                           -6.0039  (VIOLATED)
   u_ctrl/u_aes/ct_out_reg_42_/D                           -5.9898  (VIOLATED)
   u_ctrl/u_aes/ct_out_reg_85_/D                           -5.9746  (VIOLATED)
   u_ctrl/u_aes/ct_out_reg_54_/D                           -5.9680  (VIOLATED)
   u_ctrl/u_aes/ct_out_reg_113_/D                          -5.8920  (VIOLATED)
   u_ctrl/u_aes/ct_out_reg_41_/D                           -5.8842  (VIOLATED)
   u_ctrl/u_aes/ct_out_reg_95_/D                           -5.8491  (VIOLATED)
   u_ctrl/u_aes/ct_out_reg_51_/D                           -5.8483  (VIOLATED)
   u_ctrl/u_aes/ct_out_reg_47_/D                           -5.8442  (VIOLATED)
   u_ctrl/u_aes/ct_out_reg_39_/D                           -5.8130  (VIOLATED)
   u_ctrl/u_aes/ct_out_reg_117_/D                          -5.8001  (VIOLATED)
   u_ctrl/u_aes/ct_out_reg_94_/D                           -5.7762  (VIOLATED)
   u_ctrl/u_aes/ct_out_reg_112_/D                          -5.7149  (VIOLATED)
   u_ctrl/u_aes/round_reg_1_/D                             -5.6243  (VIOLATED)
   u_ctrl/u_aes/round_reg_2_/D                             -5.6232  (VIOLATED)
   u_ctrl/u_aes/ct_out_reg_44_/D                           -5.6004  (VIOLATED)
   u_ctrl/u_aes/round_reg_0_/D                             -5.5650  (VIOLATED)
   u_ctrl/u_aes/ct_out_reg_109_/D                          -5.3192  (VIOLATED)
   u_ctrl/u_aes/ct_out_reg_104_/D                          -5.2543  (VIOLATED)
   u_ctrl/u_aes/round_reg_3_/D                             -5.1574  (VIOLATED)
   u_ctrl/u_aes/ct_out_reg_105_/D                          -5.1053  (VIOLATED)
   u_ctrl/u_aes/ct_out_reg_111_/D                          -5.0872  (VIOLATED)
   u_ctrl/u_aes/rkeys_reg_0_/D                             -5.0579  (VIOLATED)
   u_ctrl/u_aes/rkeys_reg_47_/D                            -5.0579  (VIOLATED)
   u_ctrl/u_aes/rkeys_reg_56_/D                            -5.0579  (VIOLATED)
   u_ctrl/u_aes/rkeys_reg_57_/D                            -5.0579  (VIOLATED)
   u_ctrl/u_aes/rkeys_reg_64_/D                            -5.0579  (VIOLATED)
   u_ctrl/u_aes/rkeys_reg_116_/D                           -5.0579  (VIOLATED)
   u_ctrl/u_aes/rkeys_reg_120_/D                           -5.0579  (VIOLATED)
   u_ctrl/u_aes/ct_out_reg_108_/D                          -5.0313  (VIOLATED)
   u_ctrl/u_aes/rkeys_reg_1370_/D                          -4.9533  (VIOLATED)
   u_ctrl/u_aes/rkeys_reg_208_/D                           -4.9533  (VIOLATED)
   u_ctrl/u_aes/rkeys_reg_215_/D                           -4.9533  (VIOLATED)
   u_ctrl/u_aes/rkeys_reg_484_/D                           -4.9533  (VIOLATED)
   u_ctrl/u_aes/rkeys_reg_597_/D                           -4.9533  (VIOLATED)
   u_ctrl/u_aes/rkeys_reg_627_/D                           -4.9533  (VIOLATED)
   u_ctrl/u_aes/rkeys_reg_638_/D                           -4.9533  (VIOLATED)
   u_ctrl/u_aes/rkeys_reg_749_/D                           -4.9533  (VIOLATED)
   u_ctrl/u_aes/rkeys_reg_833_/D                           -4.9533  (VIOLATED)
   u_ctrl/u_aes/rkeys_reg_844_/D                           -4.9533  (VIOLATED)
   u_ctrl/u_aes/rkeys_reg_860_/D                           -4.9533  (VIOLATED)
   u_ctrl/u_aes/rkeys_reg_930_/D                           -4.9533  (VIOLATED)
   u_ctrl/u_aes/rkeys_reg_955_/D                           -4.9533  (VIOLATED)
   u_ctrl/u_aes/rkeys_reg_1088_/D                          -4.9533  (VIOLATED)
   u_ctrl/u_aes/rkeys_reg_1121_/D                          -4.9533  (VIOLATED)
   u_ctrl/u_aes/rkeys_reg_1362_/D                          -4.9533  (VIOLATED)
   u_ctrl/u_aes/rkeys_reg_177_/D                           -4.8861  (VIOLATED)
   u_ctrl/u_aes/rkeys_reg_195_/D                           -4.8861  (VIOLATED)
   u_ctrl/u_aes/rkeys_reg_197_/D                           -4.8861  (VIOLATED)
   u_ctrl/u_aes/rkeys_reg_338_/D                           -4.8861  (VIOLATED)
   u_ctrl/u_aes/rkeys_reg_463_/D                           -4.8861  (VIOLATED)
   u_ctrl/u_aes/rkeys_reg_468_/D                           -4.8861  (VIOLATED)
   u_ctrl/u_aes/rkeys_reg_537_/D                           -4.8861  (VIOLATED)
   u_ctrl/u_aes/rkeys_reg_601_/D                           -4.8861  (VIOLATED)
   u_ctrl/u_aes/rkeys_reg_661_/D                           -4.8861  (VIOLATED)
   u_ctrl/u_aes/rkeys_reg_662_/D                           -4.8861  (VIOLATED)
   u_ctrl/u_aes/rkeys_reg_863_/D                           -4.8861  (VIOLATED)
   u_ctrl/u_aes/rkeys_reg_866_/D                           -4.8861  (VIOLATED)
   u_ctrl/u_aes/rkeys_reg_876_/D                           -4.8861  (VIOLATED)
   u_ctrl/u_aes/rkeys_reg_967_/D                           -4.8861  (VIOLATED)
   u_ctrl/u_aes/rkeys_reg_198_/D                           -4.8861  (VIOLATED)
   u_ctrl/u_aes/rkeys_reg_273_/D                           -4.8861  (VIOLATED)
   u_ctrl/u_aes/rkeys_reg_299_/D                           -4.8861  (VIOLATED)
   u_ctrl/u_aes/rkeys_reg_305_/D                           -4.8861  (VIOLATED)
   u_ctrl/u_aes/rkeys_reg_450_/D                           -4.8861  (VIOLATED)
   u_ctrl/u_aes/rkeys_reg_755_/D                           -4.8861  (VIOLATED)
   u_ctrl/u_aes/rkeys_reg_874_/D                           -4.8861  (VIOLATED)
   u_ctrl/u_aes/rkeys_reg_985_/D                           -4.8861  (VIOLATED)
   u_ctrl/u_aes/rkeys_reg_990_/D                           -4.8861  (VIOLATED)
   u_ctrl/u_aes/rkeys_reg_991_/D                           -4.8861  (VIOLATED)
   u_ctrl/u_aes/rkeys_reg_786_/D                           -4.8734  (VIOLATED)
   u_ctrl/u_aes/rkeys_reg_1151_/D                          -4.8734  (VIOLATED)
   u_ctrl/u_aes/rkeys_reg_154_/D                           -4.8734  (VIOLATED)
   u_ctrl/u_aes/rkeys_reg_155_/D                           -4.8734  (VIOLATED)
   u_ctrl/u_aes/rkeys_reg_157_/D                           -4.8734  (VIOLATED)
   u_ctrl/u_aes/rkeys_reg_159_/D                           -4.8734  (VIOLATED)
   u_ctrl/u_aes/rkeys_reg_174_/D                           -4.8734  (VIOLATED)
   u_ctrl/u_aes/rkeys_reg_176_/D                           -4.8734  (VIOLATED)
   u_ctrl/u_aes/rkeys_reg_180_/D                           -4.8734  (VIOLATED)
   u_ctrl/u_aes/rkeys_reg_201_/D                           -4.8734  (VIOLATED)
   u_ctrl/u_aes/rkeys_reg_222_/D                           -4.8734  (VIOLATED)
   u_ctrl/u_aes/rkeys_reg_240_/D                           -4.8734  (VIOLATED)
   u_ctrl/u_aes/rkeys_reg_243_/D                           -4.8734  (VIOLATED)
   u_ctrl/u_aes/rkeys_reg_244_/D                           -4.8734  (VIOLATED)
   u_ctrl/u_aes/rkeys_reg_250_/D                           -4.8734  (VIOLATED)
   u_ctrl/u_aes/rkeys_reg_254_/D                           -4.8734  (VIOLATED)
   u_ctrl/u_aes/rkeys_reg_269_/D                           -4.8734  (VIOLATED)
   u_ctrl/u_aes/rkeys_reg_272_/D                           -4.8734  (VIOLATED)
   u_ctrl/u_aes/rkeys_reg_274_/D                           -4.8734  (VIOLATED)
   u_ctrl/u_aes/rkeys_reg_275_/D                           -4.8734  (VIOLATED)
   u_ctrl/u_aes/rkeys_reg_308_/D                           -4.8734  (VIOLATED)
   u_ctrl/u_aes/rkeys_reg_339_/D                           -4.8734  (VIOLATED)
   u_ctrl/u_aes/rkeys_reg_340_/D                           -4.8734  (VIOLATED)
   u_ctrl/u_aes/rkeys_reg_368_/D                           -4.8734  (VIOLATED)
   u_ctrl/u_aes/rkeys_reg_710_/D                           -4.8734  (VIOLATED)
   u_ctrl/u_aes/rkeys_reg_727_/D                           -4.8734  (VIOLATED)
   u_ctrl/u_aes/rkeys_reg_805_/D                           -4.8734  (VIOLATED)
   u_ctrl/u_aes/rkeys_reg_961_/D                           -4.8734  (VIOLATED)
   u_ctrl/u_aes/rkeys_reg_963_/D                           -4.8734  (VIOLATED)
   u_ctrl/u_aes/rkeys_reg_965_/D                           -4.8734  (VIOLATED)
   u_ctrl/u_aes/rkeys_reg_270_/D                           -4.8734  (VIOLATED)
   u_ctrl/u_aes/rkeys_reg_33_/D                            -4.8734  (VIOLATED)
   u_ctrl/u_aes/rkeys_reg_35_/D                            -4.8734  (VIOLATED)
   u_ctrl/u_aes/rkeys_reg_39_/D                            -4.8734  (VIOLATED)
   u_ctrl/u_aes/rkeys_reg_97_/D                            -4.8734  (VIOLATED)
   u_ctrl/u_aes/rkeys_reg_107_/D                           -4.8734  (VIOLATED)
   u_ctrl/u_aes/rkeys_reg_146_/D                           -4.8487  (VIOLATED)
   u_ctrl/u_aes/rkeys_reg_204_/D                           -4.8487  (VIOLATED)
   u_ctrl/u_aes/rkeys_reg_233_/D                           -4.8487  (VIOLATED)
   u_ctrl/u_aes/rkeys_reg_236_/D                           -4.8487  (VIOLATED)
   u_ctrl/u_aes/rkeys_reg_297_/D                           -4.8487  (VIOLATED)
   u_ctrl/u_aes/rkeys_reg_300_/D                           -4.8487  (VIOLATED)
   u_ctrl/u_aes/rkeys_reg_306_/D                           -4.8487  (VIOLATED)
   u_ctrl/u_aes/rkeys_reg_323_/D                           -4.8487  (VIOLATED)
   u_ctrl/u_aes/rkeys_reg_325_/D                           -4.8487  (VIOLATED)
   u_ctrl/u_aes/rkeys_reg_361_/D                           -4.8487  (VIOLATED)
   u_ctrl/u_aes/rkeys_reg_425_/D                           -4.8487  (VIOLATED)
   u_ctrl/u_aes/rkeys_reg_427_/D                           -4.8487  (VIOLATED)
   u_ctrl/u_aes/rkeys_reg_428_/D                           -4.8487  (VIOLATED)
   u_ctrl/u_aes/rkeys_reg_457_/D                           -4.8487  (VIOLATED)
   u_ctrl/u_aes/rkeys_reg_492_/D                           -4.8487  (VIOLATED)
   u_ctrl/u_aes/rkeys_reg_517_/D                           -4.8487  (VIOLATED)
   u_ctrl/u_aes/rkeys_reg_947_/D                           -4.8487  (VIOLATED)
   u_ctrl/u_aes/rkeys_reg_1230_/D                          -4.8487  (VIOLATED)
   u_ctrl/u_aes/rkeys_reg_1134_/D                          -4.8207  (VIOLATED)
   u_ctrl/u_aes/rkeys_reg_224_/D                           -4.8207  (VIOLATED)
   u_ctrl/u_aes/rkeys_reg_324_/D                           -4.8207  (VIOLATED)
   u_ctrl/u_aes/rkeys_reg_607_/D                           -4.8207  (VIOLATED)
   u_ctrl/u_aes/rkeys_reg_719_/D                           -4.8207  (VIOLATED)
   u_ctrl/u_aes/rkeys_reg_829_/D                           -4.8207  (VIOLATED)
   u_ctrl/u_aes/rkeys_reg_831_/D                           -4.8207  (VIOLATED)
   u_ctrl/u_aes/rkeys_reg_872_/D                           -4.8207  (VIOLATED)
   u_ctrl/u_aes/rkeys_reg_911_/D                           -4.8207  (VIOLATED)
   u_ctrl/u_aes/rkeys_reg_944_/D                           -4.8207  (VIOLATED)
   u_ctrl/u_aes/rkeys_reg_1070_/D                          -4.8207  (VIOLATED)
   u_ctrl/u_aes/rkeys_reg_1104_/D                          -4.8207  (VIOLATED)
   u_ctrl/u_aes/rkeys_reg_1106_/D                          -4.8207  (VIOLATED)
   u_ctrl/u_aes/rkeys_reg_1198_/D                          -4.8207  (VIOLATED)
   u_ctrl/u_aes/ct_out_reg_106_/D                          -4.8119  (VIOLATED)
   u_ctrl/u_aes/rkeys_reg_693_/D                           -4.8101  (VIOLATED)
   u_ctrl/u_aes/rkeys_reg_1037_/D                          -4.8101  (VIOLATED)
   u_ctrl/u_aes/rkeys_reg_619_/D                           -4.8101  (VIOLATED)
   u_ctrl/u_aes/rkeys_reg_629_/D                           -4.8101  (VIOLATED)
   u_ctrl/u_aes/rkeys_reg_681_/D                           -4.8101  (VIOLATED)
   u_ctrl/u_aes/rkeys_reg_715_/D                           -4.8101  (VIOLATED)
   u_ctrl/u_aes/rkeys_reg_733_/D                           -4.8101  (VIOLATED)
   u_ctrl/u_aes/rkeys_reg_745_/D                           -4.8101  (VIOLATED)
   u_ctrl/u_aes/rkeys_reg_853_/D                           -4.8101  (VIOLATED)
   u_ctrl/u_aes/rkeys_reg_884_/D                           -4.8101  (VIOLATED)
   u_ctrl/u_aes/rkeys_reg_905_/D                           -4.8101  (VIOLATED)
   u_ctrl/u_aes/rkeys_reg_908_/D                           -4.8101  (VIOLATED)
   u_ctrl/u_aes/rkeys_reg_939_/D                           -4.8101  (VIOLATED)
   u_ctrl/u_aes/rkeys_reg_1101_/D                          -4.8101  (VIOLATED)
   u_ctrl/u_aes/rkeys_reg_1155_/D                          -4.8101  (VIOLATED)
   u_ctrl/u_aes/rkeys_reg_1156_/D                          -4.8101  (VIOLATED)
   u_ctrl/u_aes/rkeys_reg_1157_/D                          -4.8101  (VIOLATED)
   u_ctrl/u_aes/rkeys_reg_1188_/D                          -4.8101  (VIOLATED)
   u_ctrl/u_aes/rkeys_reg_1217_/D                          -4.8101  (VIOLATED)
   u_ctrl/u_aes/rkeys_reg_1219_/D                          -4.8101  (VIOLATED)
   u_ctrl/u_aes/rkeys_reg_1220_/D                          -4.8101  (VIOLATED)
   u_ctrl/u_aes/rkeys_reg_1251_/D                          -4.8101  (VIOLATED)
   u_ctrl/u_aes/rkeys_reg_1252_/D                          -4.8101  (VIOLATED)
   u_ctrl/u_aes/rkeys_reg_1253_/D                          -4.8101  (VIOLATED)
   u_ctrl/u_aes/rkeys_reg_500_/D                           -4.7941  (VIOLATED)
   u_ctrl/u_aes/rkeys_reg_1012_/D                          -4.7941  (VIOLATED)
   u_ctrl/u_aes/rkeys_reg_1168_/D                          -4.7941  (VIOLATED)
   u_ctrl/u_aes/rkeys_reg_1182_/D                          -4.7941  (VIOLATED)
   u_ctrl/u_aes/rkeys_reg_1184_/D                          -4.7941  (VIOLATED)
   u_ctrl/u_aes/rkeys_reg_1228_/D                          -4.7941  (VIOLATED)
   u_ctrl/u_aes/rkeys_reg_1278_/D                          -4.7941  (VIOLATED)
   u_ctrl/u_aes/rkeys_reg_1298_/D                          -4.7941  (VIOLATED)
   u_ctrl/u_aes/rkeys_reg_1313_/D                          -4.7941  (VIOLATED)
   u_ctrl/u_aes/rkeys_reg_1076_/D                          -4.7941  (VIOLATED)
   u_ctrl/u_aes/rkeys_reg_1280_/D                          -4.7941  (VIOLATED)
   u_ctrl/u_aes/rkeys_reg_1290_/D                          -4.7941  (VIOLATED)
   u_ctrl/u_aes/rkeys_reg_1299_/D                          -4.7941  (VIOLATED)
   u_ctrl/u_aes/rkeys_reg_1306_/D                          -4.7941  (VIOLATED)
   u_ctrl/u_aes/rkeys_reg_1307_/D                          -4.7941  (VIOLATED)
   u_ctrl/u_aes/rkeys_reg_1312_/D                          -4.7941  (VIOLATED)
   u_ctrl/u_aes/rkeys_reg_624_/D                           -4.7858  (VIOLATED)
   u_ctrl/u_aes/rkeys_reg_188_/D                           -4.7858  (VIOLATED)
   u_ctrl/u_aes/rkeys_reg_279_/D                           -4.7858  (VIOLATED)
   u_ctrl/u_aes/rkeys_reg_496_/D                           -4.7858  (VIOLATED)
   u_ctrl/u_aes/rkeys_reg_501_/D                           -4.7858  (VIOLATED)
   u_ctrl/u_aes/rkeys_reg_688_/D                           -4.7858  (VIOLATED)
   u_ctrl/u_aes/rkeys_reg_689_/D                           -4.7858  (VIOLATED)
   u_ctrl/u_aes/rkeys_reg_753_/D                           -4.7858  (VIOLATED)
   u_ctrl/u_aes/rkeys_reg_784_/D                           -4.7858  (VIOLATED)
   u_ctrl/u_aes/rkeys_reg_878_/D                           -4.7858  (VIOLATED)
   u_ctrl/u_aes/rkeys_reg_880_/D                           -4.7858  (VIOLATED)
   u_ctrl/u_aes/rkeys_reg_237_/D                           -4.7858  (VIOLATED)
   u_ctrl/u_aes/rkeys_reg_301_/D                           -4.7858  (VIOLATED)
   u_ctrl/u_aes/rkeys_reg_362_/D                           -4.7858  (VIOLATED)
   u_ctrl/u_aes/rkeys_reg_757_/D                           -4.7858  (VIOLATED)
   u_ctrl/u_aes/rkeys_reg_848_/D                           -4.7858  (VIOLATED)
   u_ctrl/u_aes/rkeys_reg_881_/D                           -4.7858  (VIOLATED)
   u_ctrl/u_aes/rkeys_reg_821_/D                           -4.7858  (VIOLATED)
   u_ctrl/u_aes/rkeys_reg_591_/D                           -4.7855  (VIOLATED)
   u_ctrl/u_aes/rkeys_reg_711_/D                           -4.7855  (VIOLATED)
   u_ctrl/u_aes/rkeys_reg_149_/D                           -4.7855  (VIOLATED)
   u_ctrl/u_aes/rkeys_reg_175_/D                           -4.7855  (VIOLATED)
   u_ctrl/u_aes/rkeys_reg_455_/D                           -4.7855  (VIOLATED)
   u_ctrl/u_aes/rkeys_reg_687_/D                           -4.7855  (VIOLATED)
   u_ctrl/u_aes/rkeys_reg_705_/D                           -4.7855  (VIOLATED)
   u_ctrl/u_aes/rkeys_reg_802_/D                           -4.7855  (VIOLATED)
   u_ctrl/u_aes/rkeys_reg_958_/D                           -4.7855  (VIOLATED)
   u_ctrl/u_aes/rkeys_reg_977_/D                           -4.7855  (VIOLATED)
   u_ctrl/u_aes/rkeys_reg_983_/D                           -4.7855  (VIOLATED)
   u_ctrl/u_aes/rkeys_reg_1015_/D                          -4.7855  (VIOLATED)
   u_ctrl/u_aes/rkeys_reg_1143_/D                          -4.7855  (VIOLATED)
   u_ctrl/u_aes/rkeys_reg_1201_/D                          -4.7855  (VIOLATED)
   u_ctrl/u_aes/rkeys_reg_1207_/D                          -4.7855  (VIOLATED)
   u_ctrl/u_aes/rkeys_reg_1232_/D                          -4.7855  (VIOLATED)
   u_ctrl/u_aes/rkeys_reg_1265_/D                          -4.7855  (VIOLATED)
   u_ctrl/u_aes/rkeys_reg_1271_/D                          -4.7855  (VIOLATED)
   u_ctrl/u_aes/rkeys_reg_660_/D                           -4.7855  (VIOLATED)
   u_ctrl/u_aes/rkeys_reg_896_/D                           -4.7855  (VIOLATED)
   u_ctrl/u_aes/rkeys_reg_1054_/D                          -4.7855  (VIOLATED)
   u_ctrl/u_aes/rkeys_reg_1072_/D                          -4.7855  (VIOLATED)
   u_ctrl/u_aes/rkeys_reg_1118_/D                          -4.7855  (VIOLATED)
   u_ctrl/u_aes/rkeys_reg_1137_/D                          -4.7855  (VIOLATED)
   u_ctrl/u_aes/rkeys_reg_599_/D                           -4.7612  (VIOLATED)
   u_ctrl/u_aes/rkeys_reg_613_/D                           -4.7612  (VIOLATED)
   u_ctrl/u_aes/rkeys_reg_887_/D                           -4.7612  (VIOLATED)
   u_ctrl/u_aes/rkeys_reg_1315_/D                          -4.7612  (VIOLATED)
   u_ctrl/u_aes/rkeys_reg_1321_/D                          -4.7612  (VIOLATED)
   u_ctrl/u_aes/rkeys_reg_503_/D                           -4.7612  (VIOLATED)
   u_ctrl/u_aes/rkeys_reg_594_/D                           -4.7612  (VIOLATED)
   u_ctrl/u_aes/rkeys_reg_694_/D                           -4.7612  (VIOLATED)
   u_ctrl/u_aes/rkeys_reg_759_/D                           -4.7612  (VIOLATED)
   u_ctrl/u_aes/rkeys_reg_775_/D                           -4.7612  (VIOLATED)
   u_ctrl/u_aes/rkeys_reg_931_/D                           -4.7612  (VIOLATED)
   u_ctrl/u_aes/rkeys_reg_430_/D                           -4.7612  (VIOLATED)
   u_ctrl/u_aes/rkeys_reg_695_/D                           -4.7612  (VIOLATED)
   u_ctrl/u_aes/rkeys_reg_818_/D                           -4.7612  (VIOLATED)
   u_ctrl/u_aes/rkeys_reg_822_/D                           -4.7612  (VIOLATED)
   u_ctrl/u_aes/rkeys_reg_850_/D                           -4.7612  (VIOLATED)
   u_ctrl/u_aes/rkeys_reg_868_/D                           -4.7612  (VIOLATED)
   u_ctrl/u_aes/rkeys_reg_1026_/D                          -4.7612  (VIOLATED)
   u_ctrl/u_aes/rkeys_reg_1032_/D                          -4.7590  (VIOLATED)
   u_ctrl/u_aes/rkeys_reg_1229_/D                          -4.7590  (VIOLATED)
   u_ctrl/u_aes/rkeys_reg_1250_/D                          -4.7590  (VIOLATED)
   u_ctrl/u_aes/rkeys_reg_1279_/D                          -4.7590  (VIOLATED)
   u_ctrl/u_aes/rkeys_reg_295_/D                           -4.7590  (VIOLATED)
   u_ctrl/u_aes/rkeys_reg_334_/D                           -4.7590  (VIOLATED)
   u_ctrl/u_aes/rkeys_reg_435_/D                           -4.7590  (VIOLATED)
   u_ctrl/u_aes/rkeys_reg_529_/D                           -4.7590  (VIOLATED)
   u_ctrl/u_aes/rkeys_reg_764_/D                           -4.7590  (VIOLATED)
   u_ctrl/u_aes/rkeys_reg_798_/D                           -4.7590  (VIOLATED)
   u_ctrl/u_aes/rkeys_reg_824_/D                           -4.7590  (VIOLATED)
   u_ctrl/u_aes/rkeys_reg_828_/D                           -4.7590  (VIOLATED)
   u_ctrl/u_aes/rkeys_reg_882_/D                           -4.7590  (VIOLATED)
   u_ctrl/u_aes/rkeys_reg_886_/D                           -4.7590  (VIOLATED)
   u_ctrl/u_aes/rkeys_reg_890_/D                           -4.7590  (VIOLATED)
   u_ctrl/u_aes/rkeys_reg_902_/D                           -4.7590  (VIOLATED)
   u_ctrl/u_aes/rkeys_reg_904_/D                           -4.7590  (VIOLATED)
   u_ctrl/u_aes/rkeys_reg_928_/D                           -4.7590  (VIOLATED)
   u_ctrl/u_aes/rkeys_reg_933_/D                           -4.7590  (VIOLATED)
   u_ctrl/u_aes/rkeys_reg_1018_/D                          -4.7590  (VIOLATED)
   u_ctrl/u_aes/rkeys_reg_1023_/D                          -4.7590  (VIOLATED)
   u_ctrl/u_aes/rkeys_reg_1093_/D                          -4.7590  (VIOLATED)
   u_ctrl/u_aes/rkeys_reg_1145_/D                          -4.7590  (VIOLATED)
   u_ctrl/u_aes/rkeys_reg_1154_/D                          -4.7590  (VIOLATED)
   u_ctrl/u_aes/rkeys_reg_1158_/D                          -4.7590  (VIOLATED)
   u_ctrl/u_aes/rkeys_reg_1159_/D                          -4.7590  (VIOLATED)
   u_ctrl/u_aes/rkeys_reg_1165_/D                          -4.7590  (VIOLATED)
   u_ctrl/u_aes/rkeys_reg_1180_/D                          -4.7590  (VIOLATED)
   u_ctrl/u_aes/rkeys_reg_1191_/D                          -4.7590  (VIOLATED)
   u_ctrl/u_aes/rkeys_reg_1197_/D                          -4.7590  (VIOLATED)
   u_ctrl/u_aes/rkeys_reg_1223_/D                          -4.7590  (VIOLATED)
   u_ctrl/u_aes/rkeys_reg_1241_/D                          -4.7590  (VIOLATED)
   u_ctrl/u_aes/rkeys_reg_1248_/D                          -4.7590  (VIOLATED)
   u_ctrl/u_aes/rkeys_reg_1254_/D                          -4.7590  (VIOLATED)
   u_ctrl/u_aes/rkeys_reg_1255_/D                          -4.7590  (VIOLATED)
   u_ctrl/u_aes/rkeys_reg_663_/D                           -4.7497  (VIOLATED)
   u_ctrl/u_aes/rkeys_reg_974_/D                           -4.7497  (VIOLATED)
   u_ctrl/u_aes/rkeys_reg_566_/D                           -4.7497  (VIOLATED)
   u_ctrl/u_aes/rkeys_reg_1064_/D                          -4.7497  (VIOLATED)
   u_ctrl/u_aes/rkeys_reg_1392_/D                          -4.7497  (VIOLATED)
   u_ctrl/u_aes/rkeys_reg_369_/D                           -4.7497  (VIOLATED)
   u_ctrl/u_aes/rkeys_reg_1109_/D                          -4.7497  (VIOLATED)
   u_ctrl/u_aes/rkeys_reg_1209_/D                          -4.7497  (VIOLATED)
   u_ctrl/u_aes/rkeys_reg_1149_/D                          -4.7306  (VIOLATED)
   u_ctrl/u_aes/rkeys_reg_173_/D                           -4.7306  (VIOLATED)
   u_ctrl/u_aes/rkeys_reg_200_/D                           -4.7306  (VIOLATED)
   u_ctrl/u_aes/rkeys_reg_221_/D                           -4.7306  (VIOLATED)
   u_ctrl/u_aes/rkeys_reg_290_/D                           -4.7306  (VIOLATED)
   u_ctrl/u_aes/rkeys_reg_349_/D                           -4.7306  (VIOLATED)
   u_ctrl/u_aes/rkeys_reg_352_/D                           -4.7306  (VIOLATED)
   u_ctrl/u_aes/rkeys_reg_357_/D                           -4.7306  (VIOLATED)
   u_ctrl/u_aes/rkeys_reg_385_/D                           -4.7306  (VIOLATED)
   u_ctrl/u_aes/rkeys_reg_386_/D                           -4.7306  (VIOLATED)
   u_ctrl/u_aes/rkeys_reg_446_/D                           -4.7306  (VIOLATED)
   u_ctrl/u_aes/rkeys_reg_451_/D                           -4.7306  (VIOLATED)
   u_ctrl/u_aes/rkeys_reg_515_/D                           -4.7306  (VIOLATED)
   u_ctrl/u_aes/rkeys_reg_533_/D                           -4.7306  (VIOLATED)
   u_ctrl/u_aes/rkeys_reg_539_/D                           -4.7306  (VIOLATED)
   u_ctrl/u_aes/rkeys_reg_593_/D                           -4.7306  (VIOLATED)
   u_ctrl/u_aes/rkeys_reg_602_/D                           -4.7306  (VIOLATED)
   u_ctrl/u_aes/rkeys_reg_604_/D                           -4.7306  (VIOLATED)
   u_ctrl/u_aes/rkeys_reg_605_/D                           -4.7306  (VIOLATED)
   u_ctrl/u_aes/rkeys_reg_606_/D                           -4.7306  (VIOLATED)
   u_ctrl/u_aes/rkeys_reg_618_/D                           -4.7306  (VIOLATED)
   u_ctrl/u_aes/rkeys_reg_657_/D                           -4.7306  (VIOLATED)
   u_ctrl/u_aes/rkeys_reg_678_/D                           -4.7306  (VIOLATED)
   u_ctrl/u_aes/rkeys_reg_707_/D                           -4.7306  (VIOLATED)
   u_ctrl/u_aes/rkeys_reg_739_/D                           -4.7306  (VIOLATED)
   u_ctrl/u_aes/rkeys_reg_869_/D                           -4.7306  (VIOLATED)
   u_ctrl/u_aes/rkeys_reg_922_/D                           -4.7306  (VIOLATED)
   u_ctrl/u_aes/rkeys_reg_1011_/D                          -4.7306  (VIOLATED)
   u_ctrl/u_aes/rkeys_reg_1014_/D                          -4.7306  (VIOLATED)
   u_ctrl/u_aes/rkeys_reg_1029_/D                          -4.7306  (VIOLATED)
   u_ctrl/u_aes/rkeys_reg_1036_/D                          -4.7306  (VIOLATED)
   u_ctrl/u_aes/rkeys_reg_1082_/D                          -4.7306  (VIOLATED)
   u_ctrl/u_aes/rkeys_reg_1098_/D                          -4.7306  (VIOLATED)
   u_ctrl/u_aes/rkeys_reg_1099_/D                          -4.7306  (VIOLATED)
   u_ctrl/u_aes/rkeys_reg_1100_/D                          -4.7306  (VIOLATED)
   u_ctrl/u_aes/rkeys_reg_724_/D                           -4.7210  (VIOLATED)
   u_ctrl/u_aes/rkeys_reg_470_/D                           -4.7210  (VIOLATED)
   u_ctrl/u_aes/rkeys_reg_600_/D                           -4.7210  (VIOLATED)
   u_ctrl/u_aes/rkeys_reg_964_/D                           -4.7210  (VIOLATED)
   u_ctrl/u_aes/rkeys_reg_1215_/D                          -4.7210  (VIOLATED)
   u_ctrl/u_aes/rkeys_reg_1385_/D                          -4.7210  (VIOLATED)
   u_ctrl/u_aes/rkeys_reg_442_/D                           -4.7210  (VIOLATED)
   u_ctrl/u_aes/rkeys_reg_400_/D                           -4.7025  (VIOLATED)
   u_ctrl/u_aes/rkeys_reg_303_/D                           -4.7025  (VIOLATED)
   u_ctrl/u_aes/rkeys_reg_407_/D                           -4.7025  (VIOLATED)
   u_ctrl/u_aes/rkeys_reg_578_/D                           -4.7025  (VIOLATED)
   u_ctrl/u_aes/rkeys_reg_672_/D                           -4.7025  (VIOLATED)
   u_ctrl/u_aes/rkeys_reg_751_/D                           -4.7025  (VIOLATED)
   u_ctrl/u_aes/rkeys_reg_768_/D                           -4.7025  (VIOLATED)
   u_ctrl/u_aes/rkeys_reg_770_/D                           -4.7025  (VIOLATED)
   u_ctrl/u_aes/rkeys_reg_771_/D                           -4.7025  (VIOLATED)
   u_ctrl/u_aes/rkeys_reg_803_/D                           -4.7025  (VIOLATED)
   u_ctrl/u_aes/rkeys_reg_975_/D                           -4.7025  (VIOLATED)
   u_ctrl/u_aes/rkeys_reg_1183_/D                          -4.7025  (VIOLATED)
   u_ctrl/u_aes/rkeys_reg_351_/D                           -4.7025  (VIOLATED)
   u_ctrl/u_aes/rkeys_reg_673_/D                           -4.7025  (VIOLATED)
   u_ctrl/u_aes/rkeys_reg_674_/D                           -4.7025  (VIOLATED)
   u_ctrl/u_aes/rkeys_reg_676_/D                           -4.7025  (VIOLATED)
   u_ctrl/u_aes/rkeys_reg_772_/D                           -4.7025  (VIOLATED)
   u_ctrl/u_aes/rkeys_reg_773_/D                           -4.7025  (VIOLATED)
   u_ctrl/u_aes/rkeys_reg_573_/D                           -4.6753  (VIOLATED)
   u_ctrl/u_aes/rkeys_reg_616_/D                           -4.6753  (VIOLATED)
   u_ctrl/u_aes/rkeys_reg_742_/D                           -4.6753  (VIOLATED)
   u_ctrl/u_aes/rkeys_reg_812_/D                           -4.6753  (VIOLATED)
   u_ctrl/u_aes/rkeys_reg_907_/D                           -4.6753  (VIOLATED)
   u_ctrl/u_aes/rkeys_reg_998_/D                           -4.6753  (VIOLATED)
   u_ctrl/u_aes/rkeys_reg_1004_/D                          -4.6753  (VIOLATED)
   u_ctrl/u_aes/rkeys_reg_1028_/D                          -4.6753  (VIOLATED)
   u_ctrl/u_aes/rkeys_reg_1030_/D                          -4.6753  (VIOLATED)
   u_ctrl/u_aes/rkeys_reg_1092_/D                          -4.6753  (VIOLATED)
   u_ctrl/u_aes/rkeys_reg_1094_/D                          -4.6753  (VIOLATED)
   u_ctrl/u_aes/rkeys_reg_1095_/D                          -4.6753  (VIOLATED)
   u_ctrl/u_aes/rkeys_reg_1114_/D                          -4.6753  (VIOLATED)
   u_ctrl/u_aes/rkeys_reg_743_/D                           -4.6753  (VIOLATED)
   u_ctrl/u_aes/rkeys_reg_932_/D                           -4.6753  (VIOLATED)
   u_ctrl/u_aes/rkeys_reg_935_/D                           -4.6753  (VIOLATED)
   u_ctrl/u_aes/rkeys_reg_954_/D                           -4.6753  (VIOLATED)
   u_ctrl/u_aes/rkeys_reg_1205_/D                          -4.6753  (VIOLATED)
   u_ctrl/u_aes/rkeys_reg_617_/D                           -4.6737  (VIOLATED)
   u_ctrl/u_aes/rkeys_reg_1085_/D                          -4.6737  (VIOLATED)
   u_ctrl/u_aes/rkeys_reg_502_/D                           -4.6737  (VIOLATED)
   u_ctrl/u_aes/rkeys_reg_512_/D                           -4.6737  (VIOLATED)
   u_ctrl/u_aes/rkeys_reg_608_/D                           -4.6737  (VIOLATED)
   u_ctrl/u_aes/rkeys_reg_612_/D                           -4.6737  (VIOLATED)
   u_ctrl/u_aes/rkeys_reg_664_/D                           -4.6737  (VIOLATED)
   u_ctrl/u_aes/rkeys_reg_809_/D                           -4.6737  (VIOLATED)
   u_ctrl/u_aes/rkeys_reg_873_/D                           -4.6737  (VIOLATED)
   u_ctrl/u_aes/rkeys_reg_1006_/D                          -4.6737  (VIOLATED)
   u_ctrl/u_aes/rkeys_reg_1017_/D                          -4.6737  (VIOLATED)
   u_ctrl/u_aes/rkeys_reg_1071_/D                          -4.6737  (VIOLATED)
   u_ctrl/u_aes/rkeys_reg_499_/D                           -4.6737  (VIOLATED)
   u_ctrl/u_aes/rkeys_reg_879_/D                           -4.6737  (VIOLATED)
   u_ctrl/u_aes/rkeys_reg_971_/D                           -4.6737  (VIOLATED)
   u_ctrl/u_aes/rkeys_reg_1130_/D                          -4.6737  (VIOLATED)
   u_ctrl/u_aes/rkeys_reg_1291_/D                          -4.6732  (VIOLATED)
   u_ctrl/u_aes/rkeys_reg_153_/D                           -4.6732  (VIOLATED)
   u_ctrl/u_aes/rkeys_reg_320_/D                           -4.6732  (VIOLATED)
   u_ctrl/u_aes/rkeys_reg_712_/D                           -4.6732  (VIOLATED)
   u_ctrl/u_aes/rkeys_reg_1008_/D                          -4.6732  (VIOLATED)
   u_ctrl/u_aes/rkeys_reg_1079_/D                          -4.6732  (VIOLATED)
   u_ctrl/u_aes/rkeys_reg_1146_/D                          -4.6732  (VIOLATED)
   u_ctrl/u_aes/rkeys_reg_1178_/D                          -4.6732  (VIOLATED)
   u_ctrl/u_aes/rkeys_reg_1211_/D                          -4.6732  (VIOLATED)
   u_ctrl/u_aes/rkeys_reg_1246_/D                          -4.6732  (VIOLATED)
   u_ctrl/u_aes/rkeys_reg_1261_/D                          -4.6732  (VIOLATED)
   u_ctrl/u_aes/rkeys_reg_1274_/D                          -4.6732  (VIOLATED)
   u_ctrl/u_aes/rkeys_reg_1289_/D                          -4.6732  (VIOLATED)
   u_ctrl/u_aes/rkeys_reg_1296_/D                          -4.6732  (VIOLATED)
   u_ctrl/u_aes/rkeys_reg_647_/D                           -4.6659  (VIOLATED)
   u_ctrl/u_aes/rkeys_reg_797_/D                           -4.6659  (VIOLATED)
   u_ctrl/u_aes/rkeys_reg_799_/D                           -4.6659  (VIOLATED)
   u_ctrl/u_aes/rkeys_reg_134_/D                           -4.6659  (VIOLATED)
   u_ctrl/u_aes/rkeys_reg_318_/D                           -4.6659  (VIOLATED)
   u_ctrl/u_aes/rkeys_reg_472_/D                           -4.6659  (VIOLATED)
   u_ctrl/u_aes/rkeys_reg_520_/D                           -4.6659  (VIOLATED)
   u_ctrl/u_aes/rkeys_reg_521_/D                           -4.6659  (VIOLATED)
   u_ctrl/u_aes/rkeys_reg_522_/D                           -4.6659  (VIOLATED)
   u_ctrl/u_aes/rkeys_reg_523_/D                           -4.6659  (VIOLATED)
   u_ctrl/u_aes/rkeys_reg_524_/D                           -4.6659  (VIOLATED)
   u_ctrl/u_aes/rkeys_reg_535_/D                           -4.6659  (VIOLATED)
   u_ctrl/u_aes/rkeys_reg_641_/D                           -4.6659  (VIOLATED)
   u_ctrl/u_aes/rkeys_reg_643_/D                           -4.6659  (VIOLATED)
   u_ctrl/u_aes/rkeys_reg_645_/D                           -4.6659  (VIOLATED)
   u_ctrl/u_aes/rkeys_reg_832_/D                           -4.6659  (VIOLATED)
   u_ctrl/u_aes/rkeys_reg_906_/D                           -4.6659  (VIOLATED)
   u_ctrl/u_aes/rkeys_reg_938_/D                           -4.6659  (VIOLATED)
   u_ctrl/u_aes/rkeys_reg_1002_/D                          -4.6659  (VIOLATED)
   u_ctrl/u_aes/rkeys_reg_1033_/D                          -4.6659  (VIOLATED)
   u_ctrl/u_aes/rkeys_reg_1096_/D                          -4.6659  (VIOLATED)
   u_ctrl/u_aes/rkeys_reg_1140_/D                          -4.6659  (VIOLATED)
   u_ctrl/u_aes/rkeys_reg_1190_/D                          -4.6659  (VIOLATED)
   u_ctrl/u_aes/rkeys_reg_1222_/D                          -4.6659  (VIOLATED)
   u_ctrl/u_aes/rkeys_reg_744_/D                           -4.6490  (VIOLATED)
   u_ctrl/u_aes/rkeys_reg_1196_/D                          -4.6490  (VIOLATED)
   u_ctrl/u_aes/rkeys_reg_164_/D                           -4.6490  (VIOLATED)
   u_ctrl/u_aes/rkeys_reg_411_/D                           -4.6490  (VIOLATED)
   u_ctrl/u_aes/rkeys_reg_611_/D                           -4.6490  (VIOLATED)
   u_ctrl/u_aes/rkeys_reg_704_/D                           -4.6490  (VIOLATED)
   u_ctrl/u_aes/rkeys_reg_841_/D                           -4.6490  (VIOLATED)
   u_ctrl/u_aes/rkeys_reg_957_/D                           -4.6490  (VIOLATED)
   u_ctrl/u_aes/rkeys_reg_960_/D                           -4.6490  (VIOLATED)
   u_ctrl/u_aes/rkeys_reg_993_/D                           -4.6490  (VIOLATED)
   u_ctrl/u_aes/rkeys_reg_1053_/D                          -4.6490  (VIOLATED)
   u_ctrl/u_aes/rkeys_reg_1117_/D                          -4.6490  (VIOLATED)
   u_ctrl/u_aes/rkeys_reg_1120_/D                          -4.6490  (VIOLATED)
   u_ctrl/u_aes/rkeys_reg_1135_/D                          -4.6490  (VIOLATED)
   u_ctrl/u_aes/rkeys_reg_1153_/D                          -4.6490  (VIOLATED)
   u_ctrl/u_aes/rkeys_reg_1169_/D                          -4.6490  (VIOLATED)
   u_ctrl/u_aes/rkeys_reg_1214_/D                          -4.6490  (VIOLATED)
   u_ctrl/u_aes/rkeys_reg_1239_/D                          -4.6490  (VIOLATED)
   u_ctrl/u_aes/rkeys_reg_1273_/D                          -4.6490  (VIOLATED)
   u_ctrl/u_aes/rkeys_reg_1281_/D                          -4.6490  (VIOLATED)
   u_ctrl/u_aes/rkeys_reg_1376_/D                          -4.6490  (VIOLATED)
   u_ctrl/u_aes/rkeys_reg_1377_/D                          -4.6490  (VIOLATED)
   u_ctrl/u_aes/rkeys_reg_65_/D                            -4.6490  (VIOLATED)
   u_ctrl/u_aes/rkeys_reg_66_/D                            -4.6490  (VIOLATED)
   u_ctrl/u_aes/rkeys_reg_680_/D                           -4.6325  (VIOLATED)
   u_ctrl/u_aes/rkeys_reg_721_/D                           -4.6325  (VIOLATED)
   u_ctrl/u_aes/rkeys_reg_367_/D                           -4.6325  (VIOLATED)
   u_ctrl/u_aes/rkeys_reg_399_/D                           -4.6325  (VIOLATED)
   u_ctrl/u_aes/rkeys_reg_709_/D                           -4.6325  (VIOLATED)
   u_ctrl/u_aes/rkeys_reg_776_/D                           -4.6325  (VIOLATED)
   u_ctrl/u_aes/rkeys_reg_783_/D                           -4.6325  (VIOLATED)
   u_ctrl/u_aes/rkeys_reg_807_/D                           -4.6325  (VIOLATED)
   u_ctrl/u_aes/rkeys_reg_894_/D                           -4.6268  (VIOLATED)
   u_ctrl/u_aes/rkeys_reg_478_/D                           -4.6268  (VIOLATED)
   u_ctrl/u_aes/rkeys_reg_867_/D                           -4.6268  (VIOLATED)
   u_ctrl/u_aes/rkeys_reg_871_/D                           -4.6268  (VIOLATED)
   u_ctrl/u_aes/rkeys_reg_888_/D                           -4.6268  (VIOLATED)
   u_ctrl/u_aes/rkeys_reg_962_/D                           -4.6268  (VIOLATED)
   u_ctrl/u_aes/rkeys_reg_994_/D                           -4.6268  (VIOLATED)
   u_ctrl/u_aes/rkeys_reg_1084_/D                          -4.6268  (VIOLATED)
   u_ctrl/u_aes/rkeys_reg_1283_/D                          -4.6268  (VIOLATED)
   u_ctrl/u_aes/rkeys_reg_210_/D                           -4.6268  (VIOLATED)
   u_ctrl/u_aes/rkeys_reg_856_/D                           -4.6268  (VIOLATED)
   u_ctrl/u_aes/rkeys_reg_877_/D                           -4.6268  (VIOLATED)
   u_ctrl/u_aes/rkeys_reg_889_/D                           -4.6268  (VIOLATED)
   u_ctrl/u_aes/rkeys_reg_948_/D                           -4.6268  (VIOLATED)
   u_ctrl/u_aes/rkeys_reg_950_/D                           -4.6268  (VIOLATED)
   u_ctrl/u_aes/rkeys_reg_982_/D                           -4.6268  (VIOLATED)
   u_ctrl/u_aes/rkeys_reg_1282_/D                          -4.6268  (VIOLATED)
   u_ctrl/u_aes/rkeys_reg_1081_/D                          -4.6268  (VIOLATED)
   u_ctrl/u_aes/rkeys_reg_731_/D                           -4.6237  (VIOLATED)
   u_ctrl/u_aes/rkeys_reg_418_/D                           -4.6237  (VIOLATED)
   u_ctrl/u_aes/rkeys_reg_568_/D                           -4.6237  (VIOLATED)
   u_ctrl/u_aes/rkeys_reg_635_/D                           -4.6237  (VIOLATED)
   u_ctrl/u_aes/rkeys_reg_667_/D                           -4.6237  (VIOLATED)
   u_ctrl/u_aes/rkeys_reg_1202_/D                          -4.6237  (VIOLATED)
   u_ctrl/u_aes/rkeys_reg_763_/D                           -4.6237  (VIOLATED)
   u_ctrl/u_aes/rkeys_reg_16_/D                            -4.6237  (VIOLATED)
   u_ctrl/u_aes/rkeys_reg_1039_/D                          -4.5942  (VIOLATED)
   u_ctrl/u_aes/rkeys_reg_1339_/D                          -4.5942  (VIOLATED)
   u_ctrl/u_aes/rkeys_reg_129_/D                           -4.5942  (VIOLATED)
   u_ctrl/u_aes/rkeys_reg_136_/D                           -4.5942  (VIOLATED)
   u_ctrl/u_aes/rkeys_reg_147_/D                           -4.5942  (VIOLATED)
   u_ctrl/u_aes/rkeys_reg_167_/D                           -4.5942  (VIOLATED)
   u_ctrl/u_aes/rkeys_reg_168_/D                           -4.5942  (VIOLATED)
   u_ctrl/u_aes/rkeys_reg_171_/D                           -4.5942  (VIOLATED)
   u_ctrl/u_aes/rkeys_reg_202_/D                           -4.5942  (VIOLATED)
   u_ctrl/u_aes/rkeys_reg_263_/D                           -4.5942  (VIOLATED)
   u_ctrl/u_aes/rkeys_reg_267_/D                           -4.5942  (VIOLATED)
   u_ctrl/u_aes/rkeys_reg_281_/D                           -4.5942  (VIOLATED)
   u_ctrl/u_aes/rkeys_reg_285_/D                           -4.5942  (VIOLATED)
   u_ctrl/u_aes/rkeys_reg_287_/D                           -4.5942  (VIOLATED)
   u_ctrl/u_aes/rkeys_reg_294_/D                           -4.5942  (VIOLATED)
   u_ctrl/u_aes/rkeys_reg_328_/D                           -4.5942  (VIOLATED)
   u_ctrl/u_aes/rkeys_reg_389_/D                           -4.5942  (VIOLATED)
   u_ctrl/u_aes/rkeys_reg_426_/D                           -4.5942  (VIOLATED)
   u_ctrl/u_aes/rkeys_reg_461_/D                           -4.5942  (VIOLATED)
   u_ctrl/u_aes/rkeys_reg_494_/D                           -4.5942  (VIOLATED)
   u_ctrl/u_aes/rkeys_reg_588_/D                           -4.5942  (VIOLATED)
   u_ctrl/u_aes/rkeys_reg_683_/D                           -4.5942  (VIOLATED)
   u_ctrl/u_aes/rkeys_reg_741_/D                           -4.5942  (VIOLATED)
   u_ctrl/u_aes/rkeys_reg_778_/D                           -4.5942  (VIOLATED)
   u_ctrl/u_aes/rkeys_reg_842_/D                           -4.5942  (VIOLATED)
   u_ctrl/u_aes/rkeys_reg_843_/D                           -4.5942  (VIOLATED)
   u_ctrl/u_aes/rkeys_reg_845_/D                           -4.5942  (VIOLATED)
   u_ctrl/u_aes/rkeys_reg_912_/D                           -4.5942  (VIOLATED)
   u_ctrl/u_aes/rkeys_reg_915_/D                           -4.5942  (VIOLATED)
   u_ctrl/u_aes/rkeys_reg_1009_/D                          -4.5942  (VIOLATED)
   u_ctrl/u_aes/rkeys_reg_1044_/D                          -4.5942  (VIOLATED)
   u_ctrl/u_aes/rkeys_reg_1103_/D                          -4.5942  (VIOLATED)
   u_ctrl/u_aes/rkeys_reg_1233_/D                          -4.5942  (VIOLATED)
   u_ctrl/u_aes/rkeys_reg_1262_/D                          -4.5942  (VIOLATED)
   u_ctrl/u_aes/rkeys_reg_1331_/D                          -4.5942  (VIOLATED)
   u_ctrl/u_aes/rkeys_reg_130_/D                           -4.5942  (VIOLATED)
   u_ctrl/u_aes/rkeys_reg_131_/D                           -4.5942  (VIOLATED)
   u_ctrl/u_aes/rkeys_reg_170_/D                           -4.5942  (VIOLATED)
   u_ctrl/u_aes/rkeys_reg_183_/D                           -4.5942  (VIOLATED)
   u_ctrl/u_aes/rkeys_reg_252_/D                           -4.5942  (VIOLATED)
   u_ctrl/u_aes/rkeys_reg_265_/D                           -4.5942  (VIOLATED)
   u_ctrl/u_aes/rkeys_reg_268_/D                           -4.5942  (VIOLATED)
   u_ctrl/u_aes/rkeys_reg_277_/D                           -4.5942  (VIOLATED)
   u_ctrl/u_aes/rkeys_reg_282_/D                           -4.5942  (VIOLATED)
   u_ctrl/u_aes/rkeys_reg_283_/D                           -4.5942  (VIOLATED)
   u_ctrl/u_aes/rkeys_reg_292_/D                           -4.5942  (VIOLATED)
   u_ctrl/u_aes/rkeys_reg_293_/D                           -4.5942  (VIOLATED)
   u_ctrl/u_aes/rkeys_reg_330_/D                           -4.5942  (VIOLATED)
   u_ctrl/u_aes/rkeys_reg_374_/D                           -4.5942  (VIOLATED)
   u_ctrl/u_aes/rkeys_reg_403_/D                           -4.5942  (VIOLATED)
   u_ctrl/u_aes/rkeys_reg_405_/D                           -4.5942  (VIOLATED)
   u_ctrl/u_aes/rkeys_reg_774_/D                           -4.5942  (VIOLATED)
   u_ctrl/u_aes/rkeys_reg_792_/D                           -4.5942  (VIOLATED)
   u_ctrl/u_aes/rkeys_reg_794_/D                           -4.5942  (VIOLATED)
   u_ctrl/u_aes/rkeys_reg_795_/D                           -4.5942  (VIOLATED)
   u_ctrl/u_aes/rkeys_reg_917_/D                           -4.5942  (VIOLATED)
   u_ctrl/u_aes/rkeys_reg_918_/D                           -4.5942  (VIOLATED)
   u_ctrl/u_aes/rkeys_reg_1131_/D                          -4.5942  (VIOLATED)
   u_ctrl/u_aes/rkeys_reg_1323_/D                          -4.5942  (VIOLATED)
   u_ctrl/u_aes/rkeys_reg_1328_/D                          -4.5942  (VIOLATED)
   u_ctrl/u_aes/rkeys_reg_1344_/D                          -4.5942  (VIOLATED)
   u_ctrl/u_aes/rkeys_reg_1345_/D                          -4.5942  (VIOLATED)
   u_ctrl/u_aes/rkeys_reg_1346_/D                          -4.5942  (VIOLATED)
   u_ctrl/u_aes/rkeys_reg_1353_/D                          -4.5942  (VIOLATED)
   u_ctrl/u_aes/rkeys_reg_1354_/D                          -4.5942  (VIOLATED)
   u_ctrl/u_aes/rkeys_reg_1360_/D                          -4.5942  (VIOLATED)
   u_ctrl/u_aes/rkeys_reg_156_/D                           -4.5942  (VIOLATED)
   u_ctrl/u_aes/rkeys_reg_276_/D                           -4.5942  (VIOLATED)
   u_ctrl/u_aes/rkeys_reg_796_/D                           -4.5942  (VIOLATED)
   u_ctrl/u_aes/rkeys_reg_12_/D                            -4.5942  (VIOLATED)
   u_ctrl/u_aes/rkeys_reg_96_/D                            -4.5942  (VIOLATED)
   u_ctrl/u_aes/rkeys_reg_124_/D                           -4.5942  (VIOLATED)
   u_ctrl/u_aes/rkeys_reg_1244_/D                          -4.5499  (VIOLATED)
   u_ctrl/u_aes/rkeys_reg_410_/D                           -4.5499  (VIOLATED)
   u_ctrl/u_aes/rkeys_reg_988_/D                           -4.5499  (VIOLATED)
   u_ctrl/u_aes/rkeys_reg_1020_/D                          -4.5499  (VIOLATED)
   u_ctrl/u_aes/rkeys_reg_1177_/D                          -4.5499  (VIOLATED)
   u_ctrl/u_aes/rkeys_reg_1276_/D                          -4.5499  (VIOLATED)
   u_ctrl/u_aes/rkeys_reg_1045_/D                          -4.5499  (VIOLATED)
   u_ctrl/u_aes/rkeys_reg_1021_/D                          -4.5499  (VIOLATED)
   u_ctrl/u_aes/rkeys_reg_137_/D                           -4.5429  (VIOLATED)
   u_ctrl/u_aes/rkeys_reg_140_/D                           -4.5429  (VIOLATED)
   u_ctrl/u_aes/rkeys_reg_143_/D                           -4.5429  (VIOLATED)
   u_ctrl/u_aes/rkeys_reg_162_/D                           -4.5429  (VIOLATED)
   u_ctrl/u_aes/rkeys_reg_220_/D                           -4.5429  (VIOLATED)
   u_ctrl/u_aes/rkeys_reg_493_/D                           -4.5429  (VIOLATED)
   u_ctrl/u_aes/rkeys_reg_528_/D                           -4.5429  (VIOLATED)
   u_ctrl/u_aes/rkeys_reg_552_/D                           -4.5429  (VIOLATED)
   u_ctrl/u_aes/rkeys_reg_554_/D                           -4.5429  (VIOLATED)
   u_ctrl/u_aes/rkeys_reg_555_/D                           -4.5429  (VIOLATED)
   u_ctrl/u_aes/rkeys_reg_556_/D                           -4.5429  (VIOLATED)
   u_ctrl/u_aes/rkeys_reg_557_/D                           -4.5429  (VIOLATED)
   u_ctrl/u_aes/rkeys_reg_653_/D                           -4.5429  (VIOLATED)
   u_ctrl/u_aes/rkeys_reg_247_/D                           -4.5429  (VIOLATED)
   u_ctrl/u_aes/rkeys_reg_257_/D                           -4.5429  (VIOLATED)
   u_ctrl/u_aes/rkeys_reg_260_/D                           -4.5429  (VIOLATED)
   u_ctrl/u_aes/rkeys_reg_433_/D                           -4.5429  (VIOLATED)
   u_ctrl/u_aes/rkeys_reg_649_/D                           -4.5429  (VIOLATED)
   u_ctrl/u_aes/rkeys_reg_483_/D                           -4.5407  (VIOLATED)
   u_ctrl/u_aes/rkeys_reg_550_/D                           -4.5407  (VIOLATED)
   u_ctrl/u_aes/rkeys_reg_614_/D                           -4.5407  (VIOLATED)
   u_ctrl/u_aes/rkeys_reg_230_/D                           -4.5407  (VIOLATED)
   u_ctrl/u_aes/rkeys_reg_231_/D                           -4.5407  (VIOLATED)
   u_ctrl/u_aes/rkeys_reg_319_/D                           -4.5407  (VIOLATED)
   u_ctrl/u_aes/rkeys_reg_327_/D                           -4.5407  (VIOLATED)
   u_ctrl/u_aes/rkeys_reg_356_/D                           -4.5407  (VIOLATED)
   u_ctrl/u_aes/rkeys_reg_419_/D                           -4.5407  (VIOLATED)
   u_ctrl/u_aes/rkeys_reg_422_/D                           -4.5407  (VIOLATED)
   u_ctrl/u_aes/rkeys_reg_481_/D                           -4.5407  (VIOLATED)
   u_ctrl/u_aes/rkeys_reg_513_/D                           -4.5407  (VIOLATED)
   u_ctrl/u_aes/rkeys_reg_518_/D                           -4.5407  (VIOLATED)
   u_ctrl/u_aes/rkeys_reg_577_/D                           -4.5407  (VIOLATED)
   u_ctrl/u_aes/rkeys_reg_585_/D                           -4.5407  (VIOLATED)
   u_ctrl/u_aes/rkeys_reg_610_/D                           -4.5407  (VIOLATED)
   u_ctrl/u_aes/rkeys_reg_666_/D                           -4.5407  (VIOLATED)
   u_ctrl/u_aes/rkeys_reg_1235_/D                          -4.5407  (VIOLATED)
   u_ctrl/u_aes/rkeys_reg_575_/D                           -4.5363  (VIOLATED)
   u_ctrl/u_aes/rkeys_reg_723_/D                           -4.5363  (VIOLATED)
   u_ctrl/u_aes/rkeys_reg_163_/D                           -4.5363  (VIOLATED)
   u_ctrl/u_aes/rkeys_reg_346_/D                           -4.5363  (VIOLATED)
   u_ctrl/u_aes/rkeys_reg_424_/D                           -4.5363  (VIOLATED)
   u_ctrl/u_aes/rkeys_reg_464_/D                           -4.5363  (VIOLATED)
   u_ctrl/u_aes/rkeys_reg_465_/D                           -4.5363  (VIOLATED)
   u_ctrl/u_aes/rkeys_reg_466_/D                           -4.5363  (VIOLATED)
   u_ctrl/u_aes/rkeys_reg_467_/D                           -4.5363  (VIOLATED)
   u_ctrl/u_aes/rkeys_reg_477_/D                           -4.5363  (VIOLATED)
   u_ctrl/u_aes/rkeys_reg_560_/D                           -4.5363  (VIOLATED)
   u_ctrl/u_aes/rkeys_reg_562_/D                           -4.5363  (VIOLATED)
   u_ctrl/u_aes/rkeys_reg_564_/D                           -4.5363  (VIOLATED)
   u_ctrl/u_aes/rkeys_reg_658_/D                           -4.5363  (VIOLATED)
   u_ctrl/u_aes/rkeys_reg_720_/D                           -4.5363  (VIOLATED)
   u_ctrl/u_aes/rkeys_reg_722_/D                           -4.5363  (VIOLATED)
   u_ctrl/u_aes/rkeys_reg_1107_/D                          -4.5363  (VIOLATED)
   u_ctrl/u_aes/rkeys_reg_1108_/D                          -4.5363  (VIOLATED)
   u_ctrl/u_aes/rkeys_reg_506_/D                           -4.5342  (VIOLATED)
   u_ctrl/u_aes/rkeys_reg_636_/D                           -4.5342  (VIOLATED)
   u_ctrl/u_aes/rkeys_reg_700_/D                           -4.5342  (VIOLATED)
   u_ctrl/u_aes/rkeys_reg_377_/D                           -4.5342  (VIOLATED)
   u_ctrl/u_aes/rkeys_reg_378_/D                           -4.5342  (VIOLATED)
   u_ctrl/u_aes/rkeys_reg_382_/D                           -4.5342  (VIOLATED)
   u_ctrl/u_aes/rkeys_reg_473_/D                           -4.5342  (VIOLATED)
   u_ctrl/u_aes/rkeys_reg_508_/D                           -4.5342  (VIOLATED)
   u_ctrl/u_aes/rkeys_reg_570_/D                           -4.5342  (VIOLATED)
   u_ctrl/u_aes/rkeys_reg_633_/D                           -4.5342  (VIOLATED)
   u_ctrl/u_aes/rkeys_reg_634_/D                           -4.5342  (VIOLATED)
   u_ctrl/u_aes/rkeys_reg_669_/D                           -4.5342  (VIOLATED)
   u_ctrl/u_aes/rkeys_reg_702_/D                           -4.5342  (VIOLATED)
   u_ctrl/u_aes/rkeys_reg_762_/D                           -4.5342  (VIOLATED)
   u_ctrl/u_aes/rkeys_reg_852_/D                           -4.5342  (VIOLATED)
   u_ctrl/u_aes/rkeys_reg_858_/D                           -4.5342  (VIOLATED)
   u_ctrl/u_aes/rkeys_reg_1175_/D                          -4.5342  (VIOLATED)
   u_ctrl/u_aes/rkeys_reg_569_/D                           -4.5342  (VIOLATED)
   u_ctrl/u_aes/rkeys_reg_1027_/D                          -4.4573  (VIOLATED)
   u_ctrl/u_aes/rkeys_reg_714_/D                           -4.4573  (VIOLATED)
   u_ctrl/u_aes/rkeys_reg_929_/D                           -4.4573  (VIOLATED)
   u_ctrl/u_aes/rkeys_reg_995_/D                           -4.4573  (VIOLATED)
   u_ctrl/u_aes/rkeys_reg_1031_/D                          -4.4573  (VIOLATED)
   u_ctrl/u_aes/rkeys_reg_1123_/D                          -4.4573  (VIOLATED)
   u_ctrl/u_aes/rkeys_reg_1171_/D                          -4.4573  (VIOLATED)
   u_ctrl/u_aes/rkeys_reg_1195_/D                          -4.4573  (VIOLATED)
   u_ctrl/u_aes/rkeys_reg_1258_/D                          -4.4573  (VIOLATED)
   u_ctrl/u_aes/rkeys_reg_813_/D                           -4.4573  (VIOLATED)
   u_ctrl/u_aes/rkeys_reg_830_/D                           -4.4573  (VIOLATED)
   u_ctrl/u_aes/rkeys_reg_1025_/D                          -4.4573  (VIOLATED)
   u_ctrl/u_aes/rkeys_reg_1066_/D                          -4.4573  (VIOLATED)
   u_ctrl/u_aes/rkeys_reg_1166_/D                          -4.4573  (VIOLATED)
   u_ctrl/u_aes/rkeys_reg_409_/D                           -4.1231  (VIOLATED)
   u_ctrl/u_aes/rkeys_reg_909_/D                           -4.1231  (VIOLATED)
   u_ctrl/u_aes/rkeys_reg_1221_/D                          -4.1231  (VIOLATED)
   u_ctrl/u_aes/rkeys_reg_1225_/D                          -4.1231  (VIOLATED)
   u_ctrl/u_aes/rkeys_reg_376_/D                           -4.1231  (VIOLATED)
   u_ctrl/u_aes/rkeys_reg_1005_/D                          -4.1231  (VIOLATED)
   u_ctrl/u_aes/rkeys_reg_583_/D                           -4.0977  (VIOLATED)
   u_ctrl/u_aes/rkeys_reg_804_/D                           -4.0977  (VIOLATED)
   u_ctrl/u_aes/rkeys_reg_1128_/D                          -4.0977  (VIOLATED)
   u_ctrl/u_aes/rkeys_reg_1247_/D                          -4.0977  (VIOLATED)
   u_ctrl/u_aes/rkeys_reg_360_/D                           -4.0348  (VIOLATED)
   u_ctrl/u_aes/rkeys_reg_462_/D                           -4.0348  (VIOLATED)
   u_ctrl/u_aes/rkeys_reg_1234_/D                          -4.0348  (VIOLATED)
   u_ctrl/u_aes/rkeys_reg_398_/D                           -4.0348  (VIOLATED)
   u_ctrl/u_aes/rkeys_reg_206_/D                           -4.0102  (VIOLATED)
   u_ctrl/u_aes/rkeys_reg_551_/D                           -4.0102  (VIOLATED)
   u_ctrl/u_aes/rkeys_reg_1087_/D                          -4.0102  (VIOLATED)
   u_ctrl/u_aes/rkeys_reg_1162_/D                          -4.0102  (VIOLATED)
   u_ctrl/u_aes/rkeys_reg_223_/D                           -3.9522  (VIOLATED)
   u_ctrl/u_aes/rkeys_reg_827_/D                           -3.9522  (VIOLATED)
   u_ctrl/u_aes/rkeys_reg_716_/D                           -3.9522  (VIOLATED)
   u_ctrl/u_aes/rkeys_reg_1075_/D                          -3.9250  (VIOLATED)
   u_ctrl/u_aes/rkeys_reg_1173_/D                          -3.9250  (VIOLATED)
   u_ctrl/u_aes/rkeys_reg_1051_/D                          -3.9250  (VIOLATED)
   u_ctrl/u_aes/rkeys_reg_1161_/D                          -3.9158  (VIOLATED)
   u_ctrl/u_aes/rkeys_reg_1212_/D                          -3.9158  (VIOLATED)
   u_ctrl/u_aes/rkeys_reg_1148_/D                          -3.8756  (VIOLATED)
   u_ctrl/u_aes/rkeys_reg_1267_/D                          -3.8756  (VIOLATED)
   u_ctrl/u_aes/rkeys_reg_1010_/D                          -3.8756  (VIOLATED)
   u_ctrl/u_aes/rkeys_reg_94_/D                            -3.8756  (VIOLATED)
   u_ctrl/u_aes/rkeys_reg_317_/D                           -3.8439  (VIOLATED)
   u_ctrl/u_aes/rkeys_reg_728_/D                           -3.8439  (VIOLATED)
   u_ctrl/u_aes/rkeys_reg_779_/D                           -3.8439  (VIOLATED)
   u_ctrl/u_aes/rkeys_reg_819_/D                           -3.8439  (VIOLATED)
   u_ctrl/u_aes/rkeys_reg_1083_/D                          -3.8439  (VIOLATED)
   u_ctrl/u_aes/rkeys_reg_1237_/D                          -3.8439  (VIOLATED)
   u_ctrl/u_aes/rkeys_reg_479_/D                           -3.8439  (VIOLATED)
   u_ctrl/u_aes/rkeys_reg_682_/D                           -3.8439  (VIOLATED)
   u_ctrl/u_aes/rkeys_reg_685_/D                           -3.8439  (VIOLATED)
   u_ctrl/u_aes/rkeys_reg_735_/D                           -3.8439  (VIOLATED)
   u_ctrl/u_aes/rkeys_reg_885_/D                           -3.8439  (VIOLATED)
   u_ctrl/u_aes/rkeys_reg_1073_/D                          -3.8439  (VIOLATED)
   u_ctrl/u_aes/rkeys_reg_414_/D                           -3.7926  (VIOLATED)
   u_ctrl/u_aes/rkeys_reg_671_/D                           -3.7926  (VIOLATED)
   u_ctrl/u_aes/rkeys_reg_262_/D                           -3.7926  (VIOLATED)
   u_ctrl/u_aes/rkeys_reg_228_/D                           -3.7905  (VIOLATED)
   u_ctrl/u_aes/rkeys_reg_333_/D                           -3.7905  (VIOLATED)
   u_ctrl/u_aes/rkeys_reg_1129_/D                          -3.7905  (VIOLATED)
   u_ctrl/u_aes/rkeys_reg_354_/D                           -3.7861  (VIOLATED)
   u_ctrl/u_aes/rkeys_reg_692_/D                           -3.7861  (VIOLATED)
   u_ctrl/u_aes/rkeys_reg_138_/D                           -3.7861  (VIOLATED)
   u_ctrl/u_aes/rkeys_reg_628_/D                           -3.7839  (VIOLATED)
   u_ctrl/u_aes/rkeys_reg_765_/D                           -3.7839  (VIOLATED)
   u_ctrl/u_aes/rkeys_reg_1013_/D                          -3.7839  (VIOLATED)
   u_ctrl/u_aes/rkeys_reg_580_/D                           -3.7318  (VIOLATED)
   u_ctrl/u_aes/rkeys_reg_968_/D                           -3.7318  (VIOLATED)
   u_ctrl/u_aes/rkeys_reg_544_/D                           -3.7318  (VIOLATED)
   u_ctrl/u_aes/rkeys_reg_416_/D                           -3.7318  (VIOLATED)
   u_ctrl/u_aes/rkeys_reg_1189_/D                          -3.6420  (VIOLATED)
   u_ctrl/u_aes/rkeys_reg_1164_/D                          -3.5871  (VIOLATED)
   u_ctrl/u_aes/rkeys_reg_1269_/D                          -3.5871  (VIOLATED)
   u_ctrl/u_aes/rkeys_reg_1260_/D                          -3.5871  (VIOLATED)
   u_ctrl/u_aes/rkeys_reg_6_/D                             -3.4299  (VIOLATED)
   u_ctrl/u_aes/rkeys_reg_24_/D                            -3.4299  (VIOLATED)
   u_ctrl/u_aes/rkeys_reg_30_/D                            -3.4299  (VIOLATED)
   u_ctrl/u_aes/rkeys_reg_41_/D                            -3.4299  (VIOLATED)
   u_ctrl/u_aes/rkeys_reg_42_/D                            -3.4299  (VIOLATED)
   u_ctrl/u_aes/rkeys_reg_68_/D                            -3.4299  (VIOLATED)
   u_ctrl/u_aes/rkeys_reg_99_/D                            -3.4299  (VIOLATED)
   u_ctrl/u_aes/rkeys_reg_102_/D                           -3.4299  (VIOLATED)
   u_ctrl/u_aes/rkeys_reg_104_/D                           -3.4299  (VIOLATED)
   u_ctrl/u_aes/rkeys_reg_106_/D                           -3.4299  (VIOLATED)
   u_ctrl/u_aes/rkeys_reg_431_/D                           -3.2781  (VIOLATED)
   u_ctrl/u_aes/rkeys_reg_19_/D                            -3.2591  (VIOLATED)
   u_ctrl/u_aes/rkeys_reg_98_/D                            -3.2591  (VIOLATED)
   u_ctrl/u_aes/rkeys_reg_100_/D                           -3.2591  (VIOLATED)
   u_ctrl/u_aes/rkeys_reg_2_/D                             -3.2445  (VIOLATED)
   u_ctrl/u_aes/rkeys_reg_21_/D                            -3.2445  (VIOLATED)
   u_ctrl/u_aes/rkeys_reg_40_/D                            -3.2445  (VIOLATED)
   u_ctrl/u_aes/rkeys_reg_101_/D                           -3.2445  (VIOLATED)
   u_ctrl/u_aes/rkeys_reg_45_/D                            -3.2333  (VIOLATED)
   u_ctrl/u_aes/rkeys_reg_32_/D                            -3.1552  (VIOLATED)
   u_ctrl/u_aes/rkeys_reg_60_/D                            -3.1030  (VIOLATED)
   u_ctrl/u_aes/rkeys_reg_48_/D                            -3.1005  (VIOLATED)
   u_ctrl/u_aes/rkeys_reg_61_/D                            -3.0958  (VIOLATED)
   u_ctrl/u_aes/rkeys_reg_62_/D                            -3.0958  (VIOLATED)
   u_ctrl/u_aes/rkeys_reg_49_/D                            -3.0933  (VIOLATED)
   u_ctrl/u_aes/rkeys_reg_50_/D                            -3.0933  (VIOLATED)
   u_ctrl/u_aes/rkeys_reg_26_/D                            -3.0812  (VIOLATED)
   u_ctrl/u_aes/rkeys_reg_27_/D                            -3.0812  (VIOLATED)
   u_ctrl/u_aes/rkeys_reg_7_/D                             -3.0811  (VIOLATED)
   u_ctrl/u_aes/rkeys_reg_17_/D                            -3.0181  (VIOLATED)
   u_ctrl/u_aes/rkeys_reg_112_/D                           -3.0181  (VIOLATED)
   u_ctrl/u_aes/rkeys_reg_121_/D                           -2.9957  (VIOLATED)
   u_ctrl/u_aes/rkeys_reg_63_/D                            -2.9956  (VIOLATED)


   min_delay/hold ('clock_gating_default' group)

   Endpoint                                                  Slack
   -----------------------------------------------------------------
   u_ctrl/u_icg_aes/U3/A2                                  -0.0105  (VIOLATED)

   min_delay/hold ('clk_div2' group)

   Endpoint                                                  Slack
   -----------------------------------------------------------------
   u_mem_u_sram/A[0]                                       -0.0148  (VIOLATED)
   u_mem_u_sram/A[1]                                       -0.0148  (VIOLATED)
   u_mem_u_sram/A[2]                                       -0.0148  (VIOLATED)
   u_mem_u_sram/A[3]                                       -0.0148  (VIOLATED)
   u_mem_u_sram/I[0]                                       -0.0145  (VIOLATED)
   u_mem_u_sram/I[1]                                       -0.0145  (VIOLATED)
   u_mem_u_sram/I[2]                                       -0.0145  (VIOLATED)
   u_mem_u_sram/I[3]                                       -0.0145  (VIOLATED)
   u_mem_u_sram/I[4]                                       -0.0145  (VIOLATED)
   u_mem_u_sram/I[5]                                       -0.0145  (VIOLATED)
   u_mem_u_sram/I[6]                                       -0.0145  (VIOLATED)
   u_mem_u_sram/I[7]                                       -0.0145  (VIOLATED)



   clock_gating_hold

   Endpoint                                                  Slack
   -----------------------------------------------------------------
   u_ctrl/u_icg_aes/U3/A2                                  -0.0105  (VIOLATED)


   max_capacitance

                             Required        Actual
   Pin                      Capacitance    Capacitance       Slack
   -----------------------------------------------------------------
   u_ctrl/u_aes/U3100/Y      16.0000        16.9563        -0.9563  (VIOLATED)
   u_ctrl/u_aes/U3102/Y      16.0000        16.9563        -0.9563  (VIOLATED)
   u_ctrl/u_aes/U3104/Y      16.0000        16.9563        -0.9563  (VIOLATED)
   u_ctrl/u_aes/U3109/Y      16.0000        16.9563        -0.9563  (VIOLATED)
   u_ctrl/u_aes/U5669/Y       8.0000         8.9070        -0.9070  (VIOLATED)
   u_ctrl/u_aes/U9111/Y      16.0000        16.8998        -0.8998  (VIOLATED)
   u_ctrl/u_aes/U9112/Y      16.0000        16.8998        -0.8998  (VIOLATED)
   u_ctrl/u_aes/U9113/Y      16.0000        16.8998        -0.8998  (VIOLATED)
   u_ctrl/u_aes/U9115/Y      16.0000        16.8998        -0.8998  (VIOLATED)
   u_ctrl/u_aes/U9116/Y      16.0000        16.8998        -0.8998  (VIOLATED)
   u_ctrl/u_aes/U9121/Y      16.0000        16.8998        -0.8998  (VIOLATED)
   u_ctrl/u_aes/U9122/Y      16.0000        16.8998        -0.8998  (VIOLATED)
   u_ctrl/u_aes/U9132/Y      16.0000        16.8998        -0.8998  (VIOLATED)
   u_ctrl/u_aes/U9133/Y      16.0000        16.8998        -0.8998  (VIOLATED)
   u_ctrl/u_aes/U9140/Y      16.0000        16.8998        -0.8998  (VIOLATED)
   u_ctrl/u_aes/U9141/Y      16.0000        16.8998        -0.8998  (VIOLATED)
   u_ctrl/u_aes/U9142/Y      16.0000        16.8998        -0.8998  (VIOLATED)
   u_ctrl/u_aes/U9143/Y      16.0000        16.8998        -0.8998  (VIOLATED)
   u_ctrl/u_aes/U9144/Y      16.0000        16.8998        -0.8998  (VIOLATED)
   u_ctrl/u_aes/U9145/Y      16.0000        16.8998        -0.8998  (VIOLATED)
   u_ctrl/u_aes/U9146/Y      16.0000        16.8998        -0.8998  (VIOLATED)
   u_ctrl/u_aes/U9150/Y      16.0000        16.8998        -0.8998  (VIOLATED)
   u_ctrl/u_aes/U9152/Y      16.0000        16.8893        -0.8893  (VIOLATED)
   u_ctrl/u_aes/U5161/Y       8.0000         8.8536        -0.8536  (VIOLATED)
   u_ctrl/u_aes/state_reg_26_/Q   8.0000     8.7319        -0.7319  (VIOLATED)
   u_ctrl/u_aes/U10174/Y      8.0000         8.6075        -0.6075  (VIOLATED)
   u_ctrl/U886/Y             16.0000        16.6057        -0.6057  (VIOLATED)
   u_ctrl/u_aes/state_reg_76_/QN   8.0000    8.5983        -0.5983  (VIOLATED)
   u_ctrl/u_aes/U2155/Y       8.0000         8.5895        -0.5895  (VIOLATED)
   u_ctrl/u_aes/state_reg_116_/QN   8.0000   8.5681        -0.5681  (VIOLATED)
   u_ctrl/u_aes/U2302/Y       8.0000         8.5651        -0.5651  (VIOLATED)
   u_ctrl/u_aes/state_reg_13_/Q   8.0000     8.4820        -0.4820  (VIOLATED)
   u_ctrl/U887/Y             16.0000        16.4710        -0.4710  (VIOLATED)
   u_ctrl/u_aes/state_reg_101_/QN   8.0000   8.4217        -0.4217  (VIOLATED)
   u_ctrl/u_aes/U3101/Y      16.0000        16.3584        -0.3584  (VIOLATED)
   u_ctrl/u_aes/U3103/Y      16.0000        16.3584        -0.3584  (VIOLATED)
   u_ctrl/u_aes/U3105/Y      16.0000        16.3584        -0.3584  (VIOLATED)
   u_ctrl/u_aes/U3107/Y      16.0000        16.3584        -0.3584  (VIOLATED)
   u_ctrl/u_aes/U3108/Y      16.0000        16.3584        -0.3584  (VIOLATED)
   u_ctrl/u_aes/U3110/Y      16.0000        16.3584        -0.3584  (VIOLATED)
   u_ctrl/u_aes/U3112/Y      16.0000        16.3584        -0.3584  (VIOLATED)
   u_ctrl/u_aes/U3113/Y      16.0000        16.3584        -0.3584  (VIOLATED)
   u_ctrl/u_aes/U3114/Y      16.0000        16.3584        -0.3584  (VIOLATED)
   u_ctrl/u_aes/U3115/Y      16.0000        16.3584        -0.3584  (VIOLATED)
   u_ctrl/u_aes/U3116/Y      16.0000        16.3584        -0.3584  (VIOLATED)
   u_ctrl/u_aes/U3111/Y      16.0000        16.3375        -0.3375  (VIOLATED)
   u_ctrl/u_aes/state_reg_102_/Q   8.0000    8.3084        -0.3084  (VIOLATED)
   u_ctrl/u_aes/state_reg_118_/Q   8.0000    8.2327        -0.2327  (VIOLATED)
   u_ctrl/u_aes/state_reg_117_/QN   8.0000   8.1694        -0.1694  (VIOLATED)
   u_ctrl/u_aes/U2722/Y       8.0000         8.1305        -0.1305  (VIOLATED)
   u_ctrl/u_aes/state_reg_32_/Q   8.0000     8.1112        -0.1112  (VIOLATED)
   u_ctrl/u_aes/state_reg_106_/Q   8.0000    8.0981        -0.0981  (VIOLATED)
   u_ctrl/u_aes/U1593/Y       8.0000         8.0905        -0.0905  (VIOLATED)
   u_ctrl/u_aes/U2721/Y       8.0000         8.0799        -0.0799  (VIOLATED)
   u_ctrl/u_aes/state_reg_93_/Q   8.0000     8.0774        -0.0774  (VIOLATED)
   u_ctrl/u_aes/state_reg_6_/Q   8.0000      8.0729        -0.0729  (VIOLATED)
   u_ctrl/u_aes/U5536/Y       8.0000         8.0698        -0.0698  (VIOLATED)
   u_ctrl/u_aes/state_reg_79_/QN   8.0000    8.0483        -0.0483  (VIOLATED)
   u_ctrl/u_aes/U7765/Y       8.0000         8.0476        -0.0476  (VIOLATED)
   u_ctrl/u_aes/U2800/Y       8.0000         8.0309        -0.0309  (VIOLATED)
   u_ctrl/u_aes/U2328/Y       8.0000         8.0199        -0.0199  (VIOLATED)
   u_ctrl/u_aes/U1637/Y       8.0000         8.0164        -0.0164  (VIOLATED)
   u_ctrl/u_aes/U10634/Y      8.0000         8.0164        -0.0164  (VIOLATED)
   u_ctrl/u_aes/U10635/Y      8.0000         8.0164        -0.0164  (VIOLATED)
   u_ctrl/u_aes/U95/Y         8.0000         8.0160        -0.0160  (VIOLATED)
   u_ctrl/U1057/Y            16.0000        16.0064        -0.0064  (VIOLATED)
   u_ctrl/u_aes/state_reg_125_/Q   8.0000    8.0055        -0.0055  (VIOLATED)


1
