****************************************
Report : timing
	-path_type full_clock_expanded
	-delay_type max
	-nosplit
	-input_pins
	-slack_lesser_than 0.0000
	-max_paths 25
	-sort_by slack
Design : top_mcu_pll_sram_multiclk_soc
Version: W-2024.09-SP5-3
Date   : Mon Apr 13 15:15:04 2026
****************************************


  Startpoint: u_ctrl/u_aes/state_reg_71_ (rising edge-triggered flip-flop clocked by clk_fast_aes)
  Endpoint: u_ctrl/u_aes/state_reg_40_ (rising edge-triggered flip-flop clocked by clk_fast_aes)
  Path Group: clk_fast_aes
  Path Type: max

  Point                                                         Incr       Path
  ------------------------------------------------------------------------------------
  clock clk_fast_aes (rise edge)                              0.0000     0.0000
  clock network delay (ideal)                                 0.0000     0.0000
  u_ctrl/u_aes/state_reg_71_/CLK (SDFFARX1_RVT)               0.0000     0.0000 r
  u_ctrl/u_aes/state_reg_71_/Q (SDFFARX1_RVT)                 0.1877     0.1877 f
  u_ctrl/u_aes/U4178/A (NBUFFX2_RVT)                          0.0000     0.1877 f
  u_ctrl/u_aes/U4178/Y (NBUFFX2_RVT)                          0.0733     0.2610 f
  u_ctrl/u_aes/U8338/A (INVX0_RVT)                            0.0000     0.2610 f
  u_ctrl/u_aes/U8338/Y (INVX0_RVT)                            0.0600     0.3211 r
  u_ctrl/u_aes/U365/A (NBUFFX2_RVT)                           0.0000     0.3211 r
  u_ctrl/u_aes/U365/Y (NBUFFX2_RVT)                           0.0634     0.3845 r
  u_ctrl/u_aes/U4179/A1 (NAND2X0_RVT)                         0.0000     0.3845 r
  u_ctrl/u_aes/U4179/Y (NAND2X0_RVT)                          0.0398     0.4243 f
  u_ctrl/u_aes/U182/A (DELLN3X2_RVT)                          0.0000     0.4243 f
  u_ctrl/u_aes/U182/Y (DELLN3X2_RVT)                          0.5376     0.9619 f
  u_ctrl/u_aes/U4253/A2 (OA22X1_RVT)                          0.0000     0.9619 f
  u_ctrl/u_aes/U4253/Y (OA22X1_RVT)                           0.0877     1.0496 f
  u_ctrl/u_aes/U4254/A1 (AO222X1_RVT)                         0.0000     1.0496 f
  u_ctrl/u_aes/U4254/Y (AO222X1_RVT)                          0.1107     1.1603 f
  u_ctrl/u_aes/U4256/A2 (NAND3X0_RVT)                         0.0000     1.1603 f
  u_ctrl/u_aes/U4256/Y (NAND3X0_RVT)                          0.0397     1.2001 r
  u_ctrl/u_aes/U4257/A2 (NAND2X0_RVT)                         0.0000     1.2001 r
  u_ctrl/u_aes/U4257/Y (NAND2X0_RVT)                          0.0390     1.2390 f
  u_ctrl/u_aes/U4258/A4 (AO22X1_RVT)                          0.0000     1.2390 f
  u_ctrl/u_aes/U4258/Y (AO22X1_RVT)                           0.0639     1.3029 f
  u_ctrl/u_aes/U4259/A4 (OA22X1_RVT)                          0.0000     1.3029 f
  u_ctrl/u_aes/U4259/Y (OA22X1_RVT)                           0.0609     1.3638 f
  u_ctrl/u_aes/U4260/A5 (OA222X1_RVT)                         0.0000     1.3638 f
  u_ctrl/u_aes/U4260/Y (OA222X1_RVT)                          0.1045     1.4683 f
  u_ctrl/u_aes/U1278/A (INVX0_RVT)                            0.0000     1.4683 f
  u_ctrl/u_aes/U1278/Y (INVX0_RVT)                            0.0471     1.5154 r
  u_ctrl/u_aes/U517/A1 (AO22X1_RVT)                           0.0000     1.5154 r
  u_ctrl/u_aes/U517/Y (AO22X1_RVT)                            0.1281     1.6435 r
  u_ctrl/u_aes/U982/A2 (XOR3X1_RVT)                           0.0000     1.6435 r
  u_ctrl/u_aes/U982/Y (XOR3X1_RVT)                            0.2055     1.8490 f
  u_ctrl/u_aes/U8900/B0 (HADDX1_RVT)                          0.0000     1.8490 f
  u_ctrl/u_aes/U8900/SO (HADDX1_RVT)                          0.1040     1.9530 r
  u_ctrl/u_aes/U8901/A2 (NAND2X0_RVT)                         0.0000     1.9530 r
  u_ctrl/u_aes/U8901/Y (NAND2X0_RVT)                          0.0342     1.9872 f
  u_ctrl/u_aes/U8943/A1 (NAND3X0_RVT)                         0.0000     1.9872 f
  u_ctrl/u_aes/U8943/Y (NAND3X0_RVT)                          0.0376     2.0247 r
  u_ctrl/u_aes/state_reg_40_/D (SDFFARX1_RVT)                 0.0000     2.0247 r
  data arrival time                                                      2.0247

  clock clk_fast_aes (rise edge)                              1.8250     1.8250
  clock network delay (ideal)                                 0.0000     1.8250
  u_ctrl/u_aes/state_reg_40_/CLK (SDFFARX1_RVT)                          1.8250 r
  clock reconvergence pessimism                               0.0000     1.8250
  clock uncertainty                                          -0.2000     1.6250
  library setup time                                         -0.1309     1.4941
  data required time                                                     1.4941
  ------------------------------------------------------------------------------------
  data required time                                                     1.4941
  data arrival time                                                     -2.0247
  ------------------------------------------------------------------------------------
  slack (VIOLATED)                                                      -0.5306


  Startpoint: u_ctrl/u_aes/state_reg_71_ (rising edge-triggered flip-flop clocked by clk_fast_aes)
  Endpoint: u_ctrl/u_aes/state_reg_32_ (rising edge-triggered flip-flop clocked by clk_fast_aes)
  Path Group: clk_fast_aes
  Path Type: max

  Point                                                         Incr       Path
  ------------------------------------------------------------------------------------
  clock clk_fast_aes (rise edge)                              0.0000     0.0000
  clock network delay (ideal)                                 0.0000     0.0000
  u_ctrl/u_aes/state_reg_71_/CLK (SDFFARX1_RVT)               0.0000     0.0000 r
  u_ctrl/u_aes/state_reg_71_/Q (SDFFARX1_RVT)                 0.1877     0.1877 f
  u_ctrl/u_aes/U4178/A (NBUFFX2_RVT)                          0.0000     0.1877 f
  u_ctrl/u_aes/U4178/Y (NBUFFX2_RVT)                          0.0733     0.2610 f
  u_ctrl/u_aes/U8338/A (INVX0_RVT)                            0.0000     0.2610 f
  u_ctrl/u_aes/U8338/Y (INVX0_RVT)                            0.0600     0.3211 r
  u_ctrl/u_aes/U365/A (NBUFFX2_RVT)                           0.0000     0.3211 r
  u_ctrl/u_aes/U365/Y (NBUFFX2_RVT)                           0.0634     0.3845 r
  u_ctrl/u_aes/U4179/A1 (NAND2X0_RVT)                         0.0000     0.3845 r
  u_ctrl/u_aes/U4179/Y (NAND2X0_RVT)                          0.0398     0.4243 f
  u_ctrl/u_aes/U182/A (DELLN3X2_RVT)                          0.0000     0.4243 f
  u_ctrl/u_aes/U182/Y (DELLN3X2_RVT)                          0.5376     0.9619 f
  u_ctrl/u_aes/U4253/A2 (OA22X1_RVT)                          0.0000     0.9619 f
  u_ctrl/u_aes/U4253/Y (OA22X1_RVT)                           0.0877     1.0496 f
  u_ctrl/u_aes/U4254/A1 (AO222X1_RVT)                         0.0000     1.0496 f
  u_ctrl/u_aes/U4254/Y (AO222X1_RVT)                          0.1107     1.1603 f
  u_ctrl/u_aes/U4256/A2 (NAND3X0_RVT)                         0.0000     1.1603 f
  u_ctrl/u_aes/U4256/Y (NAND3X0_RVT)                          0.0397     1.2001 r
  u_ctrl/u_aes/U4257/A2 (NAND2X0_RVT)                         0.0000     1.2001 r
  u_ctrl/u_aes/U4257/Y (NAND2X0_RVT)                          0.0390     1.2390 f
  u_ctrl/u_aes/U4258/A4 (AO22X1_RVT)                          0.0000     1.2390 f
  u_ctrl/u_aes/U4258/Y (AO22X1_RVT)                           0.0639     1.3029 f
  u_ctrl/u_aes/U4259/A4 (OA22X1_RVT)                          0.0000     1.3029 f
  u_ctrl/u_aes/U4259/Y (OA22X1_RVT)                           0.0609     1.3638 f
  u_ctrl/u_aes/U4260/A5 (OA222X1_RVT)                         0.0000     1.3638 f
  u_ctrl/u_aes/U4260/Y (OA222X1_RVT)                          0.1045     1.4683 f
  u_ctrl/u_aes/U1278/A (INVX0_RVT)                            0.0000     1.4683 f
  u_ctrl/u_aes/U1278/Y (INVX0_RVT)                            0.0471     1.5154 r
  u_ctrl/u_aes/U94/A1 (AO22X1_RVT)                            0.0000     1.5154 r
  u_ctrl/u_aes/U94/Y (AO22X1_RVT)                             0.1153     1.6307 r
  u_ctrl/u_aes/U17/A1 (XOR3X1_RVT)                            0.0000     1.6307 r
  u_ctrl/u_aes/U17/Y (XOR3X1_RVT)                             0.1897     1.8205 f
  u_ctrl/u_aes/U9104/B0 (HADDX1_RVT)                          0.0000     1.8205 f
  u_ctrl/u_aes/U9104/SO (HADDX1_RVT)                          0.1041     1.9245 r
  u_ctrl/u_aes/U9105/A2 (NAND2X0_RVT)                         0.0000     1.9245 r
  u_ctrl/u_aes/U9105/Y (NAND2X0_RVT)                          0.0342     1.9587 f
  u_ctrl/u_aes/U9108/A1 (NAND3X0_RVT)                         0.0000     1.9587 f
  u_ctrl/u_aes/U9108/Y (NAND3X0_RVT)                          0.0376     1.9962 r
  u_ctrl/u_aes/state_reg_32_/D (SDFFARX1_RVT)                 0.0000     1.9962 r
  data arrival time                                                      1.9962

  clock clk_fast_aes (rise edge)                              1.8250     1.8250
  clock network delay (ideal)                                 0.0000     1.8250
  u_ctrl/u_aes/state_reg_32_/CLK (SDFFARX1_RVT)                          1.8250 r
  clock reconvergence pessimism                               0.0000     1.8250
  clock uncertainty                                          -0.2000     1.6250
  library setup time                                         -0.1305     1.4945
  data required time                                                     1.4945
  ------------------------------------------------------------------------------------
  data required time                                                     1.4945
  data arrival time                                                     -1.9962
  ------------------------------------------------------------------------------------
  slack (VIOLATED)                                                      -0.5018


  Startpoint: u_ctrl/u_aes/state_reg_71_ (rising edge-triggered flip-flop clocked by clk_fast_aes)
  Endpoint: u_ctrl/u_aes/state_reg_35_ (rising edge-triggered flip-flop clocked by clk_fast_aes)
  Path Group: clk_fast_aes
  Path Type: max

  Point                                                         Incr       Path
  ------------------------------------------------------------------------------------
  clock clk_fast_aes (rise edge)                              0.0000     0.0000
  clock network delay (ideal)                                 0.0000     0.0000
  u_ctrl/u_aes/state_reg_71_/CLK (SDFFARX1_RVT)               0.0000     0.0000 r
  u_ctrl/u_aes/state_reg_71_/Q (SDFFARX1_RVT)                 0.1877     0.1877 f
  u_ctrl/u_aes/U4178/A (NBUFFX2_RVT)                          0.0000     0.1877 f
  u_ctrl/u_aes/U4178/Y (NBUFFX2_RVT)                          0.0733     0.2610 f
  u_ctrl/u_aes/U8338/A (INVX0_RVT)                            0.0000     0.2610 f
  u_ctrl/u_aes/U8338/Y (INVX0_RVT)                            0.0600     0.3211 r
  u_ctrl/u_aes/U365/A (NBUFFX2_RVT)                           0.0000     0.3211 r
  u_ctrl/u_aes/U365/Y (NBUFFX2_RVT)                           0.0634     0.3845 r
  u_ctrl/u_aes/U4179/A1 (NAND2X0_RVT)                         0.0000     0.3845 r
  u_ctrl/u_aes/U4179/Y (NAND2X0_RVT)                          0.0398     0.4243 f
  u_ctrl/u_aes/U182/A (DELLN3X2_RVT)                          0.0000     0.4243 f
  u_ctrl/u_aes/U182/Y (DELLN3X2_RVT)                          0.5376     0.9619 f
  u_ctrl/u_aes/U4253/A2 (OA22X1_RVT)                          0.0000     0.9619 f
  u_ctrl/u_aes/U4253/Y (OA22X1_RVT)                           0.0877     1.0496 f
  u_ctrl/u_aes/U4254/A1 (AO222X1_RVT)                         0.0000     1.0496 f
  u_ctrl/u_aes/U4254/Y (AO222X1_RVT)                          0.1107     1.1603 f
  u_ctrl/u_aes/U9409/A1 (OA22X1_RVT)                          0.0000     1.1603 f
  u_ctrl/u_aes/U9409/Y (OA22X1_RVT)                           0.0868     1.2471 f
  u_ctrl/u_aes/U9411/A2 (NAND4X0_RVT)                         0.0000     1.2471 f
  u_ctrl/u_aes/U9411/Y (NAND4X0_RVT)                          0.0414     1.2886 r
  u_ctrl/u_aes/U9417/A2 (OA22X1_RVT)                          0.0000     1.2886 r
  u_ctrl/u_aes/U9417/Y (OA22X1_RVT)                           0.0769     1.3654 r
  u_ctrl/u_aes/U9432/A2 (AO22X1_RVT)                          0.0000     1.3654 r
  u_ctrl/u_aes/U9432/Y (AO22X1_RVT)                           0.1062     1.4717 r
  u_ctrl/u_aes/U9498/A0 (HADDX1_RVT)                          0.0000     1.4717 r
  u_ctrl/u_aes/U9498/SO (HADDX1_RVT)                          0.1345     1.6061 f
  u_ctrl/u_aes/U90/A1 (XOR3X1_RVT)                            0.0000     1.6061 f
  u_ctrl/u_aes/U90/Y (XOR3X1_RVT)                             0.1905     1.7966 f
  u_ctrl/u_aes/U82/A3 (XOR3X1_RVT)                            0.0000     1.7966 f
  u_ctrl/u_aes/U82/Y (XOR3X1_RVT)                             0.0632     1.8598 f
  u_ctrl/u_aes/U1177/A1 (OA22X1_RVT)                          0.0000     1.8598 f
  u_ctrl/u_aes/U1177/Y (OA22X1_RVT)                           0.0862     1.9460 f
  u_ctrl/u_aes/U9562/A1 (NAND2X0_RVT)                         0.0000     1.9460 f
  u_ctrl/u_aes/U9562/Y (NAND2X0_RVT)                          0.0377     1.9837 r
  u_ctrl/u_aes/state_reg_35_/D (SDFFARX1_RVT)                 0.0000     1.9837 r
  data arrival time                                                      1.9837

  clock clk_fast_aes (rise edge)                              1.8250     1.8250
  clock network delay (ideal)                                 0.0000     1.8250
  u_ctrl/u_aes/state_reg_35_/CLK (SDFFARX1_RVT)                          1.8250 r
  clock reconvergence pessimism                               0.0000     1.8250
  clock uncertainty                                          -0.2000     1.6250
  library setup time                                         -0.1337     1.4913
  data required time                                                     1.4913
  ------------------------------------------------------------------------------------
  data required time                                                     1.4913
  data arrival time                                                     -1.9837
  ------------------------------------------------------------------------------------
  slack (VIOLATED)                                                      -0.4924


  Startpoint: u_ctrl/u_aes/state_reg_71_ (rising edge-triggered flip-flop clocked by clk_fast_aes)
  Endpoint: u_ctrl/u_aes/state_reg_52_ (rising edge-triggered flip-flop clocked by clk_fast_aes)
  Path Group: clk_fast_aes
  Path Type: max

  Point                                                         Incr       Path
  ------------------------------------------------------------------------------------
  clock clk_fast_aes (rise edge)                              0.0000     0.0000
  clock network delay (ideal)                                 0.0000     0.0000
  u_ctrl/u_aes/state_reg_71_/CLK (SDFFARX1_RVT)               0.0000     0.0000 r
  u_ctrl/u_aes/state_reg_71_/Q (SDFFARX1_RVT)                 0.1877     0.1877 f
  u_ctrl/u_aes/U4178/A (NBUFFX2_RVT)                          0.0000     0.1877 f
  u_ctrl/u_aes/U4178/Y (NBUFFX2_RVT)                          0.0733     0.2610 f
  u_ctrl/u_aes/U8338/A (INVX0_RVT)                            0.0000     0.2610 f
  u_ctrl/u_aes/U8338/Y (INVX0_RVT)                            0.0600     0.3211 r
  u_ctrl/u_aes/U365/A (NBUFFX2_RVT)                           0.0000     0.3211 r
  u_ctrl/u_aes/U365/Y (NBUFFX2_RVT)                           0.0634     0.3845 r
  u_ctrl/u_aes/U4179/A1 (NAND2X0_RVT)                         0.0000     0.3845 r
  u_ctrl/u_aes/U4179/Y (NAND2X0_RVT)                          0.0398     0.4243 f
  u_ctrl/u_aes/U182/A (DELLN3X2_RVT)                          0.0000     0.4243 f
  u_ctrl/u_aes/U182/Y (DELLN3X2_RVT)                          0.5376     0.9619 f
  u_ctrl/u_aes/U4253/A2 (OA22X1_RVT)                          0.0000     0.9619 f
  u_ctrl/u_aes/U4253/Y (OA22X1_RVT)                           0.0877     1.0496 f
  u_ctrl/u_aes/U8986/A (INVX0_RVT)                            0.0000     1.0496 f
  u_ctrl/u_aes/U8986/Y (INVX0_RVT)                            0.0303     1.0799 r
  u_ctrl/u_aes/U8990/A1 (NAND3X0_RVT)                         0.0000     1.0799 r
  u_ctrl/u_aes/U8990/Y (NAND3X0_RVT)                          0.0410     1.1209 f
  u_ctrl/u_aes/U8991/A4 (NAND4X0_RVT)                         0.0000     1.1209 f
  u_ctrl/u_aes/U8991/Y (NAND4X0_RVT)                          0.0542     1.1751 r
  u_ctrl/u_aes/U8992/A4 (OA22X1_RVT)                          0.0000     1.1751 r
  u_ctrl/u_aes/U8992/Y (OA22X1_RVT)                           0.0676     1.2428 r
  u_ctrl/u_aes/U263/A5 (AO222X2_RVT)                          0.0000     1.2428 r
  u_ctrl/u_aes/U263/Y (AO222X2_RVT)                           0.1081     1.3509 r
  u_ctrl/u_aes/U1249/A (INVX0_RVT)                            0.0000     1.3509 r
  u_ctrl/u_aes/U1249/Y (INVX0_RVT)                            0.0255     1.3763 f
  u_ctrl/u_aes/U8994/A4 (OA22X1_RVT)                          0.0000     1.3763 f
  u_ctrl/u_aes/U8994/Y (OA22X1_RVT)                           0.0686     1.4449 f
  u_ctrl/u_aes/U1206/A (INVX0_RVT)                            0.0000     1.4449 f
  u_ctrl/u_aes/U1206/Y (INVX0_RVT)                            0.0484     1.4933 r
  u_ctrl/u_aes/U46/A1 (XOR3X1_RVT)                            0.0000     1.4933 r
  u_ctrl/u_aes/U46/Y (XOR3X1_RVT)                             0.1922     1.6855 f
  u_ctrl/u_aes/U10435/B (FADDX1_RVT)                          0.0000     1.6855 f
  u_ctrl/u_aes/U10435/S (FADDX1_RVT)                          0.1394     1.8250 r
  u_ctrl/u_aes/U10436/A4 (AO22X1_RVT)                         0.0000     1.8250 r
  u_ctrl/u_aes/U10436/Y (AO22X1_RVT)                          0.0670     1.8919 r
  u_ctrl/u_aes/U10437/A5 (AO221X1_RVT)                        0.0000     1.8919 r
  u_ctrl/u_aes/U10437/Y (AO221X1_RVT)                         0.0758     1.9677 r
  u_ctrl/u_aes/state_reg_52_/D (SDFFARX1_RVT)                 0.0000     1.9677 r
  data arrival time                                                      1.9677

  clock clk_fast_aes (rise edge)                              1.8250     1.8250
  clock network delay (ideal)                                 0.0000     1.8250
  u_ctrl/u_aes/state_reg_52_/CLK (SDFFARX1_RVT)                          1.8250 r
  clock reconvergence pessimism                               0.0000     1.8250
  clock uncertainty                                          -0.2000     1.6250
  library setup time                                         -0.1304     1.4946
  data required time                                                     1.4946
  ------------------------------------------------------------------------------------
  data required time                                                     1.4946
  data arrival time                                                     -1.9677
  ------------------------------------------------------------------------------------
  slack (VIOLATED)                                                      -0.4732


  Startpoint: u_ctrl/u_aes/state_reg_56_ (rising edge-triggered flip-flop clocked by clk_fast_aes)
  Endpoint: u_ctrl/u_aes/state_reg_33_ (rising edge-triggered flip-flop clocked by clk_fast_aes)
  Path Group: clk_fast_aes
  Path Type: max

  Point                                                         Incr       Path
  ------------------------------------------------------------------------------------
  clock clk_fast_aes (rise edge)                              0.0000     0.0000
  clock network delay (ideal)                                 0.0000     0.0000
  u_ctrl/u_aes/state_reg_56_/CLK (SDFFARX1_RVT)               0.0000     0.0000 r
  u_ctrl/u_aes/state_reg_56_/QN (SDFFARX1_RVT)                0.1130     0.1130 r
  u_ctrl/u_aes/U2565/A (INVX0_RVT)                            0.0000     0.1130 r
  u_ctrl/u_aes/U2565/Y (INVX0_RVT)                            0.0401     0.1531 f
  u_ctrl/u_aes/U832/A (DELLN3X2_RVT)                          0.0000     0.1531 f
  u_ctrl/u_aes/U832/Y (DELLN3X2_RVT)                          0.5290     0.6821 f
  u_ctrl/u_aes/U823/A (NBUFFX2_RVT)                           0.0000     0.6821 f
  u_ctrl/u_aes/U823/Y (NBUFFX2_RVT)                           0.0493     0.7314 f
  u_ctrl/u_aes/U2365/A1 (NAND4X1_RVT)                         0.0000     0.7314 f
  u_ctrl/u_aes/U2365/Y (NAND4X1_RVT)                          0.1152     0.8466 r
  u_ctrl/u_aes/U9206/A2 (OA221X1_RVT)                         0.0000     0.8466 r
  u_ctrl/u_aes/U9206/Y (OA221X1_RVT)                          0.0910     0.9376 r
  u_ctrl/u_aes/U9207/A1 (AND2X1_RVT)                          0.0000     0.9376 r
  u_ctrl/u_aes/U9207/Y (AND2X1_RVT)                           0.0501     0.9877 r
  u_ctrl/u_aes/U9208/A1 (AND2X1_RVT)                          0.0000     0.9877 r
  u_ctrl/u_aes/U9208/Y (AND2X1_RVT)                           0.0471     1.0348 r
  u_ctrl/u_aes/U9209/A2 (NAND4X0_RVT)                         0.0000     1.0348 r
  u_ctrl/u_aes/U9209/Y (NAND4X0_RVT)                          0.0526     1.0874 f
  u_ctrl/u_aes/U9217/A2 (OA22X1_RVT)                          0.0000     1.0874 f
  u_ctrl/u_aes/U9217/Y (OA22X1_RVT)                           0.0844     1.1718 f
  u_ctrl/u_aes/U9238/A2 (AO22X1_RVT)                          0.0000     1.1718 f
  u_ctrl/u_aes/U9238/Y (AO22X1_RVT)                           0.0881     1.2598 f
  u_ctrl/u_aes/U9277/A0 (HADDX1_RVT)                          0.0000     1.2598 f
  u_ctrl/u_aes/U9277/SO (HADDX1_RVT)                          0.1293     1.3891 r
  u_ctrl/u_aes/U1254/A2 (XOR3X1_RVT)                          0.0000     1.3891 r
  u_ctrl/u_aes/U1254/Y (XOR3X1_RVT)                           0.2044     1.5935 f
  u_ctrl/u_aes/U9279/A (FADDX1_RVT)                           0.0000     1.5935 f
  u_ctrl/u_aes/U9279/S (FADDX1_RVT)                           0.1544     1.7479 r
  u_ctrl/u_aes/U9280/B0 (HADDX1_RVT)                          0.0000     1.7479 r
  u_ctrl/u_aes/U9280/SO (HADDX1_RVT)                          0.0988     1.8467 f
  u_ctrl/u_aes/U9281/A1 (OA22X1_RVT)                          0.0000     1.8467 f
  u_ctrl/u_aes/U9281/Y (OA22X1_RVT)                           0.0801     1.9268 f
  u_ctrl/u_aes/U9321/A1 (NAND2X0_RVT)                         0.0000     1.9268 f
  u_ctrl/u_aes/U9321/Y (NAND2X0_RVT)                          0.0377     1.9645 r
  u_ctrl/u_aes/state_reg_33_/D (SDFFARX1_RVT)                 0.0000     1.9645 r
  data arrival time                                                      1.9645

  clock clk_fast_aes (rise edge)                              1.8250     1.8250
  clock network delay (ideal)                                 0.0000     1.8250
  u_ctrl/u_aes/state_reg_33_/CLK (SDFFARX1_RVT)                          1.8250 r
  clock reconvergence pessimism                               0.0000     1.8250
  clock uncertainty                                          -0.2000     1.6250
  library setup time                                         -0.1332     1.4918
  data required time                                                     1.4918
  ------------------------------------------------------------------------------------
  data required time                                                     1.4918
  data arrival time                                                     -1.9645
  ------------------------------------------------------------------------------------
  slack (VIOLATED)                                                      -0.4727


  Startpoint: u_ctrl/u_aes/state_reg_71_ (rising edge-triggered flip-flop clocked by clk_fast_aes)
  Endpoint: u_ctrl/u_aes/state_reg_43_ (rising edge-triggered flip-flop clocked by clk_fast_aes)
  Path Group: clk_fast_aes
  Path Type: max

  Point                                                         Incr       Path
  ------------------------------------------------------------------------------------
  clock clk_fast_aes (rise edge)                              0.0000     0.0000
  clock network delay (ideal)                                 0.0000     0.0000
  u_ctrl/u_aes/state_reg_71_/CLK (SDFFARX1_RVT)               0.0000     0.0000 r
  u_ctrl/u_aes/state_reg_71_/Q (SDFFARX1_RVT)                 0.1877     0.1877 f
  u_ctrl/u_aes/U4178/A (NBUFFX2_RVT)                          0.0000     0.1877 f
  u_ctrl/u_aes/U4178/Y (NBUFFX2_RVT)                          0.0733     0.2610 f
  u_ctrl/u_aes/U8338/A (INVX0_RVT)                            0.0000     0.2610 f
  u_ctrl/u_aes/U8338/Y (INVX0_RVT)                            0.0600     0.3211 r
  u_ctrl/u_aes/U365/A (NBUFFX2_RVT)                           0.0000     0.3211 r
  u_ctrl/u_aes/U365/Y (NBUFFX2_RVT)                           0.0634     0.3845 r
  u_ctrl/u_aes/U4179/A1 (NAND2X0_RVT)                         0.0000     0.3845 r
  u_ctrl/u_aes/U4179/Y (NAND2X0_RVT)                          0.0398     0.4243 f
  u_ctrl/u_aes/U182/A (DELLN3X2_RVT)                          0.0000     0.4243 f
  u_ctrl/u_aes/U182/Y (DELLN3X2_RVT)                          0.5376     0.9619 f
  u_ctrl/u_aes/U4253/A2 (OA22X1_RVT)                          0.0000     0.9619 f
  u_ctrl/u_aes/U4253/Y (OA22X1_RVT)                           0.0877     1.0496 f
  u_ctrl/u_aes/U4254/A1 (AO222X1_RVT)                         0.0000     1.0496 f
  u_ctrl/u_aes/U4254/Y (AO222X1_RVT)                          0.1107     1.1603 f
  u_ctrl/u_aes/U4256/A2 (NAND3X0_RVT)                         0.0000     1.1603 f
  u_ctrl/u_aes/U4256/Y (NAND3X0_RVT)                          0.0397     1.2001 r
  u_ctrl/u_aes/U4257/A2 (NAND2X0_RVT)                         0.0000     1.2001 r
  u_ctrl/u_aes/U4257/Y (NAND2X0_RVT)                          0.0390     1.2390 f
  u_ctrl/u_aes/U4258/A4 (AO22X1_RVT)                          0.0000     1.2390 f
  u_ctrl/u_aes/U4258/Y (AO22X1_RVT)                           0.0639     1.3029 f
  u_ctrl/u_aes/U4259/A4 (OA22X1_RVT)                          0.0000     1.3029 f
  u_ctrl/u_aes/U4259/Y (OA22X1_RVT)                           0.0609     1.3638 f
  u_ctrl/u_aes/U4260/A5 (OA222X1_RVT)                         0.0000     1.3638 f
  u_ctrl/u_aes/U4260/Y (OA222X1_RVT)                          0.1045     1.4683 f
  u_ctrl/u_aes/U1278/A (INVX0_RVT)                            0.0000     1.4683 f
  u_ctrl/u_aes/U1278/Y (INVX0_RVT)                            0.0471     1.5154 r
  u_ctrl/u_aes/U517/A1 (AO22X1_RVT)                           0.0000     1.5154 r
  u_ctrl/u_aes/U517/Y (AO22X1_RVT)                            0.1281     1.6435 r
  u_ctrl/u_aes/U980/A2 (XOR3X1_RVT)                           0.0000     1.6435 r
  u_ctrl/u_aes/U980/Y (XOR3X1_RVT)                            0.2000     1.8435 f
  u_ctrl/u_aes/U1168/A2 (OA22X1_RVT)                          0.0000     1.8435 f
  u_ctrl/u_aes/U1168/Y (OA22X1_RVT)                           0.0755     1.9190 f
  u_ctrl/u_aes/U9589/A1 (NAND2X0_RVT)                         0.0000     1.9190 f
  u_ctrl/u_aes/U9589/Y (NAND2X0_RVT)                          0.0373     1.9563 r
  u_ctrl/u_aes/state_reg_43_/D (SDFFARX1_RVT)                 0.0000     1.9563 r
  data arrival time                                                      1.9563

  clock clk_fast_aes (rise edge)                              1.8250     1.8250
  clock network delay (ideal)                                 0.0000     1.8250
  u_ctrl/u_aes/state_reg_43_/CLK (SDFFARX1_RVT)                          1.8250 r
  clock reconvergence pessimism                               0.0000     1.8250
  clock uncertainty                                          -0.2000     1.6250
  library setup time                                         -0.1317     1.4933
  data required time                                                     1.4933
  ------------------------------------------------------------------------------------
  data required time                                                     1.4933
  data arrival time                                                     -1.9563
  ------------------------------------------------------------------------------------
  slack (VIOLATED)                                                      -0.4630


  Startpoint: u_ctrl/u_aes/state_reg_71_ (rising edge-triggered flip-flop clocked by clk_fast_aes)
  Endpoint: u_ctrl/u_aes/state_reg_41_ (rising edge-triggered flip-flop clocked by clk_fast_aes)
  Path Group: clk_fast_aes
  Path Type: max

  Point                                                         Incr       Path
  ------------------------------------------------------------------------------------
  clock clk_fast_aes (rise edge)                              0.0000     0.0000
  clock network delay (ideal)                                 0.0000     0.0000
  u_ctrl/u_aes/state_reg_71_/CLK (SDFFARX1_RVT)               0.0000     0.0000 r
  u_ctrl/u_aes/state_reg_71_/Q (SDFFARX1_RVT)                 0.1877     0.1877 f
  u_ctrl/u_aes/U4178/A (NBUFFX2_RVT)                          0.0000     0.1877 f
  u_ctrl/u_aes/U4178/Y (NBUFFX2_RVT)                          0.0733     0.2610 f
  u_ctrl/u_aes/U8338/A (INVX0_RVT)                            0.0000     0.2610 f
  u_ctrl/u_aes/U8338/Y (INVX0_RVT)                            0.0600     0.3211 r
  u_ctrl/u_aes/U365/A (NBUFFX2_RVT)                           0.0000     0.3211 r
  u_ctrl/u_aes/U365/Y (NBUFFX2_RVT)                           0.0634     0.3845 r
  u_ctrl/u_aes/U4179/A1 (NAND2X0_RVT)                         0.0000     0.3845 r
  u_ctrl/u_aes/U4179/Y (NAND2X0_RVT)                          0.0398     0.4243 f
  u_ctrl/u_aes/U182/A (DELLN3X2_RVT)                          0.0000     0.4243 f
  u_ctrl/u_aes/U182/Y (DELLN3X2_RVT)                          0.5376     0.9619 f
  u_ctrl/u_aes/U4253/A2 (OA22X1_RVT)                          0.0000     0.9619 f
  u_ctrl/u_aes/U4253/Y (OA22X1_RVT)                           0.0877     1.0496 f
  u_ctrl/u_aes/U4254/A1 (AO222X1_RVT)                         0.0000     1.0496 f
  u_ctrl/u_aes/U4254/Y (AO222X1_RVT)                          0.1107     1.1603 f
  u_ctrl/u_aes/U4256/A2 (NAND3X0_RVT)                         0.0000     1.1603 f
  u_ctrl/u_aes/U4256/Y (NAND3X0_RVT)                          0.0397     1.2001 r
  u_ctrl/u_aes/U4257/A2 (NAND2X0_RVT)                         0.0000     1.2001 r
  u_ctrl/u_aes/U4257/Y (NAND2X0_RVT)                          0.0390     1.2390 f
  u_ctrl/u_aes/U4258/A4 (AO22X1_RVT)                          0.0000     1.2390 f
  u_ctrl/u_aes/U4258/Y (AO22X1_RVT)                           0.0639     1.3029 f
  u_ctrl/u_aes/U4259/A4 (OA22X1_RVT)                          0.0000     1.3029 f
  u_ctrl/u_aes/U4259/Y (OA22X1_RVT)                           0.0609     1.3638 f
  u_ctrl/u_aes/U4260/A5 (OA222X1_RVT)                         0.0000     1.3638 f
  u_ctrl/u_aes/U4260/Y (OA222X1_RVT)                          0.1045     1.4683 f
  u_ctrl/u_aes/U1278/A (INVX0_RVT)                            0.0000     1.4683 f
  u_ctrl/u_aes/U1278/Y (INVX0_RVT)                            0.0471     1.5154 r
  u_ctrl/u_aes/U517/A1 (AO22X1_RVT)                           0.0000     1.5154 r
  u_ctrl/u_aes/U517/Y (AO22X1_RVT)                            0.1281     1.6435 r
  u_ctrl/u_aes/U981/A1 (XOR3X1_RVT)                           0.0000     1.6435 r
  u_ctrl/u_aes/U981/Y (XOR3X1_RVT)                            0.1886     1.8321 f
  u_ctrl/u_aes/U9569/A1 (OA22X1_RVT)                          0.0000     1.8321 f
  u_ctrl/u_aes/U9569/Y (OA22X1_RVT)                           0.0862     1.9183 f
  u_ctrl/u_aes/U9571/A1 (NAND2X0_RVT)                         0.0000     1.9183 f
  u_ctrl/u_aes/U9571/Y (NAND2X0_RVT)                          0.0375     1.9558 r
  u_ctrl/u_aes/state_reg_41_/D (SDFFARX1_RVT)                 0.0000     1.9558 r
  data arrival time                                                      1.9558

  clock clk_fast_aes (rise edge)                              1.8250     1.8250
  clock network delay (ideal)                                 0.0000     1.8250
  u_ctrl/u_aes/state_reg_41_/CLK (SDFFARX1_RVT)                          1.8250 r
  clock reconvergence pessimism                               0.0000     1.8250
  clock uncertainty                                          -0.2000     1.6250
  library setup time                                         -0.1297     1.4953
  data required time                                                     1.4953
  ------------------------------------------------------------------------------------
  data required time                                                     1.4953
  data arrival time                                                     -1.9558
  ------------------------------------------------------------------------------------
  slack (VIOLATED)                                                      -0.4605


  Startpoint: u_ctrl/u_aes/state_reg_71_ (rising edge-triggered flip-flop clocked by clk_fast_aes)
  Endpoint: u_ctrl/u_aes/state_reg_47_ (rising edge-triggered flip-flop clocked by clk_fast_aes)
  Path Group: clk_fast_aes
  Path Type: max

  Point                                                         Incr       Path
  ------------------------------------------------------------------------------------
  clock clk_fast_aes (rise edge)                              0.0000     0.0000
  clock network delay (ideal)                                 0.0000     0.0000
  u_ctrl/u_aes/state_reg_71_/CLK (SDFFARX1_RVT)               0.0000     0.0000 r
  u_ctrl/u_aes/state_reg_71_/Q (SDFFARX1_RVT)                 0.1877     0.1877 f
  u_ctrl/u_aes/U4178/A (NBUFFX2_RVT)                          0.0000     0.1877 f
  u_ctrl/u_aes/U4178/Y (NBUFFX2_RVT)                          0.0733     0.2610 f
  u_ctrl/u_aes/U8338/A (INVX0_RVT)                            0.0000     0.2610 f
  u_ctrl/u_aes/U8338/Y (INVX0_RVT)                            0.0600     0.3211 r
  u_ctrl/u_aes/U365/A (NBUFFX2_RVT)                           0.0000     0.3211 r
  u_ctrl/u_aes/U365/Y (NBUFFX2_RVT)                           0.0634     0.3845 r
  u_ctrl/u_aes/U4179/A1 (NAND2X0_RVT)                         0.0000     0.3845 r
  u_ctrl/u_aes/U4179/Y (NAND2X0_RVT)                          0.0398     0.4243 f
  u_ctrl/u_aes/U182/A (DELLN3X2_RVT)                          0.0000     0.4243 f
  u_ctrl/u_aes/U182/Y (DELLN3X2_RVT)                          0.5376     0.9619 f
  u_ctrl/u_aes/U4253/A2 (OA22X1_RVT)                          0.0000     0.9619 f
  u_ctrl/u_aes/U4253/Y (OA22X1_RVT)                           0.0877     1.0496 f
  u_ctrl/u_aes/U4254/A1 (AO222X1_RVT)                         0.0000     1.0496 f
  u_ctrl/u_aes/U4254/Y (AO222X1_RVT)                          0.1107     1.1603 f
  u_ctrl/u_aes/U4256/A2 (NAND3X0_RVT)                         0.0000     1.1603 f
  u_ctrl/u_aes/U4256/Y (NAND3X0_RVT)                          0.0397     1.2001 r
  u_ctrl/u_aes/U4257/A2 (NAND2X0_RVT)                         0.0000     1.2001 r
  u_ctrl/u_aes/U4257/Y (NAND2X0_RVT)                          0.0390     1.2390 f
  u_ctrl/u_aes/U4258/A4 (AO22X1_RVT)                          0.0000     1.2390 f
  u_ctrl/u_aes/U4258/Y (AO22X1_RVT)                           0.0639     1.3029 f
  u_ctrl/u_aes/U4259/A4 (OA22X1_RVT)                          0.0000     1.3029 f
  u_ctrl/u_aes/U4259/Y (OA22X1_RVT)                           0.0609     1.3638 f
  u_ctrl/u_aes/U4260/A5 (OA222X1_RVT)                         0.0000     1.3638 f
  u_ctrl/u_aes/U4260/Y (OA222X1_RVT)                          0.1045     1.4683 f
  u_ctrl/u_aes/U1278/A (INVX0_RVT)                            0.0000     1.4683 f
  u_ctrl/u_aes/U1278/Y (INVX0_RVT)                            0.0471     1.5154 r
  u_ctrl/u_aes/U10438/A1 (AO22X1_RVT)                         0.0000     1.5154 r
  u_ctrl/u_aes/U10438/Y (AO22X1_RVT)                          0.0938     1.6092 r
  u_ctrl/u_aes/U10442/A (FADDX1_RVT)                          0.0000     1.6092 r
  u_ctrl/u_aes/U10442/S (FADDX1_RVT)                          0.1519     1.7611 f
  u_ctrl/u_aes/U2616/A2 (XOR2X1_RVT)                          0.0000     1.7611 f
  u_ctrl/u_aes/U2616/Y (XOR2X1_RVT)                           0.1194     1.8805 r
  u_ctrl/u_aes/U1170/A2 (AO21X1_RVT)                          0.0000     1.8805 r
  u_ctrl/u_aes/U1170/Y (AO21X1_RVT)                           0.0772     1.9577 r
  u_ctrl/u_aes/state_reg_47_/D (SDFFARX1_RVT)                 0.0000     1.9577 r
  data arrival time                                                      1.9577

  clock clk_fast_aes (rise edge)                              1.8250     1.8250
  clock network delay (ideal)                                 0.0000     1.8250
  u_ctrl/u_aes/state_reg_47_/CLK (SDFFARX1_RVT)                          1.8250 r
  clock reconvergence pessimism                               0.0000     1.8250
  clock uncertainty                                          -0.2000     1.6250
  library setup time                                         -0.1277     1.4973
  data required time                                                     1.4973
  ------------------------------------------------------------------------------------
  data required time                                                     1.4973
  data arrival time                                                     -1.9577
  ------------------------------------------------------------------------------------
  slack (VIOLATED)                                                      -0.4604


  Startpoint: u_ctrl/u_aes/state_reg_71_ (rising edge-triggered flip-flop clocked by clk_fast_aes)
  Endpoint: u_ctrl/u_aes/state_reg_36_ (rising edge-triggered flip-flop clocked by clk_fast_aes)
  Path Group: clk_fast_aes
  Path Type: max

  Point                                                         Incr       Path
  ------------------------------------------------------------------------------------
  clock clk_fast_aes (rise edge)                              0.0000     0.0000
  clock network delay (ideal)                                 0.0000     0.0000
  u_ctrl/u_aes/state_reg_71_/CLK (SDFFARX1_RVT)               0.0000     0.0000 r
  u_ctrl/u_aes/state_reg_71_/Q (SDFFARX1_RVT)                 0.1877     0.1877 f
  u_ctrl/u_aes/U4178/A (NBUFFX2_RVT)                          0.0000     0.1877 f
  u_ctrl/u_aes/U4178/Y (NBUFFX2_RVT)                          0.0733     0.2610 f
  u_ctrl/u_aes/U8338/A (INVX0_RVT)                            0.0000     0.2610 f
  u_ctrl/u_aes/U8338/Y (INVX0_RVT)                            0.0600     0.3211 r
  u_ctrl/u_aes/U365/A (NBUFFX2_RVT)                           0.0000     0.3211 r
  u_ctrl/u_aes/U365/Y (NBUFFX2_RVT)                           0.0634     0.3845 r
  u_ctrl/u_aes/U4179/A1 (NAND2X0_RVT)                         0.0000     0.3845 r
  u_ctrl/u_aes/U4179/Y (NAND2X0_RVT)                          0.0398     0.4243 f
  u_ctrl/u_aes/U182/A (DELLN3X2_RVT)                          0.0000     0.4243 f
  u_ctrl/u_aes/U182/Y (DELLN3X2_RVT)                          0.5376     0.9619 f
  u_ctrl/u_aes/U4253/A2 (OA22X1_RVT)                          0.0000     0.9619 f
  u_ctrl/u_aes/U4253/Y (OA22X1_RVT)                           0.0877     1.0496 f
  u_ctrl/u_aes/U4254/A1 (AO222X1_RVT)                         0.0000     1.0496 f
  u_ctrl/u_aes/U4254/Y (AO222X1_RVT)                          0.1107     1.1603 f
  u_ctrl/u_aes/U4256/A2 (NAND3X0_RVT)                         0.0000     1.1603 f
  u_ctrl/u_aes/U4256/Y (NAND3X0_RVT)                          0.0397     1.2001 r
  u_ctrl/u_aes/U4257/A2 (NAND2X0_RVT)                         0.0000     1.2001 r
  u_ctrl/u_aes/U4257/Y (NAND2X0_RVT)                          0.0390     1.2390 f
  u_ctrl/u_aes/U4258/A4 (AO22X1_RVT)                          0.0000     1.2390 f
  u_ctrl/u_aes/U4258/Y (AO22X1_RVT)                           0.0639     1.3029 f
  u_ctrl/u_aes/U4259/A4 (OA22X1_RVT)                          0.0000     1.3029 f
  u_ctrl/u_aes/U4259/Y (OA22X1_RVT)                           0.0609     1.3638 f
  u_ctrl/u_aes/U4260/A5 (OA222X1_RVT)                         0.0000     1.3638 f
  u_ctrl/u_aes/U4260/Y (OA222X1_RVT)                          0.1045     1.4683 f
  u_ctrl/u_aes/U1278/A (INVX0_RVT)                            0.0000     1.4683 f
  u_ctrl/u_aes/U1278/Y (INVX0_RVT)                            0.0471     1.5154 r
  u_ctrl/u_aes/U94/A1 (AO22X1_RVT)                            0.0000     1.5154 r
  u_ctrl/u_aes/U94/Y (AO22X1_RVT)                             0.1153     1.6307 r
  u_ctrl/u_aes/U44/A1 (XOR3X1_RVT)                            0.0000     1.6307 r
  u_ctrl/u_aes/U44/Y (XOR3X1_RVT)                             0.1482     1.7789 r
  u_ctrl/u_aes/U10458/A4 (AO22X1_RVT)                         0.0000     1.7789 r
  u_ctrl/u_aes/U10458/Y (AO22X1_RVT)                          0.0702     1.8491 r
  u_ctrl/u_aes/U10459/A5 (AO221X1_RVT)                        0.0000     1.8491 r
  u_ctrl/u_aes/U10459/Y (AO221X1_RVT)                         0.0762     1.9253 r
  u_ctrl/u_aes/state_reg_36_/D (SDFFARX1_RVT)                 0.0000     1.9253 r
  data arrival time                                                      1.9253

  clock clk_fast_aes (rise edge)                              1.8250     1.8250
  clock network delay (ideal)                                 0.0000     1.8250
  u_ctrl/u_aes/state_reg_36_/CLK (SDFFARX1_RVT)                          1.8250 r
  clock reconvergence pessimism                               0.0000     1.8250
  clock uncertainty                                          -0.2000     1.6250
  library setup time                                         -0.1302     1.4948
  data required time                                                     1.4948
  ------------------------------------------------------------------------------------
  data required time                                                     1.4948
  data arrival time                                                     -1.9253
  ------------------------------------------------------------------------------------
  slack (VIOLATED)                                                      -0.4305


  Startpoint: u_ctrl/u_aes/state_reg_71_ (rising edge-triggered flip-flop clocked by clk_fast_aes)
  Endpoint: u_ctrl/u_aes/state_reg_42_ (rising edge-triggered flip-flop clocked by clk_fast_aes)
  Path Group: clk_fast_aes
  Path Type: max

  Point                                                         Incr       Path
  ------------------------------------------------------------------------------------
  clock clk_fast_aes (rise edge)                              0.0000     0.0000
  clock network delay (ideal)                                 0.0000     0.0000
  u_ctrl/u_aes/state_reg_71_/CLK (SDFFARX1_RVT)               0.0000     0.0000 r
  u_ctrl/u_aes/state_reg_71_/Q (SDFFARX1_RVT)                 0.1877     0.1877 f
  u_ctrl/u_aes/U4178/A (NBUFFX2_RVT)                          0.0000     0.1877 f
  u_ctrl/u_aes/U4178/Y (NBUFFX2_RVT)                          0.0733     0.2610 f
  u_ctrl/u_aes/U8338/A (INVX0_RVT)                            0.0000     0.2610 f
  u_ctrl/u_aes/U8338/Y (INVX0_RVT)                            0.0600     0.3211 r
  u_ctrl/u_aes/U365/A (NBUFFX2_RVT)                           0.0000     0.3211 r
  u_ctrl/u_aes/U365/Y (NBUFFX2_RVT)                           0.0634     0.3845 r
  u_ctrl/u_aes/U4179/A1 (NAND2X0_RVT)                         0.0000     0.3845 r
  u_ctrl/u_aes/U4179/Y (NAND2X0_RVT)                          0.0398     0.4243 f
  u_ctrl/u_aes/U182/A (DELLN3X2_RVT)                          0.0000     0.4243 f
  u_ctrl/u_aes/U182/Y (DELLN3X2_RVT)                          0.5376     0.9619 f
  u_ctrl/u_aes/U4253/A2 (OA22X1_RVT)                          0.0000     0.9619 f
  u_ctrl/u_aes/U4253/Y (OA22X1_RVT)                           0.0877     1.0496 f
  u_ctrl/u_aes/U4254/A1 (AO222X1_RVT)                         0.0000     1.0496 f
  u_ctrl/u_aes/U4254/Y (AO222X1_RVT)                          0.1107     1.1603 f
  u_ctrl/u_aes/U9409/A1 (OA22X1_RVT)                          0.0000     1.1603 f
  u_ctrl/u_aes/U9409/Y (OA22X1_RVT)                           0.0868     1.2471 f
  u_ctrl/u_aes/U9411/A2 (NAND4X0_RVT)                         0.0000     1.2471 f
  u_ctrl/u_aes/U9411/Y (NAND4X0_RVT)                          0.0414     1.2886 r
  u_ctrl/u_aes/U9417/A2 (OA22X1_RVT)                          0.0000     1.2886 r
  u_ctrl/u_aes/U9417/Y (OA22X1_RVT)                           0.0769     1.3654 r
  u_ctrl/u_aes/U9432/A2 (AO22X1_RVT)                          0.0000     1.3654 r
  u_ctrl/u_aes/U9432/Y (AO22X1_RVT)                           0.1062     1.4717 r
  u_ctrl/u_aes/U9498/A0 (HADDX1_RVT)                          0.0000     1.4717 r
  u_ctrl/u_aes/U9498/SO (HADDX1_RVT)                          0.1345     1.6061 f
  u_ctrl/u_aes/U81/A2 (XOR3X1_RVT)                            0.0000     1.6061 f
  u_ctrl/u_aes/U81/Y (XOR3X1_RVT)                             0.1919     1.7980 f
  u_ctrl/u_aes/U1163/A1 (OA22X1_RVT)                          0.0000     1.7980 f
  u_ctrl/u_aes/U1163/Y (OA22X1_RVT)                           0.0861     1.8842 f
  u_ctrl/u_aes/U9579/A1 (NAND2X0_RVT)                         0.0000     1.8842 f
  u_ctrl/u_aes/U9579/Y (NAND2X0_RVT)                          0.0377     1.9218 r
  u_ctrl/u_aes/state_reg_42_/D (SDFFARX1_RVT)                 0.0000     1.9218 r
  data arrival time                                                      1.9218

  clock clk_fast_aes (rise edge)                              1.8250     1.8250
  clock network delay (ideal)                                 0.0000     1.8250
  u_ctrl/u_aes/state_reg_42_/CLK (SDFFARX1_RVT)                          1.8250 r
  clock reconvergence pessimism                               0.0000     1.8250
  clock uncertainty                                          -0.2000     1.6250
  library setup time                                         -0.1297     1.4953
  data required time                                                     1.4953
  ------------------------------------------------------------------------------------
  data required time                                                     1.4953
  data arrival time                                                     -1.9218
  ------------------------------------------------------------------------------------
  slack (VIOLATED)                                                      -0.4266


  Startpoint: u_ctrl/u_aes/state_reg_71_ (rising edge-triggered flip-flop clocked by clk_fast_aes)
  Endpoint: u_ctrl/u_aes/state_reg_44_ (rising edge-triggered flip-flop clocked by clk_fast_aes)
  Path Group: clk_fast_aes
  Path Type: max

  Point                                                         Incr       Path
  ------------------------------------------------------------------------------------
  clock clk_fast_aes (rise edge)                              0.0000     0.0000
  clock network delay (ideal)                                 0.0000     0.0000
  u_ctrl/u_aes/state_reg_71_/CLK (SDFFARX1_RVT)               0.0000     0.0000 r
  u_ctrl/u_aes/state_reg_71_/Q (SDFFARX1_RVT)                 0.1877     0.1877 f
  u_ctrl/u_aes/U4178/A (NBUFFX2_RVT)                          0.0000     0.1877 f
  u_ctrl/u_aes/U4178/Y (NBUFFX2_RVT)                          0.0733     0.2610 f
  u_ctrl/u_aes/U8338/A (INVX0_RVT)                            0.0000     0.2610 f
  u_ctrl/u_aes/U8338/Y (INVX0_RVT)                            0.0600     0.3211 r
  u_ctrl/u_aes/U365/A (NBUFFX2_RVT)                           0.0000     0.3211 r
  u_ctrl/u_aes/U365/Y (NBUFFX2_RVT)                           0.0634     0.3845 r
  u_ctrl/u_aes/U4179/A1 (NAND2X0_RVT)                         0.0000     0.3845 r
  u_ctrl/u_aes/U4179/Y (NAND2X0_RVT)                          0.0398     0.4243 f
  u_ctrl/u_aes/U182/A (DELLN3X2_RVT)                          0.0000     0.4243 f
  u_ctrl/u_aes/U182/Y (DELLN3X2_RVT)                          0.5376     0.9619 f
  u_ctrl/u_aes/U4253/A2 (OA22X1_RVT)                          0.0000     0.9619 f
  u_ctrl/u_aes/U4253/Y (OA22X1_RVT)                           0.0877     1.0496 f
  u_ctrl/u_aes/U8986/A (INVX0_RVT)                            0.0000     1.0496 f
  u_ctrl/u_aes/U8986/Y (INVX0_RVT)                            0.0303     1.0799 r
  u_ctrl/u_aes/U8990/A1 (NAND3X0_RVT)                         0.0000     1.0799 r
  u_ctrl/u_aes/U8990/Y (NAND3X0_RVT)                          0.0410     1.1209 f
  u_ctrl/u_aes/U8991/A4 (NAND4X0_RVT)                         0.0000     1.1209 f
  u_ctrl/u_aes/U8991/Y (NAND4X0_RVT)                          0.0542     1.1751 r
  u_ctrl/u_aes/U8992/A4 (OA22X1_RVT)                          0.0000     1.1751 r
  u_ctrl/u_aes/U8992/Y (OA22X1_RVT)                           0.0676     1.2428 r
  u_ctrl/u_aes/U263/A5 (AO222X2_RVT)                          0.0000     1.2428 r
  u_ctrl/u_aes/U263/Y (AO222X2_RVT)                           0.1081     1.3509 r
  u_ctrl/u_aes/U262/A2 (XOR3X2_RVT)                           0.0000     1.3509 r
  u_ctrl/u_aes/U262/Y (XOR3X2_RVT)                            0.1805     1.5314 f
  u_ctrl/u_aes/U9617/CI (FADDX1_RVT)                          0.0000     1.5314 f
  u_ctrl/u_aes/U9617/S (FADDX1_RVT)                           0.1485     1.6799 r
  u_ctrl/u_aes/U352/A2 (XOR2X1_RVT)                           0.0000     1.6799 r
  u_ctrl/u_aes/U352/Y (XOR2X1_RVT)                            0.1176     1.7975 f
  u_ctrl/u_aes/U1167/A2 (OA22X1_RVT)                          0.0000     1.7975 f
  u_ctrl/u_aes/U1167/Y (OA22X1_RVT)                           0.0745     1.8721 f
  u_ctrl/u_aes/U9619/A1 (NAND2X0_RVT)                         0.0000     1.8721 f
  u_ctrl/u_aes/U9619/Y (NAND2X0_RVT)                          0.0373     1.9094 r
  u_ctrl/u_aes/state_reg_44_/D (SDFFARX1_RVT)                 0.0000     1.9094 r
  data arrival time                                                      1.9094

  clock clk_fast_aes (rise edge)                              1.8250     1.8250
  clock network delay (ideal)                                 0.0000     1.8250
  u_ctrl/u_aes/state_reg_44_/CLK (SDFFARX1_RVT)                          1.8250 r
  clock reconvergence pessimism                               0.0000     1.8250
  clock uncertainty                                          -0.2000     1.6250
  library setup time                                         -0.1317     1.4933
  data required time                                                     1.4933
  ------------------------------------------------------------------------------------
  data required time                                                     1.4933
  data arrival time                                                     -1.9094
  ------------------------------------------------------------------------------------
  slack (VIOLATED)                                                      -0.4161


  Startpoint: u_ctrl/u_aes/state_reg_24_ (rising edge-triggered flip-flop clocked by clk_fast_aes)
  Endpoint: u_ctrl/u_aes/state_reg_9_ (rising edge-triggered flip-flop clocked by clk_fast_aes)
  Path Group: clk_fast_aes
  Path Type: max

  Point                                                         Incr       Path
  ------------------------------------------------------------------------------------
  clock clk_fast_aes (rise edge)                              0.0000     0.0000
  clock network delay (ideal)                                 0.0000     0.0000
  u_ctrl/u_aes/state_reg_24_/CLK (SDFFARX1_RVT)               0.0000     0.0000 r
  u_ctrl/u_aes/state_reg_24_/Q (SDFFARX1_RVT)                 0.1810     0.1810 r
  u_ctrl/u_aes/U475/A (IBUFFX2_RVT)                           0.0000     0.1810 r
  u_ctrl/u_aes/U475/Y (IBUFFX2_RVT)                           0.0722     0.2533 f
  u_ctrl/u_aes/U479/A (DELLN2X2_RVT)                          0.0000     0.2533 f
  u_ctrl/u_aes/U479/Y (DELLN2X2_RVT)                          0.3167     0.5700 f
  u_ctrl/u_aes/U482/A (DELLN1X2_RVT)                          0.0000     0.5700 f
  u_ctrl/u_aes/U482/Y (DELLN1X2_RVT)                          0.2310     0.8010 f
  u_ctrl/u_aes/U7001/A3 (NAND3X0_RVT)                         0.0000     0.8010 f
  u_ctrl/u_aes/U7001/Y (NAND3X0_RVT)                          0.0623     0.8633 r
  u_ctrl/u_aes/U7002/A3 (AO21X1_RVT)                          0.0000     0.8633 r
  u_ctrl/u_aes/U7002/Y (AO21X1_RVT)                           0.0673     0.9307 r
  u_ctrl/u_aes/U7917/A3 (OA22X1_RVT)                          0.0000     0.9307 r
  u_ctrl/u_aes/U7917/Y (OA22X1_RVT)                           0.0705     1.0012 r
  u_ctrl/u_aes/U7918/A5 (OA221X1_RVT)                         0.0000     1.0012 r
  u_ctrl/u_aes/U7918/Y (OA221X1_RVT)                          0.0667     1.0679 r
  u_ctrl/u_aes/U7919/A5 (OA221X1_RVT)                         0.0000     1.0679 r
  u_ctrl/u_aes/U7919/Y (OA221X1_RVT)                          0.0673     1.1352 r
  u_ctrl/u_aes/U7920/A5 (OA221X1_RVT)                         0.0000     1.1352 r
  u_ctrl/u_aes/U7920/Y (OA221X1_RVT)                          0.0673     1.2025 r
  u_ctrl/u_aes/U7921/A3 (NAND4X0_RVT)                         0.0000     1.2025 r
  u_ctrl/u_aes/U7921/Y (NAND4X0_RVT)                          0.0610     1.2636 f
  u_ctrl/u_aes/U7947/A2 (OA222X1_RVT)                         0.0000     1.2636 f
  u_ctrl/u_aes/U7947/Y (OA222X1_RVT)                          0.1506     1.4142 f
  u_ctrl/u_aes/U7964/A0 (HADDX1_RVT)                          0.0000     1.4142 f
  u_ctrl/u_aes/U7964/SO (HADDX1_RVT)                          0.1401     1.5543 r
  u_ctrl/u_aes/U202/A2 (XOR3X1_RVT)                           0.0000     1.5543 r
  u_ctrl/u_aes/U202/Y (XOR3X1_RVT)                            0.1896     1.7439 f
  u_ctrl/u_aes/U10284/A1 (OA22X1_RVT)                         0.0000     1.7439 f
  u_ctrl/u_aes/U10284/Y (OA22X1_RVT)                          0.0861     1.8300 f
  u_ctrl/u_aes/U10286/A1 (NAND2X0_RVT)                        0.0000     1.8300 f
  u_ctrl/u_aes/U10286/Y (NAND2X0_RVT)                         0.0381     1.8681 r
  u_ctrl/u_aes/state_reg_9_/D (SDFFARX1_RVT)                  0.0000     1.8681 r
  data arrival time                                                      1.8681

  clock clk_fast_aes (rise edge)                              1.8250     1.8250
  clock network delay (ideal)                                 0.0000     1.8250
  u_ctrl/u_aes/state_reg_9_/CLK (SDFFARX1_RVT)                           1.8250 r
  clock reconvergence pessimism                               0.0000     1.8250
  clock uncertainty                                          -0.2000     1.6250
  library setup time                                         -0.1318     1.4932
  data required time                                                     1.4932
  ------------------------------------------------------------------------------------
  data required time                                                     1.4932
  data arrival time                                                     -1.8681
  ------------------------------------------------------------------------------------
  slack (VIOLATED)                                                      -0.3749


  Startpoint: u_ctrl/u_aes/state_reg_71_ (rising edge-triggered flip-flop clocked by clk_fast_aes)
  Endpoint: u_ctrl/u_aes/state_reg_37_ (rising edge-triggered flip-flop clocked by clk_fast_aes)
  Path Group: clk_fast_aes
  Path Type: max

  Point                                                         Incr       Path
  ------------------------------------------------------------------------------------
  clock clk_fast_aes (rise edge)                              0.0000     0.0000
  clock network delay (ideal)                                 0.0000     0.0000
  u_ctrl/u_aes/state_reg_71_/CLK (SDFFARX1_RVT)               0.0000     0.0000 r
  u_ctrl/u_aes/state_reg_71_/Q (SDFFARX1_RVT)                 0.1877     0.1877 f
  u_ctrl/u_aes/U4178/A (NBUFFX2_RVT)                          0.0000     0.1877 f
  u_ctrl/u_aes/U4178/Y (NBUFFX2_RVT)                          0.0733     0.2610 f
  u_ctrl/u_aes/U8338/A (INVX0_RVT)                            0.0000     0.2610 f
  u_ctrl/u_aes/U8338/Y (INVX0_RVT)                            0.0600     0.3211 r
  u_ctrl/u_aes/U365/A (NBUFFX2_RVT)                           0.0000     0.3211 r
  u_ctrl/u_aes/U365/Y (NBUFFX2_RVT)                           0.0634     0.3845 r
  u_ctrl/u_aes/U4179/A1 (NAND2X0_RVT)                         0.0000     0.3845 r
  u_ctrl/u_aes/U4179/Y (NAND2X0_RVT)                          0.0398     0.4243 f
  u_ctrl/u_aes/U182/A (DELLN3X2_RVT)                          0.0000     0.4243 f
  u_ctrl/u_aes/U182/Y (DELLN3X2_RVT)                          0.5376     0.9619 f
  u_ctrl/u_aes/U4253/A2 (OA22X1_RVT)                          0.0000     0.9619 f
  u_ctrl/u_aes/U4253/Y (OA22X1_RVT)                           0.0877     1.0496 f
  u_ctrl/u_aes/U8986/A (INVX0_RVT)                            0.0000     1.0496 f
  u_ctrl/u_aes/U8986/Y (INVX0_RVT)                            0.0303     1.0799 r
  u_ctrl/u_aes/U8990/A1 (NAND3X0_RVT)                         0.0000     1.0799 r
  u_ctrl/u_aes/U8990/Y (NAND3X0_RVT)                          0.0410     1.1209 f
  u_ctrl/u_aes/U8991/A4 (NAND4X0_RVT)                         0.0000     1.1209 f
  u_ctrl/u_aes/U8991/Y (NAND4X0_RVT)                          0.0542     1.1751 r
  u_ctrl/u_aes/U8992/A4 (OA22X1_RVT)                          0.0000     1.1751 r
  u_ctrl/u_aes/U8992/Y (OA22X1_RVT)                           0.0676     1.2428 r
  u_ctrl/u_aes/U263/A5 (AO222X2_RVT)                          0.0000     1.2428 r
  u_ctrl/u_aes/U263/Y (AO222X2_RVT)                           0.1081     1.3509 r
  u_ctrl/u_aes/U254/A2 (XOR3X2_RVT)                           0.0000     1.3509 r
  u_ctrl/u_aes/U254/Y (XOR3X2_RVT)                            0.1804     1.5312 f
  u_ctrl/u_aes/U1212/A2 (XOR3X1_RVT)                          0.0000     1.5312 f
  u_ctrl/u_aes/U1212/Y (XOR3X1_RVT)                           0.1654     1.6966 r
  u_ctrl/u_aes/U10452/A4 (AO22X1_RVT)                         0.0000     1.6966 r
  u_ctrl/u_aes/U10452/Y (AO22X1_RVT)                          0.0702     1.7668 r
  u_ctrl/u_aes/U10453/A5 (AO221X1_RVT)                        0.0000     1.7668 r
  u_ctrl/u_aes/U10453/Y (AO221X1_RVT)                         0.0762     1.8430 r
  u_ctrl/u_aes/state_reg_37_/D (SDFFARX1_RVT)                 0.0000     1.8430 r
  data arrival time                                                      1.8430

  clock clk_fast_aes (rise edge)                              1.8250     1.8250
  clock network delay (ideal)                                 0.0000     1.8250
  u_ctrl/u_aes/state_reg_37_/CLK (SDFFARX1_RVT)                          1.8250 r
  clock reconvergence pessimism                               0.0000     1.8250
  clock uncertainty                                          -0.2000     1.6250
  library setup time                                         -0.1301     1.4949
  data required time                                                     1.4949
  ------------------------------------------------------------------------------------
  data required time                                                     1.4949
  data arrival time                                                     -1.8430
  ------------------------------------------------------------------------------------
  slack (VIOLATED)                                                      -0.3481


  Startpoint: u_ctrl/u_aes/state_reg_56_ (rising edge-triggered flip-flop clocked by clk_fast_aes)
  Endpoint: u_ctrl/u_aes/state_reg_39_ (rising edge-triggered flip-flop clocked by clk_fast_aes)
  Path Group: clk_fast_aes
  Path Type: max

  Point                                                         Incr       Path
  ------------------------------------------------------------------------------------
  clock clk_fast_aes (rise edge)                              0.0000     0.0000
  clock network delay (ideal)                                 0.0000     0.0000
  u_ctrl/u_aes/state_reg_56_/CLK (SDFFARX1_RVT)               0.0000     0.0000 r
  u_ctrl/u_aes/state_reg_56_/QN (SDFFARX1_RVT)                0.1130     0.1130 r
  u_ctrl/u_aes/U2565/A (INVX0_RVT)                            0.0000     0.1130 r
  u_ctrl/u_aes/U2565/Y (INVX0_RVT)                            0.0401     0.1531 f
  u_ctrl/u_aes/U832/A (DELLN3X2_RVT)                          0.0000     0.1531 f
  u_ctrl/u_aes/U832/Y (DELLN3X2_RVT)                          0.5290     0.6821 f
  u_ctrl/u_aes/U823/A (NBUFFX2_RVT)                           0.0000     0.6821 f
  u_ctrl/u_aes/U823/Y (NBUFFX2_RVT)                           0.0493     0.7314 f
  u_ctrl/u_aes/U2235/A1 (NAND3X2_RVT)                         0.0000     0.7314 f
  u_ctrl/u_aes/U2235/Y (NAND3X2_RVT)                          0.0914     0.8228 r
  u_ctrl/u_aes/U8324/A (INVX0_RVT)                            0.0000     0.8228 r
  u_ctrl/u_aes/U8324/Y (INVX0_RVT)                            0.0358     0.8586 f
  u_ctrl/u_aes/U9009/A2 (NAND2X0_RVT)                         0.0000     0.8586 f
  u_ctrl/u_aes/U9009/Y (NAND2X0_RVT)                          0.0592     0.9178 r
  u_ctrl/u_aes/U9012/A3 (AND4X1_RVT)                          0.0000     0.9178 r
  u_ctrl/u_aes/U9012/Y (AND4X1_RVT)                           0.0934     1.0113 r
  u_ctrl/u_aes/U9013/A1 (AND4X1_RVT)                          0.0000     1.0113 r
  u_ctrl/u_aes/U9013/Y (AND4X1_RVT)                           0.0747     1.0859 r
  u_ctrl/u_aes/U9016/A2 (NAND4X0_RVT)                         0.0000     1.0859 r
  u_ctrl/u_aes/U9016/Y (NAND4X0_RVT)                          0.0585     1.1445 f
  u_ctrl/u_aes/U9017/A6 (AO222X1_RVT)                         0.0000     1.1445 f
  u_ctrl/u_aes/U9017/Y (AO222X1_RVT)                          0.0710     1.2155 f
  u_ctrl/u_aes/U9038/A2 (AO22X1_RVT)                          0.0000     1.2155 f
  u_ctrl/u_aes/U9038/Y (AO22X1_RVT)                           0.0957     1.3112 f
  u_ctrl/u_aes/U9086/B0 (HADDX1_RVT)                          0.0000     1.3112 f
  u_ctrl/u_aes/U9086/SO (HADDX1_RVT)                          0.1295     1.4406 r
  u_ctrl/u_aes/U779/A2 (XOR3X1_RVT)                           0.0000     1.4406 r
  u_ctrl/u_aes/U779/Y (XOR3X1_RVT)                            0.1944     1.6351 f
  u_ctrl/u_aes/U2615/A2 (XOR2X1_RVT)                          0.0000     1.6351 f
  u_ctrl/u_aes/U2615/Y (XOR2X1_RVT)                           0.1211     1.7562 r
  u_ctrl/u_aes/U1184/A2 (AO21X1_RVT)                          0.0000     1.7562 r
  u_ctrl/u_aes/U1184/Y (AO21X1_RVT)                           0.0772     1.8334 r
  u_ctrl/u_aes/state_reg_39_/D (SDFFARX1_RVT)                 0.0000     1.8334 r
  data arrival time                                                      1.8334

  clock clk_fast_aes (rise edge)                              1.8250     1.8250
  clock network delay (ideal)                                 0.0000     1.8250
  u_ctrl/u_aes/state_reg_39_/CLK (SDFFARX1_RVT)                          1.8250 r
  clock reconvergence pessimism                               0.0000     1.8250
  clock uncertainty                                          -0.2000     1.6250
  library setup time                                         -0.1277     1.4973
  data required time                                                     1.4973
  ------------------------------------------------------------------------------------
  data required time                                                     1.4973
  data arrival time                                                     -1.8334
  ------------------------------------------------------------------------------------
  slack (VIOLATED)                                                      -0.3361


  Startpoint: u_ctrl/u_aes/state_reg_71_ (rising edge-triggered flip-flop clocked by clk_fast_aes)
  Endpoint: u_ctrl/u_aes/state_reg_46_ (rising edge-triggered flip-flop clocked by clk_fast_aes)
  Path Group: clk_fast_aes
  Path Type: max

  Point                                                         Incr       Path
  ------------------------------------------------------------------------------------
  clock clk_fast_aes (rise edge)                              0.0000     0.0000
  clock network delay (ideal)                                 0.0000     0.0000
  u_ctrl/u_aes/state_reg_71_/CLK (SDFFARX1_RVT)               0.0000     0.0000 r
  u_ctrl/u_aes/state_reg_71_/Q (SDFFARX1_RVT)                 0.1877     0.1877 f
  u_ctrl/u_aes/U4178/A (NBUFFX2_RVT)                          0.0000     0.1877 f
  u_ctrl/u_aes/U4178/Y (NBUFFX2_RVT)                          0.0733     0.2610 f
  u_ctrl/u_aes/U8338/A (INVX0_RVT)                            0.0000     0.2610 f
  u_ctrl/u_aes/U8338/Y (INVX0_RVT)                            0.0600     0.3211 r
  u_ctrl/u_aes/U365/A (NBUFFX2_RVT)                           0.0000     0.3211 r
  u_ctrl/u_aes/U365/Y (NBUFFX2_RVT)                           0.0634     0.3845 r
  u_ctrl/u_aes/U4179/A1 (NAND2X0_RVT)                         0.0000     0.3845 r
  u_ctrl/u_aes/U4179/Y (NAND2X0_RVT)                          0.0398     0.4243 f
  u_ctrl/u_aes/U182/A (DELLN3X2_RVT)                          0.0000     0.4243 f
  u_ctrl/u_aes/U182/Y (DELLN3X2_RVT)                          0.5376     0.9619 f
  u_ctrl/u_aes/U4253/A2 (OA22X1_RVT)                          0.0000     0.9619 f
  u_ctrl/u_aes/U4253/Y (OA22X1_RVT)                           0.0877     1.0496 f
  u_ctrl/u_aes/U4254/A1 (AO222X1_RVT)                         0.0000     1.0496 f
  u_ctrl/u_aes/U4254/Y (AO222X1_RVT)                          0.1107     1.1603 f
  u_ctrl/u_aes/U8549/A2 (NAND4X0_RVT)                         0.0000     1.1603 f
  u_ctrl/u_aes/U8549/Y (NAND4X0_RVT)                          0.0454     1.2057 r
  u_ctrl/u_aes/U8561/A2 (OA22X1_RVT)                          0.0000     1.2057 r
  u_ctrl/u_aes/U8561/Y (OA22X1_RVT)                           0.0786     1.2843 r
  u_ctrl/u_aes/U8562/A4 (AO22X1_RVT)                          0.0000     1.2843 r
  u_ctrl/u_aes/U8562/Y (AO22X1_RVT)                           0.0883     1.3726 r
  u_ctrl/u_aes/U9082/A1 (AO22X1_RVT)                          0.0000     1.3726 r
  u_ctrl/u_aes/U9082/Y (AO22X1_RVT)                           0.0935     1.4660 r
  u_ctrl/u_aes/U1227/A2 (XOR3X1_RVT)                          0.0000     1.4660 r
  u_ctrl/u_aes/U1227/Y (XOR3X1_RVT)                           0.1901     1.6561 f
  u_ctrl/u_aes/U9087/A0 (HADDX1_RVT)                          0.0000     1.6561 f
  u_ctrl/u_aes/U9087/SO (HADDX1_RVT)                          0.1043     1.7605 r
  u_ctrl/u_aes/U9089/A2 (AO21X1_RVT)                          0.0000     1.7605 r
  u_ctrl/u_aes/U9089/Y (AO21X1_RVT)                           0.0726     1.8330 r
  u_ctrl/u_aes/state_reg_46_/D (SDFFARX1_RVT)                 0.0000     1.8330 r
  data arrival time                                                      1.8330

  clock clk_fast_aes (rise edge)                              1.8250     1.8250
  clock network delay (ideal)                                 0.0000     1.8250
  u_ctrl/u_aes/state_reg_46_/CLK (SDFFARX1_RVT)                          1.8250 r
  clock reconvergence pessimism                               0.0000     1.8250
  clock uncertainty                                          -0.2000     1.6250
  library setup time                                         -0.1277     1.4973
  data required time                                                     1.4973
  ------------------------------------------------------------------------------------
  data required time                                                     1.4973
  data arrival time                                                     -1.8330
  ------------------------------------------------------------------------------------
  slack (VIOLATED)                                                      -0.3357


  Startpoint: u_ctrl/u_aes/state_reg_24_ (rising edge-triggered flip-flop clocked by clk_fast_aes)
  Endpoint: u_ctrl/u_aes/state_reg_25_ (rising edge-triggered flip-flop clocked by clk_fast_aes)
  Path Group: clk_fast_aes
  Path Type: max

  Point                                                         Incr       Path
  ------------------------------------------------------------------------------------
  clock clk_fast_aes (rise edge)                              0.0000     0.0000
  clock network delay (ideal)                                 0.0000     0.0000
  u_ctrl/u_aes/state_reg_24_/CLK (SDFFARX1_RVT)               0.0000     0.0000 r
  u_ctrl/u_aes/state_reg_24_/Q (SDFFARX1_RVT)                 0.1730     0.1730 f
  u_ctrl/u_aes/U475/A (IBUFFX2_RVT)                           0.0000     0.1730 f
  u_ctrl/u_aes/U475/Y (IBUFFX2_RVT)                           0.0777     0.2507 r
  u_ctrl/u_aes/U479/A (DELLN2X2_RVT)                          0.0000     0.2507 r
  u_ctrl/u_aes/U479/Y (DELLN2X2_RVT)                          0.2942     0.5449 r
  u_ctrl/u_aes/U482/A (DELLN1X2_RVT)                          0.0000     0.5449 r
  u_ctrl/u_aes/U482/Y (DELLN1X2_RVT)                          0.2237     0.7686 r
  u_ctrl/u_aes/U7001/A3 (NAND3X0_RVT)                         0.0000     0.7686 r
  u_ctrl/u_aes/U7001/Y (NAND3X0_RVT)                          0.0952     0.8639 f
  u_ctrl/u_aes/U7252/A1 (OR2X1_RVT)                           0.0000     0.8639 f
  u_ctrl/u_aes/U7252/Y (OR2X1_RVT)                            0.0920     0.9559 f
  u_ctrl/u_aes/U7253/A2 (AND2X1_RVT)                          0.0000     0.9559 f
  u_ctrl/u_aes/U7253/Y (AND2X1_RVT)                           0.0530     1.0089 f
  u_ctrl/u_aes/U7254/A6 (OA222X1_RVT)                         0.0000     1.0089 f
  u_ctrl/u_aes/U7254/Y (OA222X1_RVT)                          0.0708     1.0797 f
  u_ctrl/u_aes/U7256/A1 (NAND4X0_RVT)                         0.0000     1.0797 f
  u_ctrl/u_aes/U7256/Y (NAND4X0_RVT)                          0.0421     1.1218 r
  u_ctrl/u_aes/U7267/A2 (OA22X1_RVT)                          0.0000     1.1218 r
  u_ctrl/u_aes/U7267/Y (OA22X1_RVT)                           0.0777     1.1995 r
  u_ctrl/u_aes/U7268/A5 (AO222X1_RVT)                         0.0000     1.1995 r
  u_ctrl/u_aes/U7268/Y (AO222X1_RVT)                          0.1075     1.3070 r
  u_ctrl/u_aes/U1176/A (INVX0_RVT)                            0.0000     1.3070 r
  u_ctrl/u_aes/U1176/Y (INVX0_RVT)                            0.0424     1.3494 f
  u_ctrl/u_aes/U7269/A2 (AO22X1_RVT)                          0.0000     1.3494 f
  u_ctrl/u_aes/U7269/Y (AO22X1_RVT)                           0.1025     1.4520 f
  u_ctrl/u_aes/U1157/A2 (XOR3X1_RVT)                          0.0000     1.4520 f
  u_ctrl/u_aes/U1157/Y (XOR3X1_RVT)                           0.1922     1.6442 f
  u_ctrl/u_aes/U1924/A3 (XOR3X2_RVT)                          0.0000     1.6442 f
  u_ctrl/u_aes/U1924/Y (XOR3X2_RVT)                           0.0611     1.7053 f
  u_ctrl/u_aes/U10328/A1 (OA22X1_RVT)                         0.0000     1.7053 f
  u_ctrl/u_aes/U10328/Y (OA22X1_RVT)                          0.0875     1.7928 f
  u_ctrl/u_aes/U10330/A1 (NAND2X0_RVT)                        0.0000     1.7928 f
  u_ctrl/u_aes/U10330/Y (NAND2X0_RVT)                         0.0377     1.8306 r
  u_ctrl/u_aes/state_reg_25_/D (SDFFARX1_RVT)                 0.0000     1.8306 r
  data arrival time                                                      1.8306

  clock clk_fast_aes (rise edge)                              1.8250     1.8250
  clock network delay (ideal)                                 0.0000     1.8250
  u_ctrl/u_aes/state_reg_25_/CLK (SDFFARX1_RVT)                          1.8250 r
  clock reconvergence pessimism                               0.0000     1.8250
  clock uncertainty                                          -0.2000     1.6250
  library setup time                                         -0.1298     1.4952
  data required time                                                     1.4952
  ------------------------------------------------------------------------------------
  data required time                                                     1.4952
  data arrival time                                                     -1.8306
  ------------------------------------------------------------------------------------
  slack (VIOLATED)                                                      -0.3354


  Startpoint: u_ctrl/u_aes/state_reg_24_ (rising edge-triggered flip-flop clocked by clk_fast_aes)
  Endpoint: u_ctrl/u_aes/state_reg_1_ (rising edge-triggered flip-flop clocked by clk_fast_aes)
  Path Group: clk_fast_aes
  Path Type: max

  Point                                                         Incr       Path
  ------------------------------------------------------------------------------------
  clock clk_fast_aes (rise edge)                              0.0000     0.0000
  clock network delay (ideal)                                 0.0000     0.0000
  u_ctrl/u_aes/state_reg_24_/CLK (SDFFARX1_RVT)               0.0000     0.0000 r
  u_ctrl/u_aes/state_reg_24_/Q (SDFFARX1_RVT)                 0.1810     0.1810 r
  u_ctrl/u_aes/U475/A (IBUFFX2_RVT)                           0.0000     0.1810 r
  u_ctrl/u_aes/U475/Y (IBUFFX2_RVT)                           0.0722     0.2533 f
  u_ctrl/u_aes/U479/A (DELLN2X2_RVT)                          0.0000     0.2533 f
  u_ctrl/u_aes/U479/Y (DELLN2X2_RVT)                          0.3167     0.5700 f
  u_ctrl/u_aes/U482/A (DELLN1X2_RVT)                          0.0000     0.5700 f
  u_ctrl/u_aes/U482/Y (DELLN1X2_RVT)                          0.2310     0.8010 f
  u_ctrl/u_aes/U7001/A3 (NAND3X0_RVT)                         0.0000     0.8010 f
  u_ctrl/u_aes/U7001/Y (NAND3X0_RVT)                          0.0623     0.8633 r
  u_ctrl/u_aes/U7002/A3 (AO21X1_RVT)                          0.0000     0.8633 r
  u_ctrl/u_aes/U7002/Y (AO21X1_RVT)                           0.0673     0.9307 r
  u_ctrl/u_aes/U7917/A3 (OA22X1_RVT)                          0.0000     0.9307 r
  u_ctrl/u_aes/U7917/Y (OA22X1_RVT)                           0.0705     1.0012 r
  u_ctrl/u_aes/U7918/A5 (OA221X1_RVT)                         0.0000     1.0012 r
  u_ctrl/u_aes/U7918/Y (OA221X1_RVT)                          0.0667     1.0679 r
  u_ctrl/u_aes/U7919/A5 (OA221X1_RVT)                         0.0000     1.0679 r
  u_ctrl/u_aes/U7919/Y (OA221X1_RVT)                          0.0673     1.1352 r
  u_ctrl/u_aes/U7920/A5 (OA221X1_RVT)                         0.0000     1.1352 r
  u_ctrl/u_aes/U7920/Y (OA221X1_RVT)                          0.0673     1.2025 r
  u_ctrl/u_aes/U7921/A3 (NAND4X0_RVT)                         0.0000     1.2025 r
  u_ctrl/u_aes/U7921/Y (NAND4X0_RVT)                          0.0610     1.2636 f
  u_ctrl/u_aes/U7947/A2 (OA222X1_RVT)                         0.0000     1.2636 f
  u_ctrl/u_aes/U7947/Y (OA222X1_RVT)                          0.1506     1.4142 f
  u_ctrl/u_aes/U7964/A0 (HADDX1_RVT)                          0.0000     1.4142 f
  u_ctrl/u_aes/U7964/SO (HADDX1_RVT)                          0.1401     1.5543 r
  u_ctrl/u_aes/U612/A1 (XOR3X2_RVT)                           0.0000     1.5543 r
  u_ctrl/u_aes/U612/Y (XOR3X2_RVT)                            0.1577     1.7120 f
  u_ctrl/u_aes/U10350/A2 (OA22X1_RVT)                         0.0000     1.7120 f
  u_ctrl/u_aes/U10350/Y (OA22X1_RVT)                          0.0765     1.7885 f
  u_ctrl/u_aes/U10352/A1 (NAND2X0_RVT)                        0.0000     1.7885 f
  u_ctrl/u_aes/U10352/Y (NAND2X0_RVT)                         0.0380     1.8265 r
  u_ctrl/u_aes/state_reg_1_/D (SDFFARX1_RVT)                  0.0000     1.8265 r
  data arrival time                                                      1.8265

  clock clk_fast_aes (rise edge)                              1.8250     1.8250
  clock network delay (ideal)                                 0.0000     1.8250
  u_ctrl/u_aes/state_reg_1_/CLK (SDFFARX1_RVT)                           1.8250 r
  clock reconvergence pessimism                               0.0000     1.8250
  clock uncertainty                                          -0.2000     1.6250
  library setup time                                         -0.1317     1.4933
  data required time                                                     1.4933
  ------------------------------------------------------------------------------------
  data required time                                                     1.4933
  data arrival time                                                     -1.8265
  ------------------------------------------------------------------------------------
  slack (VIOLATED)                                                      -0.3333


  Startpoint: u_ctrl/u_aes/state_reg_71_ (rising edge-triggered flip-flop clocked by clk_fast_aes)
  Endpoint: u_ctrl/u_aes/state_reg_55_ (rising edge-triggered flip-flop clocked by clk_fast_aes)
  Path Group: clk_fast_aes
  Path Type: max

  Point                                                         Incr       Path
  ------------------------------------------------------------------------------------
  clock clk_fast_aes (rise edge)                              0.0000     0.0000
  clock network delay (ideal)                                 0.0000     0.0000
  u_ctrl/u_aes/state_reg_71_/CLK (SDFFARX1_RVT)               0.0000     0.0000 r
  u_ctrl/u_aes/state_reg_71_/Q (SDFFARX1_RVT)                 0.1877     0.1877 f
  u_ctrl/u_aes/U4178/A (NBUFFX2_RVT)                          0.0000     0.1877 f
  u_ctrl/u_aes/U4178/Y (NBUFFX2_RVT)                          0.0733     0.2610 f
  u_ctrl/u_aes/U8338/A (INVX0_RVT)                            0.0000     0.2610 f
  u_ctrl/u_aes/U8338/Y (INVX0_RVT)                            0.0600     0.3211 r
  u_ctrl/u_aes/U365/A (NBUFFX2_RVT)                           0.0000     0.3211 r
  u_ctrl/u_aes/U365/Y (NBUFFX2_RVT)                           0.0634     0.3845 r
  u_ctrl/u_aes/U4179/A1 (NAND2X0_RVT)                         0.0000     0.3845 r
  u_ctrl/u_aes/U4179/Y (NAND2X0_RVT)                          0.0398     0.4243 f
  u_ctrl/u_aes/U182/A (DELLN3X2_RVT)                          0.0000     0.4243 f
  u_ctrl/u_aes/U182/Y (DELLN3X2_RVT)                          0.5376     0.9619 f
  u_ctrl/u_aes/U4253/A2 (OA22X1_RVT)                          0.0000     0.9619 f
  u_ctrl/u_aes/U4253/Y (OA22X1_RVT)                           0.0877     1.0496 f
  u_ctrl/u_aes/U4254/A1 (AO222X1_RVT)                         0.0000     1.0496 f
  u_ctrl/u_aes/U4254/Y (AO222X1_RVT)                          0.1107     1.1603 f
  u_ctrl/u_aes/U4256/A2 (NAND3X0_RVT)                         0.0000     1.1603 f
  u_ctrl/u_aes/U4256/Y (NAND3X0_RVT)                          0.0397     1.2001 r
  u_ctrl/u_aes/U4257/A2 (NAND2X0_RVT)                         0.0000     1.2001 r
  u_ctrl/u_aes/U4257/Y (NAND2X0_RVT)                          0.0390     1.2390 f
  u_ctrl/u_aes/U4258/A4 (AO22X1_RVT)                          0.0000     1.2390 f
  u_ctrl/u_aes/U4258/Y (AO22X1_RVT)                           0.0639     1.3029 f
  u_ctrl/u_aes/U4259/A4 (OA22X1_RVT)                          0.0000     1.3029 f
  u_ctrl/u_aes/U4259/Y (OA22X1_RVT)                           0.0609     1.3638 f
  u_ctrl/u_aes/U4260/A5 (OA222X1_RVT)                         0.0000     1.3638 f
  u_ctrl/u_aes/U4260/Y (OA222X1_RVT)                          0.1045     1.4683 f
  u_ctrl/u_aes/U1278/A (INVX0_RVT)                            0.0000     1.4683 f
  u_ctrl/u_aes/U1278/Y (INVX0_RVT)                            0.0471     1.5154 r
  u_ctrl/u_aes/U517/A1 (AO22X1_RVT)                           0.0000     1.5154 r
  u_ctrl/u_aes/U517/Y (AO22X1_RVT)                            0.1281     1.6435 r
  u_ctrl/u_aes/U359/B0 (HADDX1_RVT)                           0.0000     1.6435 r
  u_ctrl/u_aes/U359/SO (HADDX1_RVT)                           0.1092     1.7527 f
  u_ctrl/u_aes/U8486/A2 (AO21X1_RVT)                          0.0000     1.7527 f
  u_ctrl/u_aes/U8486/Y (AO21X1_RVT)                           0.0721     1.8248 f
  u_ctrl/u_aes/state_reg_55_/D (SDFFARX1_RVT)                 0.0000     1.8248 f
  data arrival time                                                      1.8248

  clock clk_fast_aes (rise edge)                              1.8250     1.8250
  clock network delay (ideal)                                 0.0000     1.8250
  u_ctrl/u_aes/state_reg_55_/CLK (SDFFARX1_RVT)                          1.8250 r
  clock reconvergence pessimism                               0.0000     1.8250
  clock uncertainty                                          -0.2000     1.6250
  library setup time                                         -0.1166     1.5084
  data required time                                                     1.5084
  ------------------------------------------------------------------------------------
  data required time                                                     1.5084
  data arrival time                                                     -1.8248
  ------------------------------------------------------------------------------------
  slack (VIOLATED)                                                      -0.3164


  Startpoint: u_ctrl/u_aes/state_reg_71_ (rising edge-triggered flip-flop clocked by clk_fast_aes)
  Endpoint: u_ctrl/u_aes/state_reg_63_ (rising edge-triggered flip-flop clocked by clk_fast_aes)
  Path Group: clk_fast_aes
  Path Type: max

  Point                                                         Incr       Path
  ------------------------------------------------------------------------------------
  clock clk_fast_aes (rise edge)                              0.0000     0.0000
  clock network delay (ideal)                                 0.0000     0.0000
  u_ctrl/u_aes/state_reg_71_/CLK (SDFFARX1_RVT)               0.0000     0.0000 r
  u_ctrl/u_aes/state_reg_71_/Q (SDFFARX1_RVT)                 0.1877     0.1877 f
  u_ctrl/u_aes/U4178/A (NBUFFX2_RVT)                          0.0000     0.1877 f
  u_ctrl/u_aes/U4178/Y (NBUFFX2_RVT)                          0.0733     0.2610 f
  u_ctrl/u_aes/U8338/A (INVX0_RVT)                            0.0000     0.2610 f
  u_ctrl/u_aes/U8338/Y (INVX0_RVT)                            0.0600     0.3211 r
  u_ctrl/u_aes/U365/A (NBUFFX2_RVT)                           0.0000     0.3211 r
  u_ctrl/u_aes/U365/Y (NBUFFX2_RVT)                           0.0634     0.3845 r
  u_ctrl/u_aes/U4179/A1 (NAND2X0_RVT)                         0.0000     0.3845 r
  u_ctrl/u_aes/U4179/Y (NAND2X0_RVT)                          0.0398     0.4243 f
  u_ctrl/u_aes/U182/A (DELLN3X2_RVT)                          0.0000     0.4243 f
  u_ctrl/u_aes/U182/Y (DELLN3X2_RVT)                          0.5376     0.9619 f
  u_ctrl/u_aes/U4253/A2 (OA22X1_RVT)                          0.0000     0.9619 f
  u_ctrl/u_aes/U4253/Y (OA22X1_RVT)                           0.0877     1.0496 f
  u_ctrl/u_aes/U4254/A1 (AO222X1_RVT)                         0.0000     1.0496 f
  u_ctrl/u_aes/U4254/Y (AO222X1_RVT)                          0.1107     1.1603 f
  u_ctrl/u_aes/U4256/A2 (NAND3X0_RVT)                         0.0000     1.1603 f
  u_ctrl/u_aes/U4256/Y (NAND3X0_RVT)                          0.0397     1.2001 r
  u_ctrl/u_aes/U4257/A2 (NAND2X0_RVT)                         0.0000     1.2001 r
  u_ctrl/u_aes/U4257/Y (NAND2X0_RVT)                          0.0390     1.2390 f
  u_ctrl/u_aes/U4258/A4 (AO22X1_RVT)                          0.0000     1.2390 f
  u_ctrl/u_aes/U4258/Y (AO22X1_RVT)                           0.0639     1.3029 f
  u_ctrl/u_aes/U4259/A4 (OA22X1_RVT)                          0.0000     1.3029 f
  u_ctrl/u_aes/U4259/Y (OA22X1_RVT)                           0.0609     1.3638 f
  u_ctrl/u_aes/U4260/A5 (OA222X1_RVT)                         0.0000     1.3638 f
  u_ctrl/u_aes/U4260/Y (OA222X1_RVT)                          0.1045     1.4683 f
  u_ctrl/u_aes/U1278/A (INVX0_RVT)                            0.0000     1.4683 f
  u_ctrl/u_aes/U1278/Y (INVX0_RVT)                            0.0471     1.5154 r
  u_ctrl/u_aes/U517/A1 (AO22X1_RVT)                           0.0000     1.5154 r
  u_ctrl/u_aes/U517/Y (AO22X1_RVT)                            0.1281     1.6435 r
  u_ctrl/u_aes/U979/B0 (HADDX1_RVT)                           0.0000     1.6435 r
  u_ctrl/u_aes/U979/SO (HADDX1_RVT)                           0.1092     1.7527 f
  u_ctrl/u_aes/U9081/A2 (AO21X1_RVT)                          0.0000     1.7527 f
  u_ctrl/u_aes/U9081/Y (AO21X1_RVT)                           0.0721     1.8248 f
  u_ctrl/u_aes/state_reg_63_/D (SDFFARX1_RVT)                 0.0000     1.8248 f
  data arrival time                                                      1.8248

  clock clk_fast_aes (rise edge)                              1.8250     1.8250
  clock network delay (ideal)                                 0.0000     1.8250
  u_ctrl/u_aes/state_reg_63_/CLK (SDFFARX1_RVT)                          1.8250 r
  clock reconvergence pessimism                               0.0000     1.8250
  clock uncertainty                                          -0.2000     1.6250
  library setup time                                         -0.1166     1.5084
  data required time                                                     1.5084
  ------------------------------------------------------------------------------------
  data required time                                                     1.5084
  data arrival time                                                     -1.8248
  ------------------------------------------------------------------------------------
  slack (VIOLATED)                                                      -0.3164


  Startpoint: u_ctrl/u_aes/state_reg_24_ (rising edge-triggered flip-flop clocked by clk_fast_aes)
  Endpoint: u_ctrl/u_aes/state_reg_26_ (rising edge-triggered flip-flop clocked by clk_fast_aes)
  Path Group: clk_fast_aes
  Path Type: max

  Point                                                         Incr       Path
  ------------------------------------------------------------------------------------
  clock clk_fast_aes (rise edge)                              0.0000     0.0000
  clock network delay (ideal)                                 0.0000     0.0000
  u_ctrl/u_aes/state_reg_24_/CLK (SDFFARX1_RVT)               0.0000     0.0000 r
  u_ctrl/u_aes/state_reg_24_/Q (SDFFARX1_RVT)                 0.1730     0.1730 f
  u_ctrl/u_aes/U475/A (IBUFFX2_RVT)                           0.0000     0.1730 f
  u_ctrl/u_aes/U475/Y (IBUFFX2_RVT)                           0.0777     0.2507 r
  u_ctrl/u_aes/U479/A (DELLN2X2_RVT)                          0.0000     0.2507 r
  u_ctrl/u_aes/U479/Y (DELLN2X2_RVT)                          0.2942     0.5449 r
  u_ctrl/u_aes/U482/A (DELLN1X2_RVT)                          0.0000     0.5449 r
  u_ctrl/u_aes/U482/Y (DELLN1X2_RVT)                          0.2237     0.7686 r
  u_ctrl/u_aes/U7001/A3 (NAND3X0_RVT)                         0.0000     0.7686 r
  u_ctrl/u_aes/U7001/Y (NAND3X0_RVT)                          0.0952     0.8639 f
  u_ctrl/u_aes/U7002/A3 (AO21X1_RVT)                          0.0000     0.8639 f
  u_ctrl/u_aes/U7002/Y (AO21X1_RVT)                           0.0785     0.9424 f
  u_ctrl/u_aes/U7917/A3 (OA22X1_RVT)                          0.0000     0.9424 f
  u_ctrl/u_aes/U7917/Y (OA22X1_RVT)                           0.0745     1.0169 f
  u_ctrl/u_aes/U7918/A5 (OA221X1_RVT)                         0.0000     1.0169 f
  u_ctrl/u_aes/U7918/Y (OA221X1_RVT)                          0.0656     1.0825 f
  u_ctrl/u_aes/U7919/A5 (OA221X1_RVT)                         0.0000     1.0825 f
  u_ctrl/u_aes/U7919/Y (OA221X1_RVT)                          0.0693     1.1517 f
  u_ctrl/u_aes/U7920/A5 (OA221X1_RVT)                         0.0000     1.1517 f
  u_ctrl/u_aes/U7920/Y (OA221X1_RVT)                          0.0694     1.2211 f
  u_ctrl/u_aes/U7921/A3 (NAND4X0_RVT)                         0.0000     1.2211 f
  u_ctrl/u_aes/U7921/Y (NAND4X0_RVT)                          0.0467     1.2678 r
  u_ctrl/u_aes/U7947/A2 (OA222X1_RVT)                         0.0000     1.2678 r
  u_ctrl/u_aes/U7947/Y (OA222X1_RVT)                          0.1362     1.4040 r
  u_ctrl/u_aes/U7964/A0 (HADDX1_RVT)                          0.0000     1.4040 r
  u_ctrl/u_aes/U7964/SO (HADDX1_RVT)                          0.1357     1.5398 f
  u_ctrl/u_aes/U76/A3 (XOR3X1_RVT)                            0.0000     1.5398 f
  u_ctrl/u_aes/U76/Y (XOR3X1_RVT)                             0.0882     1.6280 r
  u_ctrl/u_aes/U7965/B0 (HADDX1_RVT)                          0.0000     1.6280 r
  u_ctrl/u_aes/U7965/SO (HADDX1_RVT)                          0.1018     1.7298 f
  u_ctrl/u_aes/U7966/A2 (NAND2X0_RVT)                         0.0000     1.7298 f
  u_ctrl/u_aes/U7966/Y (NAND2X0_RVT)                          0.0400     1.7698 r
  u_ctrl/u_aes/U7969/A1 (NAND3X0_RVT)                         0.0000     1.7698 r
  u_ctrl/u_aes/U7969/Y (NAND3X0_RVT)                          0.0420     1.8118 f
  u_ctrl/u_aes/state_reg_26_/D (SDFFARX1_RVT)                 0.0000     1.8118 f
  data arrival time                                                      1.8118

  clock clk_fast_aes (rise edge)                              1.8250     1.8250
  clock network delay (ideal)                                 0.0000     1.8250
  u_ctrl/u_aes/state_reg_26_/CLK (SDFFARX1_RVT)                          1.8250 r
  clock reconvergence pessimism                               0.0000     1.8250
  clock uncertainty                                          -0.2000     1.6250
  library setup time                                         -0.1268     1.4982
  data required time                                                     1.4982
  ------------------------------------------------------------------------------------
  data required time                                                     1.4982
  data arrival time                                                     -1.8118
  ------------------------------------------------------------------------------------
  slack (VIOLATED)                                                      -0.3136


  Startpoint: u_ctrl/u_aes/state_reg_71_ (rising edge-triggered flip-flop clocked by clk_fast_aes)
  Endpoint: u_ctrl/u_aes/state_reg_50_ (rising edge-triggered flip-flop clocked by clk_fast_aes)
  Path Group: clk_fast_aes
  Path Type: max

  Point                                                         Incr       Path
  ------------------------------------------------------------------------------------
  clock clk_fast_aes (rise edge)                              0.0000     0.0000
  clock network delay (ideal)                                 0.0000     0.0000
  u_ctrl/u_aes/state_reg_71_/CLK (SDFFARX1_RVT)               0.0000     0.0000 r
  u_ctrl/u_aes/state_reg_71_/Q (SDFFARX1_RVT)                 0.1877     0.1877 f
  u_ctrl/u_aes/U4178/A (NBUFFX2_RVT)                          0.0000     0.1877 f
  u_ctrl/u_aes/U4178/Y (NBUFFX2_RVT)                          0.0733     0.2610 f
  u_ctrl/u_aes/U8338/A (INVX0_RVT)                            0.0000     0.2610 f
  u_ctrl/u_aes/U8338/Y (INVX0_RVT)                            0.0600     0.3211 r
  u_ctrl/u_aes/U365/A (NBUFFX2_RVT)                           0.0000     0.3211 r
  u_ctrl/u_aes/U365/Y (NBUFFX2_RVT)                           0.0634     0.3845 r
  u_ctrl/u_aes/U4179/A1 (NAND2X0_RVT)                         0.0000     0.3845 r
  u_ctrl/u_aes/U4179/Y (NAND2X0_RVT)                          0.0398     0.4243 f
  u_ctrl/u_aes/U182/A (DELLN3X2_RVT)                          0.0000     0.4243 f
  u_ctrl/u_aes/U182/Y (DELLN3X2_RVT)                          0.5376     0.9619 f
  u_ctrl/u_aes/U4253/A2 (OA22X1_RVT)                          0.0000     0.9619 f
  u_ctrl/u_aes/U4253/Y (OA22X1_RVT)                           0.0877     1.0496 f
  u_ctrl/u_aes/U4254/A1 (AO222X1_RVT)                         0.0000     1.0496 f
  u_ctrl/u_aes/U4254/Y (AO222X1_RVT)                          0.1107     1.1603 f
  u_ctrl/u_aes/U9409/A1 (OA22X1_RVT)                          0.0000     1.1603 f
  u_ctrl/u_aes/U9409/Y (OA22X1_RVT)                           0.0868     1.2471 f
  u_ctrl/u_aes/U9411/A2 (NAND4X0_RVT)                         0.0000     1.2471 f
  u_ctrl/u_aes/U9411/Y (NAND4X0_RVT)                          0.0414     1.2886 r
  u_ctrl/u_aes/U9417/A2 (OA22X1_RVT)                          0.0000     1.2886 r
  u_ctrl/u_aes/U9417/Y (OA22X1_RVT)                           0.0769     1.3654 r
  u_ctrl/u_aes/U9432/A2 (AO22X1_RVT)                          0.0000     1.3654 r
  u_ctrl/u_aes/U9432/Y (AO22X1_RVT)                           0.1062     1.4717 r
  u_ctrl/u_aes/U9498/A0 (HADDX1_RVT)                          0.0000     1.4717 r
  u_ctrl/u_aes/U9498/SO (HADDX1_RVT)                          0.1345     1.6061 f
  u_ctrl/u_aes/U80/A3 (XOR3X1_RVT)                            0.0000     1.6061 f
  u_ctrl/u_aes/U80/Y (XOR3X1_RVT)                             0.0675     1.6736 f
  u_ctrl/u_aes/U1179/A2 (OA22X1_RVT)                          0.0000     1.6736 f
  u_ctrl/u_aes/U1179/Y (OA22X1_RVT)                           0.0755     1.7491 f
  u_ctrl/u_aes/U9640/A1 (NAND2X0_RVT)                         0.0000     1.7491 f
  u_ctrl/u_aes/U9640/Y (NAND2X0_RVT)                          0.0373     1.7864 r
  u_ctrl/u_aes/state_reg_50_/D (SDFFARX2_RVT)                 0.0000     1.7864 r
  data arrival time                                                      1.7864

  clock clk_fast_aes (rise edge)                              1.8250     1.8250
  clock network delay (ideal)                                 0.0000     1.8250
  u_ctrl/u_aes/state_reg_50_/CLK (SDFFARX2_RVT)                          1.8250 r
  clock reconvergence pessimism                               0.0000     1.8250
  clock uncertainty                                          -0.2000     1.6250
  library setup time                                         -0.1416     1.4834
  data required time                                                     1.4834
  ------------------------------------------------------------------------------------
  data required time                                                     1.4834
  data arrival time                                                     -1.7864
  ------------------------------------------------------------------------------------
  slack (VIOLATED)                                                      -0.3030


  Startpoint: u_ctrl/u_aes/state_reg_24_ (rising edge-triggered flip-flop clocked by clk_fast_aes)
  Endpoint: u_ctrl/u_aes/state_reg_2_ (rising edge-triggered flip-flop clocked by clk_fast_aes)
  Path Group: clk_fast_aes
  Path Type: max

  Point                                                         Incr       Path
  ------------------------------------------------------------------------------------
  clock clk_fast_aes (rise edge)                              0.0000     0.0000
  clock network delay (ideal)                                 0.0000     0.0000
  u_ctrl/u_aes/state_reg_24_/CLK (SDFFARX1_RVT)               0.0000     0.0000 r
  u_ctrl/u_aes/state_reg_24_/Q (SDFFARX1_RVT)                 0.1810     0.1810 r
  u_ctrl/u_aes/U475/A (IBUFFX2_RVT)                           0.0000     0.1810 r
  u_ctrl/u_aes/U475/Y (IBUFFX2_RVT)                           0.0722     0.2533 f
  u_ctrl/u_aes/U479/A (DELLN2X2_RVT)                          0.0000     0.2533 f
  u_ctrl/u_aes/U479/Y (DELLN2X2_RVT)                          0.3167     0.5700 f
  u_ctrl/u_aes/U482/A (DELLN1X2_RVT)                          0.0000     0.5700 f
  u_ctrl/u_aes/U482/Y (DELLN1X2_RVT)                          0.2310     0.8010 f
  u_ctrl/u_aes/U7001/A3 (NAND3X0_RVT)                         0.0000     0.8010 f
  u_ctrl/u_aes/U7001/Y (NAND3X0_RVT)                          0.0623     0.8633 r
  u_ctrl/u_aes/U7002/A3 (AO21X1_RVT)                          0.0000     0.8633 r
  u_ctrl/u_aes/U7002/Y (AO21X1_RVT)                           0.0673     0.9307 r
  u_ctrl/u_aes/U7917/A3 (OA22X1_RVT)                          0.0000     0.9307 r
  u_ctrl/u_aes/U7917/Y (OA22X1_RVT)                           0.0705     1.0012 r
  u_ctrl/u_aes/U7918/A5 (OA221X1_RVT)                         0.0000     1.0012 r
  u_ctrl/u_aes/U7918/Y (OA221X1_RVT)                          0.0667     1.0679 r
  u_ctrl/u_aes/U7919/A5 (OA221X1_RVT)                         0.0000     1.0679 r
  u_ctrl/u_aes/U7919/Y (OA221X1_RVT)                          0.0673     1.1352 r
  u_ctrl/u_aes/U7920/A5 (OA221X1_RVT)                         0.0000     1.1352 r
  u_ctrl/u_aes/U7920/Y (OA221X1_RVT)                          0.0673     1.2025 r
  u_ctrl/u_aes/U7921/A3 (NAND4X0_RVT)                         0.0000     1.2025 r
  u_ctrl/u_aes/U7921/Y (NAND4X0_RVT)                          0.0610     1.2636 f
  u_ctrl/u_aes/U7947/A2 (OA222X1_RVT)                         0.0000     1.2636 f
  u_ctrl/u_aes/U7947/Y (OA222X1_RVT)                          0.1506     1.4142 f
  u_ctrl/u_aes/U83/A1 (XOR3X1_RVT)                            0.0000     1.4142 f
  u_ctrl/u_aes/U83/Y (XOR3X1_RVT)                             0.1905     1.6047 f
  u_ctrl/u_aes/U7954/B0 (HADDX1_RVT)                          0.0000     1.6047 f
  u_ctrl/u_aes/U7954/SO (HADDX1_RVT)                          0.1041     1.7088 r
  u_ctrl/u_aes/U7955/A2 (NAND2X0_RVT)                         0.0000     1.7088 r
  u_ctrl/u_aes/U7955/Y (NAND2X0_RVT)                          0.0341     1.7429 f
  u_ctrl/u_aes/U7958/A1 (NAND3X0_RVT)                         0.0000     1.7429 f
  u_ctrl/u_aes/U7958/Y (NAND3X0_RVT)                          0.0371     1.7801 r
  u_ctrl/u_aes/state_reg_2_/D (SDFFARX1_RVT)                  0.0000     1.7801 r
  data arrival time                                                      1.7801

  clock clk_fast_aes (rise edge)                              1.8250     1.8250
  clock network delay (ideal)                                 0.0000     1.8250
  u_ctrl/u_aes/state_reg_2_/CLK (SDFFARX1_RVT)                           1.8250 r
  clock reconvergence pessimism                               0.0000     1.8250
  clock uncertainty                                          -0.2000     1.6250
  library setup time                                         -0.1307     1.4943
  data required time                                                     1.4943
  ------------------------------------------------------------------------------------
  data required time                                                     1.4943
  data arrival time                                                     -1.7801
  ------------------------------------------------------------------------------------
  slack (VIOLATED)                                                      -0.2857


  Startpoint: u_ctrl/u_aes/state_reg_24_ (rising edge-triggered flip-flop clocked by clk_fast_aes)
  Endpoint: u_ctrl/u_aes/state_reg_13_ (rising edge-triggered flip-flop clocked by clk_fast_aes)
  Path Group: clk_fast_aes
  Path Type: max

  Point                                                         Incr       Path
  ------------------------------------------------------------------------------------
  clock clk_fast_aes (rise edge)                              0.0000     0.0000
  clock network delay (ideal)                                 0.0000     0.0000
  u_ctrl/u_aes/state_reg_24_/CLK (SDFFARX1_RVT)               0.0000     0.0000 r
  u_ctrl/u_aes/state_reg_24_/Q (SDFFARX1_RVT)                 0.1810     0.1810 r
  u_ctrl/u_aes/U475/A (IBUFFX2_RVT)                           0.0000     0.1810 r
  u_ctrl/u_aes/U475/Y (IBUFFX2_RVT)                           0.0722     0.2533 f
  u_ctrl/u_aes/U479/A (DELLN2X2_RVT)                          0.0000     0.2533 f
  u_ctrl/u_aes/U479/Y (DELLN2X2_RVT)                          0.3167     0.5700 f
  u_ctrl/u_aes/U482/A (DELLN1X2_RVT)                          0.0000     0.5700 f
  u_ctrl/u_aes/U482/Y (DELLN1X2_RVT)                          0.2310     0.8010 f
  u_ctrl/u_aes/U7001/A3 (NAND3X0_RVT)                         0.0000     0.8010 f
  u_ctrl/u_aes/U7001/Y (NAND3X0_RVT)                          0.0623     0.8633 r
  u_ctrl/u_aes/U7002/A3 (AO21X1_RVT)                          0.0000     0.8633 r
  u_ctrl/u_aes/U7002/Y (AO21X1_RVT)                           0.0673     0.9307 r
  u_ctrl/u_aes/U7003/A3 (AND4X1_RVT)                          0.0000     0.9307 r
  u_ctrl/u_aes/U7003/Y (AND4X1_RVT)                           0.0885     1.0191 r
  u_ctrl/u_aes/U7010/A2 (NAND3X0_RVT)                         0.0000     1.0191 r
  u_ctrl/u_aes/U7010/Y (NAND3X0_RVT)                          0.0487     1.0678 f
  u_ctrl/u_aes/U7040/A4 (OA222X1_RVT)                         0.0000     1.0678 f
  u_ctrl/u_aes/U7040/Y (OA222X1_RVT)                          0.1156     1.1834 f
  u_ctrl/u_aes/U1246/A (INVX0_RVT)                            0.0000     1.1834 f
  u_ctrl/u_aes/U1246/Y (INVX0_RVT)                            0.0557     1.2391 r
  u_ctrl/u_aes/U49/A2 (OA22X1_RVT)                            0.0000     1.2391 r
  u_ctrl/u_aes/U49/Y (OA22X1_RVT)                             0.0871     1.3262 r
  u_ctrl/u_aes/U1171/A (INVX0_RVT)                            0.0000     1.3262 r
  u_ctrl/u_aes/U1171/Y (INVX0_RVT)                            0.0427     1.3689 f
  u_ctrl/u_aes/U299/A2 (XOR3X2_RVT)                           0.0000     1.3689 f
  u_ctrl/u_aes/U299/Y (XOR3X2_RVT)                            0.1706     1.5395 f
  u_ctrl/u_aes/U298/A2 (XOR3X2_RVT)                           0.0000     1.5395 f
  u_ctrl/u_aes/U298/Y (XOR3X2_RVT)                            0.1629     1.7024 r
  u_ctrl/u_aes/U7144/A2 (AO21X1_RVT)                          0.0000     1.7024 r
  u_ctrl/u_aes/U7144/Y (AO21X1_RVT)                           0.0774     1.7798 r
  u_ctrl/u_aes/state_reg_13_/D (SDFFARX1_RVT)                 0.0000     1.7798 r
  data arrival time                                                      1.7798

  clock clk_fast_aes (rise edge)                              1.8250     1.8250
  clock network delay (ideal)                                 0.0000     1.8250
  u_ctrl/u_aes/state_reg_13_/CLK (SDFFARX1_RVT)                          1.8250 r
  clock reconvergence pessimism                               0.0000     1.8250
  clock uncertainty                                          -0.2000     1.6250
  library setup time                                         -0.1277     1.4973
  data required time                                                     1.4973
  ------------------------------------------------------------------------------------
  data required time                                                     1.4973
  data arrival time                                                     -1.7798
  ------------------------------------------------------------------------------------
  slack (VIOLATED)                                                      -0.2825


  Startpoint: u_ctrl/u_aes/state_reg_71_ (rising edge-triggered flip-flop clocked by clk_fast_aes)
  Endpoint: u_ctrl/u_aes/state_reg_60_ (rising edge-triggered flip-flop clocked by clk_fast_aes)
  Path Group: clk_fast_aes
  Path Type: max

  Point                                                         Incr       Path
  ------------------------------------------------------------------------------------
  clock clk_fast_aes (rise edge)                              0.0000     0.0000
  clock network delay (ideal)                                 0.0000     0.0000
  u_ctrl/u_aes/state_reg_71_/CLK (SDFFARX1_RVT)               0.0000     0.0000 r
  u_ctrl/u_aes/state_reg_71_/Q (SDFFARX1_RVT)                 0.1877     0.1877 f
  u_ctrl/u_aes/U4178/A (NBUFFX2_RVT)                          0.0000     0.1877 f
  u_ctrl/u_aes/U4178/Y (NBUFFX2_RVT)                          0.0733     0.2610 f
  u_ctrl/u_aes/U8338/A (INVX0_RVT)                            0.0000     0.2610 f
  u_ctrl/u_aes/U8338/Y (INVX0_RVT)                            0.0600     0.3211 r
  u_ctrl/u_aes/U365/A (NBUFFX2_RVT)                           0.0000     0.3211 r
  u_ctrl/u_aes/U365/Y (NBUFFX2_RVT)                           0.0634     0.3845 r
  u_ctrl/u_aes/U4179/A1 (NAND2X0_RVT)                         0.0000     0.3845 r
  u_ctrl/u_aes/U4179/Y (NAND2X0_RVT)                          0.0398     0.4243 f
  u_ctrl/u_aes/U182/A (DELLN3X2_RVT)                          0.0000     0.4243 f
  u_ctrl/u_aes/U182/Y (DELLN3X2_RVT)                          0.5376     0.9619 f
  u_ctrl/u_aes/U4253/A2 (OA22X1_RVT)                          0.0000     0.9619 f
  u_ctrl/u_aes/U4253/Y (OA22X1_RVT)                           0.0877     1.0496 f
  u_ctrl/u_aes/U8986/A (INVX0_RVT)                            0.0000     1.0496 f
  u_ctrl/u_aes/U8986/Y (INVX0_RVT)                            0.0303     1.0799 r
  u_ctrl/u_aes/U8990/A1 (NAND3X0_RVT)                         0.0000     1.0799 r
  u_ctrl/u_aes/U8990/Y (NAND3X0_RVT)                          0.0410     1.1209 f
  u_ctrl/u_aes/U8991/A4 (NAND4X0_RVT)                         0.0000     1.1209 f
  u_ctrl/u_aes/U8991/Y (NAND4X0_RVT)                          0.0542     1.1751 r
  u_ctrl/u_aes/U8992/A4 (OA22X1_RVT)                          0.0000     1.1751 r
  u_ctrl/u_aes/U8992/Y (OA22X1_RVT)                           0.0676     1.2428 r
  u_ctrl/u_aes/U263/A5 (AO222X2_RVT)                          0.0000     1.2428 r
  u_ctrl/u_aes/U263/Y (AO222X2_RVT)                           0.1081     1.3509 r
  u_ctrl/u_aes/U1249/A (INVX0_RVT)                            0.0000     1.3509 r
  u_ctrl/u_aes/U1249/Y (INVX0_RVT)                            0.0255     1.3763 f
  u_ctrl/u_aes/U8994/A4 (OA22X1_RVT)                          0.0000     1.3763 f
  u_ctrl/u_aes/U8994/Y (OA22X1_RVT)                           0.0686     1.4449 f
  u_ctrl/u_aes/U1206/A (INVX0_RVT)                            0.0000     1.4449 f
  u_ctrl/u_aes/U1206/Y (INVX0_RVT)                            0.0484     1.4933 r
  u_ctrl/u_aes/U2352/A1 (XOR3X2_RVT)                          0.0000     1.4933 r
  u_ctrl/u_aes/U2352/Y (XOR3X2_RVT)                           0.1566     1.6498 f
  u_ctrl/u_aes/U1162/A1 (OA22X1_RVT)                          0.0000     1.6498 f
  u_ctrl/u_aes/U1162/Y (OA22X1_RVT)                           0.0875     1.7373 f
  u_ctrl/u_aes/U9674/A1 (NAND2X0_RVT)                         0.0000     1.7373 f
  u_ctrl/u_aes/U9674/Y (NAND2X0_RVT)                          0.0398     1.7771 r
  u_ctrl/u_aes/state_reg_60_/D (SDFFARX1_RVT)                 0.0000     1.7771 r
  data arrival time                                                      1.7771

  clock clk_fast_aes (rise edge)                              1.8250     1.8250
  clock network delay (ideal)                                 0.0000     1.8250
  u_ctrl/u_aes/state_reg_60_/CLK (SDFFARX1_RVT)                          1.8250 r
  clock reconvergence pessimism                               0.0000     1.8250
  clock uncertainty                                          -0.2000     1.6250
  library setup time                                         -0.1297     1.4953
  data required time                                                     1.4953
  ------------------------------------------------------------------------------------
  data required time                                                     1.4953
  data arrival time                                                     -1.7771
  ------------------------------------------------------------------------------------
  slack (VIOLATED)                                                      -0.2819


  Startpoint: u_ctrl/u_aes/state_reg_24_ (rising edge-triggered flip-flop clocked by clk_fast_aes)
  Endpoint: u_ctrl/u_aes/state_reg_17_ (rising edge-triggered flip-flop clocked by clk_fast_aes)
  Path Group: clk_fast_aes
  Path Type: max

  Point                                                         Incr       Path
  ------------------------------------------------------------------------------------
  clock clk_fast_aes (rise edge)                              0.0000     0.0000
  clock network delay (ideal)                                 0.0000     0.0000
  u_ctrl/u_aes/state_reg_24_/CLK (SDFFARX1_RVT)               0.0000     0.0000 r
  u_ctrl/u_aes/state_reg_24_/Q (SDFFARX1_RVT)                 0.1810     0.1810 r
  u_ctrl/u_aes/U475/A (IBUFFX2_RVT)                           0.0000     0.1810 r
  u_ctrl/u_aes/U475/Y (IBUFFX2_RVT)                           0.0722     0.2533 f
  u_ctrl/u_aes/U479/A (DELLN2X2_RVT)                          0.0000     0.2533 f
  u_ctrl/u_aes/U479/Y (DELLN2X2_RVT)                          0.3167     0.5700 f
  u_ctrl/u_aes/U482/A (DELLN1X2_RVT)                          0.0000     0.5700 f
  u_ctrl/u_aes/U482/Y (DELLN1X2_RVT)                          0.2310     0.8010 f
  u_ctrl/u_aes/U7001/A3 (NAND3X0_RVT)                         0.0000     0.8010 f
  u_ctrl/u_aes/U7001/Y (NAND3X0_RVT)                          0.0623     0.8633 r
  u_ctrl/u_aes/U7002/A3 (AO21X1_RVT)                          0.0000     0.8633 r
  u_ctrl/u_aes/U7002/Y (AO21X1_RVT)                           0.0673     0.9307 r
  u_ctrl/u_aes/U7917/A3 (OA22X1_RVT)                          0.0000     0.9307 r
  u_ctrl/u_aes/U7917/Y (OA22X1_RVT)                           0.0705     1.0012 r
  u_ctrl/u_aes/U7918/A5 (OA221X1_RVT)                         0.0000     1.0012 r
  u_ctrl/u_aes/U7918/Y (OA221X1_RVT)                          0.0667     1.0679 r
  u_ctrl/u_aes/U7919/A5 (OA221X1_RVT)                         0.0000     1.0679 r
  u_ctrl/u_aes/U7919/Y (OA221X1_RVT)                          0.0673     1.1352 r
  u_ctrl/u_aes/U7920/A5 (OA221X1_RVT)                         0.0000     1.1352 r
  u_ctrl/u_aes/U7920/Y (OA221X1_RVT)                          0.0673     1.2025 r
  u_ctrl/u_aes/U7921/A3 (NAND4X0_RVT)                         0.0000     1.2025 r
  u_ctrl/u_aes/U7921/Y (NAND4X0_RVT)                          0.0610     1.2636 f
  u_ctrl/u_aes/U7947/A2 (OA222X1_RVT)                         0.0000     1.2636 f
  u_ctrl/u_aes/U7947/Y (OA222X1_RVT)                          0.1506     1.4142 f
  u_ctrl/u_aes/U189/A1 (XOR3X2_RVT)                           0.0000     1.4142 f
  u_ctrl/u_aes/U189/Y (XOR3X2_RVT)                            0.1637     1.5779 r
  u_ctrl/u_aes/U183/A3 (XOR3X2_RVT)                           0.0000     1.5779 r
  u_ctrl/u_aes/U183/Y (XOR3X2_RVT)                            0.0739     1.6518 f
  u_ctrl/u_aes/U10306/A2 (OA22X1_RVT)                         0.0000     1.6518 f
  u_ctrl/u_aes/U10306/Y (OA22X1_RVT)                          0.0765     1.7284 f
  u_ctrl/u_aes/U10308/A1 (NAND2X0_RVT)                        0.0000     1.7284 f
  u_ctrl/u_aes/U10308/Y (NAND2X0_RVT)                         0.0375     1.7658 r
  u_ctrl/u_aes/state_reg_17_/D (SDFFARX1_RVT)                 0.0000     1.7658 r
  data arrival time                                                      1.7658

  clock clk_fast_aes (rise edge)                              1.8250     1.8250
  clock network delay (ideal)                                 0.0000     1.8250
  u_ctrl/u_aes/state_reg_17_/CLK (SDFFARX1_RVT)                          1.8250 r
  clock reconvergence pessimism                               0.0000     1.8250
  clock uncertainty                                          -0.2000     1.6250
  library setup time                                         -0.1292     1.4958
  data required time                                                     1.4958
  ------------------------------------------------------------------------------------
  data required time                                                     1.4958
  data arrival time                                                     -1.7658
  ------------------------------------------------------------------------------------
  slack (VIOLATED)                                                      -0.2700

Warning: report_timing has satisfied the max_paths criteria. There are 118 further endpoints which have paths of interest with slack less than   0.0000 that were not considered when generating this report. (UITE-502)

1
