****************************************
Report : disable_timing
Design : top_mcu_pll_sram_multiclk_soc
Version: W-2024.09-SP5-3
Date   : Wed Apr 15 11:12:59 2026
****************************************

Flags :     c  case-analysis
            C  Conditional arc
            d  default conditional arc
            f  false net-arc
            l  loop breaking
            L  db inherited loop breaking
	    m  mode
            p  propagated constant
            u  user-defined
            U  User-defined library arcs

Cell or Port                From    To      Sense           Flag  Reason
--------------------------------------------------------------------------------
u_pll                       REF_CLK CLK_1X  positive_unate  C     PLL_BYPASS = 0
u_pll                       REF_CLK CLK_2X  positive_unate  C     PLL_BYPASS = 0
u_pll                       REF_CLK CLK_4X  positive_unate  C     PLL_BYPASS = 0
U6                          A1      Y       positive_unate  c     A1 = 1
U6                          A1      Y       positive_unate  c     A1 = 1
U6                          A3      Y       positive_unate  c     A3 = 0
U6                          A3      Y       positive_unate  c     A3 = 0
U6                          A4      Y       positive_unate  c     A1 = 1, A3 = 0
U6                          A4      Y       positive_unate  c     A1 = 1, A3 = 0
U7                          A1      Y       positive_unate  c     A1 = 1
U7                          A1      Y       positive_unate  c     A1 = 1
U7                          A3      Y       positive_unate  c     A3 = 0
U7                          A3      Y       positive_unate  c     A3 = 0
U7                          A4      Y       positive_unate  c     A1 = 1, A3 = 0
U7                          A4      Y       positive_unate  c     A1 = 1, A3 = 0
U8                          A1      Y       positive_unate  c     A1 = 1
U8                          A1      Y       positive_unate  c     A1 = 1
U8                          A3      Y       positive_unate  c     A3 = 0
U8                          A3      Y       positive_unate  c     A3 = 0
U8                          A4      Y       positive_unate  c     A1 = 1, A3 = 0
U8                          A4      Y       positive_unate  c     A1 = 1, A3 = 0
U9                          A1      Y       positive_unate  c     A1 = 1
U9                          A1      Y       positive_unate  c     A1 = 1
U9                          A3      Y       positive_unate  c     A3 = 0
U9                          A3      Y       positive_unate  c     A3 = 0
U9                          A4      Y       positive_unate  c     A1 = 1, A3 = 0
U9                          A4      Y       positive_unate  c     A1 = 1, A3 = 0
u_ctrl/u_icg_aes/en_lat_reg CLK     D       hold_clk_fall   c     D = 1
u_ctrl/u_icg_aes/en_lat_reg CLK     D       setup_clk_fall  c     D = 1
u_ctrl/u_icg_aes/en_lat_reg D       Q       positive_unate  c     D = 1
u_ctrl/u_icg_aes/en_lat_reg D       QN      negative_unate  c     D = 1
u_ctrl/crc_ff1_reg          CLK     D       hold_clk_rise   c     SE = 1
u_ctrl/crc_ff1_reg          CLK     D       setup_clk_rise  c     SE = 1
u_ctrl/crc_ff1_reg          CLK     SE      hold_clk_rise   c     SE = 1
u_ctrl/crc_ff1_reg          CLK     SE      setup_clk_rise  c     SE = 1
u_div8/clk_out_reg          CLK     D       hold_clk_rise   c     SE = 1
u_div8/clk_out_reg          CLK     D       setup_clk_rise  c     SE = 1
u_div8/clk_out_reg          CLK     SE      hold_clk_rise   c     SE = 1
u_div8/clk_out_reg          CLK     SE      setup_clk_rise  c     SE = 1
u_ctrl/u_ct_cdc_req_ff1_reg CLK     D       hold_clk_rise   c     SE = 1
u_ctrl/u_ct_cdc_req_ff1_reg CLK     D       setup_clk_rise  c     SE = 1
u_ctrl/u_ct_cdc_req_ff1_reg CLK     SE      hold_clk_rise   c     SE = 1
u_ctrl/u_ct_cdc_req_ff1_reg CLK     SE      setup_clk_rise  c     SE = 1
u_ctrl/done_div4_ff1_reg    CLK     D       hold_clk_rise   c     SE = 1
u_ctrl/done_div4_ff1_reg    CLK     D       setup_clk_rise  c     SE = 1
u_ctrl/done_div4_ff1_reg    CLK     SE      hold_clk_rise   c     SE = 1
u_ctrl/done_div4_ff1_reg    CLK     SE      setup_clk_rise  c     SE = 1
u_ctrl/u_ct_cdc_ack_ff1_reg CLK     D       hold_clk_rise   c     SE = 1
u_ctrl/u_ct_cdc_ack_ff1_reg CLK     D       setup_clk_rise  c     SE = 1
u_ctrl/u_ct_cdc_ack_ff1_reg CLK     SE      hold_clk_rise   c     SE = 1
u_ctrl/u_ct_cdc_ack_ff1_reg CLK     SE      setup_clk_rise  c     SE = 1
u_ctrl/txdone_ff1_reg       CLK     D       hold_clk_rise   c     SE = 1
u_ctrl/txdone_ff1_reg       CLK     D       setup_clk_rise  c     SE = 1
u_ctrl/txdone_ff1_reg       CLK     SE      hold_clk_rise   c     SE = 1
u_ctrl/txdone_ff1_reg       CLK     SE      setup_clk_rise  c     SE = 1
u_ctrl/u_send_cdc_ack_ff1_reg
                            CLK     D       hold_clk_rise   c     SE = 1
u_ctrl/u_send_cdc_ack_ff1_reg
                            CLK     D       setup_clk_rise  c     SE = 1
u_ctrl/u_send_cdc_ack_ff1_reg
                            CLK     SE      hold_clk_rise   c     SE = 1
u_ctrl/u_send_cdc_ack_ff1_reg
                            CLK     SE      setup_clk_rise  c     SE = 1
u_ctrl/tx_byte_ff1_reg_0_   CLK     D       hold_clk_rise   c     SE = 1
u_ctrl/tx_byte_ff1_reg_0_   CLK     D       setup_clk_rise  c     SE = 1
u_ctrl/tx_byte_ff1_reg_0_   CLK     SE      hold_clk_rise   c     SE = 1
u_ctrl/tx_byte_ff1_reg_0_   CLK     SE      setup_clk_rise  c     SE = 1
u_ctrl/tx_byte_ff1_reg_1_   CLK     D       hold_clk_rise   c     SE = 1
u_ctrl/tx_byte_ff1_reg_1_   CLK     D       setup_clk_rise  c     SE = 1
u_ctrl/tx_byte_ff1_reg_1_   CLK     SE      hold_clk_rise   c     SE = 1
u_ctrl/tx_byte_ff1_reg_1_   CLK     SE      setup_clk_rise  c     SE = 1
u_ctrl/tx_byte_ff1_reg_2_   CLK     D       hold_clk_rise   c     SE = 1
u_ctrl/tx_byte_ff1_reg_2_   CLK     D       setup_clk_rise  c     SE = 1
u_ctrl/tx_byte_ff1_reg_2_   CLK     SE      hold_clk_rise   c     SE = 1
u_ctrl/tx_byte_ff1_reg_2_   CLK     SE      setup_clk_rise  c     SE = 1
u_ctrl/tx_byte_ff1_reg_3_   CLK     D       hold_clk_rise   c     SE = 1
u_ctrl/tx_byte_ff1_reg_3_   CLK     D       setup_clk_rise  c     SE = 1
u_ctrl/tx_byte_ff1_reg_3_   CLK     SE      hold_clk_rise   c     SE = 1
u_ctrl/tx_byte_ff1_reg_3_   CLK     SE      setup_clk_rise  c     SE = 1
u_ctrl/tx_byte_ff1_reg_4_   CLK     D       hold_clk_rise   c     SE = 1
u_ctrl/tx_byte_ff1_reg_4_   CLK     D       setup_clk_rise  c     SE = 1
u_ctrl/tx_byte_ff1_reg_4_   CLK     SE      hold_clk_rise   c     SE = 1
u_ctrl/tx_byte_ff1_reg_4_   CLK     SE      setup_clk_rise  c     SE = 1
u_ctrl/tx_byte_ff1_reg_5_   CLK     D       hold_clk_rise   c     SE = 1
u_ctrl/tx_byte_ff1_reg_5_   CLK     D       setup_clk_rise  c     SE = 1
u_ctrl/tx_byte_ff1_reg_5_   CLK     SE      hold_clk_rise   c     SE = 1
u_ctrl/tx_byte_ff1_reg_5_   CLK     SE      setup_clk_rise  c     SE = 1
u_ctrl/tx_byte_ff1_reg_6_   CLK     D       hold_clk_rise   c     SE = 1
u_ctrl/tx_byte_ff1_reg_6_   CLK     D       setup_clk_rise  c     SE = 1
u_ctrl/tx_byte_ff1_reg_6_   CLK     SE      hold_clk_rise   c     SE = 1
u_ctrl/tx_byte_ff1_reg_6_   CLK     SE      setup_clk_rise  c     SE = 1
u_ctrl/tx_byte_ff1_reg_7_   CLK     D       hold_clk_rise   c     SE = 1
u_ctrl/tx_byte_ff1_reg_7_   CLK     D       setup_clk_rise  c     SE = 1
u_ctrl/tx_byte_ff1_reg_7_   CLK     SE      hold_clk_rise   c     SE = 1
u_ctrl/tx_byte_ff1_reg_7_   CLK     SE      setup_clk_rise  c     SE = 1
u_ctrl/su_ff1_reg           CLK     D       hold_clk_rise   c     SE = 1
u_ctrl/su_ff1_reg           CLK     D       setup_clk_rise  c     SE = 1
u_ctrl/su_ff1_reg           CLK     SE      hold_clk_rise   c     SE = 1
u_ctrl/su_ff1_reg           CLK     SE      setup_clk_rise  c     SE = 1
u_ctrl/fail_ff1_reg         CLK     D       hold_clk_rise   c     SE = 1
u_ctrl/fail_ff1_reg         CLK     D       setup_clk_rise  c     SE = 1
u_ctrl/fail_ff1_reg         CLK     SE      hold_clk_rise   c     SE = 1
u_ctrl/fail_ff1_reg         CLK     SE      setup_clk_rise  c     SE = 1
u_ctrl/u_ct_cdc_req_tog_src_reg
                            CLK     D       hold_clk_rise   c     SE = 1
u_ctrl/u_ct_cdc_req_tog_src_reg
                            CLK     D       setup_clk_rise  c     SE = 1
u_ctrl/u_ct_cdc_req_tog_src_reg
                            CLK     SE      hold_clk_rise   c     SE = 1
u_ctrl/u_ct_cdc_req_tog_src_reg
                            CLK     SE      setup_clk_rise  c     SE = 1
u_ctrl/u_send_cdc_req_ff1_reg
                            CLK     D       hold_clk_rise   c     SE = 1
u_ctrl/u_send_cdc_req_ff1_reg
                            CLK     D       setup_clk_rise  c     SE = 1
u_ctrl/u_send_cdc_req_ff1_reg
                            CLK     SE      hold_clk_rise   c     SE = 1
u_ctrl/u_send_cdc_req_ff1_reg
                            CLK     SE      setup_clk_rise  c     SE = 1
u_ctrl/tx_buf_data_reg_0_   CLK     D       hold_clk_rise   c     SE = 1
u_ctrl/tx_buf_data_reg_0_   CLK     D       setup_clk_rise  c     SE = 1
u_ctrl/tx_buf_data_reg_0_   CLK     SE      hold_clk_rise   c     SE = 1
u_ctrl/tx_buf_data_reg_0_   CLK     SE      setup_clk_rise  c     SE = 1
u_ctrl/tx_buf_data_reg_1_   CLK     D       hold_clk_rise   c     SE = 1
u_ctrl/tx_buf_data_reg_1_   CLK     D       setup_clk_rise  c     SE = 1
u_ctrl/tx_buf_data_reg_1_   CLK     SE      hold_clk_rise   c     SE = 1
u_ctrl/tx_buf_data_reg_1_   CLK     SE      setup_clk_rise  c     SE = 1
u_ctrl/tx_buf_data_reg_2_   CLK     D       hold_clk_rise   c     SE = 1
u_ctrl/tx_buf_data_reg_2_   CLK     D       setup_clk_rise  c     SE = 1
u_ctrl/tx_buf_data_reg_2_   CLK     SE      hold_clk_rise   c     SE = 1
u_ctrl/tx_buf_data_reg_2_   CLK     SE      setup_clk_rise  c     SE = 1
u_ctrl/tx_buf_data_reg_3_   CLK     D       hold_clk_rise   c     SE = 1
u_ctrl/tx_buf_data_reg_3_   CLK     D       setup_clk_rise  c     SE = 1
u_ctrl/tx_buf_data_reg_3_   CLK     SE      hold_clk_rise   c     SE = 1
u_ctrl/tx_buf_data_reg_3_   CLK     SE      setup_clk_rise  c     SE = 1
u_ctrl/tx_buf_data_reg_4_   CLK     D       hold_clk_rise   c     SE = 1
u_ctrl/tx_buf_data_reg_4_   CLK     D       setup_clk_rise  c     SE = 1
u_ctrl/tx_buf_data_reg_4_   CLK     SE      hold_clk_rise   c     SE = 1
u_ctrl/tx_buf_data_reg_4_   CLK     SE      setup_clk_rise  c     SE = 1
u_ctrl/tx_buf_data_reg_5_   CLK     D       hold_clk_rise   c     SE = 1
u_ctrl/tx_buf_data_reg_5_   CLK     D       setup_clk_rise  c     SE = 1
u_ctrl/tx_buf_data_reg_5_   CLK     SE      hold_clk_rise   c     SE = 1
u_ctrl/tx_buf_data_reg_5_   CLK     SE      setup_clk_rise  c     SE = 1
u_ctrl/tx_buf_data_reg_6_   CLK     D       hold_clk_rise   c     SE = 1
u_ctrl/tx_buf_data_reg_6_   CLK     D       setup_clk_rise  c     SE = 1
u_ctrl/tx_buf_data_reg_6_   CLK     SE      hold_clk_rise   c     SE = 1
u_ctrl/tx_buf_data_reg_6_   CLK     SE      setup_clk_rise  c     SE = 1
u_ctrl/tx_buf_data_reg_7_   CLK     D       hold_clk_rise   c     SE = 1
u_ctrl/tx_buf_data_reg_7_   CLK     D       setup_clk_rise  c     SE = 1
u_ctrl/tx_buf_data_reg_7_   CLK     SE      hold_clk_rise   c     SE = 1
u_ctrl/tx_buf_data_reg_7_   CLK     SE      setup_clk_rise  c     SE = 1
u_ctrl/tx_cnt_div4_reg_0_   CLK     D       hold_clk_rise   c     SE = 1
u_ctrl/tx_cnt_div4_reg_0_   CLK     D       setup_clk_rise  c     SE = 1
u_ctrl/tx_cnt_div4_reg_0_   CLK     SE      hold_clk_rise   c     SE = 1
u_ctrl/tx_cnt_div4_reg_0_   CLK     SE      setup_clk_rise  c     SE = 1
u_ctrl/u_send_cdc_pulse_dst_reg
                            CLK     D       hold_clk_rise   c     SE = 1
u_ctrl/u_send_cdc_pulse_dst_reg
                            CLK     D       setup_clk_rise  c     SE = 1
u_ctrl/u_send_cdc_pulse_dst_reg
                            CLK     SE      hold_clk_rise   c     SE = 1
u_ctrl/u_send_cdc_pulse_dst_reg
                            CLK     SE      setup_clk_rise  c     SE = 1
u_ctrl/u_send_cdc_ack_tog_dst_reg
                            CLK     D       hold_clk_rise   c     SE = 1
u_ctrl/u_send_cdc_ack_tog_dst_reg
                            CLK     D       setup_clk_rise  c     SE = 1
u_ctrl/u_send_cdc_ack_tog_dst_reg
                            CLK     SE      hold_clk_rise   c     SE = 1
u_ctrl/u_send_cdc_ack_tog_dst_reg
                            CLK     SE      setup_clk_rise  c     SE = 1
u_mem_u_sram                CE      A[4]    hold_clk_rise   p     A[4] = 0
u_mem_u_sram                CE      A[4]    setup_clk_rise  p     A[4] = 0
u_mem_u_sram                CE      A[5]    hold_clk_rise   p     A[5] = 0
u_mem_u_sram                CE      A[5]    setup_clk_rise  p     A[5] = 0
u_mem_u_sram                CE      A[6]    hold_clk_rise   p     A[6] = 0
u_mem_u_sram                CE      A[6]    setup_clk_rise  p     A[6] = 0
u_mem_u_sram                CE      A[7]    hold_clk_rise   p     A[7] = 0
u_mem_u_sram                CE      A[7]    setup_clk_rise  p     A[7] = 0
u_mem_u_sram                CE      A[8]    hold_clk_rise   p     A[8] = 0
u_mem_u_sram                CE      A[8]    setup_clk_rise  p     A[8] = 0
u_mem_u_sram                CE      A[9]    hold_clk_rise   p     A[9] = 0
u_mem_u_sram                CE      A[9]    setup_clk_rise  p     A[9] = 0
u_ctrl/u_send_cdc_req_tog_src_reg
                            CLK     D       hold_clk_rise   c     SE = 1
u_ctrl/u_send_cdc_req_tog_src_reg
                            CLK     D       setup_clk_rise  c     SE = 1
u_ctrl/u_send_cdc_req_tog_src_reg
                            CLK     SE      hold_clk_rise   c     SE = 1
u_ctrl/u_send_cdc_req_tog_src_reg
                            CLK     SE      setup_clk_rise  c     SE = 1
u_ctrl/allow_send_div2_d_reg
                            CLK     D       hold_clk_rise   c     SE = 1
u_ctrl/allow_send_div2_d_reg
                            CLK     D       setup_clk_rise  c     SE = 1
u_ctrl/allow_send_div2_d_reg
                            CLK     SE      hold_clk_rise   c     SE = 1
u_ctrl/allow_send_div2_d_reg
                            CLK     SE      setup_clk_rise  c     SE = 1
u_ctrl/crc_finish_reg       CLK     D       hold_clk_rise   c     SE = 1
u_ctrl/crc_finish_reg       CLK     D       setup_clk_rise  c     SE = 1
u_ctrl/crc_finish_reg       CLK     SE      hold_clk_rise   c     SE = 1
u_ctrl/crc_finish_reg       CLK     SE      setup_clk_rise  c     SE = 1
u_ctrl/start_uart_cmd_reg   CLK     D       hold_clk_rise   c     SE = 1
u_ctrl/start_uart_cmd_reg   CLK     D       setup_clk_rise  c     SE = 1
u_ctrl/start_uart_cmd_reg   CLK     SE      hold_clk_rise   c     SE = 1
u_ctrl/start_uart_cmd_reg   CLK     SE      setup_clk_rise  c     SE = 1
u_ctrl/tx_done_div4_reg     CLK     D       hold_clk_rise   c     SE = 1
u_ctrl/tx_done_div4_reg     CLK     D       setup_clk_rise  c     SE = 1
u_ctrl/tx_done_div4_reg     CLK     SE      hold_clk_rise   c     SE = 1
u_ctrl/tx_done_div4_reg     CLK     SE      setup_clk_rise  c     SE = 1
u_ctrl/crc_dv_reg           CLK     D       hold_clk_rise   c     SE = 1
u_ctrl/crc_dv_reg           CLK     D       setup_clk_rise  c     SE = 1
u_ctrl/crc_dv_reg           CLK     SE      hold_clk_rise   c     SE = 1
u_ctrl/crc_dv_reg           CLK     SE      setup_clk_rise  c     SE = 1
u_ctrl/tx_all_started_div4_reg
                            CLK     D       hold_clk_rise   c     SE = 1
u_ctrl/tx_all_started_div4_reg
                            CLK     D       setup_clk_rise  c     SE = 1
u_ctrl/tx_all_started_div4_reg
                            CLK     SE      hold_clk_rise   c     SE = 1
u_ctrl/tx_all_started_div4_reg
                            CLK     SE      setup_clk_rise  c     SE = 1
u_ctrl/tx_start_reg         CLK     D       hold_clk_rise   c     SE = 1
u_ctrl/tx_start_reg         CLK     D       setup_clk_rise  c     SE = 1
u_ctrl/tx_start_reg         CLK     SE      hold_clk_rise   c     SE = 1
u_ctrl/tx_start_reg         CLK     SE      setup_clk_rise  c     SE = 1
u_ctrl/tx_cnt_div4_reg_1_   CLK     D       hold_clk_rise   c     SE = 1
u_ctrl/tx_cnt_div4_reg_1_   CLK     D       setup_clk_rise  c     SE = 1
u_ctrl/tx_cnt_div4_reg_1_   CLK     SE      hold_clk_rise   c     SE = 1
u_ctrl/tx_cnt_div4_reg_1_   CLK     SE      setup_clk_rise  c     SE = 1
u_ctrl/tx_cnt_div4_reg_2_   CLK     D       hold_clk_rise   c     SE = 1
u_ctrl/tx_cnt_div4_reg_2_   CLK     D       setup_clk_rise  c     SE = 1
u_ctrl/tx_cnt_div4_reg_2_   CLK     SE      hold_clk_rise   c     SE = 1
u_ctrl/tx_cnt_div4_reg_2_   CLK     SE      setup_clk_rise  c     SE = 1
u_ctrl/tx_cnt_div4_reg_3_   CLK     D       hold_clk_rise   c     SE = 1
u_ctrl/tx_cnt_div4_reg_3_   CLK     D       setup_clk_rise  c     SE = 1
u_ctrl/tx_cnt_div4_reg_3_   CLK     SE      hold_clk_rise   c     SE = 1
u_ctrl/tx_cnt_div4_reg_3_   CLK     SE      setup_clk_rise  c     SE = 1
u_ctrl/tx_active_div4_reg   CLK     D       hold_clk_rise   c     SE = 1
u_ctrl/tx_active_div4_reg   CLK     D       setup_clk_rise  c     SE = 1
u_ctrl/tx_active_div4_reg   CLK     SE      hold_clk_rise   c     SE = 1
u_ctrl/tx_active_div4_reg   CLK     SE      setup_clk_rise  c     SE = 1
u_ctrl/tx_buf_valid_reg     CLK     D       hold_clk_rise   c     SE = 1
u_ctrl/tx_buf_valid_reg     CLK     D       setup_clk_rise  c     SE = 1
u_ctrl/tx_buf_valid_reg     CLK     SE      hold_clk_rise   c     SE = 1
u_ctrl/tx_buf_valid_reg     CLK     SE      setup_clk_rise  c     SE = 1
u_ctrl/u_ct_cdc_pulse_dst_reg
                            CLK     D       hold_clk_rise   c     SE = 1
u_ctrl/u_ct_cdc_pulse_dst_reg
                            CLK     D       setup_clk_rise  c     SE = 1
u_ctrl/u_ct_cdc_pulse_dst_reg
                            CLK     SE      hold_clk_rise   c     SE = 1
u_ctrl/u_ct_cdc_pulse_dst_reg
                            CLK     SE      setup_clk_rise  c     SE = 1
u_ctrl/u_crc_done_reg       CLK     D       hold_clk_rise   c     SE = 1
u_ctrl/u_crc_done_reg       CLK     D       setup_clk_rise  c     SE = 1
u_ctrl/u_crc_done_reg       CLK     SE      hold_clk_rise   c     SE = 1
u_ctrl/u_crc_done_reg       CLK     SE      setup_clk_rise  c     SE = 1
u_ctrl/u_crc_crc_reg_22_    CLK     D       hold_clk_rise   c     SE = 1
u_ctrl/u_crc_crc_reg_22_    CLK     D       setup_clk_rise  c     SE = 1
u_ctrl/u_crc_crc_reg_22_    CLK     SE      hold_clk_rise   c     SE = 1
u_ctrl/u_crc_crc_reg_22_    CLK     SE      setup_clk_rise  c     SE = 1
u_ctrl/crc_byte_reg_0_      CLK     D       hold_clk_rise   c     SE = 1
u_ctrl/crc_byte_reg_0_      CLK     D       setup_clk_rise  c     SE = 1
u_ctrl/crc_byte_reg_0_      CLK     SE      hold_clk_rise   c     SE = 1
u_ctrl/crc_byte_reg_0_      CLK     SE      setup_clk_rise  c     SE = 1
u_ctrl/crc_byte_reg_1_      CLK     D       hold_clk_rise   c     SE = 1
u_ctrl/crc_byte_reg_1_      CLK     D       setup_clk_rise  c     SE = 1
u_ctrl/crc_byte_reg_1_      CLK     SE      hold_clk_rise   c     SE = 1
u_ctrl/crc_byte_reg_1_      CLK     SE      setup_clk_rise  c     SE = 1
u_ctrl/crc_byte_reg_2_      CLK     D       hold_clk_rise   c     SE = 1
u_ctrl/crc_byte_reg_2_      CLK     D       setup_clk_rise  c     SE = 1
u_ctrl/crc_byte_reg_2_      CLK     SE      hold_clk_rise   c     SE = 1
u_ctrl/crc_byte_reg_2_      CLK     SE      setup_clk_rise  c     SE = 1
u_ctrl/crc_byte_reg_3_      CLK     D       hold_clk_rise   c     SE = 1
u_ctrl/crc_byte_reg_3_      CLK     D       setup_clk_rise  c     SE = 1
u_ctrl/crc_byte_reg_3_      CLK     SE      hold_clk_rise   c     SE = 1
u_ctrl/crc_byte_reg_3_      CLK     SE      setup_clk_rise  c     SE = 1
u_ctrl/crc_byte_reg_4_      CLK     D       hold_clk_rise   c     SE = 1
u_ctrl/crc_byte_reg_4_      CLK     D       setup_clk_rise  c     SE = 1
u_ctrl/crc_byte_reg_4_      CLK     SE      hold_clk_rise   c     SE = 1
u_ctrl/crc_byte_reg_4_      CLK     SE      setup_clk_rise  c     SE = 1
u_ctrl/crc_byte_reg_5_      CLK     D       hold_clk_rise   c     SE = 1
u_ctrl/crc_byte_reg_5_      CLK     D       setup_clk_rise  c     SE = 1
u_ctrl/crc_byte_reg_5_      CLK     SE      hold_clk_rise   c     SE = 1
u_ctrl/crc_byte_reg_5_      CLK     SE      setup_clk_rise  c     SE = 1
u_ctrl/crc_byte_reg_6_      CLK     D       hold_clk_rise   c     SE = 1
u_ctrl/crc_byte_reg_6_      CLK     D       setup_clk_rise  c     SE = 1
u_ctrl/crc_byte_reg_6_      CLK     SE      hold_clk_rise   c     SE = 1
u_ctrl/crc_byte_reg_6_      CLK     SE      setup_clk_rise  c     SE = 1
u_ctrl/crc_byte_reg_7_      CLK     D       hold_clk_rise   c     SE = 1
u_ctrl/crc_byte_reg_7_      CLK     D       setup_clk_rise  c     SE = 1
u_ctrl/crc_byte_reg_7_      CLK     SE      hold_clk_rise   c     SE = 1
u_ctrl/crc_byte_reg_7_      CLK     SE      setup_clk_rise  c     SE = 1
u_ctrl/aes_done_ff1_reg     CLK     D       hold_clk_rise   c     SE = 1
u_ctrl/aes_done_ff1_reg     CLK     D       setup_clk_rise  c     SE = 1
u_ctrl/aes_done_ff1_reg     CLK     SE      hold_clk_rise   c     SE = 1
u_ctrl/aes_done_ff1_reg     CLK     SE      setup_clk_rise  c     SE = 1
u_ctrl/u_ct_cdc_ack_tog_dst_reg
                            CLK     D       hold_clk_rise   c     SE = 1
u_ctrl/u_ct_cdc_ack_tog_dst_reg
                            CLK     D       setup_clk_rise  c     SE = 1
u_ctrl/u_ct_cdc_ack_tog_dst_reg
                            CLK     SE      hold_clk_rise   c     SE = 1
u_ctrl/u_ct_cdc_ack_tog_dst_reg
                            CLK     SE      setup_clk_rise  c     SE = 1
u_ctrl/tx_data_reg_0_       CLK     D       hold_clk_rise   c     SE = 1
u_ctrl/tx_data_reg_0_       CLK     D       setup_clk_rise  c     SE = 1
u_ctrl/tx_data_reg_0_       CLK     SE      hold_clk_rise   c     SE = 1
u_ctrl/tx_data_reg_0_       CLK     SE      setup_clk_rise  c     SE = 1
u_ctrl/tx_data_reg_1_       CLK     D       hold_clk_rise   c     SE = 1
u_ctrl/tx_data_reg_1_       CLK     D       setup_clk_rise  c     SE = 1
u_ctrl/tx_data_reg_1_       CLK     SE      hold_clk_rise   c     SE = 1
u_ctrl/tx_data_reg_1_       CLK     SE      setup_clk_rise  c     SE = 1
u_ctrl/tx_data_reg_2_       CLK     D       hold_clk_rise   c     SE = 1
u_ctrl/tx_data_reg_2_       CLK     D       setup_clk_rise  c     SE = 1
u_ctrl/tx_data_reg_2_       CLK     SE      hold_clk_rise   c     SE = 1
u_ctrl/tx_data_reg_2_       CLK     SE      setup_clk_rise  c     SE = 1
u_ctrl/tx_data_reg_3_       CLK     D       hold_clk_rise   c     SE = 1
u_ctrl/tx_data_reg_3_       CLK     D       setup_clk_rise  c     SE = 1
u_ctrl/tx_data_reg_3_       CLK     SE      hold_clk_rise   c     SE = 1
u_ctrl/tx_data_reg_3_       CLK     SE      setup_clk_rise  c     SE = 1
u_ctrl/mem_cs_reg           CLK     D       hold_clk_rise   c     SE = 1
u_ctrl/mem_cs_reg           CLK     D       setup_clk_rise  c     SE = 1
u_ctrl/mem_cs_reg           CLK     SE      hold_clk_rise   c     SE = 1
u_ctrl/mem_cs_reg           CLK     SE      setup_clk_rise  c     SE = 1
u_ctrl/tx_data_reg_4_       CLK     D       hold_clk_rise   c     SE = 1
u_ctrl/tx_data_reg_4_       CLK     D       setup_clk_rise  c     SE = 1
u_ctrl/tx_data_reg_4_       CLK     SE      hold_clk_rise   c     SE = 1
u_ctrl/tx_data_reg_4_       CLK     SE      setup_clk_rise  c     SE = 1
u_ctrl/tx_data_reg_5_       CLK     D       hold_clk_rise   c     SE = 1
u_ctrl/tx_data_reg_5_       CLK     D       setup_clk_rise  c     SE = 1
u_ctrl/tx_data_reg_5_       CLK     SE      hold_clk_rise   c     SE = 1
u_ctrl/tx_data_reg_5_       CLK     SE      setup_clk_rise  c     SE = 1
u_ctrl/tx_data_reg_6_       CLK     D       hold_clk_rise   c     SE = 1
u_ctrl/tx_data_reg_6_       CLK     D       setup_clk_rise  c     SE = 1
u_ctrl/tx_data_reg_6_       CLK     SE      hold_clk_rise   c     SE = 1
u_ctrl/tx_data_reg_6_       CLK     SE      setup_clk_rise  c     SE = 1
u_ctrl/tx_data_reg_7_       CLK     D       hold_clk_rise   c     SE = 1
u_ctrl/tx_data_reg_7_       CLK     D       setup_clk_rise  c     SE = 1
u_ctrl/tx_data_reg_7_       CLK     SE      hold_clk_rise   c     SE = 1
u_ctrl/tx_data_reg_7_       CLK     SE      setup_clk_rise  c     SE = 1
u_ctrl/tx_cnt_div4_reg_4_   CLK     D       hold_clk_rise   c     SE = 1
u_ctrl/tx_cnt_div4_reg_4_   CLK     D       setup_clk_rise  c     SE = 1
u_ctrl/tx_cnt_div4_reg_4_   CLK     SE      hold_clk_rise   c     SE = 1
u_ctrl/tx_cnt_div4_reg_4_   CLK     SE      setup_clk_rise  c     SE = 1
u_ctrl/sst_reg_2_           CLK     D       hold_clk_rise   c     SE = 1
u_ctrl/sst_reg_2_           CLK     D       setup_clk_rise  c     SE = 1
u_ctrl/sst_reg_2_           CLK     SE      hold_clk_rise   c     SE = 1
u_ctrl/sst_reg_2_           CLK     SE      setup_clk_rise  c     SE = 1
u_ctrl/u_tx_tx_busy_reg     CLK     D       hold_clk_rise   c     SE = 1
u_ctrl/u_tx_tx_busy_reg     CLK     D       setup_clk_rise  c     SE = 1
u_ctrl/u_tx_tx_busy_reg     CLK     SE      hold_clk_rise   c     SE = 1
u_ctrl/u_tx_tx_busy_reg     CLK     SE      setup_clk_rise  c     SE = 1
u_ctrl/mem_wdata_reg_1_     CLK     D       hold_clk_rise   c     SE = 1
u_ctrl/mem_wdata_reg_1_     CLK     D       setup_clk_rise  c     SE = 1
u_ctrl/mem_wdata_reg_1_     CLK     SE      hold_clk_rise   c     SE = 1
u_ctrl/mem_wdata_reg_1_     CLK     SE      setup_clk_rise  c     SE = 1
u_ctrl/mem_wdata_reg_2_     CLK     D       hold_clk_rise   c     SE = 1
u_ctrl/mem_wdata_reg_2_     CLK     D       setup_clk_rise  c     SE = 1
u_ctrl/mem_wdata_reg_2_     CLK     SE      hold_clk_rise   c     SE = 1
u_ctrl/mem_wdata_reg_2_     CLK     SE      setup_clk_rise  c     SE = 1
u_ctrl/mem_wdata_reg_3_     CLK     D       hold_clk_rise   c     SE = 1
u_ctrl/mem_wdata_reg_3_     CLK     D       setup_clk_rise  c     SE = 1
u_ctrl/mem_wdata_reg_3_     CLK     SE      hold_clk_rise   c     SE = 1
u_ctrl/mem_wdata_reg_3_     CLK     SE      setup_clk_rise  c     SE = 1
u_ctrl/mem_wdata_reg_4_     CLK     D       hold_clk_rise   c     SE = 1
u_ctrl/mem_wdata_reg_4_     CLK     D       setup_clk_rise  c     SE = 1
u_ctrl/mem_wdata_reg_4_     CLK     SE      hold_clk_rise   c     SE = 1
u_ctrl/mem_wdata_reg_4_     CLK     SE      setup_clk_rise  c     SE = 1
u_ctrl/u_crc_crc_reg_6_     CLK     D       hold_clk_rise   c     SE = 1
u_ctrl/u_crc_crc_reg_6_     CLK     D       setup_clk_rise  c     SE = 1
u_ctrl/u_crc_crc_reg_6_     CLK     SE      hold_clk_rise   c     SE = 1
u_ctrl/u_crc_crc_reg_6_     CLK     SE      setup_clk_rise  c     SE = 1
u_ctrl/mem_wdata_reg_5_     CLK     D       hold_clk_rise   c     SE = 1
u_ctrl/mem_wdata_reg_5_     CLK     D       setup_clk_rise  c     SE = 1
u_ctrl/mem_wdata_reg_5_     CLK     SE      hold_clk_rise   c     SE = 1
u_ctrl/mem_wdata_reg_5_     CLK     SE      setup_clk_rise  c     SE = 1
u_ctrl/u_crc_crc_reg_29_    CLK     D       hold_clk_rise   c     SE = 1
u_ctrl/u_crc_crc_reg_29_    CLK     D       setup_clk_rise  c     SE = 1
u_ctrl/u_crc_crc_reg_29_    CLK     SE      hold_clk_rise   c     SE = 1
u_ctrl/u_crc_crc_reg_29_    CLK     SE      setup_clk_rise  c     SE = 1
u_ctrl/ct_req_pulse_fast_reg
                            CLK     D       hold_clk_rise   c     SE = 1
u_ctrl/ct_req_pulse_fast_reg
                            CLK     D       setup_clk_rise  c     SE = 1
u_ctrl/ct_req_pulse_fast_reg
                            CLK     SE      hold_clk_rise   c     SE = 1
u_ctrl/ct_req_pulse_fast_reg
                            CLK     SE      setup_clk_rise  c     SE = 1
u_ctrl/fail_reg             CLK     D       hold_clk_rise   c     SE = 1
u_ctrl/fail_reg             CLK     D       setup_clk_rise  c     SE = 1
u_ctrl/fail_reg             CLK     SE      hold_clk_rise   c     SE = 1
u_ctrl/fail_reg             CLK     SE      setup_clk_rise  c     SE = 1
u_ctrl/u_crc_crc_reg_17_    CLK     D       hold_clk_rise   c     SE = 1
u_ctrl/u_crc_crc_reg_17_    CLK     D       setup_clk_rise  c     SE = 1
u_ctrl/u_crc_crc_reg_17_    CLK     SE      hold_clk_rise   c     SE = 1
u_ctrl/u_crc_crc_reg_17_    CLK     SE      setup_clk_rise  c     SE = 1
u_ctrl/send_go_div2_reg     CLK     D       hold_clk_rise   c     SE = 1
u_ctrl/send_go_div2_reg     CLK     D       setup_clk_rise  c     SE = 1
u_ctrl/send_go_div2_reg     CLK     SE      hold_clk_rise   c     SE = 1
u_ctrl/send_go_div2_reg     CLK     SE      setup_clk_rise  c     SE = 1
u_ctrl/u_rx_rx_valid_reg    CLK     D       hold_clk_rise   c     SE = 1
u_ctrl/u_rx_rx_valid_reg    CLK     D       setup_clk_rise  c     SE = 1
u_ctrl/u_rx_rx_valid_reg    CLK     SE      hold_clk_rise   c     SE = 1
u_ctrl/u_rx_rx_valid_reg    CLK     SE      setup_clk_rise  c     SE = 1
u_ctrl/mem_we_reg           CLK     D       hold_clk_rise   c     SE = 1
u_ctrl/mem_we_reg           CLK     D       setup_clk_rise  c     SE = 1
u_ctrl/mem_we_reg           CLK     SE      hold_clk_rise   c     SE = 1
u_ctrl/mem_we_reg           CLK     SE      setup_clk_rise  c     SE = 1
u_ctrl/u_crc_crc_reg_0_     CLK     D       hold_clk_rise   c     SE = 1
u_ctrl/u_crc_crc_reg_0_     CLK     D       setup_clk_rise  c     SE = 1
u_ctrl/u_crc_crc_reg_0_     CLK     SE      hold_clk_rise   c     SE = 1
u_ctrl/u_crc_crc_reg_0_     CLK     SE      setup_clk_rise  c     SE = 1
u_ctrl/mem_wdata_reg_0_     CLK     D       hold_clk_rise   c     SE = 1
u_ctrl/mem_wdata_reg_0_     CLK     D       setup_clk_rise  c     SE = 1
u_ctrl/mem_wdata_reg_0_     CLK     SE      hold_clk_rise   c     SE = 1
u_ctrl/mem_wdata_reg_0_     CLK     SE      setup_clk_rise  c     SE = 1
u_ctrl/u_crc_crc_reg_20_    CLK     D       hold_clk_rise   c     SE = 1
u_ctrl/u_crc_crc_reg_20_    CLK     D       setup_clk_rise  c     SE = 1
u_ctrl/u_crc_crc_reg_20_    CLK     SE      hold_clk_rise   c     SE = 1
u_ctrl/u_crc_crc_reg_20_    CLK     SE      setup_clk_rise  c     SE = 1
u_ctrl/u_crc_crc_reg_21_    CLK     D       hold_clk_rise   c     SE = 1
u_ctrl/u_crc_crc_reg_21_    CLK     D       setup_clk_rise  c     SE = 1
u_ctrl/u_crc_crc_reg_21_    CLK     SE      hold_clk_rise   c     SE = 1
u_ctrl/u_crc_crc_reg_21_    CLK     SE      setup_clk_rise  c     SE = 1
u_ctrl/u_crc_crc_reg_25_    CLK     D       hold_clk_rise   c     SE = 1
u_ctrl/u_crc_crc_reg_25_    CLK     D       setup_clk_rise  c     SE = 1
u_ctrl/u_crc_crc_reg_25_    CLK     SE      hold_clk_rise   c     SE = 1
u_ctrl/u_crc_crc_reg_25_    CLK     SE      setup_clk_rise  c     SE = 1
u_ctrl/mem_wdata_reg_6_     CLK     D       hold_clk_rise   c     SE = 1
u_ctrl/mem_wdata_reg_6_     CLK     D       setup_clk_rise  c     SE = 1
u_ctrl/mem_wdata_reg_6_     CLK     SE      hold_clk_rise   c     SE = 1
u_ctrl/mem_wdata_reg_6_     CLK     SE      setup_clk_rise  c     SE = 1
u_ctrl/mem_wdata_reg_7_     CLK     D       hold_clk_rise   c     SE = 1
u_ctrl/mem_wdata_reg_7_     CLK     D       setup_clk_rise  c     SE = 1
u_ctrl/mem_wdata_reg_7_     CLK     SE      hold_clk_rise   c     SE = 1
u_ctrl/mem_wdata_reg_7_     CLK     SE      setup_clk_rise  c     SE = 1
u_ctrl/u_crc_crc_out_reg_10_
                            CLK     D       hold_clk_rise   c     SE = 1
u_ctrl/u_crc_crc_out_reg_10_
                            CLK     D       setup_clk_rise  c     SE = 1
u_ctrl/u_crc_crc_out_reg_10_
                            CLK     SE      hold_clk_rise   c     SE = 1
u_ctrl/u_crc_crc_out_reg_10_
                            CLK     SE      setup_clk_rise  c     SE = 1
u_ctrl/mem_addr_reg_0_      CLK     D       hold_clk_rise   c     SE = 1
u_ctrl/mem_addr_reg_0_      CLK     D       setup_clk_rise  c     SE = 1
u_ctrl/mem_addr_reg_0_      CLK     SE      hold_clk_rise   c     SE = 1
u_ctrl/mem_addr_reg_0_      CLK     SE      setup_clk_rise  c     SE = 1
u_ctrl/u_crc_crc_out_reg_11_
                            CLK     D       hold_clk_rise   c     SE = 1
u_ctrl/u_crc_crc_out_reg_11_
                            CLK     D       setup_clk_rise  c     SE = 1
u_ctrl/u_crc_crc_out_reg_11_
                            CLK     SE      hold_clk_rise   c     SE = 1
u_ctrl/u_crc_crc_out_reg_11_
                            CLK     SE      setup_clk_rise  c     SE = 1
u_ctrl/mem_addr_reg_1_      CLK     D       hold_clk_rise   c     SE = 1
u_ctrl/mem_addr_reg_1_      CLK     D       setup_clk_rise  c     SE = 1
u_ctrl/mem_addr_reg_1_      CLK     SE      hold_clk_rise   c     SE = 1
u_ctrl/mem_addr_reg_1_      CLK     SE      setup_clk_rise  c     SE = 1
u_ctrl/u_crc_crc_out_reg_12_
                            CLK     D       hold_clk_rise   c     SE = 1
u_ctrl/u_crc_crc_out_reg_12_
                            CLK     D       setup_clk_rise  c     SE = 1
u_ctrl/u_crc_crc_out_reg_12_
                            CLK     SE      hold_clk_rise   c     SE = 1
u_ctrl/u_crc_crc_out_reg_12_
                            CLK     SE      setup_clk_rise  c     SE = 1
u_ctrl/mem_addr_reg_2_      CLK     D       hold_clk_rise   c     SE = 1
u_ctrl/mem_addr_reg_2_      CLK     D       setup_clk_rise  c     SE = 1
u_ctrl/mem_addr_reg_2_      CLK     SE      hold_clk_rise   c     SE = 1
u_ctrl/mem_addr_reg_2_      CLK     SE      setup_clk_rise  c     SE = 1
u_ctrl/u_crc_crc_out_reg_13_
                            CLK     D       hold_clk_rise   c     SE = 1
u_ctrl/u_crc_crc_out_reg_13_
                            CLK     D       setup_clk_rise  c     SE = 1
u_ctrl/u_crc_crc_out_reg_13_
                            CLK     SE      hold_clk_rise   c     SE = 1
u_ctrl/u_crc_crc_out_reg_13_
                            CLK     SE      setup_clk_rise  c     SE = 1
u_ctrl/mem_addr_reg_3_      CLK     D       hold_clk_rise   c     SE = 1
u_ctrl/mem_addr_reg_3_      CLK     D       setup_clk_rise  c     SE = 1
u_ctrl/mem_addr_reg_3_      CLK     SE      hold_clk_rise   c     SE = 1
u_ctrl/mem_addr_reg_3_      CLK     SE      setup_clk_rise  c     SE = 1
u_ctrl/u_crc_crc_out_reg_14_
                            CLK     D       hold_clk_rise   c     SE = 1
u_ctrl/u_crc_crc_out_reg_14_
                            CLK     D       setup_clk_rise  c     SE = 1
u_ctrl/u_crc_crc_out_reg_14_
                            CLK     SE      hold_clk_rise   c     SE = 1
u_ctrl/u_crc_crc_out_reg_14_
                            CLK     SE      setup_clk_rise  c     SE = 1
u_ctrl/u_crc_crc_out_reg_15_
                            CLK     D       hold_clk_rise   c     SE = 1
u_ctrl/u_crc_crc_out_reg_15_
                            CLK     D       setup_clk_rise  c     SE = 1
u_ctrl/u_crc_crc_out_reg_15_
                            CLK     SE      hold_clk_rise   c     SE = 1
u_ctrl/u_crc_crc_out_reg_15_
                            CLK     SE      setup_clk_rise  c     SE = 1
u_ctrl/u_crc_crc_out_reg_1_ CLK     D       hold_clk_rise   c     SE = 1
u_ctrl/u_crc_crc_out_reg_1_ CLK     D       setup_clk_rise  c     SE = 1
u_ctrl/u_crc_crc_out_reg_1_ CLK     SE      hold_clk_rise   c     SE = 1
u_ctrl/u_crc_crc_out_reg_1_ CLK     SE      setup_clk_rise  c     SE = 1
u_ctrl/u_crc_crc_out_reg_16_
                            CLK     D       hold_clk_rise   c     SE = 1
u_ctrl/u_crc_crc_out_reg_16_
                            CLK     D       setup_clk_rise  c     SE = 1
u_ctrl/u_crc_crc_out_reg_16_
                            CLK     SE      hold_clk_rise   c     SE = 1
u_ctrl/u_crc_crc_out_reg_16_
                            CLK     SE      setup_clk_rise  c     SE = 1
u_ctrl/u_crc_crc_out_reg_2_ CLK     D       hold_clk_rise   c     SE = 1
u_ctrl/u_crc_crc_out_reg_2_ CLK     D       setup_clk_rise  c     SE = 1
u_ctrl/u_crc_crc_out_reg_2_ CLK     SE      hold_clk_rise   c     SE = 1
u_ctrl/u_crc_crc_out_reg_2_ CLK     SE      setup_clk_rise  c     SE = 1
u_ctrl/u_crc_crc_out_reg_17_
                            CLK     D       hold_clk_rise   c     SE = 1
u_ctrl/u_crc_crc_out_reg_17_
                            CLK     D       setup_clk_rise  c     SE = 1
u_ctrl/u_crc_crc_out_reg_17_
                            CLK     SE      hold_clk_rise   c     SE = 1
u_ctrl/u_crc_crc_out_reg_17_
                            CLK     SE      setup_clk_rise  c     SE = 1
u_ctrl/u_crc_crc_out_reg_3_ CLK     D       hold_clk_rise   c     SE = 1
u_ctrl/u_crc_crc_out_reg_3_ CLK     D       setup_clk_rise  c     SE = 1
u_ctrl/u_crc_crc_out_reg_3_ CLK     SE      hold_clk_rise   c     SE = 1
u_ctrl/u_crc_crc_out_reg_3_ CLK     SE      setup_clk_rise  c     SE = 1
u_ctrl/aes_clk_req_reg      CLK     D       hold_clk_rise   c     SE = 1
u_ctrl/aes_clk_req_reg      CLK     D       setup_clk_rise  c     SE = 1
u_ctrl/aes_clk_req_reg      CLK     SE      hold_clk_rise   c     SE = 1
u_ctrl/aes_clk_req_reg      CLK     SE      setup_clk_rise  c     SE = 1
u_ctrl/u_crc_crc_out_reg_18_
                            CLK     D       hold_clk_rise   c     SE = 1
u_ctrl/u_crc_crc_out_reg_18_
                            CLK     D       setup_clk_rise  c     SE = 1
u_ctrl/u_crc_crc_out_reg_18_
                            CLK     SE      hold_clk_rise   c     SE = 1
u_ctrl/u_crc_crc_out_reg_18_
                            CLK     SE      setup_clk_rise  c     SE = 1
u_ctrl/u_crc_crc_out_reg_4_ CLK     D       hold_clk_rise   c     SE = 1
u_ctrl/u_crc_crc_out_reg_4_ CLK     D       setup_clk_rise  c     SE = 1
u_ctrl/u_crc_crc_out_reg_4_ CLK     SE      hold_clk_rise   c     SE = 1
u_ctrl/u_crc_crc_out_reg_4_ CLK     SE      setup_clk_rise  c     SE = 1
u_ctrl/u_crc_crc_out_reg_19_
                            CLK     D       hold_clk_rise   c     SE = 1
u_ctrl/u_crc_crc_out_reg_19_
                            CLK     D       setup_clk_rise  c     SE = 1
u_ctrl/u_crc_crc_out_reg_19_
                            CLK     SE      hold_clk_rise   c     SE = 1
u_ctrl/u_crc_crc_out_reg_19_
                            CLK     SE      setup_clk_rise  c     SE = 1
u_ctrl/u_crc_crc_out_reg_5_ CLK     D       hold_clk_rise   c     SE = 1
u_ctrl/u_crc_crc_out_reg_5_ CLK     D       setup_clk_rise  c     SE = 1
u_ctrl/u_crc_crc_out_reg_5_ CLK     SE      hold_clk_rise   c     SE = 1
u_ctrl/u_crc_crc_out_reg_5_ CLK     SE      setup_clk_rise  c     SE = 1
u_ctrl/u_crc_crc_out_reg_6_ CLK     D       hold_clk_rise   c     SE = 1
u_ctrl/u_crc_crc_out_reg_6_ CLK     D       setup_clk_rise  c     SE = 1
u_ctrl/u_crc_crc_out_reg_6_ CLK     SE      hold_clk_rise   c     SE = 1
u_ctrl/u_crc_crc_out_reg_6_ CLK     SE      setup_clk_rise  c     SE = 1
u_ctrl/u_crc_crc_out_reg_7_ CLK     D       hold_clk_rise   c     SE = 1
u_ctrl/u_crc_crc_out_reg_7_ CLK     D       setup_clk_rise  c     SE = 1
u_ctrl/u_crc_crc_out_reg_7_ CLK     SE      hold_clk_rise   c     SE = 1
u_ctrl/u_crc_crc_out_reg_7_ CLK     SE      setup_clk_rise  c     SE = 1
u_ctrl/u_crc_crc_out_reg_8_ CLK     D       hold_clk_rise   c     SE = 1
u_ctrl/u_crc_crc_out_reg_8_ CLK     D       setup_clk_rise  c     SE = 1
u_ctrl/u_crc_crc_out_reg_8_ CLK     SE      hold_clk_rise   c     SE = 1
u_ctrl/u_crc_crc_out_reg_8_ CLK     SE      setup_clk_rise  c     SE = 1
u_ctrl/u_crc_crc_out_reg_9_ CLK     D       hold_clk_rise   c     SE = 1
u_ctrl/u_crc_crc_out_reg_9_ CLK     D       setup_clk_rise  c     SE = 1
u_ctrl/u_crc_crc_out_reg_9_ CLK     SE      hold_clk_rise   c     SE = 1
u_ctrl/u_crc_crc_out_reg_9_ CLK     SE      setup_clk_rise  c     SE = 1
u_ctrl/u_crc_crc_reg_30_    CLK     D       hold_clk_rise   c     SE = 1
u_ctrl/u_crc_crc_reg_30_    CLK     D       setup_clk_rise  c     SE = 1
u_ctrl/u_crc_crc_reg_30_    CLK     SE      hold_clk_rise   c     SE = 1
u_ctrl/u_crc_crc_reg_30_    CLK     SE      setup_clk_rise  c     SE = 1
u_ctrl/u_crc_crc_reg_31_    CLK     D       hold_clk_rise   c     SE = 1
u_ctrl/u_crc_crc_reg_31_    CLK     D       setup_clk_rise  c     SE = 1
u_ctrl/u_crc_crc_reg_31_    CLK     SE      hold_clk_rise   c     SE = 1
u_ctrl/u_crc_crc_reg_31_    CLK     SE      setup_clk_rise  c     SE = 1
u_ctrl/u_crc_crc_out_reg_20_
                            CLK     D       hold_clk_rise   c     SE = 1
u_ctrl/u_crc_crc_out_reg_20_
                            CLK     D       setup_clk_rise  c     SE = 1
u_ctrl/u_crc_crc_out_reg_20_
                            CLK     SE      hold_clk_rise   c     SE = 1
u_ctrl/u_crc_crc_out_reg_20_
                            CLK     SE      setup_clk_rise  c     SE = 1
u_ctrl/u_crc_crc_out_reg_21_
                            CLK     D       hold_clk_rise   c     SE = 1
u_ctrl/u_crc_crc_out_reg_21_
                            CLK     D       setup_clk_rise  c     SE = 1
u_ctrl/u_crc_crc_out_reg_21_
                            CLK     SE      hold_clk_rise   c     SE = 1
u_ctrl/u_crc_crc_out_reg_21_
                            CLK     SE      setup_clk_rise  c     SE = 1
u_ctrl/load_idx_reg_0_      CLK     D       hold_clk_rise   c     SE = 1
u_ctrl/load_idx_reg_0_      CLK     D       setup_clk_rise  c     SE = 1
u_ctrl/load_idx_reg_0_      CLK     SE      hold_clk_rise   c     SE = 1
u_ctrl/load_idx_reg_0_      CLK     SE      setup_clk_rise  c     SE = 1
u_ctrl/u_crc_crc_reg_15_    CLK     D       hold_clk_rise   c     SE = 1
u_ctrl/u_crc_crc_reg_15_    CLK     D       setup_clk_rise  c     SE = 1
u_ctrl/u_crc_crc_reg_15_    CLK     SE      hold_clk_rise   c     SE = 1
u_ctrl/u_crc_crc_reg_15_    CLK     SE      setup_clk_rise  c     SE = 1
u_ctrl/u_crc_crc_reg_16_    CLK     D       hold_clk_rise   c     SE = 1
u_ctrl/u_crc_crc_reg_16_    CLK     D       setup_clk_rise  c     SE = 1
u_ctrl/u_crc_crc_reg_16_    CLK     SE      hold_clk_rise   c     SE = 1
u_ctrl/u_crc_crc_reg_16_    CLK     SE      setup_clk_rise  c     SE = 1
u_ctrl/u_rx_busy_reg        CLK     D       hold_clk_rise   c     SE = 1
u_ctrl/u_rx_busy_reg        CLK     D       setup_clk_rise  c     SE = 1
u_ctrl/u_rx_busy_reg        CLK     SE      hold_clk_rise   c     SE = 1
u_ctrl/u_rx_busy_reg        CLK     SE      setup_clk_rise  c     SE = 1
u_ctrl/u_crc_crc_reg_19_    CLK     D       hold_clk_rise   c     SE = 1
u_ctrl/u_crc_crc_reg_19_    CLK     D       setup_clk_rise  c     SE = 1
u_ctrl/u_crc_crc_reg_19_    CLK     SE      hold_clk_rise   c     SE = 1
u_ctrl/u_crc_crc_reg_19_    CLK     SE      setup_clk_rise  c     SE = 1
u_ctrl/mem_oe_reg           CLK     D       hold_clk_rise   c     SE = 1
u_ctrl/mem_oe_reg           CLK     D       setup_clk_rise  c     SE = 1
u_ctrl/mem_oe_reg           CLK     SE      hold_clk_rise   c     SE = 1
u_ctrl/mem_oe_reg           CLK     SE      setup_clk_rise  c     SE = 1
u_ctrl/sst_reg_1_           CLK     D       hold_clk_rise   c     SE = 1
u_ctrl/sst_reg_1_           CLK     D       setup_clk_rise  c     SE = 1
u_ctrl/sst_reg_1_           CLK     SE      hold_clk_rise   c     SE = 1
u_ctrl/sst_reg_1_           CLK     SE      setup_clk_rise  c     SE = 1
u_ctrl/u_rx_rx_data_reg_3_  CLK     D       hold_clk_rise   c     SE = 1
u_ctrl/u_rx_rx_data_reg_3_  CLK     D       setup_clk_rise  c     SE = 1
u_ctrl/u_rx_rx_data_reg_3_  CLK     SE      hold_clk_rise   c     SE = 1
u_ctrl/u_rx_rx_data_reg_3_  CLK     SE      setup_clk_rise  c     SE = 1
u_ctrl/u_rx_rx_data_reg_4_  CLK     D       hold_clk_rise   c     SE = 1
u_ctrl/u_rx_rx_data_reg_4_  CLK     D       setup_clk_rise  c     SE = 1
u_ctrl/u_rx_rx_data_reg_4_  CLK     SE      hold_clk_rise   c     SE = 1
u_ctrl/u_rx_rx_data_reg_4_  CLK     SE      setup_clk_rise  c     SE = 1
u_ctrl/u_rx_rx_data_reg_5_  CLK     D       hold_clk_rise   c     SE = 1
u_ctrl/u_rx_rx_data_reg_5_  CLK     D       setup_clk_rise  c     SE = 1
u_ctrl/u_rx_rx_data_reg_5_  CLK     SE      hold_clk_rise   c     SE = 1
u_ctrl/u_rx_rx_data_reg_5_  CLK     SE      setup_clk_rise  c     SE = 1
u_ctrl/u_crc_crc_out_reg_30_
                            CLK     D       hold_clk_rise   c     SE = 1
u_ctrl/u_crc_crc_out_reg_30_
                            CLK     D       setup_clk_rise  c     SE = 1
u_ctrl/u_crc_crc_out_reg_30_
                            CLK     SE      hold_clk_rise   c     SE = 1
u_ctrl/u_crc_crc_out_reg_30_
                            CLK     SE      setup_clk_rise  c     SE = 1
u_ctrl/u_rx_rx_data_reg_6_  CLK     D       hold_clk_rise   c     SE = 1
u_ctrl/u_rx_rx_data_reg_6_  CLK     D       setup_clk_rise  c     SE = 1
u_ctrl/u_rx_rx_data_reg_6_  CLK     SE      hold_clk_rise   c     SE = 1
u_ctrl/u_rx_rx_data_reg_6_  CLK     SE      setup_clk_rise  c     SE = 1
u_ctrl/u_crc_crc_out_reg_31_
                            CLK     D       hold_clk_rise   c     SE = 1
u_ctrl/u_crc_crc_out_reg_31_
                            CLK     D       setup_clk_rise  c     SE = 1
u_ctrl/u_crc_crc_out_reg_31_
                            CLK     SE      hold_clk_rise   c     SE = 1
u_ctrl/u_crc_crc_out_reg_31_
                            CLK     SE      setup_clk_rise  c     SE = 1
u_ctrl/u_rx_rx_data_reg_7_  CLK     D       hold_clk_rise   c     SE = 1
u_ctrl/u_rx_rx_data_reg_7_  CLK     D       setup_clk_rise  c     SE = 1
u_ctrl/u_rx_rx_data_reg_7_  CLK     SE      hold_clk_rise   c     SE = 1
u_ctrl/u_rx_rx_data_reg_7_  CLK     SE      setup_clk_rise  c     SE = 1
u_ctrl/u_crc_crc_reg_3_     CLK     D       hold_clk_rise   c     SE = 1
u_ctrl/u_crc_crc_reg_3_     CLK     D       setup_clk_rise  c     SE = 1
u_ctrl/u_crc_crc_reg_3_     CLK     SE      hold_clk_rise   c     SE = 1
u_ctrl/u_crc_crc_reg_3_     CLK     SE      setup_clk_rise  c     SE = 1
u_ctrl/u_crc_crc_reg_23_    CLK     D       hold_clk_rise   c     SE = 1
u_ctrl/u_crc_crc_reg_23_    CLK     D       setup_clk_rise  c     SE = 1
u_ctrl/u_crc_crc_reg_23_    CLK     SE      hold_clk_rise   c     SE = 1
u_ctrl/u_crc_crc_reg_23_    CLK     SE      setup_clk_rise  c     SE = 1
u_ctrl/u_tx_shifter_reg_0_  CLK     D       hold_clk_rise   c     SE = 1
u_ctrl/u_tx_shifter_reg_0_  CLK     D       setup_clk_rise  c     SE = 1
u_ctrl/u_tx_shifter_reg_0_  CLK     SE      hold_clk_rise   c     SE = 1
u_ctrl/u_tx_shifter_reg_0_  CLK     SE      setup_clk_rise  c     SE = 1
u_ctrl/u_crc_crc_reg_24_    CLK     D       hold_clk_rise   c     SE = 1
u_ctrl/u_crc_crc_reg_24_    CLK     D       setup_clk_rise  c     SE = 1
u_ctrl/u_crc_crc_reg_24_    CLK     SE      hold_clk_rise   c     SE = 1
u_ctrl/u_crc_crc_reg_24_    CLK     SE      setup_clk_rise  c     SE = 1
u_ctrl/u_tx_shifter_reg_1_  CLK     D       hold_clk_rise   c     SE = 1
u_ctrl/u_tx_shifter_reg_1_  CLK     D       setup_clk_rise  c     SE = 1
u_ctrl/u_tx_shifter_reg_1_  CLK     SE      hold_clk_rise   c     SE = 1
u_ctrl/u_tx_shifter_reg_1_  CLK     SE      setup_clk_rise  c     SE = 1
u_ctrl/u_crc_crc_reg_7_     CLK     D       hold_clk_rise   c     SE = 1
u_ctrl/u_crc_crc_reg_7_     CLK     D       setup_clk_rise  c     SE = 1
u_ctrl/u_crc_crc_reg_7_     CLK     SE      hold_clk_rise   c     SE = 1
u_ctrl/u_crc_crc_reg_7_     CLK     SE      setup_clk_rise  c     SE = 1
u_ctrl/u_tx_shifter_reg_2_  CLK     D       hold_clk_rise   c     SE = 1
u_ctrl/u_tx_shifter_reg_2_  CLK     D       setup_clk_rise  c     SE = 1
u_ctrl/u_tx_shifter_reg_2_  CLK     SE      hold_clk_rise   c     SE = 1
u_ctrl/u_tx_shifter_reg_2_  CLK     SE      setup_clk_rise  c     SE = 1
u_ctrl/u_crc_crc_reg_26_    CLK     D       hold_clk_rise   c     SE = 1
u_ctrl/u_crc_crc_reg_26_    CLK     D       setup_clk_rise  c     SE = 1
u_ctrl/u_crc_crc_reg_26_    CLK     SE      hold_clk_rise   c     SE = 1
u_ctrl/u_crc_crc_reg_26_    CLK     SE      setup_clk_rise  c     SE = 1
u_ctrl/u_tx_shifter_reg_3_  CLK     D       hold_clk_rise   c     SE = 1
u_ctrl/u_tx_shifter_reg_3_  CLK     D       setup_clk_rise  c     SE = 1
u_ctrl/u_tx_shifter_reg_3_  CLK     SE      hold_clk_rise   c     SE = 1
u_ctrl/u_tx_shifter_reg_3_  CLK     SE      setup_clk_rise  c     SE = 1
u_ctrl/u_tx_shifter_reg_4_  CLK     D       hold_clk_rise   c     SE = 1
u_ctrl/u_tx_shifter_reg_4_  CLK     D       setup_clk_rise  c     SE = 1
u_ctrl/u_tx_shifter_reg_4_  CLK     SE      hold_clk_rise   c     SE = 1
u_ctrl/u_tx_shifter_reg_4_  CLK     SE      setup_clk_rise  c     SE = 1
u_ctrl/u_crc_crc_reg_28_    CLK     D       hold_clk_rise   c     SE = 1
u_ctrl/u_crc_crc_reg_28_    CLK     D       setup_clk_rise  c     SE = 1
u_ctrl/u_crc_crc_reg_28_    CLK     SE      hold_clk_rise   c     SE = 1
u_ctrl/u_crc_crc_reg_28_    CLK     SE      setup_clk_rise  c     SE = 1
u_ctrl/u_tx_shifter_reg_5_  CLK     D       hold_clk_rise   c     SE = 1
u_ctrl/u_tx_shifter_reg_5_  CLK     D       setup_clk_rise  c     SE = 1
u_ctrl/u_tx_shifter_reg_5_  CLK     SE      hold_clk_rise   c     SE = 1
u_ctrl/u_tx_shifter_reg_5_  CLK     SE      setup_clk_rise  c     SE = 1
u_ctrl/u_rx_data_shift_reg_0_
                            CLK     D       hold_clk_rise   c     SE = 1
u_ctrl/u_rx_data_shift_reg_0_
                            CLK     D       setup_clk_rise  c     SE = 1
u_ctrl/u_rx_data_shift_reg_0_
                            CLK     SE      hold_clk_rise   c     SE = 1
u_ctrl/u_rx_data_shift_reg_0_
                            CLK     SE      setup_clk_rise  c     SE = 1
u_ctrl/u_tx_shifter_reg_6_  CLK     D       hold_clk_rise   c     SE = 1
u_ctrl/u_tx_shifter_reg_6_  CLK     D       setup_clk_rise  c     SE = 1
u_ctrl/u_tx_shifter_reg_6_  CLK     SE      hold_clk_rise   c     SE = 1
u_ctrl/u_tx_shifter_reg_6_  CLK     SE      setup_clk_rise  c     SE = 1
u_ctrl/u_rx_data_shift_reg_1_
                            CLK     D       hold_clk_rise   c     SE = 1
u_ctrl/u_rx_data_shift_reg_1_
                            CLK     D       setup_clk_rise  c     SE = 1
u_ctrl/u_rx_data_shift_reg_1_
                            CLK     SE      hold_clk_rise   c     SE = 1
u_ctrl/u_rx_data_shift_reg_1_
                            CLK     SE      setup_clk_rise  c     SE = 1
u_ctrl/u_tx_shifter_reg_7_  CLK     D       hold_clk_rise   c     SE = 1
u_ctrl/u_tx_shifter_reg_7_  CLK     D       setup_clk_rise  c     SE = 1
u_ctrl/u_tx_shifter_reg_7_  CLK     SE      hold_clk_rise   c     SE = 1
u_ctrl/u_tx_shifter_reg_7_  CLK     SE      setup_clk_rise  c     SE = 1
u_ctrl/u_rx_data_shift_reg_2_
                            CLK     D       hold_clk_rise   c     SE = 1
u_ctrl/u_rx_data_shift_reg_2_
                            CLK     D       setup_clk_rise  c     SE = 1
u_ctrl/u_rx_data_shift_reg_2_
                            CLK     SE      hold_clk_rise   c     SE = 1
u_ctrl/u_rx_data_shift_reg_2_
                            CLK     SE      setup_clk_rise  c     SE = 1
u_ctrl/u_tx_shifter_reg_8_  CLK     D       hold_clk_rise   c     SE = 1
u_ctrl/u_tx_shifter_reg_8_  CLK     D       setup_clk_rise  c     SE = 1
u_ctrl/u_tx_shifter_reg_8_  CLK     SE      hold_clk_rise   c     SE = 1
u_ctrl/u_tx_shifter_reg_8_  CLK     SE      setup_clk_rise  c     SE = 1
u_ctrl/u_rx_data_shift_reg_3_
                            CLK     D       hold_clk_rise   c     SE = 1
u_ctrl/u_rx_data_shift_reg_3_
                            CLK     D       setup_clk_rise  c     SE = 1
u_ctrl/u_rx_data_shift_reg_3_
                            CLK     SE      hold_clk_rise   c     SE = 1
u_ctrl/u_rx_data_shift_reg_3_
                            CLK     SE      setup_clk_rise  c     SE = 1
u_ctrl/u_rx_data_shift_reg_4_
                            CLK     D       hold_clk_rise   c     SE = 1
u_ctrl/u_rx_data_shift_reg_4_
                            CLK     D       setup_clk_rise  c     SE = 1
u_ctrl/u_rx_data_shift_reg_4_
                            CLK     SE      hold_clk_rise   c     SE = 1
u_ctrl/u_rx_data_shift_reg_4_
                            CLK     SE      setup_clk_rise  c     SE = 1
u_ctrl/u_crc_crc_out_reg_0_ CLK     D       hold_clk_rise   c     SE = 1
u_ctrl/u_crc_crc_out_reg_0_ CLK     D       setup_clk_rise  c     SE = 1
u_ctrl/u_crc_crc_out_reg_0_ CLK     SE      hold_clk_rise   c     SE = 1
u_ctrl/u_crc_crc_out_reg_0_ CLK     SE      setup_clk_rise  c     SE = 1
u_ctrl/u_rx_data_shift_reg_5_
                            CLK     D       hold_clk_rise   c     SE = 1
u_ctrl/u_rx_data_shift_reg_5_
                            CLK     D       setup_clk_rise  c     SE = 1
u_ctrl/u_rx_data_shift_reg_5_
                            CLK     SE      hold_clk_rise   c     SE = 1
u_ctrl/u_rx_data_shift_reg_5_
                            CLK     SE      setup_clk_rise  c     SE = 1
u_ctrl/u_rx_data_shift_reg_6_
                            CLK     D       hold_clk_rise   c     SE = 1
u_ctrl/u_rx_data_shift_reg_6_
                            CLK     D       setup_clk_rise  c     SE = 1
u_ctrl/u_rx_data_shift_reg_6_
                            CLK     SE      hold_clk_rise   c     SE = 1
u_ctrl/u_rx_data_shift_reg_6_
                            CLK     SE      setup_clk_rise  c     SE = 1
u_ctrl/u_rx_data_shift_reg_7_
                            CLK     D       hold_clk_rise   c     SE = 1
u_ctrl/u_rx_data_shift_reg_7_
                            CLK     D       setup_clk_rise  c     SE = 1
u_ctrl/u_rx_data_shift_reg_7_
                            CLK     SE      hold_clk_rise   c     SE = 1
u_ctrl/u_rx_data_shift_reg_7_
                            CLK     SE      setup_clk_rise  c     SE = 1
u_ctrl/u_crc_crc_out_reg_22_
                            CLK     D       hold_clk_rise   c     SE = 1
u_ctrl/u_crc_crc_out_reg_22_
                            CLK     D       setup_clk_rise  c     SE = 1
u_ctrl/u_crc_crc_out_reg_22_
                            CLK     SE      hold_clk_rise   c     SE = 1
u_ctrl/u_crc_crc_out_reg_22_
                            CLK     SE      setup_clk_rise  c     SE = 1
u_ctrl/u_crc_crc_out_reg_23_
                            CLK     D       hold_clk_rise   c     SE = 1
u_ctrl/u_crc_crc_out_reg_23_
                            CLK     D       setup_clk_rise  c     SE = 1
u_ctrl/u_crc_crc_out_reg_23_
                            CLK     SE      hold_clk_rise   c     SE = 1
u_ctrl/u_crc_crc_out_reg_23_
                            CLK     SE      setup_clk_rise  c     SE = 1
u_ctrl/u_crc_crc_out_reg_24_
                            CLK     D       hold_clk_rise   c     SE = 1
u_ctrl/u_crc_crc_out_reg_24_
                            CLK     D       setup_clk_rise  c     SE = 1
u_ctrl/u_crc_crc_out_reg_24_
                            CLK     SE      hold_clk_rise   c     SE = 1
u_ctrl/u_crc_crc_out_reg_24_
                            CLK     SE      setup_clk_rise  c     SE = 1
u_ctrl/u_crc_crc_out_reg_25_
                            CLK     D       hold_clk_rise   c     SE = 1
u_ctrl/u_crc_crc_out_reg_25_
                            CLK     D       setup_clk_rise  c     SE = 1
u_ctrl/u_crc_crc_out_reg_25_
                            CLK     SE      hold_clk_rise   c     SE = 1
u_ctrl/u_crc_crc_out_reg_25_
                            CLK     SE      setup_clk_rise  c     SE = 1
u_ctrl/u_crc_crc_out_reg_26_
                            CLK     D       hold_clk_rise   c     SE = 1
u_ctrl/u_crc_crc_out_reg_26_
                            CLK     D       setup_clk_rise  c     SE = 1
u_ctrl/u_crc_crc_out_reg_26_
                            CLK     SE      hold_clk_rise   c     SE = 1
u_ctrl/u_crc_crc_out_reg_26_
                            CLK     SE      setup_clk_rise  c     SE = 1
u_ctrl/rd_idx_reg_0_        CLK     D       hold_clk_rise   c     SE = 1
u_ctrl/rd_idx_reg_0_        CLK     D       setup_clk_rise  c     SE = 1
u_ctrl/rd_idx_reg_0_        CLK     SE      hold_clk_rise   c     SE = 1
u_ctrl/rd_idx_reg_0_        CLK     SE      setup_clk_rise  c     SE = 1
u_ctrl/u_crc_crc_out_reg_27_
                            CLK     D       hold_clk_rise   c     SE = 1
u_ctrl/u_crc_crc_out_reg_27_
                            CLK     D       setup_clk_rise  c     SE = 1
u_ctrl/u_crc_crc_out_reg_27_
                            CLK     SE      hold_clk_rise   c     SE = 1
u_ctrl/u_crc_crc_out_reg_27_
                            CLK     SE      setup_clk_rise  c     SE = 1
u_ctrl/rd_idx_reg_1_        CLK     D       hold_clk_rise   c     SE = 1
u_ctrl/rd_idx_reg_1_        CLK     D       setup_clk_rise  c     SE = 1
u_ctrl/rd_idx_reg_1_        CLK     SE      hold_clk_rise   c     SE = 1
u_ctrl/rd_idx_reg_1_        CLK     SE      setup_clk_rise  c     SE = 1
u_ctrl/u_crc_crc_out_reg_28_
                            CLK     D       hold_clk_rise   c     SE = 1
u_ctrl/u_crc_crc_out_reg_28_
                            CLK     D       setup_clk_rise  c     SE = 1
u_ctrl/u_crc_crc_out_reg_28_
                            CLK     SE      hold_clk_rise   c     SE = 1
u_ctrl/u_crc_crc_out_reg_28_
                            CLK     SE      setup_clk_rise  c     SE = 1
u_ctrl/rd_idx_reg_2_        CLK     D       hold_clk_rise   c     SE = 1
u_ctrl/rd_idx_reg_2_        CLK     D       setup_clk_rise  c     SE = 1
u_ctrl/rd_idx_reg_2_        CLK     SE      hold_clk_rise   c     SE = 1
u_ctrl/rd_idx_reg_2_        CLK     SE      setup_clk_rise  c     SE = 1
u_ctrl/u_crc_crc_out_reg_29_
                            CLK     D       hold_clk_rise   c     SE = 1
u_ctrl/u_crc_crc_out_reg_29_
                            CLK     D       setup_clk_rise  c     SE = 1
u_ctrl/u_crc_crc_out_reg_29_
                            CLK     SE      hold_clk_rise   c     SE = 1
u_ctrl/u_crc_crc_out_reg_29_
                            CLK     SE      setup_clk_rise  c     SE = 1
u_ctrl/rd_idx_reg_3_        CLK     D       hold_clk_rise   c     SE = 1
u_ctrl/rd_idx_reg_3_        CLK     D       setup_clk_rise  c     SE = 1
u_ctrl/rd_idx_reg_3_        CLK     SE      hold_clk_rise   c     SE = 1
u_ctrl/rd_idx_reg_3_        CLK     SE      setup_clk_rise  c     SE = 1
u_ctrl/u_crc_crc_reg_10_    CLK     D       hold_clk_rise   c     SE = 1
u_ctrl/u_crc_crc_reg_10_    CLK     D       setup_clk_rise  c     SE = 1
u_ctrl/u_crc_crc_reg_10_    CLK     SE      hold_clk_rise   c     SE = 1
u_ctrl/u_crc_crc_reg_10_    CLK     SE      setup_clk_rise  c     SE = 1
u_ctrl/load_idx_reg_1_      CLK     D       hold_clk_rise   c     SE = 1
u_ctrl/load_idx_reg_1_      CLK     D       setup_clk_rise  c     SE = 1
u_ctrl/load_idx_reg_1_      CLK     SE      hold_clk_rise   c     SE = 1
u_ctrl/load_idx_reg_1_      CLK     SE      setup_clk_rise  c     SE = 1
u_ctrl/u_crc_crc_reg_14_    CLK     D       hold_clk_rise   c     SE = 1
u_ctrl/u_crc_crc_reg_14_    CLK     D       setup_clk_rise  c     SE = 1
u_ctrl/u_crc_crc_reg_14_    CLK     SE      hold_clk_rise   c     SE = 1
u_ctrl/u_crc_crc_reg_14_    CLK     SE      setup_clk_rise  c     SE = 1
u_ctrl/u_crc_crc_reg_18_    CLK     D       hold_clk_rise   c     SE = 1
u_ctrl/u_crc_crc_reg_18_    CLK     D       setup_clk_rise  c     SE = 1
u_ctrl/u_crc_crc_reg_18_    CLK     SE      hold_clk_rise   c     SE = 1
u_ctrl/u_crc_crc_reg_18_    CLK     SE      setup_clk_rise  c     SE = 1
u_ctrl/u_rx_rx_data_reg_0_  CLK     D       hold_clk_rise   c     SE = 1
u_ctrl/u_rx_rx_data_reg_0_  CLK     D       setup_clk_rise  c     SE = 1
u_ctrl/u_rx_rx_data_reg_0_  CLK     SE      hold_clk_rise   c     SE = 1
u_ctrl/u_rx_rx_data_reg_0_  CLK     SE      setup_clk_rise  c     SE = 1
u_ctrl/u_rx_rx_data_reg_1_  CLK     D       hold_clk_rise   c     SE = 1
u_ctrl/u_rx_rx_data_reg_1_  CLK     D       setup_clk_rise  c     SE = 1
u_ctrl/u_rx_rx_data_reg_1_  CLK     SE      hold_clk_rise   c     SE = 1
u_ctrl/u_rx_rx_data_reg_1_  CLK     SE      setup_clk_rise  c     SE = 1
u_ctrl/u_rx_rx_data_reg_2_  CLK     D       hold_clk_rise   c     SE = 1
u_ctrl/u_rx_rx_data_reg_2_  CLK     D       setup_clk_rise  c     SE = 1
u_ctrl/u_rx_rx_data_reg_2_  CLK     SE      hold_clk_rise   c     SE = 1
u_ctrl/u_rx_rx_data_reg_2_  CLK     SE      setup_clk_rise  c     SE = 1
u_ctrl/u_crc_crc_reg_4_     CLK     D       hold_clk_rise   c     SE = 1
u_ctrl/u_crc_crc_reg_4_     CLK     D       setup_clk_rise  c     SE = 1
u_ctrl/u_crc_crc_reg_4_     CLK     SE      hold_clk_rise   c     SE = 1
u_ctrl/u_crc_crc_reg_4_     CLK     SE      setup_clk_rise  c     SE = 1
u_ctrl/u_crc_crc_reg_9_     CLK     D       hold_clk_rise   c     SE = 1
u_ctrl/u_crc_crc_reg_9_     CLK     D       setup_clk_rise  c     SE = 1
u_ctrl/u_crc_crc_reg_9_     CLK     SE      hold_clk_rise   c     SE = 1
u_ctrl/u_crc_crc_reg_9_     CLK     SE      setup_clk_rise  c     SE = 1
u_ctrl/u_tx_txd_reg         CLK     D       hold_clk_rise   c     SE = 1
u_ctrl/u_tx_txd_reg         CLK     D       setup_clk_rise  c     SE = 1
u_ctrl/u_tx_txd_reg         CLK     SE      hold_clk_rise   c     SE = 1
u_ctrl/u_tx_txd_reg         CLK     SE      setup_clk_rise  c     SE = 1
u_ctrl/wr_idx_reg_0_        CLK     D       hold_clk_rise   c     SE = 1
u_ctrl/wr_idx_reg_0_        CLK     D       setup_clk_rise  c     SE = 1
u_ctrl/wr_idx_reg_0_        CLK     SE      hold_clk_rise   c     SE = 1
u_ctrl/wr_idx_reg_0_        CLK     SE      setup_clk_rise  c     SE = 1
u_ctrl/wr_idx_reg_1_        CLK     D       hold_clk_rise   c     SE = 1
u_ctrl/wr_idx_reg_1_        CLK     D       setup_clk_rise  c     SE = 1
u_ctrl/wr_idx_reg_1_        CLK     SE      hold_clk_rise   c     SE = 1
u_ctrl/wr_idx_reg_1_        CLK     SE      setup_clk_rise  c     SE = 1
u_ctrl/wr_idx_reg_2_        CLK     D       hold_clk_rise   c     SE = 1
u_ctrl/wr_idx_reg_2_        CLK     D       setup_clk_rise  c     SE = 1
u_ctrl/wr_idx_reg_2_        CLK     SE      hold_clk_rise   c     SE = 1
u_ctrl/wr_idx_reg_2_        CLK     SE      setup_clk_rise  c     SE = 1
u_ctrl/wr_idx_reg_3_        CLK     D       hold_clk_rise   c     SE = 1
u_ctrl/wr_idx_reg_3_        CLK     D       setup_clk_rise  c     SE = 1
u_ctrl/wr_idx_reg_3_        CLK     SE      hold_clk_rise   c     SE = 1
u_ctrl/wr_idx_reg_3_        CLK     SE      setup_clk_rise  c     SE = 1
u_ctrl/tx_idx_div2_reg_0_   CLK     D       hold_clk_rise   c     SE = 1
u_ctrl/tx_idx_div2_reg_0_   CLK     D       setup_clk_rise  c     SE = 1
u_ctrl/tx_idx_div2_reg_0_   CLK     SE      hold_clk_rise   c     SE = 1
u_ctrl/tx_idx_div2_reg_0_   CLK     SE      setup_clk_rise  c     SE = 1
u_ctrl/tx_idx_div2_reg_1_   CLK     D       hold_clk_rise   c     SE = 1
u_ctrl/tx_idx_div2_reg_1_   CLK     D       setup_clk_rise  c     SE = 1
u_ctrl/tx_idx_div2_reg_1_   CLK     SE      hold_clk_rise   c     SE = 1
u_ctrl/tx_idx_div2_reg_1_   CLK     SE      setup_clk_rise  c     SE = 1
u_ctrl/tx_idx_div2_reg_3_   CLK     D       hold_clk_rise   c     SE = 1
u_ctrl/tx_idx_div2_reg_3_   CLK     D       setup_clk_rise  c     SE = 1
u_ctrl/tx_idx_div2_reg_3_   CLK     SE      hold_clk_rise   c     SE = 1
u_ctrl/tx_idx_div2_reg_3_   CLK     SE      setup_clk_rise  c     SE = 1
u_ctrl/tx_idx_div2_reg_4_   CLK     D       hold_clk_rise   c     SE = 1
u_ctrl/tx_idx_div2_reg_4_   CLK     D       setup_clk_rise  c     SE = 1
u_ctrl/tx_idx_div2_reg_4_   CLK     SE      hold_clk_rise   c     SE = 1
u_ctrl/tx_idx_div2_reg_4_   CLK     SE      setup_clk_rise  c     SE = 1
u_ctrl/u_crc_crc_reg_13_    CLK     D       hold_clk_rise   c     SE = 1
u_ctrl/u_crc_crc_reg_13_    CLK     D       setup_clk_rise  c     SE = 1
u_ctrl/u_crc_crc_reg_13_    CLK     SE      hold_clk_rise   c     SE = 1
u_ctrl/u_crc_crc_reg_13_    CLK     SE      setup_clk_rise  c     SE = 1
u_ctrl/load_idx_reg_2_      CLK     D       hold_clk_rise   c     SE = 1
u_ctrl/load_idx_reg_2_      CLK     D       setup_clk_rise  c     SE = 1
u_ctrl/load_idx_reg_2_      CLK     SE      hold_clk_rise   c     SE = 1
u_ctrl/load_idx_reg_2_      CLK     SE      setup_clk_rise  c     SE = 1
u_ctrl/crc_start_reg        CLK     D       hold_clk_rise   c     SE = 1
u_ctrl/crc_start_reg        CLK     D       setup_clk_rise  c     SE = 1
u_ctrl/crc_start_reg        CLK     SE      hold_clk_rise   c     SE = 1
u_ctrl/crc_start_reg        CLK     SE      setup_clk_rise  c     SE = 1
u_ctrl/sst_reg_0_           CLK     D       hold_clk_rise   c     SE = 1
u_ctrl/sst_reg_0_           CLK     D       setup_clk_rise  c     SE = 1
u_ctrl/sst_reg_0_           CLK     SE      hold_clk_rise   c     SE = 1
u_ctrl/sst_reg_0_           CLK     SE      setup_clk_rise  c     SE = 1
u_ctrl/u_rx_divcnt_reg_0_   CLK     D       hold_clk_rise   c     SE = 1
u_ctrl/u_rx_divcnt_reg_0_   CLK     D       setup_clk_rise  c     SE = 1
u_ctrl/u_rx_divcnt_reg_0_   CLK     SE      hold_clk_rise   c     SE = 1
u_ctrl/u_rx_divcnt_reg_0_   CLK     SE      setup_clk_rise  c     SE = 1
u_ctrl/ct_hold_div2_reg_102_
                            CLK     D       hold_clk_rise   c     SE = 1
u_ctrl/ct_hold_div2_reg_102_
                            CLK     D       setup_clk_rise  c     SE = 1
u_ctrl/ct_hold_div2_reg_102_
                            CLK     SE      hold_clk_rise   c     SE = 1
u_ctrl/ct_hold_div2_reg_102_
                            CLK     SE      setup_clk_rise  c     SE = 1
u_ctrl/ct_hold_div2_reg_22_ CLK     D       hold_clk_rise   c     SE = 1
u_ctrl/ct_hold_div2_reg_22_ CLK     D       setup_clk_rise  c     SE = 1
u_ctrl/ct_hold_div2_reg_22_ CLK     SE      hold_clk_rise   c     SE = 1
u_ctrl/ct_hold_div2_reg_22_ CLK     SE      setup_clk_rise  c     SE = 1
u_ctrl/stream_sent_div2_reg CLK     D       hold_clk_rise   c     SE = 1
u_ctrl/stream_sent_div2_reg CLK     D       setup_clk_rise  c     SE = 1
u_ctrl/stream_sent_div2_reg CLK     SE      hold_clk_rise   c     SE = 1
u_ctrl/stream_sent_div2_reg CLK     SE      setup_clk_rise  c     SE = 1
u_ctrl/u_tx_divcnt_reg_0_   CLK     D       hold_clk_rise   c     SE = 1
u_ctrl/u_tx_divcnt_reg_0_   CLK     D       setup_clk_rise  c     SE = 1
u_ctrl/u_tx_divcnt_reg_0_   CLK     SE      hold_clk_rise   c     SE = 1
u_ctrl/u_tx_divcnt_reg_0_   CLK     SE      setup_clk_rise  c     SE = 1
u_ctrl/u_crc_crc_reg_1_     CLK     D       hold_clk_rise   c     SE = 1
u_ctrl/u_crc_crc_reg_1_     CLK     D       setup_clk_rise  c     SE = 1
u_ctrl/u_crc_crc_reg_1_     CLK     SE      hold_clk_rise   c     SE = 1
u_ctrl/u_crc_crc_reg_1_     CLK     SE      setup_clk_rise  c     SE = 1
u_ctrl/u_crc_crc_reg_27_    CLK     D       hold_clk_rise   c     SE = 1
u_ctrl/u_crc_crc_reg_27_    CLK     D       setup_clk_rise  c     SE = 1
u_ctrl/u_crc_crc_reg_27_    CLK     SE      hold_clk_rise   c     SE = 1
u_ctrl/u_crc_crc_reg_27_    CLK     SE      setup_clk_rise  c     SE = 1
u_ctrl/stream_ready_div2_reg
                            CLK     D       hold_clk_rise   c     SE = 1
u_ctrl/stream_ready_div2_reg
                            CLK     D       setup_clk_rise  c     SE = 1
u_ctrl/stream_ready_div2_reg
                            CLK     SE      hold_clk_rise   c     SE = 1
u_ctrl/stream_ready_div2_reg
                            CLK     SE      setup_clk_rise  c     SE = 1
u_ctrl/ct_hold_div2_reg_80_ CLK     D       hold_clk_rise   c     SE = 1
u_ctrl/ct_hold_div2_reg_80_ CLK     D       setup_clk_rise  c     SE = 1
u_ctrl/ct_hold_div2_reg_80_ CLK     SE      hold_clk_rise   c     SE = 1
u_ctrl/ct_hold_div2_reg_80_ CLK     SE      setup_clk_rise  c     SE = 1
u_ctrl/rd_byte_exp_reg_0_   CLK     D       hold_clk_rise   c     SE = 1
u_ctrl/rd_byte_exp_reg_0_   CLK     D       setup_clk_rise  c     SE = 1
u_ctrl/rd_byte_exp_reg_0_   CLK     SE      hold_clk_rise   c     SE = 1
u_ctrl/rd_byte_exp_reg_0_   CLK     SE      setup_clk_rise  c     SE = 1
u_ctrl/rd_byte_exp_reg_1_   CLK     D       hold_clk_rise   c     SE = 1
u_ctrl/rd_byte_exp_reg_1_   CLK     D       setup_clk_rise  c     SE = 1
u_ctrl/rd_byte_exp_reg_1_   CLK     SE      hold_clk_rise   c     SE = 1
u_ctrl/rd_byte_exp_reg_1_   CLK     SE      setup_clk_rise  c     SE = 1
u_ctrl/rd_byte_exp_reg_2_   CLK     D       hold_clk_rise   c     SE = 1
u_ctrl/rd_byte_exp_reg_2_   CLK     D       setup_clk_rise  c     SE = 1
u_ctrl/rd_byte_exp_reg_2_   CLK     SE      hold_clk_rise   c     SE = 1
u_ctrl/rd_byte_exp_reg_2_   CLK     SE      setup_clk_rise  c     SE = 1
u_ctrl/rd_byte_exp_reg_3_   CLK     D       hold_clk_rise   c     SE = 1
u_ctrl/rd_byte_exp_reg_3_   CLK     D       setup_clk_rise  c     SE = 1
u_ctrl/rd_byte_exp_reg_3_   CLK     SE      hold_clk_rise   c     SE = 1
u_ctrl/rd_byte_exp_reg_3_   CLK     SE      setup_clk_rise  c     SE = 1
u_ctrl/rd_byte_exp_reg_4_   CLK     D       hold_clk_rise   c     SE = 1
u_ctrl/rd_byte_exp_reg_4_   CLK     D       setup_clk_rise  c     SE = 1
u_ctrl/rd_byte_exp_reg_4_   CLK     SE      hold_clk_rise   c     SE = 1
u_ctrl/rd_byte_exp_reg_4_   CLK     SE      setup_clk_rise  c     SE = 1
u_ctrl/rd_byte_exp_reg_5_   CLK     D       hold_clk_rise   c     SE = 1
u_ctrl/rd_byte_exp_reg_5_   CLK     D       setup_clk_rise  c     SE = 1
u_ctrl/rd_byte_exp_reg_5_   CLK     SE      hold_clk_rise   c     SE = 1
u_ctrl/rd_byte_exp_reg_5_   CLK     SE      setup_clk_rise  c     SE = 1
u_ctrl/ct_hold_div2_reg_86_ CLK     D       hold_clk_rise   c     SE = 1
u_ctrl/ct_hold_div2_reg_86_ CLK     D       setup_clk_rise  c     SE = 1
u_ctrl/ct_hold_div2_reg_86_ CLK     SE      hold_clk_rise   c     SE = 1
u_ctrl/ct_hold_div2_reg_86_ CLK     SE      setup_clk_rise  c     SE = 1
u_ctrl/rd_byte_exp_reg_6_   CLK     D       hold_clk_rise   c     SE = 1
u_ctrl/rd_byte_exp_reg_6_   CLK     D       setup_clk_rise  c     SE = 1
u_ctrl/rd_byte_exp_reg_6_   CLK     SE      hold_clk_rise   c     SE = 1
u_ctrl/rd_byte_exp_reg_6_   CLK     SE      setup_clk_rise  c     SE = 1
u_ctrl/rd_byte_exp_reg_7_   CLK     D       hold_clk_rise   c     SE = 1
u_ctrl/rd_byte_exp_reg_7_   CLK     D       setup_clk_rise  c     SE = 1
u_ctrl/rd_byte_exp_reg_7_   CLK     SE      hold_clk_rise   c     SE = 1
u_ctrl/rd_byte_exp_reg_7_   CLK     SE      setup_clk_rise  c     SE = 1
u_ctrl/u_rx_bitpos_reg_0_   CLK     D       hold_clk_rise   c     SE = 1
u_ctrl/u_rx_bitpos_reg_0_   CLK     D       setup_clk_rise  c     SE = 1
u_ctrl/u_rx_bitpos_reg_0_   CLK     SE      hold_clk_rise   c     SE = 1
u_ctrl/u_rx_bitpos_reg_0_   CLK     SE      setup_clk_rise  c     SE = 1
u_ctrl/u_rx_bitpos_reg_1_   CLK     D       hold_clk_rise   c     SE = 1
u_ctrl/u_rx_bitpos_reg_1_   CLK     D       setup_clk_rise  c     SE = 1
u_ctrl/u_rx_bitpos_reg_1_   CLK     SE      hold_clk_rise   c     SE = 1
u_ctrl/u_rx_bitpos_reg_1_   CLK     SE      setup_clk_rise  c     SE = 1
u_ctrl/tx_idx_div2_reg_2_   CLK     D       hold_clk_rise   c     SE = 1
u_ctrl/tx_idx_div2_reg_2_   CLK     D       setup_clk_rise  c     SE = 1
u_ctrl/tx_idx_div2_reg_2_   CLK     SE      hold_clk_rise   c     SE = 1
u_ctrl/tx_idx_div2_reg_2_   CLK     SE      setup_clk_rise  c     SE = 1
u_ctrl/u_tx_bitpos_reg_0_   CLK     D       hold_clk_rise   c     SE = 1
u_ctrl/u_tx_bitpos_reg_0_   CLK     D       setup_clk_rise  c     SE = 1
u_ctrl/u_tx_bitpos_reg_0_   CLK     SE      hold_clk_rise   c     SE = 1
u_ctrl/u_tx_bitpos_reg_0_   CLK     SE      setup_clk_rise  c     SE = 1
u_ctrl/ct_hold_div2_reg_16_ CLK     D       hold_clk_rise   c     SE = 1
u_ctrl/ct_hold_div2_reg_16_ CLK     D       setup_clk_rise  c     SE = 1
u_ctrl/ct_hold_div2_reg_16_ CLK     SE      hold_clk_rise   c     SE = 1
u_ctrl/ct_hold_div2_reg_16_ CLK     SE      setup_clk_rise  c     SE = 1
u_ctrl/ct_hold_div2_reg_120_
                            CLK     D       hold_clk_rise   c     SE = 1
u_ctrl/ct_hold_div2_reg_120_
                            CLK     D       setup_clk_rise  c     SE = 1
u_ctrl/ct_hold_div2_reg_120_
                            CLK     SE      hold_clk_rise   c     SE = 1
u_ctrl/ct_hold_div2_reg_120_
                            CLK     SE      setup_clk_rise  c     SE = 1
u_ctrl/ct_hold_div2_reg_121_
                            CLK     D       hold_clk_rise   c     SE = 1
u_ctrl/ct_hold_div2_reg_121_
                            CLK     D       setup_clk_rise  c     SE = 1
u_ctrl/ct_hold_div2_reg_121_
                            CLK     SE      hold_clk_rise   c     SE = 1
u_ctrl/ct_hold_div2_reg_121_
                            CLK     SE      setup_clk_rise  c     SE = 1
u_ctrl/load_idx_reg_3_      CLK     D       hold_clk_rise   c     SE = 1
u_ctrl/load_idx_reg_3_      CLK     D       setup_clk_rise  c     SE = 1
u_ctrl/load_idx_reg_3_      CLK     SE      hold_clk_rise   c     SE = 1
u_ctrl/load_idx_reg_3_      CLK     SE      setup_clk_rise  c     SE = 1
u_ctrl/ct_hold_div2_reg_40_ CLK     D       hold_clk_rise   c     SE = 1
u_ctrl/ct_hold_div2_reg_40_ CLK     D       setup_clk_rise  c     SE = 1
u_ctrl/ct_hold_div2_reg_40_ CLK     SE      hold_clk_rise   c     SE = 1
u_ctrl/ct_hold_div2_reg_40_ CLK     SE      setup_clk_rise  c     SE = 1
u_ctrl/ct_hold_div2_reg_126_
                            CLK     D       hold_clk_rise   c     SE = 1
u_ctrl/ct_hold_div2_reg_126_
                            CLK     D       setup_clk_rise  c     SE = 1
u_ctrl/ct_hold_div2_reg_126_
                            CLK     SE      hold_clk_rise   c     SE = 1
u_ctrl/ct_hold_div2_reg_126_
                            CLK     SE      setup_clk_rise  c     SE = 1
u_ctrl/ct_hold_div2_reg_73_ CLK     D       hold_clk_rise   c     SE = 1
u_ctrl/ct_hold_div2_reg_73_ CLK     D       setup_clk_rise  c     SE = 1
u_ctrl/ct_hold_div2_reg_73_ CLK     SE      hold_clk_rise   c     SE = 1
u_ctrl/ct_hold_div2_reg_73_ CLK     SE      setup_clk_rise  c     SE = 1
u_ctrl/u_tx_divcnt_reg_10_  CLK     D       hold_clk_rise   c     SE = 1
u_ctrl/u_tx_divcnt_reg_10_  CLK     D       setup_clk_rise  c     SE = 1
u_ctrl/u_tx_divcnt_reg_10_  CLK     SE      hold_clk_rise   c     SE = 1
u_ctrl/u_tx_divcnt_reg_10_  CLK     SE      setup_clk_rise  c     SE = 1
u_ctrl/u_tx_divcnt_reg_11_  CLK     D       hold_clk_rise   c     SE = 1
u_ctrl/u_tx_divcnt_reg_11_  CLK     D       setup_clk_rise  c     SE = 1
u_ctrl/u_tx_divcnt_reg_11_  CLK     SE      hold_clk_rise   c     SE = 1
u_ctrl/u_tx_divcnt_reg_11_  CLK     SE      setup_clk_rise  c     SE = 1
u_ctrl/ct_hold_div2_reg_105_
                            CLK     D       hold_clk_rise   c     SE = 1
u_ctrl/ct_hold_div2_reg_105_
                            CLK     D       setup_clk_rise  c     SE = 1
u_ctrl/ct_hold_div2_reg_105_
                            CLK     SE      hold_clk_rise   c     SE = 1
u_ctrl/ct_hold_div2_reg_105_
                            CLK     SE      setup_clk_rise  c     SE = 1
u_ctrl/u_rx_divcnt_reg_9_   CLK     D       hold_clk_rise   c     SE = 1
u_ctrl/u_rx_divcnt_reg_9_   CLK     D       setup_clk_rise  c     SE = 1
u_ctrl/u_rx_divcnt_reg_9_   CLK     SE      hold_clk_rise   c     SE = 1
u_ctrl/u_rx_divcnt_reg_9_   CLK     SE      setup_clk_rise  c     SE = 1
u_ctrl/u_tx_divcnt_reg_1_   CLK     D       hold_clk_rise   c     SE = 1
u_ctrl/u_tx_divcnt_reg_1_   CLK     D       setup_clk_rise  c     SE = 1
u_ctrl/u_tx_divcnt_reg_1_   CLK     SE      hold_clk_rise   c     SE = 1
u_ctrl/u_tx_divcnt_reg_1_   CLK     SE      setup_clk_rise  c     SE = 1
u_ctrl/u_crc_crc_reg_2_     CLK     D       hold_clk_rise   c     SE = 1
u_ctrl/u_crc_crc_reg_2_     CLK     D       setup_clk_rise  c     SE = 1
u_ctrl/u_crc_crc_reg_2_     CLK     SE      hold_clk_rise   c     SE = 1
u_ctrl/u_crc_crc_reg_2_     CLK     SE      setup_clk_rise  c     SE = 1
u_ctrl/ct_hold_div2_reg_25_ CLK     D       hold_clk_rise   c     SE = 1
u_ctrl/ct_hold_div2_reg_25_ CLK     D       setup_clk_rise  c     SE = 1
u_ctrl/ct_hold_div2_reg_25_ CLK     SE      hold_clk_rise   c     SE = 1
u_ctrl/ct_hold_div2_reg_25_ CLK     SE      setup_clk_rise  c     SE = 1
u_ctrl/u_tx_divcnt_reg_5_   CLK     D       hold_clk_rise   c     SE = 1
u_ctrl/u_tx_divcnt_reg_5_   CLK     D       setup_clk_rise  c     SE = 1
u_ctrl/u_tx_divcnt_reg_5_   CLK     SE      hold_clk_rise   c     SE = 1
u_ctrl/u_tx_divcnt_reg_5_   CLK     SE      setup_clk_rise  c     SE = 1
u_ctrl/u_tx_divcnt_reg_6_   CLK     D       hold_clk_rise   c     SE = 1
u_ctrl/u_tx_divcnt_reg_6_   CLK     D       setup_clk_rise  c     SE = 1
u_ctrl/u_tx_divcnt_reg_6_   CLK     SE      hold_clk_rise   c     SE = 1
u_ctrl/u_tx_divcnt_reg_6_   CLK     SE      setup_clk_rise  c     SE = 1
u_ctrl/u_tx_divcnt_reg_7_   CLK     D       hold_clk_rise   c     SE = 1
u_ctrl/u_tx_divcnt_reg_7_   CLK     D       setup_clk_rise  c     SE = 1
u_ctrl/u_tx_divcnt_reg_7_   CLK     SE      hold_clk_rise   c     SE = 1
u_ctrl/u_tx_divcnt_reg_7_   CLK     SE      setup_clk_rise  c     SE = 1
u_ctrl/u_tx_divcnt_reg_8_   CLK     D       hold_clk_rise   c     SE = 1
u_ctrl/u_tx_divcnt_reg_8_   CLK     D       setup_clk_rise  c     SE = 1
u_ctrl/u_tx_divcnt_reg_8_   CLK     SE      hold_clk_rise   c     SE = 1
u_ctrl/u_tx_divcnt_reg_8_   CLK     SE      setup_clk_rise  c     SE = 1
u_ctrl/u_tx_divcnt_reg_9_   CLK     D       hold_clk_rise   c     SE = 1
u_ctrl/u_tx_divcnt_reg_9_   CLK     D       setup_clk_rise  c     SE = 1
u_ctrl/u_tx_divcnt_reg_9_   CLK     SE      hold_clk_rise   c     SE = 1
u_ctrl/u_tx_divcnt_reg_9_   CLK     SE      setup_clk_rise  c     SE = 1
u_ctrl/ct_hold_div2_reg_57_ CLK     D       hold_clk_rise   c     SE = 1
u_ctrl/ct_hold_div2_reg_57_ CLK     D       setup_clk_rise  c     SE = 1
u_ctrl/ct_hold_div2_reg_57_ CLK     SE      hold_clk_rise   c     SE = 1
u_ctrl/ct_hold_div2_reg_57_ CLK     SE      setup_clk_rise  c     SE = 1
u_ctrl/ct_hold_div2_reg_81_ CLK     D       hold_clk_rise   c     SE = 1
u_ctrl/ct_hold_div2_reg_81_ CLK     D       setup_clk_rise  c     SE = 1
u_ctrl/ct_hold_div2_reg_81_ CLK     SE      hold_clk_rise   c     SE = 1
u_ctrl/ct_hold_div2_reg_81_ CLK     SE      setup_clk_rise  c     SE = 1
u_ctrl/ct_hold_div2_reg_82_ CLK     D       hold_clk_rise   c     SE = 1
u_ctrl/ct_hold_div2_reg_82_ CLK     D       setup_clk_rise  c     SE = 1
u_ctrl/ct_hold_div2_reg_82_ CLK     SE      hold_clk_rise   c     SE = 1
u_ctrl/ct_hold_div2_reg_82_ CLK     SE      setup_clk_rise  c     SE = 1
u_ctrl/ct_hold_div2_reg_113_
                            CLK     D       hold_clk_rise   c     SE = 1
u_ctrl/ct_hold_div2_reg_113_
                            CLK     D       setup_clk_rise  c     SE = 1
u_ctrl/ct_hold_div2_reg_113_
                            CLK     SE      hold_clk_rise   c     SE = 1
u_ctrl/ct_hold_div2_reg_113_
                            CLK     SE      setup_clk_rise  c     SE = 1
u_ctrl/ct_hold_div2_reg_89_ CLK     D       hold_clk_rise   c     SE = 1
u_ctrl/ct_hold_div2_reg_89_ CLK     D       setup_clk_rise  c     SE = 1
u_ctrl/ct_hold_div2_reg_89_ CLK     SE      hold_clk_rise   c     SE = 1
u_ctrl/ct_hold_div2_reg_89_ CLK     SE      setup_clk_rise  c     SE = 1
u_ctrl/ct_hold_div2_reg_33_ CLK     D       hold_clk_rise   c     SE = 1
u_ctrl/ct_hold_div2_reg_33_ CLK     D       setup_clk_rise  c     SE = 1
u_ctrl/ct_hold_div2_reg_33_ CLK     SE      hold_clk_rise   c     SE = 1
u_ctrl/ct_hold_div2_reg_33_ CLK     SE      setup_clk_rise  c     SE = 1
u_ctrl/ct_hold_div2_reg_118_
                            CLK     D       hold_clk_rise   c     SE = 1
u_ctrl/ct_hold_div2_reg_118_
                            CLK     D       setup_clk_rise  c     SE = 1
u_ctrl/ct_hold_div2_reg_118_
                            CLK     SE      hold_clk_rise   c     SE = 1
u_ctrl/ct_hold_div2_reg_118_
                            CLK     SE      setup_clk_rise  c     SE = 1
u_ctrl/ct_hold_div2_reg_38_ CLK     D       hold_clk_rise   c     SE = 1
u_ctrl/ct_hold_div2_reg_38_ CLK     D       setup_clk_rise  c     SE = 1
u_ctrl/ct_hold_div2_reg_38_ CLK     SE      hold_clk_rise   c     SE = 1
u_ctrl/ct_hold_div2_reg_38_ CLK     SE      setup_clk_rise  c     SE = 1
u_ctrl/start_seen_reg       CLK     D       hold_clk_rise   c     SE = 1
u_ctrl/start_seen_reg       CLK     D       setup_clk_rise  c     SE = 1
u_ctrl/start_seen_reg       CLK     SE      hold_clk_rise   c     SE = 1
u_ctrl/start_seen_reg       CLK     SE      setup_clk_rise  c     SE = 1
u_ctrl/ct_hold_div2_reg_62_ CLK     D       hold_clk_rise   c     SE = 1
u_ctrl/ct_hold_div2_reg_62_ CLK     D       setup_clk_rise  c     SE = 1
u_ctrl/ct_hold_div2_reg_62_ CLK     SE      hold_clk_rise   c     SE = 1
u_ctrl/ct_hold_div2_reg_62_ CLK     SE      setup_clk_rise  c     SE = 1
u_ctrl/ct_hold_div2_reg_9_  CLK     D       hold_clk_rise   c     SE = 1
u_ctrl/ct_hold_div2_reg_9_  CLK     D       setup_clk_rise  c     SE = 1
u_ctrl/ct_hold_div2_reg_9_  CLK     SE      hold_clk_rise   c     SE = 1
u_ctrl/ct_hold_div2_reg_9_  CLK     SE      setup_clk_rise  c     SE = 1
u_ctrl/u_rx_bitpos_reg_2_   CLK     D       hold_clk_rise   c     SE = 1
u_ctrl/u_rx_bitpos_reg_2_   CLK     D       setup_clk_rise  c     SE = 1
u_ctrl/u_rx_bitpos_reg_2_   CLK     SE      hold_clk_rise   c     SE = 1
u_ctrl/u_rx_bitpos_reg_2_   CLK     SE      setup_clk_rise  c     SE = 1
u_ctrl/u_rx_bitpos_reg_3_   CLK     D       hold_clk_rise   c     SE = 1
u_ctrl/u_rx_bitpos_reg_3_   CLK     D       setup_clk_rise  c     SE = 1
u_ctrl/u_rx_bitpos_reg_3_   CLK     SE      hold_clk_rise   c     SE = 1
u_ctrl/u_rx_bitpos_reg_3_   CLK     SE      setup_clk_rise  c     SE = 1
u_ctrl/ct_hold_div2_reg_65_ CLK     D       hold_clk_rise   c     SE = 1
u_ctrl/ct_hold_div2_reg_65_ CLK     D       setup_clk_rise  c     SE = 1
u_ctrl/ct_hold_div2_reg_65_ CLK     SE      hold_clk_rise   c     SE = 1
u_ctrl/ct_hold_div2_reg_65_ CLK     SE      setup_clk_rise  c     SE = 1
u_ctrl/u_rx_divcnt_reg_10_  CLK     D       hold_clk_rise   c     SE = 1
u_ctrl/u_rx_divcnt_reg_10_  CLK     D       setup_clk_rise  c     SE = 1
u_ctrl/u_rx_divcnt_reg_10_  CLK     SE      hold_clk_rise   c     SE = 1
u_ctrl/u_rx_divcnt_reg_10_  CLK     SE      setup_clk_rise  c     SE = 1
u_ctrl/ct_hold_div2_reg_14_ CLK     D       hold_clk_rise   c     SE = 1
u_ctrl/ct_hold_div2_reg_14_ CLK     D       setup_clk_rise  c     SE = 1
u_ctrl/ct_hold_div2_reg_14_ CLK     SE      hold_clk_rise   c     SE = 1
u_ctrl/ct_hold_div2_reg_14_ CLK     SE      setup_clk_rise  c     SE = 1
u_ctrl/u_tx_bitpos_reg_1_   CLK     D       hold_clk_rise   c     SE = 1
u_ctrl/u_tx_bitpos_reg_1_   CLK     D       setup_clk_rise  c     SE = 1
u_ctrl/u_tx_bitpos_reg_1_   CLK     SE      hold_clk_rise   c     SE = 1
u_ctrl/u_tx_bitpos_reg_1_   CLK     SE      setup_clk_rise  c     SE = 1
u_ctrl/ct_hold_div2_reg_17_ CLK     D       hold_clk_rise   c     SE = 1
u_ctrl/ct_hold_div2_reg_17_ CLK     D       setup_clk_rise  c     SE = 1
u_ctrl/ct_hold_div2_reg_17_ CLK     SE      hold_clk_rise   c     SE = 1
u_ctrl/ct_hold_div2_reg_17_ CLK     SE      setup_clk_rise  c     SE = 1
u_ctrl/ct_hold_div2_reg_18_ CLK     D       hold_clk_rise   c     SE = 1
u_ctrl/ct_hold_div2_reg_18_ CLK     D       setup_clk_rise  c     SE = 1
u_ctrl/ct_hold_div2_reg_18_ CLK     SE      hold_clk_rise   c     SE = 1
u_ctrl/ct_hold_div2_reg_18_ CLK     SE      setup_clk_rise  c     SE = 1
u_ctrl/ct_hold_div2_reg_122_
                            CLK     D       hold_clk_rise   c     SE = 1
u_ctrl/ct_hold_div2_reg_122_
                            CLK     D       setup_clk_rise  c     SE = 1
u_ctrl/ct_hold_div2_reg_122_
                            CLK     SE      hold_clk_rise   c     SE = 1
u_ctrl/ct_hold_div2_reg_122_
                            CLK     SE      setup_clk_rise  c     SE = 1
u_ctrl/ct_hold_div2_reg_97_ CLK     D       hold_clk_rise   c     SE = 1
u_ctrl/ct_hold_div2_reg_97_ CLK     D       setup_clk_rise  c     SE = 1
u_ctrl/ct_hold_div2_reg_97_ CLK     SE      hold_clk_rise   c     SE = 1
u_ctrl/ct_hold_div2_reg_97_ CLK     SE      setup_clk_rise  c     SE = 1
u_ctrl/tx_byte_div2_reg_0_  CLK     D       hold_clk_rise   c     SE = 1
u_ctrl/tx_byte_div2_reg_0_  CLK     D       setup_clk_rise  c     SE = 1
u_ctrl/tx_byte_div2_reg_0_  CLK     SE      hold_clk_rise   c     SE = 1
u_ctrl/tx_byte_div2_reg_0_  CLK     SE      setup_clk_rise  c     SE = 1
u_ctrl/ct_hold_div2_reg_98_ CLK     D       hold_clk_rise   c     SE = 1
u_ctrl/ct_hold_div2_reg_98_ CLK     D       setup_clk_rise  c     SE = 1
u_ctrl/ct_hold_div2_reg_98_ CLK     SE      hold_clk_rise   c     SE = 1
u_ctrl/ct_hold_div2_reg_98_ CLK     SE      setup_clk_rise  c     SE = 1
u_ctrl/tx_byte_div2_reg_1_  CLK     D       hold_clk_rise   c     SE = 1
u_ctrl/tx_byte_div2_reg_1_  CLK     D       setup_clk_rise  c     SE = 1
u_ctrl/tx_byte_div2_reg_1_  CLK     SE      hold_clk_rise   c     SE = 1
u_ctrl/tx_byte_div2_reg_1_  CLK     SE      setup_clk_rise  c     SE = 1
u_ctrl/ct_hold_div2_reg_41_ CLK     D       hold_clk_rise   c     SE = 1
u_ctrl/ct_hold_div2_reg_41_ CLK     D       setup_clk_rise  c     SE = 1
u_ctrl/ct_hold_div2_reg_41_ CLK     SE      hold_clk_rise   c     SE = 1
u_ctrl/ct_hold_div2_reg_41_ CLK     SE      setup_clk_rise  c     SE = 1
u_ctrl/tx_byte_div2_reg_2_  CLK     D       hold_clk_rise   c     SE = 1
u_ctrl/tx_byte_div2_reg_2_  CLK     D       setup_clk_rise  c     SE = 1
u_ctrl/tx_byte_div2_reg_2_  CLK     SE      hold_clk_rise   c     SE = 1
u_ctrl/tx_byte_div2_reg_2_  CLK     SE      setup_clk_rise  c     SE = 1
u_ctrl/tx_byte_div2_reg_3_  CLK     D       hold_clk_rise   c     SE = 1
u_ctrl/tx_byte_div2_reg_3_  CLK     D       setup_clk_rise  c     SE = 1
u_ctrl/tx_byte_div2_reg_3_  CLK     SE      hold_clk_rise   c     SE = 1
u_ctrl/tx_byte_div2_reg_3_  CLK     SE      setup_clk_rise  c     SE = 1
u_ctrl/tx_byte_div2_reg_4_  CLK     D       hold_clk_rise   c     SE = 1
u_ctrl/tx_byte_div2_reg_4_  CLK     D       setup_clk_rise  c     SE = 1
u_ctrl/tx_byte_div2_reg_4_  CLK     SE      hold_clk_rise   c     SE = 1
u_ctrl/tx_byte_div2_reg_4_  CLK     SE      setup_clk_rise  c     SE = 1
u_ctrl/tx_byte_div2_reg_5_  CLK     D       hold_clk_rise   c     SE = 1
u_ctrl/tx_byte_div2_reg_5_  CLK     D       setup_clk_rise  c     SE = 1
u_ctrl/tx_byte_div2_reg_5_  CLK     SE      hold_clk_rise   c     SE = 1
u_ctrl/tx_byte_div2_reg_5_  CLK     SE      setup_clk_rise  c     SE = 1
u_ctrl/tx_byte_div2_reg_6_  CLK     D       hold_clk_rise   c     SE = 1
u_ctrl/tx_byte_div2_reg_6_  CLK     D       setup_clk_rise  c     SE = 1
u_ctrl/tx_byte_div2_reg_6_  CLK     SE      hold_clk_rise   c     SE = 1
u_ctrl/tx_byte_div2_reg_6_  CLK     SE      setup_clk_rise  c     SE = 1
u_ctrl/ct_hold_div2_reg_46_ CLK     D       hold_clk_rise   c     SE = 1
u_ctrl/ct_hold_div2_reg_46_ CLK     D       setup_clk_rise  c     SE = 1
u_ctrl/ct_hold_div2_reg_46_ CLK     SE      hold_clk_rise   c     SE = 1
u_ctrl/ct_hold_div2_reg_46_ CLK     SE      setup_clk_rise  c     SE = 1
u_ctrl/tx_byte_div2_reg_7_  CLK     D       hold_clk_rise   c     SE = 1
u_ctrl/tx_byte_div2_reg_7_  CLK     D       setup_clk_rise  c     SE = 1
u_ctrl/tx_byte_div2_reg_7_  CLK     SE      hold_clk_rise   c     SE = 1
u_ctrl/tx_byte_div2_reg_7_  CLK     SE      setup_clk_rise  c     SE = 1
u_ctrl/ct_hold_div2_reg_49_ CLK     D       hold_clk_rise   c     SE = 1
u_ctrl/ct_hold_div2_reg_49_ CLK     D       setup_clk_rise  c     SE = 1
u_ctrl/ct_hold_div2_reg_49_ CLK     SE      hold_clk_rise   c     SE = 1
u_ctrl/ct_hold_div2_reg_49_ CLK     SE      setup_clk_rise  c     SE = 1
u_ctrl/ct_hold_div2_reg_71_ CLK     D       hold_clk_rise   c     SE = 1
u_ctrl/ct_hold_div2_reg_71_ CLK     D       setup_clk_rise  c     SE = 1
u_ctrl/ct_hold_div2_reg_71_ CLK     SE      hold_clk_rise   c     SE = 1
u_ctrl/ct_hold_div2_reg_71_ CLK     SE      setup_clk_rise  c     SE = 1
u_ctrl/u_rx_divcnt_reg_1_   CLK     D       hold_clk_rise   c     SE = 1
u_ctrl/u_rx_divcnt_reg_1_   CLK     D       setup_clk_rise  c     SE = 1
u_ctrl/u_rx_divcnt_reg_1_   CLK     SE      hold_clk_rise   c     SE = 1
u_ctrl/u_rx_divcnt_reg_1_   CLK     SE      setup_clk_rise  c     SE = 1
u_ctrl/ct_hold_div2_reg_72_ CLK     D       hold_clk_rise   c     SE = 1
u_ctrl/ct_hold_div2_reg_72_ CLK     D       setup_clk_rise  c     SE = 1
u_ctrl/ct_hold_div2_reg_72_ CLK     SE      hold_clk_rise   c     SE = 1
u_ctrl/ct_hold_div2_reg_72_ CLK     SE      setup_clk_rise  c     SE = 1
u_ctrl/u_rx_divcnt_reg_3_   CLK     D       hold_clk_rise   c     SE = 1
u_ctrl/u_rx_divcnt_reg_3_   CLK     D       setup_clk_rise  c     SE = 1
u_ctrl/u_rx_divcnt_reg_3_   CLK     SE      hold_clk_rise   c     SE = 1
u_ctrl/u_rx_divcnt_reg_3_   CLK     SE      setup_clk_rise  c     SE = 1
u_ctrl/ct_hold_div2_reg_100_
                            CLK     D       hold_clk_rise   c     SE = 1
u_ctrl/ct_hold_div2_reg_100_
                            CLK     D       setup_clk_rise  c     SE = 1
u_ctrl/ct_hold_div2_reg_100_
                            CLK     SE      hold_clk_rise   c     SE = 1
u_ctrl/ct_hold_div2_reg_100_
                            CLK     SE      setup_clk_rise  c     SE = 1
u_ctrl/u_rx_divcnt_reg_4_   CLK     D       hold_clk_rise   c     SE = 1
u_ctrl/u_rx_divcnt_reg_4_   CLK     D       setup_clk_rise  c     SE = 1
u_ctrl/u_rx_divcnt_reg_4_   CLK     SE      hold_clk_rise   c     SE = 1
u_ctrl/u_rx_divcnt_reg_4_   CLK     SE      setup_clk_rise  c     SE = 1
u_ctrl/ct_hold_div2_reg_101_
                            CLK     D       hold_clk_rise   c     SE = 1
u_ctrl/ct_hold_div2_reg_101_
                            CLK     D       setup_clk_rise  c     SE = 1
u_ctrl/ct_hold_div2_reg_101_
                            CLK     SE      hold_clk_rise   c     SE = 1
u_ctrl/ct_hold_div2_reg_101_
                            CLK     SE      setup_clk_rise  c     SE = 1
u_ctrl/ct_hold_div2_reg_75_ CLK     D       hold_clk_rise   c     SE = 1
u_ctrl/ct_hold_div2_reg_75_ CLK     D       setup_clk_rise  c     SE = 1
u_ctrl/ct_hold_div2_reg_75_ CLK     SE      hold_clk_rise   c     SE = 1
u_ctrl/ct_hold_div2_reg_75_ CLK     SE      setup_clk_rise  c     SE = 1
u_ctrl/u_rx_divcnt_reg_5_   CLK     D       hold_clk_rise   c     SE = 1
u_ctrl/u_rx_divcnt_reg_5_   CLK     D       setup_clk_rise  c     SE = 1
u_ctrl/u_rx_divcnt_reg_5_   CLK     SE      hold_clk_rise   c     SE = 1
u_ctrl/u_rx_divcnt_reg_5_   CLK     SE      setup_clk_rise  c     SE = 1
u_ctrl/ct_hold_div2_reg_76_ CLK     D       hold_clk_rise   c     SE = 1
u_ctrl/ct_hold_div2_reg_76_ CLK     D       setup_clk_rise  c     SE = 1
u_ctrl/ct_hold_div2_reg_76_ CLK     SE      hold_clk_rise   c     SE = 1
u_ctrl/ct_hold_div2_reg_76_ CLK     SE      setup_clk_rise  c     SE = 1
u_ctrl/u_rx_divcnt_reg_6_   CLK     D       hold_clk_rise   c     SE = 1
u_ctrl/u_rx_divcnt_reg_6_   CLK     D       setup_clk_rise  c     SE = 1
u_ctrl/u_rx_divcnt_reg_6_   CLK     SE      hold_clk_rise   c     SE = 1
u_ctrl/u_rx_divcnt_reg_6_   CLK     SE      setup_clk_rise  c     SE = 1
u_ctrl/ct_hold_div2_reg_103_
                            CLK     D       hold_clk_rise   c     SE = 1
u_ctrl/ct_hold_div2_reg_103_
                            CLK     D       setup_clk_rise  c     SE = 1
u_ctrl/ct_hold_div2_reg_103_
                            CLK     SE      hold_clk_rise   c     SE = 1
u_ctrl/ct_hold_div2_reg_103_
                            CLK     SE      setup_clk_rise  c     SE = 1
u_ctrl/ct_hold_div2_reg_77_ CLK     D       hold_clk_rise   c     SE = 1
u_ctrl/ct_hold_div2_reg_77_ CLK     D       setup_clk_rise  c     SE = 1
u_ctrl/ct_hold_div2_reg_77_ CLK     SE      hold_clk_rise   c     SE = 1
u_ctrl/ct_hold_div2_reg_77_ CLK     SE      setup_clk_rise  c     SE = 1
u_ctrl/u_rx_divcnt_reg_7_   CLK     D       hold_clk_rise   c     SE = 1
u_ctrl/u_rx_divcnt_reg_7_   CLK     D       setup_clk_rise  c     SE = 1
u_ctrl/u_rx_divcnt_reg_7_   CLK     SE      hold_clk_rise   c     SE = 1
u_ctrl/u_rx_divcnt_reg_7_   CLK     SE      setup_clk_rise  c     SE = 1
u_ctrl/ct_hold_div2_reg_104_
                            CLK     D       hold_clk_rise   c     SE = 1
u_ctrl/ct_hold_div2_reg_104_
                            CLK     D       setup_clk_rise  c     SE = 1
u_ctrl/ct_hold_div2_reg_104_
                            CLK     SE      hold_clk_rise   c     SE = 1
u_ctrl/ct_hold_div2_reg_104_
                            CLK     SE      setup_clk_rise  c     SE = 1
u_ctrl/ct_hold_div2_reg_78_ CLK     D       hold_clk_rise   c     SE = 1
u_ctrl/ct_hold_div2_reg_78_ CLK     D       setup_clk_rise  c     SE = 1
u_ctrl/ct_hold_div2_reg_78_ CLK     SE      hold_clk_rise   c     SE = 1
u_ctrl/ct_hold_div2_reg_78_ CLK     SE      setup_clk_rise  c     SE = 1
u_ctrl/ct_hold_div2_reg_20_ CLK     D       hold_clk_rise   c     SE = 1
u_ctrl/ct_hold_div2_reg_20_ CLK     D       setup_clk_rise  c     SE = 1
u_ctrl/ct_hold_div2_reg_20_ CLK     SE      hold_clk_rise   c     SE = 1
u_ctrl/ct_hold_div2_reg_20_ CLK     SE      setup_clk_rise  c     SE = 1
u_ctrl/u_rx_divcnt_reg_8_   CLK     D       hold_clk_rise   c     SE = 1
u_ctrl/u_rx_divcnt_reg_8_   CLK     D       setup_clk_rise  c     SE = 1
u_ctrl/u_rx_divcnt_reg_8_   CLK     SE      hold_clk_rise   c     SE = 1
u_ctrl/u_rx_divcnt_reg_8_   CLK     SE      setup_clk_rise  c     SE = 1
u_ctrl/u_tx_divcnt_reg_12_  CLK     D       hold_clk_rise   c     SE = 1
u_ctrl/u_tx_divcnt_reg_12_  CLK     D       setup_clk_rise  c     SE = 1
u_ctrl/u_tx_divcnt_reg_12_  CLK     SE      hold_clk_rise   c     SE = 1
u_ctrl/u_tx_divcnt_reg_12_  CLK     SE      setup_clk_rise  c     SE = 1
u_ctrl/ct_hold_div2_reg_79_ CLK     D       hold_clk_rise   c     SE = 1
u_ctrl/ct_hold_div2_reg_79_ CLK     D       setup_clk_rise  c     SE = 1
u_ctrl/ct_hold_div2_reg_79_ CLK     SE      hold_clk_rise   c     SE = 1
u_ctrl/ct_hold_div2_reg_79_ CLK     SE      setup_clk_rise  c     SE = 1
u_ctrl/ct_hold_div2_reg_21_ CLK     D       hold_clk_rise   c     SE = 1
u_ctrl/ct_hold_div2_reg_21_ CLK     D       setup_clk_rise  c     SE = 1
u_ctrl/ct_hold_div2_reg_21_ CLK     SE      hold_clk_rise   c     SE = 1
u_ctrl/ct_hold_div2_reg_21_ CLK     SE      setup_clk_rise  c     SE = 1
u_ctrl/ct_hold_div2_reg_107_
                            CLK     D       hold_clk_rise   c     SE = 1
u_ctrl/ct_hold_div2_reg_107_
                            CLK     D       setup_clk_rise  c     SE = 1
u_ctrl/ct_hold_div2_reg_107_
                            CLK     SE      hold_clk_rise   c     SE = 1
u_ctrl/ct_hold_div2_reg_107_
                            CLK     SE      setup_clk_rise  c     SE = 1
u_ctrl/wr_byte_cur_reg_0_   CLK     D       hold_clk_rise   c     SE = 1
u_ctrl/wr_byte_cur_reg_0_   CLK     D       setup_clk_rise  c     SE = 1
u_ctrl/wr_byte_cur_reg_0_   CLK     SE      hold_clk_rise   c     SE = 1
u_ctrl/wr_byte_cur_reg_0_   CLK     SE      setup_clk_rise  c     SE = 1
u_ctrl/ct_hold_div2_reg_23_ CLK     D       hold_clk_rise   c     SE = 1
u_ctrl/ct_hold_div2_reg_23_ CLK     D       setup_clk_rise  c     SE = 1
u_ctrl/ct_hold_div2_reg_23_ CLK     SE      hold_clk_rise   c     SE = 1
u_ctrl/ct_hold_div2_reg_23_ CLK     SE      setup_clk_rise  c     SE = 1
u_ctrl/ct_hold_div2_reg_108_
                            CLK     D       hold_clk_rise   c     SE = 1
u_ctrl/ct_hold_div2_reg_108_
                            CLK     D       setup_clk_rise  c     SE = 1
u_ctrl/ct_hold_div2_reg_108_
                            CLK     SE      hold_clk_rise   c     SE = 1
u_ctrl/ct_hold_div2_reg_108_
                            CLK     SE      setup_clk_rise  c     SE = 1
u_ctrl/wr_byte_cur_reg_1_   CLK     D       hold_clk_rise   c     SE = 1
u_ctrl/wr_byte_cur_reg_1_   CLK     D       setup_clk_rise  c     SE = 1
u_ctrl/wr_byte_cur_reg_1_   CLK     SE      hold_clk_rise   c     SE = 1
u_ctrl/wr_byte_cur_reg_1_   CLK     SE      setup_clk_rise  c     SE = 1
u_ctrl/ct_hold_div2_reg_24_ CLK     D       hold_clk_rise   c     SE = 1
u_ctrl/ct_hold_div2_reg_24_ CLK     D       setup_clk_rise  c     SE = 1
u_ctrl/ct_hold_div2_reg_24_ CLK     SE      hold_clk_rise   c     SE = 1
u_ctrl/ct_hold_div2_reg_24_ CLK     SE      setup_clk_rise  c     SE = 1
u_ctrl/ct_hold_div2_reg_109_
                            CLK     D       hold_clk_rise   c     SE = 1
u_ctrl/ct_hold_div2_reg_109_
                            CLK     D       setup_clk_rise  c     SE = 1
u_ctrl/ct_hold_div2_reg_109_
                            CLK     SE      hold_clk_rise   c     SE = 1
u_ctrl/ct_hold_div2_reg_109_
                            CLK     SE      setup_clk_rise  c     SE = 1
u_ctrl/wr_byte_cur_reg_2_   CLK     D       hold_clk_rise   c     SE = 1
u_ctrl/wr_byte_cur_reg_2_   CLK     D       setup_clk_rise  c     SE = 1
u_ctrl/wr_byte_cur_reg_2_   CLK     SE      hold_clk_rise   c     SE = 1
u_ctrl/wr_byte_cur_reg_2_   CLK     SE      setup_clk_rise  c     SE = 1
u_ctrl/u_tx_divcnt_reg_2_   CLK     D       hold_clk_rise   c     SE = 1
u_ctrl/u_tx_divcnt_reg_2_   CLK     D       setup_clk_rise  c     SE = 1
u_ctrl/u_tx_divcnt_reg_2_   CLK     SE      hold_clk_rise   c     SE = 1
u_ctrl/u_tx_divcnt_reg_2_   CLK     SE      setup_clk_rise  c     SE = 1
u_ctrl/wr_byte_cur_reg_3_   CLK     D       hold_clk_rise   c     SE = 1
u_ctrl/wr_byte_cur_reg_3_   CLK     D       setup_clk_rise  c     SE = 1
u_ctrl/wr_byte_cur_reg_3_   CLK     SE      hold_clk_rise   c     SE = 1
u_ctrl/wr_byte_cur_reg_3_   CLK     SE      setup_clk_rise  c     SE = 1
u_ctrl/u_tx_divcnt_reg_3_   CLK     D       hold_clk_rise   c     SE = 1
u_ctrl/u_tx_divcnt_reg_3_   CLK     D       setup_clk_rise  c     SE = 1
u_ctrl/u_tx_divcnt_reg_3_   CLK     SE      hold_clk_rise   c     SE = 1
u_ctrl/u_tx_divcnt_reg_3_   CLK     SE      setup_clk_rise  c     SE = 1
u_ctrl/wr_byte_cur_reg_4_   CLK     D       hold_clk_rise   c     SE = 1
u_ctrl/wr_byte_cur_reg_4_   CLK     D       setup_clk_rise  c     SE = 1
u_ctrl/wr_byte_cur_reg_4_   CLK     SE      hold_clk_rise   c     SE = 1
u_ctrl/wr_byte_cur_reg_4_   CLK     SE      setup_clk_rise  c     SE = 1
u_ctrl/u_tx_divcnt_reg_4_   CLK     D       hold_clk_rise   c     SE = 1
u_ctrl/u_tx_divcnt_reg_4_   CLK     D       setup_clk_rise  c     SE = 1
u_ctrl/u_tx_divcnt_reg_4_   CLK     SE      hold_clk_rise   c     SE = 1
u_ctrl/u_tx_divcnt_reg_4_   CLK     SE      setup_clk_rise  c     SE = 1
u_ctrl/ct_hold_div2_reg_27_ CLK     D       hold_clk_rise   c     SE = 1
u_ctrl/ct_hold_div2_reg_27_ CLK     D       setup_clk_rise  c     SE = 1
u_ctrl/ct_hold_div2_reg_27_ CLK     SE      hold_clk_rise   c     SE = 1
u_ctrl/ct_hold_div2_reg_27_ CLK     SE      setup_clk_rise  c     SE = 1
u_ctrl/wr_byte_cur_reg_5_   CLK     D       hold_clk_rise   c     SE = 1
u_ctrl/wr_byte_cur_reg_5_   CLK     D       setup_clk_rise  c     SE = 1
u_ctrl/wr_byte_cur_reg_5_   CLK     SE      hold_clk_rise   c     SE = 1
u_ctrl/wr_byte_cur_reg_5_   CLK     SE      setup_clk_rise  c     SE = 1
u_ctrl/ct_hold_div2_reg_28_ CLK     D       hold_clk_rise   c     SE = 1
u_ctrl/ct_hold_div2_reg_28_ CLK     D       setup_clk_rise  c     SE = 1
u_ctrl/ct_hold_div2_reg_28_ CLK     SE      hold_clk_rise   c     SE = 1
u_ctrl/ct_hold_div2_reg_28_ CLK     SE      setup_clk_rise  c     SE = 1
u_ctrl/wr_byte_cur_reg_6_   CLK     D       hold_clk_rise   c     SE = 1
u_ctrl/wr_byte_cur_reg_6_   CLK     D       setup_clk_rise  c     SE = 1
u_ctrl/wr_byte_cur_reg_6_   CLK     SE      hold_clk_rise   c     SE = 1
u_ctrl/wr_byte_cur_reg_6_   CLK     SE      setup_clk_rise  c     SE = 1
u_ctrl/ct_hold_div2_reg_29_ CLK     D       hold_clk_rise   c     SE = 1
u_ctrl/ct_hold_div2_reg_29_ CLK     D       setup_clk_rise  c     SE = 1
u_ctrl/ct_hold_div2_reg_29_ CLK     SE      hold_clk_rise   c     SE = 1
u_ctrl/ct_hold_div2_reg_29_ CLK     SE      setup_clk_rise  c     SE = 1
u_ctrl/wr_byte_cur_reg_7_   CLK     D       hold_clk_rise   c     SE = 1
u_ctrl/wr_byte_cur_reg_7_   CLK     D       setup_clk_rise  c     SE = 1
u_ctrl/wr_byte_cur_reg_7_   CLK     SE      hold_clk_rise   c     SE = 1
u_ctrl/wr_byte_cur_reg_7_   CLK     SE      setup_clk_rise  c     SE = 1
u_ctrl/ct_hold_div2_reg_51_ CLK     D       hold_clk_rise   c     SE = 1
u_ctrl/ct_hold_div2_reg_51_ CLK     D       setup_clk_rise  c     SE = 1
u_ctrl/ct_hold_div2_reg_51_ CLK     SE      hold_clk_rise   c     SE = 1
u_ctrl/ct_hold_div2_reg_51_ CLK     SE      setup_clk_rise  c     SE = 1
u_ctrl/ct_hold_div2_reg_52_ CLK     D       hold_clk_rise   c     SE = 1
u_ctrl/ct_hold_div2_reg_52_ CLK     D       setup_clk_rise  c     SE = 1
u_ctrl/ct_hold_div2_reg_52_ CLK     SE      hold_clk_rise   c     SE = 1
u_ctrl/ct_hold_div2_reg_52_ CLK     SE      setup_clk_rise  c     SE = 1
u_ctrl/ct_hold_div2_reg_53_ CLK     D       hold_clk_rise   c     SE = 1
u_ctrl/ct_hold_div2_reg_53_ CLK     D       setup_clk_rise  c     SE = 1
u_ctrl/ct_hold_div2_reg_53_ CLK     SE      hold_clk_rise   c     SE = 1
u_ctrl/ct_hold_div2_reg_53_ CLK     SE      setup_clk_rise  c     SE = 1
u_ctrl/ct_hold_div2_reg_54_ CLK     D       hold_clk_rise   c     SE = 1
u_ctrl/ct_hold_div2_reg_54_ CLK     D       setup_clk_rise  c     SE = 1
u_ctrl/ct_hold_div2_reg_54_ CLK     SE      hold_clk_rise   c     SE = 1
u_ctrl/ct_hold_div2_reg_54_ CLK     SE      setup_clk_rise  c     SE = 1
u_ctrl/ct_hold_div2_reg_56_ CLK     D       hold_clk_rise   c     SE = 1
u_ctrl/ct_hold_div2_reg_56_ CLK     D       setup_clk_rise  c     SE = 1
u_ctrl/ct_hold_div2_reg_56_ CLK     SE      hold_clk_rise   c     SE = 1
u_ctrl/ct_hold_div2_reg_56_ CLK     SE      setup_clk_rise  c     SE = 1
u_ctrl/ct_hold_div2_reg_59_ CLK     D       hold_clk_rise   c     SE = 1
u_ctrl/ct_hold_div2_reg_59_ CLK     D       setup_clk_rise  c     SE = 1
u_ctrl/ct_hold_div2_reg_59_ CLK     SE      hold_clk_rise   c     SE = 1
u_ctrl/ct_hold_div2_reg_59_ CLK     SE      setup_clk_rise  c     SE = 1
u_ctrl/ct_hold_div2_reg_83_ CLK     D       hold_clk_rise   c     SE = 1
u_ctrl/ct_hold_div2_reg_83_ CLK     D       setup_clk_rise  c     SE = 1
u_ctrl/ct_hold_div2_reg_83_ CLK     SE      hold_clk_rise   c     SE = 1
u_ctrl/ct_hold_div2_reg_83_ CLK     SE      setup_clk_rise  c     SE = 1
u_ctrl/ct_hold_div2_reg_84_ CLK     D       hold_clk_rise   c     SE = 1
u_ctrl/ct_hold_div2_reg_84_ CLK     D       setup_clk_rise  c     SE = 1
u_ctrl/ct_hold_div2_reg_84_ CLK     SE      hold_clk_rise   c     SE = 1
u_ctrl/ct_hold_div2_reg_84_ CLK     SE      setup_clk_rise  c     SE = 1
u_ctrl/ct_hold_div2_reg_85_ CLK     D       hold_clk_rise   c     SE = 1
u_ctrl/ct_hold_div2_reg_85_ CLK     D       setup_clk_rise  c     SE = 1
u_ctrl/ct_hold_div2_reg_85_ CLK     SE      hold_clk_rise   c     SE = 1
u_ctrl/ct_hold_div2_reg_85_ CLK     SE      setup_clk_rise  c     SE = 1
u_ctrl/ct_hold_div2_reg_112_
                            CLK     D       hold_clk_rise   c     SE = 1
u_ctrl/ct_hold_div2_reg_112_
                            CLK     D       setup_clk_rise  c     SE = 1
u_ctrl/ct_hold_div2_reg_112_
                            CLK     SE      hold_clk_rise   c     SE = 1
u_ctrl/ct_hold_div2_reg_112_
                            CLK     SE      setup_clk_rise  c     SE = 1
u_ctrl/ct_hold_div2_reg_87_ CLK     D       hold_clk_rise   c     SE = 1
u_ctrl/ct_hold_div2_reg_87_ CLK     D       setup_clk_rise  c     SE = 1
u_ctrl/ct_hold_div2_reg_87_ CLK     SE      hold_clk_rise   c     SE = 1
u_ctrl/ct_hold_div2_reg_87_ CLK     SE      setup_clk_rise  c     SE = 1
u_ctrl/ct_hold_div2_reg_88_ CLK     D       hold_clk_rise   c     SE = 1
u_ctrl/ct_hold_div2_reg_88_ CLK     D       setup_clk_rise  c     SE = 1
u_ctrl/ct_hold_div2_reg_88_ CLK     SE      hold_clk_rise   c     SE = 1
u_ctrl/ct_hold_div2_reg_88_ CLK     SE      setup_clk_rise  c     SE = 1
u_ctrl/ct_hold_div2_reg_115_
                            CLK     D       hold_clk_rise   c     SE = 1
u_ctrl/ct_hold_div2_reg_115_
                            CLK     D       setup_clk_rise  c     SE = 1
u_ctrl/ct_hold_div2_reg_115_
                            CLK     SE      hold_clk_rise   c     SE = 1
u_ctrl/ct_hold_div2_reg_115_
                            CLK     SE      setup_clk_rise  c     SE = 1
u_ctrl/ct_hold_div2_reg_116_
                            CLK     D       hold_clk_rise   c     SE = 1
u_ctrl/ct_hold_div2_reg_116_
                            CLK     D       setup_clk_rise  c     SE = 1
u_ctrl/ct_hold_div2_reg_116_
                            CLK     SE      hold_clk_rise   c     SE = 1
u_ctrl/ct_hold_div2_reg_116_
                            CLK     SE      setup_clk_rise  c     SE = 1
u_ctrl/ct_hold_div2_reg_32_ CLK     D       hold_clk_rise   c     SE = 1
u_ctrl/ct_hold_div2_reg_32_ CLK     D       setup_clk_rise  c     SE = 1
u_ctrl/ct_hold_div2_reg_32_ CLK     SE      hold_clk_rise   c     SE = 1
u_ctrl/ct_hold_div2_reg_32_ CLK     SE      setup_clk_rise  c     SE = 1
u_ctrl/ct_hold_div2_reg_117_
                            CLK     D       hold_clk_rise   c     SE = 1
u_ctrl/ct_hold_div2_reg_117_
                            CLK     D       setup_clk_rise  c     SE = 1
u_ctrl/ct_hold_div2_reg_117_
                            CLK     SE      hold_clk_rise   c     SE = 1
u_ctrl/ct_hold_div2_reg_117_
                            CLK     SE      setup_clk_rise  c     SE = 1
u_ctrl/ct_hold_div2_reg_119_
                            CLK     D       hold_clk_rise   c     SE = 1
u_ctrl/ct_hold_div2_reg_119_
                            CLK     D       setup_clk_rise  c     SE = 1
u_ctrl/ct_hold_div2_reg_119_
                            CLK     SE      hold_clk_rise   c     SE = 1
u_ctrl/ct_hold_div2_reg_119_
                            CLK     SE      setup_clk_rise  c     SE = 1
u_ctrl/ct_hold_div2_reg_0_  CLK     D       hold_clk_rise   c     SE = 1
u_ctrl/ct_hold_div2_reg_0_  CLK     D       setup_clk_rise  c     SE = 1
u_ctrl/ct_hold_div2_reg_0_  CLK     SE      hold_clk_rise   c     SE = 1
u_ctrl/ct_hold_div2_reg_0_  CLK     SE      setup_clk_rise  c     SE = 1
u_ctrl/ct_hold_div2_reg_35_ CLK     D       hold_clk_rise   c     SE = 1
u_ctrl/ct_hold_div2_reg_35_ CLK     D       setup_clk_rise  c     SE = 1
u_ctrl/ct_hold_div2_reg_35_ CLK     SE      hold_clk_rise   c     SE = 1
u_ctrl/ct_hold_div2_reg_35_ CLK     SE      setup_clk_rise  c     SE = 1
u_ctrl/ct_hold_div2_reg_1_  CLK     D       hold_clk_rise   c     SE = 1
u_ctrl/ct_hold_div2_reg_1_  CLK     D       setup_clk_rise  c     SE = 1
u_ctrl/ct_hold_div2_reg_1_  CLK     SE      hold_clk_rise   c     SE = 1
u_ctrl/ct_hold_div2_reg_1_  CLK     SE      setup_clk_rise  c     SE = 1
u_ctrl/ct_hold_div2_reg_36_ CLK     D       hold_clk_rise   c     SE = 1
u_ctrl/ct_hold_div2_reg_36_ CLK     D       setup_clk_rise  c     SE = 1
u_ctrl/ct_hold_div2_reg_36_ CLK     SE      hold_clk_rise   c     SE = 1
u_ctrl/ct_hold_div2_reg_36_ CLK     SE      setup_clk_rise  c     SE = 1
u_ctrl/ct_hold_div2_reg_37_ CLK     D       hold_clk_rise   c     SE = 1
u_ctrl/ct_hold_div2_reg_37_ CLK     D       setup_clk_rise  c     SE = 1
u_ctrl/ct_hold_div2_reg_37_ CLK     SE      hold_clk_rise   c     SE = 1
u_ctrl/ct_hold_div2_reg_37_ CLK     SE      setup_clk_rise  c     SE = 1
u_ctrl/ct_hold_div2_reg_3_  CLK     D       hold_clk_rise   c     SE = 1
u_ctrl/ct_hold_div2_reg_3_  CLK     D       setup_clk_rise  c     SE = 1
u_ctrl/ct_hold_div2_reg_3_  CLK     SE      hold_clk_rise   c     SE = 1
u_ctrl/ct_hold_div2_reg_3_  CLK     SE      setup_clk_rise  c     SE = 1
u_ctrl/ct_hold_div2_reg_4_  CLK     D       hold_clk_rise   c     SE = 1
u_ctrl/ct_hold_div2_reg_4_  CLK     D       setup_clk_rise  c     SE = 1
u_ctrl/ct_hold_div2_reg_4_  CLK     SE      hold_clk_rise   c     SE = 1
u_ctrl/ct_hold_div2_reg_4_  CLK     SE      setup_clk_rise  c     SE = 1
u_ctrl/ct_hold_div2_reg_5_  CLK     D       hold_clk_rise   c     SE = 1
u_ctrl/ct_hold_div2_reg_5_  CLK     D       setup_clk_rise  c     SE = 1
u_ctrl/ct_hold_div2_reg_5_  CLK     SE      hold_clk_rise   c     SE = 1
u_ctrl/ct_hold_div2_reg_5_  CLK     SE      setup_clk_rise  c     SE = 1
u_ctrl/ct_hold_div2_reg_6_  CLK     D       hold_clk_rise   c     SE = 1
u_ctrl/ct_hold_div2_reg_6_  CLK     D       setup_clk_rise  c     SE = 1
u_ctrl/ct_hold_div2_reg_6_  CLK     SE      hold_clk_rise   c     SE = 1
u_ctrl/ct_hold_div2_reg_6_  CLK     SE      setup_clk_rise  c     SE = 1
u_ctrl/ct_hold_div2_reg_60_ CLK     D       hold_clk_rise   c     SE = 1
u_ctrl/ct_hold_div2_reg_60_ CLK     D       setup_clk_rise  c     SE = 1
u_ctrl/ct_hold_div2_reg_60_ CLK     SE      hold_clk_rise   c     SE = 1
u_ctrl/ct_hold_div2_reg_60_ CLK     SE      setup_clk_rise  c     SE = 1
u_ctrl/ct_hold_div2_reg_61_ CLK     D       hold_clk_rise   c     SE = 1
u_ctrl/ct_hold_div2_reg_61_ CLK     D       setup_clk_rise  c     SE = 1
u_ctrl/ct_hold_div2_reg_61_ CLK     SE      hold_clk_rise   c     SE = 1
u_ctrl/ct_hold_div2_reg_61_ CLK     SE      setup_clk_rise  c     SE = 1
u_ctrl/ct_hold_div2_reg_8_  CLK     D       hold_clk_rise   c     SE = 1
u_ctrl/ct_hold_div2_reg_8_  CLK     D       setup_clk_rise  c     SE = 1
u_ctrl/ct_hold_div2_reg_8_  CLK     SE      hold_clk_rise   c     SE = 1
u_ctrl/ct_hold_div2_reg_8_  CLK     SE      setup_clk_rise  c     SE = 1
u_ctrl/crc_done_hold_reg    CLK     D       hold_clk_rise   c     SE = 1
u_ctrl/crc_done_hold_reg    CLK     D       setup_clk_rise  c     SE = 1
u_ctrl/crc_done_hold_reg    CLK     SE      hold_clk_rise   c     SE = 1
u_ctrl/crc_done_hold_reg    CLK     SE      setup_clk_rise  c     SE = 1
u_ctrl/ct_hold_div2_reg_64_ CLK     D       hold_clk_rise   c     SE = 1
u_ctrl/ct_hold_div2_reg_64_ CLK     D       setup_clk_rise  c     SE = 1
u_ctrl/ct_hold_div2_reg_64_ CLK     SE      hold_clk_rise   c     SE = 1
u_ctrl/ct_hold_div2_reg_64_ CLK     SE      setup_clk_rise  c     SE = 1
u_ctrl/tx_ct_byte_cur_reg_0_
                            CLK     D       hold_clk_rise   c     SE = 1
u_ctrl/tx_ct_byte_cur_reg_0_
                            CLK     D       setup_clk_rise  c     SE = 1
u_ctrl/tx_ct_byte_cur_reg_0_
                            CLK     SE      hold_clk_rise   c     SE = 1
u_ctrl/tx_ct_byte_cur_reg_0_
                            CLK     SE      setup_clk_rise  c     SE = 1
u_ctrl/ct_hold_div2_reg_67_ CLK     D       hold_clk_rise   c     SE = 1
u_ctrl/ct_hold_div2_reg_67_ CLK     D       setup_clk_rise  c     SE = 1
u_ctrl/ct_hold_div2_reg_67_ CLK     SE      hold_clk_rise   c     SE = 1
u_ctrl/ct_hold_div2_reg_67_ CLK     SE      setup_clk_rise  c     SE = 1
u_ctrl/tx_ct_byte_cur_reg_1_
                            CLK     D       hold_clk_rise   c     SE = 1
u_ctrl/tx_ct_byte_cur_reg_1_
                            CLK     D       setup_clk_rise  c     SE = 1
u_ctrl/tx_ct_byte_cur_reg_1_
                            CLK     SE      hold_clk_rise   c     SE = 1
u_ctrl/tx_ct_byte_cur_reg_1_
                            CLK     SE      setup_clk_rise  c     SE = 1
u_ctrl/ct_hold_div2_reg_68_ CLK     D       hold_clk_rise   c     SE = 1
u_ctrl/ct_hold_div2_reg_68_ CLK     D       setup_clk_rise  c     SE = 1
u_ctrl/ct_hold_div2_reg_68_ CLK     SE      hold_clk_rise   c     SE = 1
u_ctrl/ct_hold_div2_reg_68_ CLK     SE      setup_clk_rise  c     SE = 1
u_ctrl/tx_ct_byte_cur_reg_2_
                            CLK     D       hold_clk_rise   c     SE = 1
u_ctrl/tx_ct_byte_cur_reg_2_
                            CLK     D       setup_clk_rise  c     SE = 1
u_ctrl/tx_ct_byte_cur_reg_2_
                            CLK     SE      hold_clk_rise   c     SE = 1
u_ctrl/tx_ct_byte_cur_reg_2_
                            CLK     SE      setup_clk_rise  c     SE = 1
u_ctrl/ct_hold_div2_reg_69_ CLK     D       hold_clk_rise   c     SE = 1
u_ctrl/ct_hold_div2_reg_69_ CLK     D       setup_clk_rise  c     SE = 1
u_ctrl/ct_hold_div2_reg_69_ CLK     SE      hold_clk_rise   c     SE = 1
u_ctrl/ct_hold_div2_reg_69_ CLK     SE      setup_clk_rise  c     SE = 1
u_ctrl/ct_hold_div2_reg_11_ CLK     D       hold_clk_rise   c     SE = 1
u_ctrl/ct_hold_div2_reg_11_ CLK     D       setup_clk_rise  c     SE = 1
u_ctrl/ct_hold_div2_reg_11_ CLK     SE      hold_clk_rise   c     SE = 1
u_ctrl/ct_hold_div2_reg_11_ CLK     SE      setup_clk_rise  c     SE = 1
u_ctrl/tx_ct_byte_cur_reg_3_
                            CLK     D       hold_clk_rise   c     SE = 1
u_ctrl/tx_ct_byte_cur_reg_3_
                            CLK     D       setup_clk_rise  c     SE = 1
u_ctrl/tx_ct_byte_cur_reg_3_
                            CLK     SE      hold_clk_rise   c     SE = 1
u_ctrl/tx_ct_byte_cur_reg_3_
                            CLK     SE      setup_clk_rise  c     SE = 1
u_ctrl/u_rx_divcnt_reg_11_  CLK     D       hold_clk_rise   c     SE = 1
u_ctrl/u_rx_divcnt_reg_11_  CLK     D       setup_clk_rise  c     SE = 1
u_ctrl/u_rx_divcnt_reg_11_  CLK     SE      hold_clk_rise   c     SE = 1
u_ctrl/u_rx_divcnt_reg_11_  CLK     SE      setup_clk_rise  c     SE = 1
u_ctrl/ct_hold_div2_reg_12_ CLK     D       hold_clk_rise   c     SE = 1
u_ctrl/ct_hold_div2_reg_12_ CLK     D       setup_clk_rise  c     SE = 1
u_ctrl/ct_hold_div2_reg_12_ CLK     SE      hold_clk_rise   c     SE = 1
u_ctrl/ct_hold_div2_reg_12_ CLK     SE      setup_clk_rise  c     SE = 1
u_ctrl/tx_ct_byte_cur_reg_4_
                            CLK     D       hold_clk_rise   c     SE = 1
u_ctrl/tx_ct_byte_cur_reg_4_
                            CLK     D       setup_clk_rise  c     SE = 1
u_ctrl/tx_ct_byte_cur_reg_4_
                            CLK     SE      hold_clk_rise   c     SE = 1
u_ctrl/tx_ct_byte_cur_reg_4_
                            CLK     SE      setup_clk_rise  c     SE = 1
u_ctrl/ct_hold_div2_reg_13_ CLK     D       hold_clk_rise   c     SE = 1
u_ctrl/ct_hold_div2_reg_13_ CLK     D       setup_clk_rise  c     SE = 1
u_ctrl/ct_hold_div2_reg_13_ CLK     SE      hold_clk_rise   c     SE = 1
u_ctrl/ct_hold_div2_reg_13_ CLK     SE      setup_clk_rise  c     SE = 1
u_ctrl/tx_ct_byte_cur_reg_5_
                            CLK     D       hold_clk_rise   c     SE = 1
u_ctrl/tx_ct_byte_cur_reg_5_
                            CLK     D       setup_clk_rise  c     SE = 1
u_ctrl/tx_ct_byte_cur_reg_5_
                            CLK     SE      hold_clk_rise   c     SE = 1
u_ctrl/tx_ct_byte_cur_reg_5_
                            CLK     SE      setup_clk_rise  c     SE = 1
u_ctrl/ct_ok_reg            CLK     D       hold_clk_rise   c     SE = 1
u_ctrl/ct_ok_reg            CLK     D       setup_clk_rise  c     SE = 1
u_ctrl/ct_ok_reg            CLK     SE      hold_clk_rise   c     SE = 1
u_ctrl/ct_ok_reg            CLK     SE      setup_clk_rise  c     SE = 1
u_ctrl/ct_hold_div2_reg_91_ CLK     D       hold_clk_rise   c     SE = 1
u_ctrl/ct_hold_div2_reg_91_ CLK     D       setup_clk_rise  c     SE = 1
u_ctrl/ct_hold_div2_reg_91_ CLK     SE      hold_clk_rise   c     SE = 1
u_ctrl/ct_hold_div2_reg_91_ CLK     SE      setup_clk_rise  c     SE = 1
u_ctrl/tx_ct_byte_cur_reg_6_
                            CLK     D       hold_clk_rise   c     SE = 1
u_ctrl/tx_ct_byte_cur_reg_6_
                            CLK     D       setup_clk_rise  c     SE = 1
u_ctrl/tx_ct_byte_cur_reg_6_
                            CLK     SE      hold_clk_rise   c     SE = 1
u_ctrl/tx_ct_byte_cur_reg_6_
                            CLK     SE      setup_clk_rise  c     SE = 1
u_ctrl/ct_hold_div2_reg_15_ CLK     D       hold_clk_rise   c     SE = 1
u_ctrl/ct_hold_div2_reg_15_ CLK     D       setup_clk_rise  c     SE = 1
u_ctrl/ct_hold_div2_reg_15_ CLK     SE      hold_clk_rise   c     SE = 1
u_ctrl/ct_hold_div2_reg_15_ CLK     SE      setup_clk_rise  c     SE = 1
u_ctrl/ct_hold_div2_reg_92_ CLK     D       hold_clk_rise   c     SE = 1
u_ctrl/ct_hold_div2_reg_92_ CLK     D       setup_clk_rise  c     SE = 1
u_ctrl/ct_hold_div2_reg_92_ CLK     SE      hold_clk_rise   c     SE = 1
u_ctrl/ct_hold_div2_reg_92_ CLK     SE      setup_clk_rise  c     SE = 1
u_ctrl/tx_ct_byte_cur_reg_7_
                            CLK     D       hold_clk_rise   c     SE = 1
u_ctrl/tx_ct_byte_cur_reg_7_
                            CLK     D       setup_clk_rise  c     SE = 1
u_ctrl/tx_ct_byte_cur_reg_7_
                            CLK     SE      hold_clk_rise   c     SE = 1
u_ctrl/tx_ct_byte_cur_reg_7_
                            CLK     SE      setup_clk_rise  c     SE = 1
u_ctrl/u_crc_crc_reg_11_    CLK     D       hold_clk_rise   c     SE = 1
u_ctrl/u_crc_crc_reg_11_    CLK     D       setup_clk_rise  c     SE = 1
u_ctrl/u_crc_crc_reg_11_    CLK     SE      hold_clk_rise   c     SE = 1
u_ctrl/u_crc_crc_reg_11_    CLK     SE      setup_clk_rise  c     SE = 1
u_ctrl/u_tx_bitpos_reg_2_   CLK     D       hold_clk_rise   c     SE = 1
u_ctrl/u_tx_bitpos_reg_2_   CLK     D       setup_clk_rise  c     SE = 1
u_ctrl/u_tx_bitpos_reg_2_   CLK     SE      hold_clk_rise   c     SE = 1
u_ctrl/u_tx_bitpos_reg_2_   CLK     SE      setup_clk_rise  c     SE = 1
u_ctrl/ct_hold_div2_reg_93_ CLK     D       hold_clk_rise   c     SE = 1
u_ctrl/ct_hold_div2_reg_93_ CLK     D       setup_clk_rise  c     SE = 1
u_ctrl/ct_hold_div2_reg_93_ CLK     SE      hold_clk_rise   c     SE = 1
u_ctrl/ct_hold_div2_reg_93_ CLK     SE      setup_clk_rise  c     SE = 1
u_ctrl/ct_hold_div2_reg_19_ CLK     D       hold_clk_rise   c     SE = 1
u_ctrl/ct_hold_div2_reg_19_ CLK     D       setup_clk_rise  c     SE = 1
u_ctrl/ct_hold_div2_reg_19_ CLK     SE      hold_clk_rise   c     SE = 1
u_ctrl/ct_hold_div2_reg_19_ CLK     SE      setup_clk_rise  c     SE = 1
u_ctrl/ct_hold_div2_reg_96_ CLK     D       hold_clk_rise   c     SE = 1
u_ctrl/ct_hold_div2_reg_96_ CLK     D       setup_clk_rise  c     SE = 1
u_ctrl/ct_hold_div2_reg_96_ CLK     SE      hold_clk_rise   c     SE = 1
u_ctrl/ct_hold_div2_reg_96_ CLK     SE      setup_clk_rise  c     SE = 1
u_ctrl/ct_hold_div2_reg_123_
                            CLK     D       hold_clk_rise   c     SE = 1
u_ctrl/ct_hold_div2_reg_123_
                            CLK     D       setup_clk_rise  c     SE = 1
u_ctrl/ct_hold_div2_reg_123_
                            CLK     SE      hold_clk_rise   c     SE = 1
u_ctrl/ct_hold_div2_reg_123_
                            CLK     SE      setup_clk_rise  c     SE = 1
u_ctrl/ct_hold_div2_reg_124_
                            CLK     D       hold_clk_rise   c     SE = 1
u_ctrl/ct_hold_div2_reg_124_
                            CLK     D       setup_clk_rise  c     SE = 1
u_ctrl/ct_hold_div2_reg_124_
                            CLK     SE      hold_clk_rise   c     SE = 1
u_ctrl/ct_hold_div2_reg_124_
                            CLK     SE      setup_clk_rise  c     SE = 1
u_ctrl/ct_hold_div2_reg_125_
                            CLK     D       hold_clk_rise   c     SE = 1
u_ctrl/ct_hold_div2_reg_125_
                            CLK     D       setup_clk_rise  c     SE = 1
u_ctrl/ct_hold_div2_reg_125_
                            CLK     SE      hold_clk_rise   c     SE = 1
u_ctrl/ct_hold_div2_reg_125_
                            CLK     SE      setup_clk_rise  c     SE = 1
u_ctrl/ct_hold_div2_reg_99_ CLK     D       hold_clk_rise   c     SE = 1
u_ctrl/ct_hold_div2_reg_99_ CLK     D       setup_clk_rise  c     SE = 1
u_ctrl/ct_hold_div2_reg_99_ CLK     SE      hold_clk_rise   c     SE = 1
u_ctrl/ct_hold_div2_reg_99_ CLK     SE      setup_clk_rise  c     SE = 1
u_ctrl/ct_hold_div2_reg_127_
                            CLK     D       hold_clk_rise   c     SE = 1
u_ctrl/ct_hold_div2_reg_127_
                            CLK     D       setup_clk_rise  c     SE = 1
u_ctrl/ct_hold_div2_reg_127_
                            CLK     SE      hold_clk_rise   c     SE = 1
u_ctrl/ct_hold_div2_reg_127_
                            CLK     SE      setup_clk_rise  c     SE = 1
u_ctrl/ct_hold_div2_reg_43_ CLK     D       hold_clk_rise   c     SE = 1
u_ctrl/ct_hold_div2_reg_43_ CLK     D       setup_clk_rise  c     SE = 1
u_ctrl/ct_hold_div2_reg_43_ CLK     SE      hold_clk_rise   c     SE = 1
u_ctrl/ct_hold_div2_reg_43_ CLK     SE      setup_clk_rise  c     SE = 1
u_ctrl/ct_hold_div2_reg_44_ CLK     D       hold_clk_rise   c     SE = 1
u_ctrl/ct_hold_div2_reg_44_ CLK     D       setup_clk_rise  c     SE = 1
u_ctrl/ct_hold_div2_reg_44_ CLK     SE      hold_clk_rise   c     SE = 1
u_ctrl/ct_hold_div2_reg_44_ CLK     SE      setup_clk_rise  c     SE = 1
u_ctrl/ct_hold_div2_reg_45_ CLK     D       hold_clk_rise   c     SE = 1
u_ctrl/ct_hold_div2_reg_45_ CLK     D       setup_clk_rise  c     SE = 1
u_ctrl/ct_hold_div2_reg_45_ CLK     SE      hold_clk_rise   c     SE = 1
u_ctrl/ct_hold_div2_reg_45_ CLK     SE      setup_clk_rise  c     SE = 1
u_ctrl/ct_hold_div2_reg_47_ CLK     D       hold_clk_rise   c     SE = 1
u_ctrl/ct_hold_div2_reg_47_ CLK     D       setup_clk_rise  c     SE = 1
u_ctrl/ct_hold_div2_reg_47_ CLK     SE      hold_clk_rise   c     SE = 1
u_ctrl/ct_hold_div2_reg_47_ CLK     SE      setup_clk_rise  c     SE = 1
u_ctrl/ct_hold_div2_reg_48_ CLK     D       hold_clk_rise   c     SE = 1
u_ctrl/ct_hold_div2_reg_48_ CLK     D       setup_clk_rise  c     SE = 1
u_ctrl/ct_hold_div2_reg_48_ CLK     SE      hold_clk_rise   c     SE = 1
u_ctrl/ct_hold_div2_reg_48_ CLK     SE      setup_clk_rise  c     SE = 1
u_ctrl/ct_hold_div2_reg_70_ CLK     D       hold_clk_rise   c     SE = 1
u_ctrl/ct_hold_div2_reg_70_ CLK     D       setup_clk_rise  c     SE = 1
u_ctrl/ct_hold_div2_reg_70_ CLK     SE      hold_clk_rise   c     SE = 1
u_ctrl/ct_hold_div2_reg_70_ CLK     SE      setup_clk_rise  c     SE = 1
u_ctrl/u_rx_divcnt_reg_2_   CLK     D       hold_clk_rise   c     SE = 1
u_ctrl/u_rx_divcnt_reg_2_   CLK     D       setup_clk_rise  c     SE = 1
u_ctrl/u_rx_divcnt_reg_2_   CLK     SE      hold_clk_rise   c     SE = 1
u_ctrl/u_rx_divcnt_reg_2_   CLK     SE      setup_clk_rise  c     SE = 1
u_ctrl/ct_hold_div2_reg_74_ CLK     D       hold_clk_rise   c     SE = 1
u_ctrl/ct_hold_div2_reg_74_ CLK     D       setup_clk_rise  c     SE = 1
u_ctrl/ct_hold_div2_reg_74_ CLK     SE      hold_clk_rise   c     SE = 1
u_ctrl/ct_hold_div2_reg_74_ CLK     SE      setup_clk_rise  c     SE = 1
u_ctrl/u_crc_crc_reg_5_     CLK     D       hold_clk_rise   c     SE = 1
u_ctrl/u_crc_crc_reg_5_     CLK     D       setup_clk_rise  c     SE = 1
u_ctrl/u_crc_crc_reg_5_     CLK     SE      hold_clk_rise   c     SE = 1
u_ctrl/u_crc_crc_reg_5_     CLK     SE      setup_clk_rise  c     SE = 1
u_ctrl/u_crc_crc_reg_8_     CLK     D       hold_clk_rise   c     SE = 1
u_ctrl/u_crc_crc_reg_8_     CLK     D       setup_clk_rise  c     SE = 1
u_ctrl/u_crc_crc_reg_8_     CLK     SE      hold_clk_rise   c     SE = 1
u_ctrl/u_crc_crc_reg_8_     CLK     SE      setup_clk_rise  c     SE = 1
u_ctrl/ct_hold_div2_reg_50_ CLK     D       hold_clk_rise   c     SE = 1
u_ctrl/ct_hold_div2_reg_50_ CLK     D       setup_clk_rise  c     SE = 1
u_ctrl/ct_hold_div2_reg_50_ CLK     SE      hold_clk_rise   c     SE = 1
u_ctrl/ct_hold_div2_reg_50_ CLK     SE      setup_clk_rise  c     SE = 1
u_ctrl/ct_hold_div2_reg_55_ CLK     D       hold_clk_rise   c     SE = 1
u_ctrl/ct_hold_div2_reg_55_ CLK     D       setup_clk_rise  c     SE = 1
u_ctrl/ct_hold_div2_reg_55_ CLK     SE      hold_clk_rise   c     SE = 1
u_ctrl/ct_hold_div2_reg_55_ CLK     SE      setup_clk_rise  c     SE = 1
u_ctrl/ct_hold_div2_reg_110_
                            CLK     D       hold_clk_rise   c     SE = 1
u_ctrl/ct_hold_div2_reg_110_
                            CLK     D       setup_clk_rise  c     SE = 1
u_ctrl/ct_hold_div2_reg_110_
                            CLK     SE      hold_clk_rise   c     SE = 1
u_ctrl/ct_hold_div2_reg_110_
                            CLK     SE      setup_clk_rise  c     SE = 1
u_ctrl/ct_hold_div2_reg_111_
                            CLK     D       hold_clk_rise   c     SE = 1
u_ctrl/ct_hold_div2_reg_111_
                            CLK     D       setup_clk_rise  c     SE = 1
u_ctrl/ct_hold_div2_reg_111_
                            CLK     SE      hold_clk_rise   c     SE = 1
u_ctrl/ct_hold_div2_reg_111_
                            CLK     SE      setup_clk_rise  c     SE = 1
u_ctrl/pass_reg             CLK     D       hold_clk_rise   c     SE = 1
u_ctrl/pass_reg             CLK     D       setup_clk_rise  c     SE = 1
u_ctrl/pass_reg             CLK     SE      hold_clk_rise   c     SE = 1
u_ctrl/pass_reg             CLK     SE      setup_clk_rise  c     SE = 1
u_ctrl/ct_hold_div2_reg_30_ CLK     D       hold_clk_rise   c     SE = 1
u_ctrl/ct_hold_div2_reg_30_ CLK     D       setup_clk_rise  c     SE = 1
u_ctrl/ct_hold_div2_reg_30_ CLK     SE      hold_clk_rise   c     SE = 1
u_ctrl/ct_hold_div2_reg_30_ CLK     SE      setup_clk_rise  c     SE = 1
u_ctrl/ct_hold_div2_reg_31_ CLK     D       hold_clk_rise   c     SE = 1
u_ctrl/ct_hold_div2_reg_31_ CLK     D       setup_clk_rise  c     SE = 1
u_ctrl/ct_hold_div2_reg_31_ CLK     SE      hold_clk_rise   c     SE = 1
u_ctrl/ct_hold_div2_reg_31_ CLK     SE      setup_clk_rise  c     SE = 1
u_ctrl/ct_hold_div2_reg_39_ CLK     D       hold_clk_rise   c     SE = 1
u_ctrl/ct_hold_div2_reg_39_ CLK     D       setup_clk_rise  c     SE = 1
u_ctrl/ct_hold_div2_reg_39_ CLK     SE      hold_clk_rise   c     SE = 1
u_ctrl/ct_hold_div2_reg_39_ CLK     SE      setup_clk_rise  c     SE = 1
u_ctrl/ct_hold_div2_reg_7_  CLK     D       hold_clk_rise   c     SE = 1
u_ctrl/ct_hold_div2_reg_7_  CLK     D       setup_clk_rise  c     SE = 1
u_ctrl/ct_hold_div2_reg_7_  CLK     SE      hold_clk_rise   c     SE = 1
u_ctrl/ct_hold_div2_reg_7_  CLK     SE      setup_clk_rise  c     SE = 1
u_ctrl/ct_hold_div2_reg_63_ CLK     D       hold_clk_rise   c     SE = 1
u_ctrl/ct_hold_div2_reg_63_ CLK     D       setup_clk_rise  c     SE = 1
u_ctrl/ct_hold_div2_reg_63_ CLK     SE      hold_clk_rise   c     SE = 1
u_ctrl/ct_hold_div2_reg_63_ CLK     SE      setup_clk_rise  c     SE = 1
u_ctrl/ct_hold_div2_reg_66_ CLK     D       hold_clk_rise   c     SE = 1
u_ctrl/ct_hold_div2_reg_66_ CLK     D       setup_clk_rise  c     SE = 1
u_ctrl/ct_hold_div2_reg_66_ CLK     SE      hold_clk_rise   c     SE = 1
u_ctrl/ct_hold_div2_reg_66_ CLK     SE      setup_clk_rise  c     SE = 1
u_ctrl/u_aes/idx_reg_0_     CLK     D       hold_clk_rise   c     SE = 1
u_ctrl/u_aes/idx_reg_0_     CLK     D       setup_clk_rise  c     SE = 1
u_ctrl/u_aes/idx_reg_0_     CLK     SE      hold_clk_rise   c     SE = 1
u_ctrl/u_aes/idx_reg_0_     CLK     SE      setup_clk_rise  c     SE = 1
u_ctrl/u_aes/next_rk2_q_reg_10_
                            CLK     D       hold_clk_rise   c     SE = 1
u_ctrl/u_aes/next_rk2_q_reg_10_
                            CLK     D       setup_clk_rise  c     SE = 1
u_ctrl/u_aes/next_rk2_q_reg_10_
                            CLK     SE      hold_clk_rise   c     SE = 1
u_ctrl/u_aes/next_rk2_q_reg_10_
                            CLK     SE      setup_clk_rise  c     SE = 1
u_ctrl/u_aes/next_rk2_q_reg_11_
                            CLK     D       hold_clk_rise   c     SE = 1
u_ctrl/u_aes/next_rk2_q_reg_11_
                            CLK     D       setup_clk_rise  c     SE = 1
u_ctrl/u_aes/next_rk2_q_reg_11_
                            CLK     SE      hold_clk_rise   c     SE = 1
u_ctrl/u_aes/next_rk2_q_reg_11_
                            CLK     SE      setup_clk_rise  c     SE = 1
u_ctrl/u_aes/next_rk2_q_reg_12_
                            CLK     D       hold_clk_rise   c     SE = 1
u_ctrl/u_aes/next_rk2_q_reg_12_
                            CLK     D       setup_clk_rise  c     SE = 1
u_ctrl/u_aes/next_rk2_q_reg_12_
                            CLK     SE      hold_clk_rise   c     SE = 1
u_ctrl/u_aes/next_rk2_q_reg_12_
                            CLK     SE      setup_clk_rise  c     SE = 1
u_ctrl/u_aes/next_rk2_q_reg_13_
                            CLK     D       hold_clk_rise   c     SE = 1
u_ctrl/u_aes/next_rk2_q_reg_13_
                            CLK     D       setup_clk_rise  c     SE = 1
u_ctrl/u_aes/next_rk2_q_reg_13_
                            CLK     SE      hold_clk_rise   c     SE = 1
u_ctrl/u_aes/next_rk2_q_reg_13_
                            CLK     SE      setup_clk_rise  c     SE = 1
u_ctrl/u_aes/next_rk2_q_reg_14_
                            CLK     D       hold_clk_rise   c     SE = 1
u_ctrl/u_aes/next_rk2_q_reg_14_
                            CLK     D       setup_clk_rise  c     SE = 1
u_ctrl/u_aes/next_rk2_q_reg_14_
                            CLK     SE      hold_clk_rise   c     SE = 1
u_ctrl/u_aes/next_rk2_q_reg_14_
                            CLK     SE      setup_clk_rise  c     SE = 1
u_ctrl/u_aes/next_rk2_q_reg_15_
                            CLK     D       hold_clk_rise   c     SE = 1
u_ctrl/u_aes/next_rk2_q_reg_15_
                            CLK     D       setup_clk_rise  c     SE = 1
u_ctrl/u_aes/next_rk2_q_reg_15_
                            CLK     SE      hold_clk_rise   c     SE = 1
u_ctrl/u_aes/next_rk2_q_reg_15_
                            CLK     SE      setup_clk_rise  c     SE = 1
u_ctrl/u_aes/next_rk2_q_reg_16_
                            CLK     D       hold_clk_rise   c     SE = 1
u_ctrl/u_aes/next_rk2_q_reg_16_
                            CLK     D       setup_clk_rise  c     SE = 1
u_ctrl/u_aes/next_rk2_q_reg_16_
                            CLK     SE      hold_clk_rise   c     SE = 1
u_ctrl/u_aes/next_rk2_q_reg_16_
                            CLK     SE      setup_clk_rise  c     SE = 1
u_ctrl/u_aes/next_rk2_q_reg_17_
                            CLK     D       hold_clk_rise   c     SE = 1
u_ctrl/u_aes/next_rk2_q_reg_17_
                            CLK     D       setup_clk_rise  c     SE = 1
u_ctrl/u_aes/next_rk2_q_reg_17_
                            CLK     SE      hold_clk_rise   c     SE = 1
u_ctrl/u_aes/next_rk2_q_reg_17_
                            CLK     SE      setup_clk_rise  c     SE = 1
u_ctrl/u_aes/next_rk2_q_reg_18_
                            CLK     D       hold_clk_rise   c     SE = 1
u_ctrl/u_aes/next_rk2_q_reg_18_
                            CLK     D       setup_clk_rise  c     SE = 1
u_ctrl/u_aes/next_rk2_q_reg_18_
                            CLK     SE      hold_clk_rise   c     SE = 1
u_ctrl/u_aes/next_rk2_q_reg_18_
                            CLK     SE      setup_clk_rise  c     SE = 1
u_ctrl/u_aes/next_rk2_q_reg_20_
                            CLK     D       hold_clk_rise   c     SE = 1
u_ctrl/u_aes/next_rk2_q_reg_20_
                            CLK     D       setup_clk_rise  c     SE = 1
u_ctrl/u_aes/next_rk2_q_reg_20_
                            CLK     SE      hold_clk_rise   c     SE = 1
u_ctrl/u_aes/next_rk2_q_reg_20_
                            CLK     SE      setup_clk_rise  c     SE = 1
u_ctrl/u_aes/next_rk2_q_reg_21_
                            CLK     D       hold_clk_rise   c     SE = 1
u_ctrl/u_aes/next_rk2_q_reg_21_
                            CLK     D       setup_clk_rise  c     SE = 1
u_ctrl/u_aes/next_rk2_q_reg_21_
                            CLK     SE      hold_clk_rise   c     SE = 1
u_ctrl/u_aes/next_rk2_q_reg_21_
                            CLK     SE      setup_clk_rise  c     SE = 1
u_ctrl/u_aes/next_rk2_q_reg_22_
                            CLK     D       hold_clk_rise   c     SE = 1
u_ctrl/u_aes/next_rk2_q_reg_22_
                            CLK     D       setup_clk_rise  c     SE = 1
u_ctrl/u_aes/next_rk2_q_reg_22_
                            CLK     SE      hold_clk_rise   c     SE = 1
u_ctrl/u_aes/next_rk2_q_reg_22_
                            CLK     SE      setup_clk_rise  c     SE = 1
u_ctrl/u_aes/next_rk2_q_reg_23_
                            CLK     D       hold_clk_rise   c     SE = 1
u_ctrl/u_aes/next_rk2_q_reg_23_
                            CLK     D       setup_clk_rise  c     SE = 1
u_ctrl/u_aes/next_rk2_q_reg_23_
                            CLK     SE      hold_clk_rise   c     SE = 1
u_ctrl/u_aes/next_rk2_q_reg_23_
                            CLK     SE      setup_clk_rise  c     SE = 1
u_ctrl/u_aes/next_rk2_q_reg_25_
                            CLK     D       hold_clk_rise   c     SE = 1
u_ctrl/u_aes/next_rk2_q_reg_25_
                            CLK     D       setup_clk_rise  c     SE = 1
u_ctrl/u_aes/next_rk2_q_reg_25_
                            CLK     SE      hold_clk_rise   c     SE = 1
u_ctrl/u_aes/next_rk2_q_reg_25_
                            CLK     SE      setup_clk_rise  c     SE = 1
u_ctrl/u_aes/next_rk2_q_reg_26_
                            CLK     D       hold_clk_rise   c     SE = 1
u_ctrl/u_aes/next_rk2_q_reg_26_
                            CLK     D       setup_clk_rise  c     SE = 1
u_ctrl/u_aes/next_rk2_q_reg_26_
                            CLK     SE      hold_clk_rise   c     SE = 1
u_ctrl/u_aes/next_rk2_q_reg_26_
                            CLK     SE      setup_clk_rise  c     SE = 1
u_ctrl/u_aes/next_rk2_q_reg_27_
                            CLK     D       hold_clk_rise   c     SE = 1
u_ctrl/u_aes/next_rk2_q_reg_27_
                            CLK     D       setup_clk_rise  c     SE = 1
u_ctrl/u_aes/next_rk2_q_reg_27_
                            CLK     SE      hold_clk_rise   c     SE = 1
u_ctrl/u_aes/next_rk2_q_reg_27_
                            CLK     SE      setup_clk_rise  c     SE = 1
u_ctrl/u_aes/next_rk2_q_reg_28_
                            CLK     D       hold_clk_rise   c     SE = 1
u_ctrl/u_aes/next_rk2_q_reg_28_
                            CLK     D       setup_clk_rise  c     SE = 1
u_ctrl/u_aes/next_rk2_q_reg_28_
                            CLK     SE      hold_clk_rise   c     SE = 1
u_ctrl/u_aes/next_rk2_q_reg_28_
                            CLK     SE      setup_clk_rise  c     SE = 1
u_ctrl/u_aes/next_rk2_q_reg_29_
                            CLK     D       hold_clk_rise   c     SE = 1
u_ctrl/u_aes/next_rk2_q_reg_29_
                            CLK     D       setup_clk_rise  c     SE = 1
u_ctrl/u_aes/next_rk2_q_reg_29_
                            CLK     SE      hold_clk_rise   c     SE = 1
u_ctrl/u_aes/next_rk2_q_reg_29_
                            CLK     SE      setup_clk_rise  c     SE = 1
u_ctrl/u_aes/next_rk3_q_reg_1_
                            CLK     D       hold_clk_rise   c     SE = 1
u_ctrl/u_aes/next_rk3_q_reg_1_
                            CLK     D       setup_clk_rise  c     SE = 1
u_ctrl/u_aes/next_rk3_q_reg_1_
                            CLK     SE      hold_clk_rise   c     SE = 1
u_ctrl/u_aes/next_rk3_q_reg_1_
                            CLK     SE      setup_clk_rise  c     SE = 1
u_ctrl/u_aes/next_rk2_q_reg_30_
                            CLK     D       hold_clk_rise   c     SE = 1
u_ctrl/u_aes/next_rk2_q_reg_30_
                            CLK     D       setup_clk_rise  c     SE = 1
u_ctrl/u_aes/next_rk2_q_reg_30_
                            CLK     SE      hold_clk_rise   c     SE = 1
u_ctrl/u_aes/next_rk2_q_reg_30_
                            CLK     SE      setup_clk_rise  c     SE = 1
u_ctrl/u_aes/next_rk2_q_reg_31_
                            CLK     D       hold_clk_rise   c     SE = 1
u_ctrl/u_aes/next_rk2_q_reg_31_
                            CLK     D       setup_clk_rise  c     SE = 1
u_ctrl/u_aes/next_rk2_q_reg_31_
                            CLK     SE      hold_clk_rise   c     SE = 1
u_ctrl/u_aes/next_rk2_q_reg_31_
                            CLK     SE      setup_clk_rise  c     SE = 1
u_ctrl/u_aes/next_rk3_q_reg_7_
                            CLK     D       hold_clk_rise   c     SE = 1
u_ctrl/u_aes/next_rk3_q_reg_7_
                            CLK     D       setup_clk_rise  c     SE = 1
u_ctrl/u_aes/next_rk3_q_reg_7_
                            CLK     SE      hold_clk_rise   c     SE = 1
u_ctrl/u_aes/next_rk3_q_reg_7_
                            CLK     SE      setup_clk_rise  c     SE = 1
u_ctrl/u_aes/temp_q_reg_102_
                            CLK     D       hold_clk_rise   c     SE = 1
u_ctrl/u_aes/temp_q_reg_102_
                            CLK     D       setup_clk_rise  c     SE = 1
u_ctrl/u_aes/temp_q_reg_102_
                            CLK     SE      hold_clk_rise   c     SE = 1
u_ctrl/u_aes/temp_q_reg_102_
                            CLK     SE      setup_clk_rise  c     SE = 1
u_ctrl/u_aes/next_rk3_q_reg_8_
                            CLK     D       hold_clk_rise   c     SE = 1
u_ctrl/u_aes/next_rk3_q_reg_8_
                            CLK     D       setup_clk_rise  c     SE = 1
u_ctrl/u_aes/next_rk3_q_reg_8_
                            CLK     SE      hold_clk_rise   c     SE = 1
u_ctrl/u_aes/next_rk3_q_reg_8_
                            CLK     SE      setup_clk_rise  c     SE = 1
u_ctrl/u_aes/next_rk2_q_reg_0_
                            CLK     D       hold_clk_rise   c     SE = 1
u_ctrl/u_aes/next_rk2_q_reg_0_
                            CLK     D       setup_clk_rise  c     SE = 1
u_ctrl/u_aes/next_rk2_q_reg_0_
                            CLK     SE      hold_clk_rise   c     SE = 1
u_ctrl/u_aes/next_rk2_q_reg_0_
                            CLK     SE      setup_clk_rise  c     SE = 1
u_ctrl/u_aes/next_rk2_q_reg_2_
                            CLK     D       hold_clk_rise   c     SE = 1
u_ctrl/u_aes/next_rk2_q_reg_2_
                            CLK     D       setup_clk_rise  c     SE = 1
u_ctrl/u_aes/next_rk2_q_reg_2_
                            CLK     SE      hold_clk_rise   c     SE = 1
u_ctrl/u_aes/next_rk2_q_reg_2_
                            CLK     SE      setup_clk_rise  c     SE = 1
u_ctrl/u_aes/next_rk2_q_reg_4_
                            CLK     D       hold_clk_rise   c     SE = 1
u_ctrl/u_aes/next_rk2_q_reg_4_
                            CLK     D       setup_clk_rise  c     SE = 1
u_ctrl/u_aes/next_rk2_q_reg_4_
                            CLK     SE      hold_clk_rise   c     SE = 1
u_ctrl/u_aes/next_rk2_q_reg_4_
                            CLK     SE      setup_clk_rise  c     SE = 1
u_ctrl/u_aes/next_rk2_q_reg_6_
                            CLK     D       hold_clk_rise   c     SE = 1
u_ctrl/u_aes/next_rk2_q_reg_6_
                            CLK     D       setup_clk_rise  c     SE = 1
u_ctrl/u_aes/next_rk2_q_reg_6_
                            CLK     SE      hold_clk_rise   c     SE = 1
u_ctrl/u_aes/next_rk2_q_reg_6_
                            CLK     SE      setup_clk_rise  c     SE = 1
u_ctrl/u_aes/next_rk2_q_reg_7_
                            CLK     D       hold_clk_rise   c     SE = 1
u_ctrl/u_aes/next_rk2_q_reg_7_
                            CLK     D       setup_clk_rise  c     SE = 1
u_ctrl/u_aes/next_rk2_q_reg_7_
                            CLK     SE      hold_clk_rise   c     SE = 1
u_ctrl/u_aes/next_rk2_q_reg_7_
                            CLK     SE      setup_clk_rise  c     SE = 1
u_ctrl/u_aes/next_rk2_q_reg_8_
                            CLK     D       hold_clk_rise   c     SE = 1
u_ctrl/u_aes/next_rk2_q_reg_8_
                            CLK     D       setup_clk_rise  c     SE = 1
u_ctrl/u_aes/next_rk2_q_reg_8_
                            CLK     SE      hold_clk_rise   c     SE = 1
u_ctrl/u_aes/next_rk2_q_reg_8_
                            CLK     SE      setup_clk_rise  c     SE = 1
u_ctrl/u_aes/next_rk2_q_reg_9_
                            CLK     D       hold_clk_rise   c     SE = 1
u_ctrl/u_aes/next_rk2_q_reg_9_
                            CLK     D       setup_clk_rise  c     SE = 1
u_ctrl/u_aes/next_rk2_q_reg_9_
                            CLK     SE      hold_clk_rise   c     SE = 1
u_ctrl/u_aes/next_rk2_q_reg_9_
                            CLK     SE      setup_clk_rise  c     SE = 1
u_ctrl/u_aes/next_rk3_q_reg_24_
                            CLK     D       hold_clk_rise   c     SE = 1
u_ctrl/u_aes/next_rk3_q_reg_24_
                            CLK     D       setup_clk_rise  c     SE = 1
u_ctrl/u_aes/next_rk3_q_reg_24_
                            CLK     SE      hold_clk_rise   c     SE = 1
u_ctrl/u_aes/next_rk3_q_reg_24_
                            CLK     SE      setup_clk_rise  c     SE = 1
u_ctrl/u_aes/next_rk3_q_reg_25_
                            CLK     D       hold_clk_rise   c     SE = 1
u_ctrl/u_aes/next_rk3_q_reg_25_
                            CLK     D       setup_clk_rise  c     SE = 1
u_ctrl/u_aes/next_rk3_q_reg_25_
                            CLK     SE      hold_clk_rise   c     SE = 1
u_ctrl/u_aes/next_rk3_q_reg_25_
                            CLK     SE      setup_clk_rise  c     SE = 1
u_ctrl/u_aes/next_rk3_q_reg_28_
                            CLK     D       hold_clk_rise   c     SE = 1
u_ctrl/u_aes/next_rk3_q_reg_28_
                            CLK     D       setup_clk_rise  c     SE = 1
u_ctrl/u_aes/next_rk3_q_reg_28_
                            CLK     SE      hold_clk_rise   c     SE = 1
u_ctrl/u_aes/next_rk3_q_reg_28_
                            CLK     SE      setup_clk_rise  c     SE = 1
u_ctrl/u_rx_divcnt_reg_12_  CLK     D       hold_clk_rise   c     SE = 1
u_ctrl/u_rx_divcnt_reg_12_  CLK     D       setup_clk_rise  c     SE = 1
u_ctrl/u_rx_divcnt_reg_12_  CLK     SE      hold_clk_rise   c     SE = 1
u_ctrl/u_rx_divcnt_reg_12_  CLK     SE      setup_clk_rise  c     SE = 1
u_ctrl/u_crc_crc_reg_12_    CLK     D       hold_clk_rise   c     SE = 1
u_ctrl/u_crc_crc_reg_12_    CLK     D       setup_clk_rise  c     SE = 1
u_ctrl/u_crc_crc_reg_12_    CLK     SE      hold_clk_rise   c     SE = 1
u_ctrl/u_crc_crc_reg_12_    CLK     SE      setup_clk_rise  c     SE = 1
u_ctrl/u_tx_bitpos_reg_3_   CLK     D       hold_clk_rise   c     SE = 1
u_ctrl/u_tx_bitpos_reg_3_   CLK     D       setup_clk_rise  c     SE = 1
u_ctrl/u_tx_bitpos_reg_3_   CLK     SE      hold_clk_rise   c     SE = 1
u_ctrl/u_tx_bitpos_reg_3_   CLK     SE      setup_clk_rise  c     SE = 1
u_ctrl/ct_hold_div2_reg_94_ CLK     D       hold_clk_rise   c     SE = 1
u_ctrl/ct_hold_div2_reg_94_ CLK     D       setup_clk_rise  c     SE = 1
u_ctrl/ct_hold_div2_reg_94_ CLK     SE      hold_clk_rise   c     SE = 1
u_ctrl/ct_hold_div2_reg_94_ CLK     SE      setup_clk_rise  c     SE = 1
u_ctrl/ct_hold_div2_reg_95_ CLK     D       hold_clk_rise   c     SE = 1
u_ctrl/ct_hold_div2_reg_95_ CLK     D       setup_clk_rise  c     SE = 1
u_ctrl/ct_hold_div2_reg_95_ CLK     SE      hold_clk_rise   c     SE = 1
u_ctrl/ct_hold_div2_reg_95_ CLK     SE      setup_clk_rise  c     SE = 1
u_ctrl/done_reg             CLK     D       hold_clk_rise   c     SE = 1
u_ctrl/done_reg             CLK     D       setup_clk_rise  c     SE = 1
u_ctrl/done_reg             CLK     SE      hold_clk_rise   c     SE = 1
u_ctrl/done_reg             CLK     SE      setup_clk_rise  c     SE = 1
u_ctrl/aes_start_reg        CLK     D       hold_clk_rise   c     SE = 1
u_ctrl/aes_start_reg        CLK     D       setup_clk_rise  c     SE = 1
u_ctrl/aes_start_reg        CLK     SE      hold_clk_rise   c     SE = 1
u_ctrl/aes_start_reg        CLK     SE      setup_clk_rise  c     SE = 1
u_ctrl/ct_hold_div2_reg_106_
                            CLK     D       hold_clk_rise   c     SE = 1
u_ctrl/ct_hold_div2_reg_106_
                            CLK     D       setup_clk_rise  c     SE = 1
u_ctrl/ct_hold_div2_reg_106_
                            CLK     SE      hold_clk_rise   c     SE = 1
u_ctrl/ct_hold_div2_reg_106_
                            CLK     SE      setup_clk_rise  c     SE = 1
u_ctrl/u_tx_divcnt_reg_13_  CLK     D       hold_clk_rise   c     SE = 1
u_ctrl/u_tx_divcnt_reg_13_  CLK     D       setup_clk_rise  c     SE = 1
u_ctrl/u_tx_divcnt_reg_13_  CLK     SE      hold_clk_rise   c     SE = 1
u_ctrl/u_tx_divcnt_reg_13_  CLK     SE      setup_clk_rise  c     SE = 1
u_ctrl/u_tx_divcnt_reg_14_  CLK     D       hold_clk_rise   c     SE = 1
u_ctrl/u_tx_divcnt_reg_14_  CLK     D       setup_clk_rise  c     SE = 1
u_ctrl/u_tx_divcnt_reg_14_  CLK     SE      hold_clk_rise   c     SE = 1
u_ctrl/u_tx_divcnt_reg_14_  CLK     SE      setup_clk_rise  c     SE = 1
u_ctrl/ct_hold_div2_reg_26_ CLK     D       hold_clk_rise   c     SE = 1
u_ctrl/ct_hold_div2_reg_26_ CLK     D       setup_clk_rise  c     SE = 1
u_ctrl/ct_hold_div2_reg_26_ CLK     SE      hold_clk_rise   c     SE = 1
u_ctrl/ct_hold_div2_reg_26_ CLK     SE      setup_clk_rise  c     SE = 1
u_ctrl/ct_hold_div2_reg_58_ CLK     D       hold_clk_rise   c     SE = 1
u_ctrl/ct_hold_div2_reg_58_ CLK     D       setup_clk_rise  c     SE = 1
u_ctrl/ct_hold_div2_reg_58_ CLK     SE      hold_clk_rise   c     SE = 1
u_ctrl/ct_hold_div2_reg_58_ CLK     SE      setup_clk_rise  c     SE = 1
u_ctrl/ct_hold_div2_reg_114_
                            CLK     D       hold_clk_rise   c     SE = 1
u_ctrl/ct_hold_div2_reg_114_
                            CLK     D       setup_clk_rise  c     SE = 1
u_ctrl/ct_hold_div2_reg_114_
                            CLK     SE      hold_clk_rise   c     SE = 1
u_ctrl/ct_hold_div2_reg_114_
                            CLK     SE      setup_clk_rise  c     SE = 1
u_ctrl/ct_hold_div2_reg_34_ CLK     D       hold_clk_rise   c     SE = 1
u_ctrl/ct_hold_div2_reg_34_ CLK     D       setup_clk_rise  c     SE = 1
u_ctrl/ct_hold_div2_reg_34_ CLK     SE      hold_clk_rise   c     SE = 1
u_ctrl/ct_hold_div2_reg_34_ CLK     SE      setup_clk_rise  c     SE = 1
u_ctrl/ct_hold_div2_reg_2_  CLK     D       hold_clk_rise   c     SE = 1
u_ctrl/ct_hold_div2_reg_2_  CLK     D       setup_clk_rise  c     SE = 1
u_ctrl/ct_hold_div2_reg_2_  CLK     SE      hold_clk_rise   c     SE = 1
u_ctrl/ct_hold_div2_reg_2_  CLK     SE      setup_clk_rise  c     SE = 1
u_ctrl/u_aes/rk0_q_reg_16_  CLK     D       hold_clk_rise   c     SE = 1
u_ctrl/u_aes/rk0_q_reg_16_  CLK     D       setup_clk_rise  c     SE = 1
u_ctrl/u_aes/rk0_q_reg_16_  CLK     SE      hold_clk_rise   c     SE = 1
u_ctrl/u_aes/rk0_q_reg_16_  CLK     SE      setup_clk_rise  c     SE = 1
u_ctrl/u_aes/temp_q_reg_56_ CLK     D       hold_clk_rise   c     SE = 1
u_ctrl/u_aes/temp_q_reg_56_ CLK     D       setup_clk_rise  c     SE = 1
u_ctrl/u_aes/temp_q_reg_56_ CLK     SE      hold_clk_rise   c     SE = 1
u_ctrl/u_aes/temp_q_reg_56_ CLK     SE      setup_clk_rise  c     SE = 1
u_ctrl/u_aes/temp_q_reg_57_ CLK     D       hold_clk_rise   c     SE = 1
u_ctrl/u_aes/temp_q_reg_57_ CLK     D       setup_clk_rise  c     SE = 1
u_ctrl/u_aes/temp_q_reg_57_ CLK     SE      hold_clk_rise   c     SE = 1
u_ctrl/u_aes/temp_q_reg_57_ CLK     SE      setup_clk_rise  c     SE = 1
u_ctrl/u_aes/temp_q_reg_65_ CLK     D       hold_clk_rise   c     SE = 1
u_ctrl/u_aes/temp_q_reg_65_ CLK     D       setup_clk_rise  c     SE = 1
u_ctrl/u_aes/temp_q_reg_65_ CLK     SE      hold_clk_rise   c     SE = 1
u_ctrl/u_aes/temp_q_reg_65_ CLK     SE      setup_clk_rise  c     SE = 1
u_ctrl/u_aes/temp_q_reg_66_ CLK     D       hold_clk_rise   c     SE = 1
u_ctrl/u_aes/temp_q_reg_66_ CLK     D       setup_clk_rise  c     SE = 1
u_ctrl/u_aes/temp_q_reg_66_ CLK     SE      hold_clk_rise   c     SE = 1
u_ctrl/u_aes/temp_q_reg_66_ CLK     SE      setup_clk_rise  c     SE = 1
u_ctrl/u_aes/temp_q_reg_67_ CLK     D       hold_clk_rise   c     SE = 1
u_ctrl/u_aes/temp_q_reg_67_ CLK     D       setup_clk_rise  c     SE = 1
u_ctrl/u_aes/temp_q_reg_67_ CLK     SE      hold_clk_rise   c     SE = 1
u_ctrl/u_aes/temp_q_reg_67_ CLK     SE      setup_clk_rise  c     SE = 1
u_ctrl/u_aes/temp_q_reg_69_ CLK     D       hold_clk_rise   c     SE = 1
u_ctrl/u_aes/temp_q_reg_69_ CLK     D       setup_clk_rise  c     SE = 1
u_ctrl/u_aes/temp_q_reg_69_ CLK     SE      hold_clk_rise   c     SE = 1
u_ctrl/u_aes/temp_q_reg_69_ CLK     SE      setup_clk_rise  c     SE = 1
u_ctrl/u_aes/temp_q_reg_70_ CLK     D       hold_clk_rise   c     SE = 1
u_ctrl/u_aes/temp_q_reg_70_ CLK     D       setup_clk_rise  c     SE = 1
u_ctrl/u_aes/temp_q_reg_70_ CLK     SE      hold_clk_rise   c     SE = 1
u_ctrl/u_aes/temp_q_reg_70_ CLK     SE      setup_clk_rise  c     SE = 1
u_ctrl/u_aes/temp_q_reg_71_ CLK     D       hold_clk_rise   c     SE = 1
u_ctrl/u_aes/temp_q_reg_71_ CLK     D       setup_clk_rise  c     SE = 1
u_ctrl/u_aes/temp_q_reg_71_ CLK     SE      hold_clk_rise   c     SE = 1
u_ctrl/u_aes/temp_q_reg_71_ CLK     SE      setup_clk_rise  c     SE = 1
u_ctrl/u_aes/next_rk2_q_reg_19_
                            CLK     D       hold_clk_rise   c     SE = 1
u_ctrl/u_aes/next_rk2_q_reg_19_
                            CLK     D       setup_clk_rise  c     SE = 1
u_ctrl/u_aes/next_rk2_q_reg_19_
                            CLK     SE      hold_clk_rise   c     SE = 1
u_ctrl/u_aes/next_rk2_q_reg_19_
                            CLK     SE      setup_clk_rise  c     SE = 1
u_ctrl/u_aes/temp_q_reg_96_ CLK     D       hold_clk_rise   c     SE = 1
u_ctrl/u_aes/temp_q_reg_96_ CLK     D       setup_clk_rise  c     SE = 1
u_ctrl/u_aes/temp_q_reg_96_ CLK     SE      hold_clk_rise   c     SE = 1
u_ctrl/u_aes/temp_q_reg_96_ CLK     SE      setup_clk_rise  c     SE = 1
u_ctrl/u_aes/temp_q_reg_0_  CLK     D       hold_clk_rise   c     SE = 1
u_ctrl/u_aes/temp_q_reg_0_  CLK     D       setup_clk_rise  c     SE = 1
u_ctrl/u_aes/temp_q_reg_0_  CLK     SE      hold_clk_rise   c     SE = 1
u_ctrl/u_aes/temp_q_reg_0_  CLK     SE      setup_clk_rise  c     SE = 1
u_ctrl/u_aes/temp_q_reg_1_  CLK     D       hold_clk_rise   c     SE = 1
u_ctrl/u_aes/temp_q_reg_1_  CLK     D       setup_clk_rise  c     SE = 1
u_ctrl/u_aes/temp_q_reg_1_  CLK     SE      hold_clk_rise   c     SE = 1
u_ctrl/u_aes/temp_q_reg_1_  CLK     SE      setup_clk_rise  c     SE = 1
u_ctrl/u_aes/temp_q_reg_2_  CLK     D       hold_clk_rise   c     SE = 1
u_ctrl/u_aes/temp_q_reg_2_  CLK     D       setup_clk_rise  c     SE = 1
u_ctrl/u_aes/temp_q_reg_2_  CLK     SE      hold_clk_rise   c     SE = 1
u_ctrl/u_aes/temp_q_reg_2_  CLK     SE      setup_clk_rise  c     SE = 1
u_ctrl/u_aes/temp_q_reg_3_  CLK     D       hold_clk_rise   c     SE = 1
u_ctrl/u_aes/temp_q_reg_3_  CLK     D       setup_clk_rise  c     SE = 1
u_ctrl/u_aes/temp_q_reg_3_  CLK     SE      hold_clk_rise   c     SE = 1
u_ctrl/u_aes/temp_q_reg_3_  CLK     SE      setup_clk_rise  c     SE = 1
u_ctrl/u_aes/temp_q_reg_4_  CLK     D       hold_clk_rise   c     SE = 1
u_ctrl/u_aes/temp_q_reg_4_  CLK     D       setup_clk_rise  c     SE = 1
u_ctrl/u_aes/temp_q_reg_4_  CLK     SE      hold_clk_rise   c     SE = 1
u_ctrl/u_aes/temp_q_reg_4_  CLK     SE      setup_clk_rise  c     SE = 1
u_ctrl/u_aes/temp_q_reg_5_  CLK     D       hold_clk_rise   c     SE = 1
u_ctrl/u_aes/temp_q_reg_5_  CLK     D       setup_clk_rise  c     SE = 1
u_ctrl/u_aes/temp_q_reg_5_  CLK     SE      hold_clk_rise   c     SE = 1
u_ctrl/u_aes/temp_q_reg_5_  CLK     SE      setup_clk_rise  c     SE = 1
u_ctrl/u_aes/temp_q_reg_6_  CLK     D       hold_clk_rise   c     SE = 1
u_ctrl/u_aes/temp_q_reg_6_  CLK     D       setup_clk_rise  c     SE = 1
u_ctrl/u_aes/temp_q_reg_6_  CLK     SE      hold_clk_rise   c     SE = 1
u_ctrl/u_aes/temp_q_reg_6_  CLK     SE      setup_clk_rise  c     SE = 1
u_ctrl/u_aes/next_rk1_q_reg_10_
                            CLK     D       hold_clk_rise   c     SE = 1
u_ctrl/u_aes/next_rk1_q_reg_10_
                            CLK     D       setup_clk_rise  c     SE = 1
u_ctrl/u_aes/next_rk1_q_reg_10_
                            CLK     SE      hold_clk_rise   c     SE = 1
u_ctrl/u_aes/next_rk1_q_reg_10_
                            CLK     SE      setup_clk_rise  c     SE = 1
u_ctrl/u_aes/temp_q_reg_7_  CLK     D       hold_clk_rise   c     SE = 1
u_ctrl/u_aes/temp_q_reg_7_  CLK     D       setup_clk_rise  c     SE = 1
u_ctrl/u_aes/temp_q_reg_7_  CLK     SE      hold_clk_rise   c     SE = 1
u_ctrl/u_aes/temp_q_reg_7_  CLK     SE      setup_clk_rise  c     SE = 1
u_ctrl/u_aes/next_rk1_q_reg_11_
                            CLK     D       hold_clk_rise   c     SE = 1
u_ctrl/u_aes/next_rk1_q_reg_11_
                            CLK     D       setup_clk_rise  c     SE = 1
u_ctrl/u_aes/next_rk1_q_reg_11_
                            CLK     SE      hold_clk_rise   c     SE = 1
u_ctrl/u_aes/next_rk1_q_reg_11_
                            CLK     SE      setup_clk_rise  c     SE = 1
u_ctrl/u_aes/temp_q_reg_8_  CLK     D       hold_clk_rise   c     SE = 1
u_ctrl/u_aes/temp_q_reg_8_  CLK     D       setup_clk_rise  c     SE = 1
u_ctrl/u_aes/temp_q_reg_8_  CLK     SE      hold_clk_rise   c     SE = 1
u_ctrl/u_aes/temp_q_reg_8_  CLK     SE      setup_clk_rise  c     SE = 1
u_ctrl/u_aes/next_rk2_q_reg_24_
                            CLK     D       hold_clk_rise   c     SE = 1
u_ctrl/u_aes/next_rk2_q_reg_24_
                            CLK     D       setup_clk_rise  c     SE = 1
u_ctrl/u_aes/next_rk2_q_reg_24_
                            CLK     SE      hold_clk_rise   c     SE = 1
u_ctrl/u_aes/next_rk2_q_reg_24_
                            CLK     SE      setup_clk_rise  c     SE = 1
u_ctrl/u_aes/next_rk1_q_reg_13_
                            CLK     D       hold_clk_rise   c     SE = 1
u_ctrl/u_aes/next_rk1_q_reg_13_
                            CLK     D       setup_clk_rise  c     SE = 1
u_ctrl/u_aes/next_rk1_q_reg_13_
                            CLK     SE      hold_clk_rise   c     SE = 1
u_ctrl/u_aes/next_rk1_q_reg_13_
                            CLK     SE      setup_clk_rise  c     SE = 1
u_ctrl/u_aes/next_rk1_q_reg_14_
                            CLK     D       hold_clk_rise   c     SE = 1
u_ctrl/u_aes/next_rk1_q_reg_14_
                            CLK     D       setup_clk_rise  c     SE = 1
u_ctrl/u_aes/next_rk1_q_reg_14_
                            CLK     SE      hold_clk_rise   c     SE = 1
u_ctrl/u_aes/next_rk1_q_reg_14_
                            CLK     SE      setup_clk_rise  c     SE = 1
u_ctrl/u_aes/next_rk1_q_reg_16_
                            CLK     D       hold_clk_rise   c     SE = 1
u_ctrl/u_aes/next_rk1_q_reg_16_
                            CLK     D       setup_clk_rise  c     SE = 1
u_ctrl/u_aes/next_rk1_q_reg_16_
                            CLK     SE      hold_clk_rise   c     SE = 1
u_ctrl/u_aes/next_rk1_q_reg_16_
                            CLK     SE      setup_clk_rise  c     SE = 1
u_ctrl/u_aes/next_rk1_q_reg_19_
                            CLK     D       hold_clk_rise   c     SE = 1
u_ctrl/u_aes/next_rk1_q_reg_19_
                            CLK     D       setup_clk_rise  c     SE = 1
u_ctrl/u_aes/next_rk1_q_reg_19_
                            CLK     SE      hold_clk_rise   c     SE = 1
u_ctrl/u_aes/next_rk1_q_reg_19_
                            CLK     SE      setup_clk_rise  c     SE = 1
u_ctrl/u_aes/next_rk3_q_reg_0_
                            CLK     D       hold_clk_rise   c     SE = 1
u_ctrl/u_aes/next_rk3_q_reg_0_
                            CLK     D       setup_clk_rise  c     SE = 1
u_ctrl/u_aes/next_rk3_q_reg_0_
                            CLK     SE      hold_clk_rise   c     SE = 1
u_ctrl/u_aes/next_rk3_q_reg_0_
                            CLK     SE      setup_clk_rise  c     SE = 1
u_ctrl/u_aes/next_rk3_q_reg_2_
                            CLK     D       hold_clk_rise   c     SE = 1
u_ctrl/u_aes/next_rk3_q_reg_2_
                            CLK     D       setup_clk_rise  c     SE = 1
u_ctrl/u_aes/next_rk3_q_reg_2_
                            CLK     SE      hold_clk_rise   c     SE = 1
u_ctrl/u_aes/next_rk3_q_reg_2_
                            CLK     SE      setup_clk_rise  c     SE = 1
u_ctrl/u_aes/next_rk3_q_reg_5_
                            CLK     D       hold_clk_rise   c     SE = 1
u_ctrl/u_aes/next_rk3_q_reg_5_
                            CLK     D       setup_clk_rise  c     SE = 1
u_ctrl/u_aes/next_rk3_q_reg_5_
                            CLK     SE      hold_clk_rise   c     SE = 1
u_ctrl/u_aes/next_rk3_q_reg_5_
                            CLK     SE      setup_clk_rise  c     SE = 1
u_ctrl/u_aes/next_rk3_q_reg_6_
                            CLK     D       hold_clk_rise   c     SE = 1
u_ctrl/u_aes/next_rk3_q_reg_6_
                            CLK     D       setup_clk_rise  c     SE = 1
u_ctrl/u_aes/next_rk3_q_reg_6_
                            CLK     SE      hold_clk_rise   c     SE = 1
u_ctrl/u_aes/next_rk3_q_reg_6_
                            CLK     SE      setup_clk_rise  c     SE = 1
u_ctrl/u_aes/next_rk1_q_reg_20_
                            CLK     D       hold_clk_rise   c     SE = 1
u_ctrl/u_aes/next_rk1_q_reg_20_
                            CLK     D       setup_clk_rise  c     SE = 1
u_ctrl/u_aes/next_rk1_q_reg_20_
                            CLK     SE      hold_clk_rise   c     SE = 1
u_ctrl/u_aes/next_rk1_q_reg_20_
                            CLK     SE      setup_clk_rise  c     SE = 1
u_ctrl/u_aes/temp_q_reg_103_
                            CLK     D       hold_clk_rise   c     SE = 1
u_ctrl/u_aes/temp_q_reg_103_
                            CLK     D       setup_clk_rise  c     SE = 1
u_ctrl/u_aes/temp_q_reg_103_
                            CLK     SE      hold_clk_rise   c     SE = 1
u_ctrl/u_aes/temp_q_reg_103_
                            CLK     SE      setup_clk_rise  c     SE = 1
u_ctrl/u_aes/next_rk3_q_reg_9_
                            CLK     D       hold_clk_rise   c     SE = 1
u_ctrl/u_aes/next_rk3_q_reg_9_
                            CLK     D       setup_clk_rise  c     SE = 1
u_ctrl/u_aes/next_rk3_q_reg_9_
                            CLK     SE      hold_clk_rise   c     SE = 1
u_ctrl/u_aes/next_rk3_q_reg_9_
                            CLK     SE      setup_clk_rise  c     SE = 1
u_ctrl/u_aes/next_rk1_q_reg_22_
                            CLK     D       hold_clk_rise   c     SE = 1
u_ctrl/u_aes/next_rk1_q_reg_22_
                            CLK     D       setup_clk_rise  c     SE = 1
u_ctrl/u_aes/next_rk1_q_reg_22_
                            CLK     SE      hold_clk_rise   c     SE = 1
u_ctrl/u_aes/next_rk1_q_reg_22_
                            CLK     SE      setup_clk_rise  c     SE = 1
u_ctrl/u_aes/next_rk1_q_reg_23_
                            CLK     D       hold_clk_rise   c     SE = 1
u_ctrl/u_aes/next_rk1_q_reg_23_
                            CLK     D       setup_clk_rise  c     SE = 1
u_ctrl/u_aes/next_rk1_q_reg_23_
                            CLK     SE      hold_clk_rise   c     SE = 1
u_ctrl/u_aes/next_rk1_q_reg_23_
                            CLK     SE      setup_clk_rise  c     SE = 1
u_ctrl/u_aes/next_rk1_q_reg_24_
                            CLK     D       hold_clk_rise   c     SE = 1
u_ctrl/u_aes/next_rk1_q_reg_24_
                            CLK     D       setup_clk_rise  c     SE = 1
u_ctrl/u_aes/next_rk1_q_reg_24_
                            CLK     SE      hold_clk_rise   c     SE = 1
u_ctrl/u_aes/next_rk1_q_reg_24_
                            CLK     SE      setup_clk_rise  c     SE = 1
u_ctrl/u_aes/next_rk1_q_reg_26_
                            CLK     D       hold_clk_rise   c     SE = 1
u_ctrl/u_aes/next_rk1_q_reg_26_
                            CLK     D       setup_clk_rise  c     SE = 1
u_ctrl/u_aes/next_rk1_q_reg_26_
                            CLK     SE      hold_clk_rise   c     SE = 1
u_ctrl/u_aes/next_rk1_q_reg_26_
                            CLK     SE      setup_clk_rise  c     SE = 1
u_ctrl/u_aes/next_rk1_q_reg_27_
                            CLK     D       hold_clk_rise   c     SE = 1
u_ctrl/u_aes/next_rk1_q_reg_27_
                            CLK     D       setup_clk_rise  c     SE = 1
u_ctrl/u_aes/next_rk1_q_reg_27_
                            CLK     SE      hold_clk_rise   c     SE = 1
u_ctrl/u_aes/next_rk1_q_reg_27_
                            CLK     SE      setup_clk_rise  c     SE = 1
u_ctrl/u_aes/next_rk1_q_reg_29_
                            CLK     D       hold_clk_rise   c     SE = 1
u_ctrl/u_aes/next_rk1_q_reg_29_
                            CLK     D       setup_clk_rise  c     SE = 1
u_ctrl/u_aes/next_rk1_q_reg_29_
                            CLK     SE      hold_clk_rise   c     SE = 1
u_ctrl/u_aes/next_rk1_q_reg_29_
                            CLK     SE      setup_clk_rise  c     SE = 1
u_ctrl/u_aes/done_reg       CLK     D       hold_clk_rise   c     SE = 1
u_ctrl/u_aes/done_reg       CLK     D       setup_clk_rise  c     SE = 1
u_ctrl/u_aes/done_reg       CLK     SE      hold_clk_rise   c     SE = 1
u_ctrl/u_aes/done_reg       CLK     SE      setup_clk_rise  c     SE = 1
u_ctrl/u_aes/rk0_q_reg_0_   CLK     D       hold_clk_rise   c     SE = 1
u_ctrl/u_aes/rk0_q_reg_0_   CLK     D       setup_clk_rise  c     SE = 1
u_ctrl/u_aes/rk0_q_reg_0_   CLK     SE      hold_clk_rise   c     SE = 1
u_ctrl/u_aes/rk0_q_reg_0_   CLK     SE      setup_clk_rise  c     SE = 1
u_ctrl/u_aes/rk0_q_reg_1_   CLK     D       hold_clk_rise   c     SE = 1
u_ctrl/u_aes/rk0_q_reg_1_   CLK     D       setup_clk_rise  c     SE = 1
u_ctrl/u_aes/rk0_q_reg_1_   CLK     SE      hold_clk_rise   c     SE = 1
u_ctrl/u_aes/rk0_q_reg_1_   CLK     SE      setup_clk_rise  c     SE = 1
u_ctrl/u_aes/rk0_q_reg_9_   CLK     D       hold_clk_rise   c     SE = 1
u_ctrl/u_aes/rk0_q_reg_9_   CLK     D       setup_clk_rise  c     SE = 1
u_ctrl/u_aes/rk0_q_reg_9_   CLK     SE      hold_clk_rise   c     SE = 1
u_ctrl/u_aes/rk0_q_reg_9_   CLK     SE      setup_clk_rise  c     SE = 1
u_ctrl/u_aes/next_rk1_q_reg_30_
                            CLK     D       hold_clk_rise   c     SE = 1
u_ctrl/u_aes/next_rk1_q_reg_30_
                            CLK     D       setup_clk_rise  c     SE = 1
u_ctrl/u_aes/next_rk1_q_reg_30_
                            CLK     SE      hold_clk_rise   c     SE = 1
u_ctrl/u_aes/next_rk1_q_reg_30_
                            CLK     SE      setup_clk_rise  c     SE = 1
u_ctrl/u_aes/next_rk1_q_reg_31_
                            CLK     D       hold_clk_rise   c     SE = 1
u_ctrl/u_aes/next_rk1_q_reg_31_
                            CLK     D       setup_clk_rise  c     SE = 1
u_ctrl/u_aes/next_rk1_q_reg_31_
                            CLK     SE      hold_clk_rise   c     SE = 1
u_ctrl/u_aes/next_rk1_q_reg_31_
                            CLK     SE      setup_clk_rise  c     SE = 1
u_ctrl/u_aes/temp_q_reg_10_ CLK     D       hold_clk_rise   c     SE = 1
u_ctrl/u_aes/temp_q_reg_10_ CLK     D       setup_clk_rise  c     SE = 1
u_ctrl/u_aes/temp_q_reg_10_ CLK     SE      hold_clk_rise   c     SE = 1
u_ctrl/u_aes/temp_q_reg_10_ CLK     SE      setup_clk_rise  c     SE = 1
u_ctrl/u_aes/temp_q_reg_11_ CLK     D       hold_clk_rise   c     SE = 1
u_ctrl/u_aes/temp_q_reg_11_ CLK     D       setup_clk_rise  c     SE = 1
u_ctrl/u_aes/temp_q_reg_11_ CLK     SE      hold_clk_rise   c     SE = 1
u_ctrl/u_aes/temp_q_reg_11_ CLK     SE      setup_clk_rise  c     SE = 1
u_ctrl/u_aes/temp_q_reg_15_ CLK     D       hold_clk_rise   c     SE = 1
u_ctrl/u_aes/temp_q_reg_15_ CLK     D       setup_clk_rise  c     SE = 1
u_ctrl/u_aes/temp_q_reg_15_ CLK     SE      hold_clk_rise   c     SE = 1
u_ctrl/u_aes/temp_q_reg_15_ CLK     SE      setup_clk_rise  c     SE = 1
u_ctrl/u_aes/next_rk2_q_reg_1_
                            CLK     D       hold_clk_rise   c     SE = 1
u_ctrl/u_aes/next_rk2_q_reg_1_
                            CLK     D       setup_clk_rise  c     SE = 1
u_ctrl/u_aes/next_rk2_q_reg_1_
                            CLK     SE      hold_clk_rise   c     SE = 1
u_ctrl/u_aes/next_rk2_q_reg_1_
                            CLK     SE      setup_clk_rise  c     SE = 1
u_ctrl/u_aes/next_rk2_q_reg_3_
                            CLK     D       hold_clk_rise   c     SE = 1
u_ctrl/u_aes/next_rk2_q_reg_3_
                            CLK     D       setup_clk_rise  c     SE = 1
u_ctrl/u_aes/next_rk2_q_reg_3_
                            CLK     SE      hold_clk_rise   c     SE = 1
u_ctrl/u_aes/next_rk2_q_reg_3_
                            CLK     SE      setup_clk_rise  c     SE = 1
u_ctrl/u_aes/temp_q_reg_19_ CLK     D       hold_clk_rise   c     SE = 1
u_ctrl/u_aes/temp_q_reg_19_ CLK     D       setup_clk_rise  c     SE = 1
u_ctrl/u_aes/temp_q_reg_19_ CLK     SE      hold_clk_rise   c     SE = 1
u_ctrl/u_aes/temp_q_reg_19_ CLK     SE      setup_clk_rise  c     SE = 1
u_ctrl/u_aes/next_rk2_q_reg_5_
                            CLK     D       hold_clk_rise   c     SE = 1
u_ctrl/u_aes/next_rk2_q_reg_5_
                            CLK     D       setup_clk_rise  c     SE = 1
u_ctrl/u_aes/next_rk2_q_reg_5_
                            CLK     SE      hold_clk_rise   c     SE = 1
u_ctrl/u_aes/next_rk2_q_reg_5_
                            CLK     SE      setup_clk_rise  c     SE = 1
u_ctrl/u_aes/next_rk3_q_reg_12_
                            CLK     D       hold_clk_rise   c     SE = 1
u_ctrl/u_aes/next_rk3_q_reg_12_
                            CLK     D       setup_clk_rise  c     SE = 1
u_ctrl/u_aes/next_rk3_q_reg_12_
                            CLK     SE      hold_clk_rise   c     SE = 1
u_ctrl/u_aes/next_rk3_q_reg_12_
                            CLK     SE      setup_clk_rise  c     SE = 1
u_ctrl/u_aes/next_rk3_q_reg_13_
                            CLK     D       hold_clk_rise   c     SE = 1
u_ctrl/u_aes/next_rk3_q_reg_13_
                            CLK     D       setup_clk_rise  c     SE = 1
u_ctrl/u_aes/next_rk3_q_reg_13_
                            CLK     SE      hold_clk_rise   c     SE = 1
u_ctrl/u_aes/next_rk3_q_reg_13_
                            CLK     SE      setup_clk_rise  c     SE = 1
u_ctrl/u_aes/next_rk3_q_reg_14_
                            CLK     D       hold_clk_rise   c     SE = 1
u_ctrl/u_aes/next_rk3_q_reg_14_
                            CLK     D       setup_clk_rise  c     SE = 1
u_ctrl/u_aes/next_rk3_q_reg_14_
                            CLK     SE      hold_clk_rise   c     SE = 1
u_ctrl/u_aes/next_rk3_q_reg_14_
                            CLK     SE      setup_clk_rise  c     SE = 1
u_ctrl/u_aes/next_rk3_q_reg_18_
                            CLK     D       hold_clk_rise   c     SE = 1
u_ctrl/u_aes/next_rk3_q_reg_18_
                            CLK     D       setup_clk_rise  c     SE = 1
u_ctrl/u_aes/next_rk3_q_reg_18_
                            CLK     SE      hold_clk_rise   c     SE = 1
u_ctrl/u_aes/next_rk3_q_reg_18_
                            CLK     SE      setup_clk_rise  c     SE = 1
u_ctrl/u_aes/next_rk3_q_reg_19_
                            CLK     D       hold_clk_rise   c     SE = 1
u_ctrl/u_aes/next_rk3_q_reg_19_
                            CLK     D       setup_clk_rise  c     SE = 1
u_ctrl/u_aes/next_rk3_q_reg_19_
                            CLK     SE      hold_clk_rise   c     SE = 1
u_ctrl/u_aes/next_rk3_q_reg_19_
                            CLK     SE      setup_clk_rise  c     SE = 1
u_ctrl/u_aes/temp_q_reg_123_
                            CLK     D       hold_clk_rise   c     SE = 1
u_ctrl/u_aes/temp_q_reg_123_
                            CLK     D       setup_clk_rise  c     SE = 1
u_ctrl/u_aes/temp_q_reg_123_
                            CLK     SE      hold_clk_rise   c     SE = 1
u_ctrl/u_aes/temp_q_reg_123_
                            CLK     SE      setup_clk_rise  c     SE = 1
u_ctrl/u_aes/temp_q_reg_126_
                            CLK     D       hold_clk_rise   c     SE = 1
u_ctrl/u_aes/temp_q_reg_126_
                            CLK     D       setup_clk_rise  c     SE = 1
u_ctrl/u_aes/temp_q_reg_126_
                            CLK     SE      hold_clk_rise   c     SE = 1
u_ctrl/u_aes/temp_q_reg_126_
                            CLK     SE      setup_clk_rise  c     SE = 1
u_ctrl/u_aes/temp_q_reg_27_ CLK     D       hold_clk_rise   c     SE = 1
u_ctrl/u_aes/temp_q_reg_27_ CLK     D       setup_clk_rise  c     SE = 1
u_ctrl/u_aes/temp_q_reg_27_ CLK     SE      hold_clk_rise   c     SE = 1
u_ctrl/u_aes/temp_q_reg_27_ CLK     SE      setup_clk_rise  c     SE = 1
u_ctrl/u_aes/next_rk3_q_reg_20_
                            CLK     D       hold_clk_rise   c     SE = 1
u_ctrl/u_aes/next_rk3_q_reg_20_
                            CLK     D       setup_clk_rise  c     SE = 1
u_ctrl/u_aes/next_rk3_q_reg_20_
                            CLK     SE      hold_clk_rise   c     SE = 1
u_ctrl/u_aes/next_rk3_q_reg_20_
                            CLK     SE      setup_clk_rise  c     SE = 1
u_ctrl/u_aes/next_rk3_q_reg_21_
                            CLK     D       hold_clk_rise   c     SE = 1
u_ctrl/u_aes/next_rk3_q_reg_21_
                            CLK     D       setup_clk_rise  c     SE = 1
u_ctrl/u_aes/next_rk3_q_reg_21_
                            CLK     SE      hold_clk_rise   c     SE = 1
u_ctrl/u_aes/next_rk3_q_reg_21_
                            CLK     SE      setup_clk_rise  c     SE = 1
u_ctrl/u_aes/next_rk1_q_reg_0_
                            CLK     D       hold_clk_rise   c     SE = 1
u_ctrl/u_aes/next_rk1_q_reg_0_
                            CLK     D       setup_clk_rise  c     SE = 1
u_ctrl/u_aes/next_rk1_q_reg_0_
                            CLK     SE      hold_clk_rise   c     SE = 1
u_ctrl/u_aes/next_rk1_q_reg_0_
                            CLK     SE      setup_clk_rise  c     SE = 1
u_ctrl/u_aes/next_rk3_q_reg_22_
                            CLK     D       hold_clk_rise   c     SE = 1
u_ctrl/u_aes/next_rk3_q_reg_22_
                            CLK     D       setup_clk_rise  c     SE = 1
u_ctrl/u_aes/next_rk3_q_reg_22_
                            CLK     SE      hold_clk_rise   c     SE = 1
u_ctrl/u_aes/next_rk3_q_reg_22_
                            CLK     SE      setup_clk_rise  c     SE = 1
u_ctrl/u_aes/next_rk1_q_reg_1_
                            CLK     D       hold_clk_rise   c     SE = 1
u_ctrl/u_aes/next_rk1_q_reg_1_
                            CLK     D       setup_clk_rise  c     SE = 1
u_ctrl/u_aes/next_rk1_q_reg_1_
                            CLK     SE      hold_clk_rise   c     SE = 1
u_ctrl/u_aes/next_rk1_q_reg_1_
                            CLK     SE      setup_clk_rise  c     SE = 1
u_ctrl/u_aes/next_rk3_q_reg_23_
                            CLK     D       hold_clk_rise   c     SE = 1
u_ctrl/u_aes/next_rk3_q_reg_23_
                            CLK     D       setup_clk_rise  c     SE = 1
u_ctrl/u_aes/next_rk3_q_reg_23_
                            CLK     SE      hold_clk_rise   c     SE = 1
u_ctrl/u_aes/next_rk3_q_reg_23_
                            CLK     SE      setup_clk_rise  c     SE = 1
u_ctrl/u_aes/next_rk1_q_reg_2_
                            CLK     D       hold_clk_rise   c     SE = 1
u_ctrl/u_aes/next_rk1_q_reg_2_
                            CLK     D       setup_clk_rise  c     SE = 1
u_ctrl/u_aes/next_rk1_q_reg_2_
                            CLK     SE      hold_clk_rise   c     SE = 1
u_ctrl/u_aes/next_rk1_q_reg_2_
                            CLK     SE      setup_clk_rise  c     SE = 1
u_ctrl/u_aes/next_rk3_q_reg_26_
                            CLK     D       hold_clk_rise   c     SE = 1
u_ctrl/u_aes/next_rk3_q_reg_26_
                            CLK     D       setup_clk_rise  c     SE = 1
u_ctrl/u_aes/next_rk3_q_reg_26_
                            CLK     SE      hold_clk_rise   c     SE = 1
u_ctrl/u_aes/next_rk3_q_reg_26_
                            CLK     SE      setup_clk_rise  c     SE = 1
u_ctrl/u_aes/next_rk1_q_reg_5_
                            CLK     D       hold_clk_rise   c     SE = 1
u_ctrl/u_aes/next_rk1_q_reg_5_
                            CLK     D       setup_clk_rise  c     SE = 1
u_ctrl/u_aes/next_rk1_q_reg_5_
                            CLK     SE      hold_clk_rise   c     SE = 1
u_ctrl/u_aes/next_rk1_q_reg_5_
                            CLK     SE      setup_clk_rise  c     SE = 1
u_ctrl/u_aes/next_rk3_q_reg_27_
                            CLK     D       hold_clk_rise   c     SE = 1
u_ctrl/u_aes/next_rk3_q_reg_27_
                            CLK     D       setup_clk_rise  c     SE = 1
u_ctrl/u_aes/next_rk3_q_reg_27_
                            CLK     SE      hold_clk_rise   c     SE = 1
u_ctrl/u_aes/next_rk3_q_reg_27_
                            CLK     SE      setup_clk_rise  c     SE = 1
u_ctrl/u_aes/next_rk1_q_reg_6_
                            CLK     D       hold_clk_rise   c     SE = 1
u_ctrl/u_aes/next_rk1_q_reg_6_
                            CLK     D       setup_clk_rise  c     SE = 1
u_ctrl/u_aes/next_rk1_q_reg_6_
                            CLK     SE      hold_clk_rise   c     SE = 1
u_ctrl/u_aes/next_rk1_q_reg_6_
                            CLK     SE      setup_clk_rise  c     SE = 1
u_ctrl/u_aes/next_rk1_q_reg_7_
                            CLK     D       hold_clk_rise   c     SE = 1
u_ctrl/u_aes/next_rk1_q_reg_7_
                            CLK     D       setup_clk_rise  c     SE = 1
u_ctrl/u_aes/next_rk1_q_reg_7_
                            CLK     SE      hold_clk_rise   c     SE = 1
u_ctrl/u_aes/next_rk1_q_reg_7_
                            CLK     SE      setup_clk_rise  c     SE = 1
u_ctrl/u_aes/next_rk3_q_reg_29_
                            CLK     D       hold_clk_rise   c     SE = 1
u_ctrl/u_aes/next_rk3_q_reg_29_
                            CLK     D       setup_clk_rise  c     SE = 1
u_ctrl/u_aes/next_rk3_q_reg_29_
                            CLK     SE      hold_clk_rise   c     SE = 1
u_ctrl/u_aes/next_rk3_q_reg_29_
                            CLK     SE      setup_clk_rise  c     SE = 1
u_ctrl/u_aes/next_rk1_q_reg_8_
                            CLK     D       hold_clk_rise   c     SE = 1
u_ctrl/u_aes/next_rk1_q_reg_8_
                            CLK     D       setup_clk_rise  c     SE = 1
u_ctrl/u_aes/next_rk1_q_reg_8_
                            CLK     SE      hold_clk_rise   c     SE = 1
u_ctrl/u_aes/next_rk1_q_reg_8_
                            CLK     SE      setup_clk_rise  c     SE = 1
u_ctrl/u_aes/temp_q_reg_30_ CLK     D       hold_clk_rise   c     SE = 1
u_ctrl/u_aes/temp_q_reg_30_ CLK     D       setup_clk_rise  c     SE = 1
u_ctrl/u_aes/temp_q_reg_30_ CLK     SE      hold_clk_rise   c     SE = 1
u_ctrl/u_aes/temp_q_reg_30_ CLK     SE      setup_clk_rise  c     SE = 1
u_ctrl/u_aes/temp_q_reg_31_ CLK     D       hold_clk_rise   c     SE = 1
u_ctrl/u_aes/temp_q_reg_31_ CLK     D       setup_clk_rise  c     SE = 1
u_ctrl/u_aes/temp_q_reg_31_ CLK     SE      hold_clk_rise   c     SE = 1
u_ctrl/u_aes/temp_q_reg_31_ CLK     SE      setup_clk_rise  c     SE = 1
u_ctrl/u_aes/temp_q_reg_33_ CLK     D       hold_clk_rise   c     SE = 1
u_ctrl/u_aes/temp_q_reg_33_ CLK     D       setup_clk_rise  c     SE = 1
u_ctrl/u_aes/temp_q_reg_33_ CLK     SE      hold_clk_rise   c     SE = 1
u_ctrl/u_aes/temp_q_reg_33_ CLK     SE      setup_clk_rise  c     SE = 1
u_ctrl/u_aes/temp_q_reg_35_ CLK     D       hold_clk_rise   c     SE = 1
u_ctrl/u_aes/temp_q_reg_35_ CLK     D       setup_clk_rise  c     SE = 1
u_ctrl/u_aes/temp_q_reg_35_ CLK     SE      hold_clk_rise   c     SE = 1
u_ctrl/u_aes/temp_q_reg_35_ CLK     SE      setup_clk_rise  c     SE = 1
u_ctrl/u_aes/temp_q_reg_36_ CLK     D       hold_clk_rise   c     SE = 1
u_ctrl/u_aes/temp_q_reg_36_ CLK     D       setup_clk_rise  c     SE = 1
u_ctrl/u_aes/temp_q_reg_36_ CLK     SE      hold_clk_rise   c     SE = 1
u_ctrl/u_aes/temp_q_reg_36_ CLK     SE      setup_clk_rise  c     SE = 1
u_ctrl/u_aes/temp_q_reg_38_ CLK     D       hold_clk_rise   c     SE = 1
u_ctrl/u_aes/temp_q_reg_38_ CLK     D       setup_clk_rise  c     SE = 1
u_ctrl/u_aes/temp_q_reg_38_ CLK     SE      hold_clk_rise   c     SE = 1
u_ctrl/u_aes/temp_q_reg_38_ CLK     SE      setup_clk_rise  c     SE = 1
u_ctrl/u_aes/next_rk3_q_reg_30_
                            CLK     D       hold_clk_rise   c     SE = 1
u_ctrl/u_aes/next_rk3_q_reg_30_
                            CLK     D       setup_clk_rise  c     SE = 1
u_ctrl/u_aes/next_rk3_q_reg_30_
                            CLK     SE      hold_clk_rise   c     SE = 1
u_ctrl/u_aes/next_rk3_q_reg_30_
                            CLK     SE      setup_clk_rise  c     SE = 1
u_ctrl/u_aes/next_rk3_q_reg_31_
                            CLK     D       hold_clk_rise   c     SE = 1
u_ctrl/u_aes/next_rk3_q_reg_31_
                            CLK     D       setup_clk_rise  c     SE = 1
u_ctrl/u_aes/next_rk3_q_reg_31_
                            CLK     SE      hold_clk_rise   c     SE = 1
u_ctrl/u_aes/next_rk3_q_reg_31_
                            CLK     SE      setup_clk_rise  c     SE = 1
u_ctrl/ct_hold_div2_reg_10_ CLK     D       hold_clk_rise   c     SE = 1
u_ctrl/ct_hold_div2_reg_10_ CLK     D       setup_clk_rise  c     SE = 1
u_ctrl/ct_hold_div2_reg_10_ CLK     SE      hold_clk_rise   c     SE = 1
u_ctrl/ct_hold_div2_reg_10_ CLK     SE      setup_clk_rise  c     SE = 1
u_ctrl/ct_hold_div2_reg_90_ CLK     D       hold_clk_rise   c     SE = 1
u_ctrl/ct_hold_div2_reg_90_ CLK     D       setup_clk_rise  c     SE = 1
u_ctrl/ct_hold_div2_reg_90_ CLK     SE      hold_clk_rise   c     SE = 1
u_ctrl/ct_hold_div2_reg_90_ CLK     SE      setup_clk_rise  c     SE = 1
u_ctrl/u_rx_divcnt_reg_13_  CLK     D       hold_clk_rise   c     SE = 1
u_ctrl/u_rx_divcnt_reg_13_  CLK     D       setup_clk_rise  c     SE = 1
u_ctrl/u_rx_divcnt_reg_13_  CLK     SE      hold_clk_rise   c     SE = 1
u_ctrl/u_rx_divcnt_reg_13_  CLK     SE      setup_clk_rise  c     SE = 1
u_ctrl/ct_hold_div2_reg_42_ CLK     D       hold_clk_rise   c     SE = 1
u_ctrl/ct_hold_div2_reg_42_ CLK     D       setup_clk_rise  c     SE = 1
u_ctrl/ct_hold_div2_reg_42_ CLK     SE      hold_clk_rise   c     SE = 1
u_ctrl/ct_hold_div2_reg_42_ CLK     SE      setup_clk_rise  c     SE = 1
u_ctrl/u_tx_divcnt_reg_15_  CLK     D       hold_clk_rise   c     SE = 1
u_ctrl/u_tx_divcnt_reg_15_  CLK     D       setup_clk_rise  c     SE = 1
u_ctrl/u_tx_divcnt_reg_15_  CLK     SE      hold_clk_rise   c     SE = 1
u_ctrl/u_tx_divcnt_reg_15_  CLK     SE      setup_clk_rise  c     SE = 1
u_ctrl/u_tx_divcnt_reg_16_  CLK     D       hold_clk_rise   c     SE = 1
u_ctrl/u_tx_divcnt_reg_16_  CLK     D       setup_clk_rise  c     SE = 1
u_ctrl/u_tx_divcnt_reg_16_  CLK     SE      hold_clk_rise   c     SE = 1
u_ctrl/u_tx_divcnt_reg_16_  CLK     SE      setup_clk_rise  c     SE = 1
u_ctrl/u_aes/ct_q_reg_97_   CLK     D       hold_clk_rise   c     SE = 1
u_ctrl/u_aes/ct_q_reg_97_   CLK     D       setup_clk_rise  c     SE = 1
u_ctrl/u_aes/ct_q_reg_97_   CLK     SE      hold_clk_rise   c     SE = 1
u_ctrl/u_aes/ct_q_reg_97_   CLK     SE      setup_clk_rise  c     SE = 1
u_ctrl/u_aes/ct_q_reg_104_  CLK     D       hold_clk_rise   c     SE = 1
u_ctrl/u_aes/ct_q_reg_104_  CLK     D       setup_clk_rise  c     SE = 1
u_ctrl/u_aes/ct_q_reg_104_  CLK     SE      hold_clk_rise   c     SE = 1
u_ctrl/u_aes/ct_q_reg_104_  CLK     SE      setup_clk_rise  c     SE = 1
u_ctrl/u_aes/rk0_q_reg_15_  CLK     D       hold_clk_rise   c     SE = 1
u_ctrl/u_aes/rk0_q_reg_15_  CLK     D       setup_clk_rise  c     SE = 1
u_ctrl/u_aes/rk0_q_reg_15_  CLK     SE      hold_clk_rise   c     SE = 1
u_ctrl/u_aes/rk0_q_reg_15_  CLK     SE      setup_clk_rise  c     SE = 1
u_ctrl/u_aes/rk0_q_reg_17_  CLK     D       hold_clk_rise   c     SE = 1
u_ctrl/u_aes/rk0_q_reg_17_  CLK     D       setup_clk_rise  c     SE = 1
u_ctrl/u_aes/rk0_q_reg_17_  CLK     SE      hold_clk_rise   c     SE = 1
u_ctrl/u_aes/rk0_q_reg_17_  CLK     SE      setup_clk_rise  c     SE = 1
u_ctrl/u_aes/temp_q_reg_58_ CLK     D       hold_clk_rise   c     SE = 1
u_ctrl/u_aes/temp_q_reg_58_ CLK     D       setup_clk_rise  c     SE = 1
u_ctrl/u_aes/temp_q_reg_58_ CLK     SE      hold_clk_rise   c     SE = 1
u_ctrl/u_aes/temp_q_reg_58_ CLK     SE      setup_clk_rise  c     SE = 1
u_ctrl/u_aes/temp_q_reg_59_ CLK     D       hold_clk_rise   c     SE = 1
u_ctrl/u_aes/temp_q_reg_59_ CLK     D       setup_clk_rise  c     SE = 1
u_ctrl/u_aes/temp_q_reg_59_ CLK     SE      hold_clk_rise   c     SE = 1
u_ctrl/u_aes/temp_q_reg_59_ CLK     SE      setup_clk_rise  c     SE = 1
u_ctrl/u_aes/rk0_q_reg_21_  CLK     D       hold_clk_rise   c     SE = 1
u_ctrl/u_aes/rk0_q_reg_21_  CLK     D       setup_clk_rise  c     SE = 1
u_ctrl/u_aes/rk0_q_reg_21_  CLK     SE      hold_clk_rise   c     SE = 1
u_ctrl/u_aes/rk0_q_reg_21_  CLK     SE      setup_clk_rise  c     SE = 1
u_ctrl/u_aes/rk0_q_reg_22_  CLK     D       hold_clk_rise   c     SE = 1
u_ctrl/u_aes/rk0_q_reg_22_  CLK     D       setup_clk_rise  c     SE = 1
u_ctrl/u_aes/rk0_q_reg_22_  CLK     SE      hold_clk_rise   c     SE = 1
u_ctrl/u_aes/rk0_q_reg_22_  CLK     SE      setup_clk_rise  c     SE = 1
u_ctrl/u_aes/rk0_q_reg_23_  CLK     D       hold_clk_rise   c     SE = 1
u_ctrl/u_aes/rk0_q_reg_23_  CLK     D       setup_clk_rise  c     SE = 1
u_ctrl/u_aes/rk0_q_reg_23_  CLK     SE      hold_clk_rise   c     SE = 1
u_ctrl/u_aes/rk0_q_reg_23_  CLK     SE      setup_clk_rise  c     SE = 1
u_ctrl/u_aes/temp_q_reg_60_ CLK     D       hold_clk_rise   c     SE = 1
u_ctrl/u_aes/temp_q_reg_60_ CLK     D       setup_clk_rise  c     SE = 1
u_ctrl/u_aes/temp_q_reg_60_ CLK     SE      hold_clk_rise   c     SE = 1
u_ctrl/u_aes/temp_q_reg_60_ CLK     SE      setup_clk_rise  c     SE = 1
u_ctrl/u_aes/temp_q_reg_61_ CLK     D       hold_clk_rise   c     SE = 1
u_ctrl/u_aes/temp_q_reg_61_ CLK     D       setup_clk_rise  c     SE = 1
u_ctrl/u_aes/temp_q_reg_61_ CLK     SE      hold_clk_rise   c     SE = 1
u_ctrl/u_aes/temp_q_reg_61_ CLK     SE      setup_clk_rise  c     SE = 1
u_ctrl/u_aes/temp_q_reg_62_ CLK     D       hold_clk_rise   c     SE = 1
u_ctrl/u_aes/temp_q_reg_62_ CLK     D       setup_clk_rise  c     SE = 1
u_ctrl/u_aes/temp_q_reg_62_ CLK     SE      hold_clk_rise   c     SE = 1
u_ctrl/u_aes/temp_q_reg_62_ CLK     SE      setup_clk_rise  c     SE = 1
u_ctrl/u_aes/temp_q_reg_63_ CLK     D       hold_clk_rise   c     SE = 1
u_ctrl/u_aes/temp_q_reg_63_ CLK     D       setup_clk_rise  c     SE = 1
u_ctrl/u_aes/temp_q_reg_63_ CLK     SE      hold_clk_rise   c     SE = 1
u_ctrl/u_aes/temp_q_reg_63_ CLK     SE      setup_clk_rise  c     SE = 1
u_ctrl/u_aes/temp_q_reg_64_ CLK     D       hold_clk_rise   c     SE = 1
u_ctrl/u_aes/temp_q_reg_64_ CLK     D       setup_clk_rise  c     SE = 1
u_ctrl/u_aes/temp_q_reg_64_ CLK     SE      hold_clk_rise   c     SE = 1
u_ctrl/u_aes/temp_q_reg_64_ CLK     SE      setup_clk_rise  c     SE = 1
u_ctrl/u_aes/temp_q_reg_68_ CLK     D       hold_clk_rise   c     SE = 1
u_ctrl/u_aes/temp_q_reg_68_ CLK     D       setup_clk_rise  c     SE = 1
u_ctrl/u_aes/temp_q_reg_68_ CLK     SE      hold_clk_rise   c     SE = 1
u_ctrl/u_aes/temp_q_reg_68_ CLK     SE      setup_clk_rise  c     SE = 1
u_ctrl/u_aes/rk3_q_reg_10_  CLK     D       hold_clk_rise   c     SE = 1
u_ctrl/u_aes/rk3_q_reg_10_  CLK     D       setup_clk_rise  c     SE = 1
u_ctrl/u_aes/rk3_q_reg_10_  CLK     SE      hold_clk_rise   c     SE = 1
u_ctrl/u_aes/rk3_q_reg_10_  CLK     SE      setup_clk_rise  c     SE = 1
u_ctrl/u_aes/rk3_q_reg_16_  CLK     D       hold_clk_rise   c     SE = 1
u_ctrl/u_aes/rk3_q_reg_16_  CLK     D       setup_clk_rise  c     SE = 1
u_ctrl/u_aes/rk3_q_reg_16_  CLK     SE      hold_clk_rise   c     SE = 1
u_ctrl/u_aes/rk3_q_reg_16_  CLK     SE      setup_clk_rise  c     SE = 1
u_ctrl/u_aes/rk3_q_reg_18_  CLK     D       hold_clk_rise   c     SE = 1
u_ctrl/u_aes/rk3_q_reg_18_  CLK     D       setup_clk_rise  c     SE = 1
u_ctrl/u_aes/rk3_q_reg_18_  CLK     SE      hold_clk_rise   c     SE = 1
u_ctrl/u_aes/rk3_q_reg_18_  CLK     SE      setup_clk_rise  c     SE = 1
u_ctrl/u_aes/rk3_q_reg_19_  CLK     D       hold_clk_rise   c     SE = 1
u_ctrl/u_aes/rk3_q_reg_19_  CLK     D       setup_clk_rise  c     SE = 1
u_ctrl/u_aes/rk3_q_reg_19_  CLK     SE      hold_clk_rise   c     SE = 1
u_ctrl/u_aes/rk3_q_reg_19_  CLK     SE      setup_clk_rise  c     SE = 1
u_ctrl/u_aes/rk3_q_reg_1_   CLK     D       hold_clk_rise   c     SE = 1
u_ctrl/u_aes/rk3_q_reg_1_   CLK     D       setup_clk_rise  c     SE = 1
u_ctrl/u_aes/rk3_q_reg_1_   CLK     SE      hold_clk_rise   c     SE = 1
u_ctrl/u_aes/rk3_q_reg_1_   CLK     SE      setup_clk_rise  c     SE = 1
u_ctrl/u_aes/rk3_q_reg_2_   CLK     D       hold_clk_rise   c     SE = 1
u_ctrl/u_aes/rk3_q_reg_2_   CLK     D       setup_clk_rise  c     SE = 1
u_ctrl/u_aes/rk3_q_reg_2_   CLK     SE      hold_clk_rise   c     SE = 1
u_ctrl/u_aes/rk3_q_reg_2_   CLK     SE      setup_clk_rise  c     SE = 1
u_ctrl/u_aes/rk3_q_reg_3_   CLK     D       hold_clk_rise   c     SE = 1
u_ctrl/u_aes/rk3_q_reg_3_   CLK     D       setup_clk_rise  c     SE = 1
u_ctrl/u_aes/rk3_q_reg_3_   CLK     SE      hold_clk_rise   c     SE = 1
u_ctrl/u_aes/rk3_q_reg_3_   CLK     SE      setup_clk_rise  c     SE = 1
u_ctrl/u_aes/ct_q_reg_120_  CLK     D       hold_clk_rise   c     SE = 1
u_ctrl/u_aes/ct_q_reg_120_  CLK     D       setup_clk_rise  c     SE = 1
u_ctrl/u_aes/ct_q_reg_120_  CLK     SE      hold_clk_rise   c     SE = 1
u_ctrl/u_aes/ct_q_reg_120_  CLK     SE      setup_clk_rise  c     SE = 1
u_ctrl/u_aes/rk3_q_reg_9_   CLK     D       hold_clk_rise   c     SE = 1
u_ctrl/u_aes/rk3_q_reg_9_   CLK     D       setup_clk_rise  c     SE = 1
u_ctrl/u_aes/rk3_q_reg_9_   CLK     SE      hold_clk_rise   c     SE = 1
u_ctrl/u_aes/rk3_q_reg_9_   CLK     SE      setup_clk_rise  c     SE = 1
u_ctrl/u_aes/ct_q_reg_14_   CLK     D       hold_clk_rise   c     SE = 1
u_ctrl/u_aes/ct_q_reg_14_   CLK     D       setup_clk_rise  c     SE = 1
u_ctrl/u_aes/ct_q_reg_14_   CLK     SE      hold_clk_rise   c     SE = 1
u_ctrl/u_aes/ct_q_reg_14_   CLK     SE      setup_clk_rise  c     SE = 1
u_ctrl/u_aes/rk3_q_reg_22_  CLK     D       hold_clk_rise   c     SE = 1
u_ctrl/u_aes/rk3_q_reg_22_  CLK     D       setup_clk_rise  c     SE = 1
u_ctrl/u_aes/rk3_q_reg_22_  CLK     SE      hold_clk_rise   c     SE = 1
u_ctrl/u_aes/rk3_q_reg_22_  CLK     SE      setup_clk_rise  c     SE = 1
u_ctrl/u_aes/ct_q_reg_16_   CLK     D       hold_clk_rise   c     SE = 1
u_ctrl/u_aes/ct_q_reg_16_   CLK     D       setup_clk_rise  c     SE = 1
u_ctrl/u_aes/ct_q_reg_16_   CLK     SE      hold_clk_rise   c     SE = 1
u_ctrl/u_aes/ct_q_reg_16_   CLK     SE      setup_clk_rise  c     SE = 1
u_ctrl/u_aes/rk3_q_reg_23_  CLK     D       hold_clk_rise   c     SE = 1
u_ctrl/u_aes/rk3_q_reg_23_  CLK     D       setup_clk_rise  c     SE = 1
u_ctrl/u_aes/rk3_q_reg_23_  CLK     SE      hold_clk_rise   c     SE = 1
u_ctrl/u_aes/rk3_q_reg_23_  CLK     SE      setup_clk_rise  c     SE = 1
u_ctrl/u_aes/rk3_q_reg_25_  CLK     D       hold_clk_rise   c     SE = 1
u_ctrl/u_aes/rk3_q_reg_25_  CLK     D       setup_clk_rise  c     SE = 1
u_ctrl/u_aes/rk3_q_reg_25_  CLK     SE      hold_clk_rise   c     SE = 1
u_ctrl/u_aes/rk3_q_reg_25_  CLK     SE      setup_clk_rise  c     SE = 1
u_ctrl/u_aes/rk3_q_reg_26_  CLK     D       hold_clk_rise   c     SE = 1
u_ctrl/u_aes/rk3_q_reg_26_  CLK     D       setup_clk_rise  c     SE = 1
u_ctrl/u_aes/rk3_q_reg_26_  CLK     SE      hold_clk_rise   c     SE = 1
u_ctrl/u_aes/rk3_q_reg_26_  CLK     SE      setup_clk_rise  c     SE = 1
u_ctrl/u_aes/rk3_q_reg_27_  CLK     D       hold_clk_rise   c     SE = 1
u_ctrl/u_aes/rk3_q_reg_27_  CLK     D       setup_clk_rise  c     SE = 1
u_ctrl/u_aes/rk3_q_reg_27_  CLK     SE      hold_clk_rise   c     SE = 1
u_ctrl/u_aes/rk3_q_reg_27_  CLK     SE      setup_clk_rise  c     SE = 1
u_ctrl/u_aes/rk3_q_reg_30_  CLK     D       hold_clk_rise   c     SE = 1
u_ctrl/u_aes/rk3_q_reg_30_  CLK     D       setup_clk_rise  c     SE = 1
u_ctrl/u_aes/rk3_q_reg_30_  CLK     SE      hold_clk_rise   c     SE = 1
u_ctrl/u_aes/rk3_q_reg_30_  CLK     SE      setup_clk_rise  c     SE = 1
u_ctrl/u_aes/rk3_q_reg_31_  CLK     D       hold_clk_rise   c     SE = 1
u_ctrl/u_aes/rk3_q_reg_31_  CLK     D       setup_clk_rise  c     SE = 1
u_ctrl/u_aes/rk3_q_reg_31_  CLK     SE      hold_clk_rise   c     SE = 1
u_ctrl/u_aes/rk3_q_reg_31_  CLK     SE      setup_clk_rise  c     SE = 1
u_ctrl/u_aes/idx_reg_1_     CLK     D       hold_clk_rise   c     SE = 1
u_ctrl/u_aes/idx_reg_1_     CLK     D       setup_clk_rise  c     SE = 1
u_ctrl/u_aes/idx_reg_1_     CLK     SE      hold_clk_rise   c     SE = 1
u_ctrl/u_aes/idx_reg_1_     CLK     SE      setup_clk_rise  c     SE = 1
u_ctrl/u_aes/idx_reg_2_     CLK     D       hold_clk_rise   c     SE = 1
u_ctrl/u_aes/idx_reg_2_     CLK     D       setup_clk_rise  c     SE = 1
u_ctrl/u_aes/idx_reg_2_     CLK     SE      hold_clk_rise   c     SE = 1
u_ctrl/u_aes/idx_reg_2_     CLK     SE      setup_clk_rise  c     SE = 1
u_ctrl/u_aes/ct_q_reg_31_   CLK     D       hold_clk_rise   c     SE = 1
u_ctrl/u_aes/ct_q_reg_31_   CLK     D       setup_clk_rise  c     SE = 1
u_ctrl/u_aes/ct_q_reg_31_   CLK     SE      hold_clk_rise   c     SE = 1
u_ctrl/u_aes/ct_q_reg_31_   CLK     SE      setup_clk_rise  c     SE = 1
u_ctrl/u_aes/temp_q_reg_97_ CLK     D       hold_clk_rise   c     SE = 1
u_ctrl/u_aes/temp_q_reg_97_ CLK     D       setup_clk_rise  c     SE = 1
u_ctrl/u_aes/temp_q_reg_97_ CLK     SE      hold_clk_rise   c     SE = 1
u_ctrl/u_aes/temp_q_reg_97_ CLK     SE      setup_clk_rise  c     SE = 1
u_ctrl/u_aes/temp_q_reg_98_ CLK     D       hold_clk_rise   c     SE = 1
u_ctrl/u_aes/temp_q_reg_98_ CLK     D       setup_clk_rise  c     SE = 1
u_ctrl/u_aes/temp_q_reg_98_ CLK     SE      hold_clk_rise   c     SE = 1
u_ctrl/u_aes/temp_q_reg_98_ CLK     SE      setup_clk_rise  c     SE = 1
u_ctrl/u_aes/temp_q_reg_99_ CLK     D       hold_clk_rise   c     SE = 1
u_ctrl/u_aes/temp_q_reg_99_ CLK     D       setup_clk_rise  c     SE = 1
u_ctrl/u_aes/temp_q_reg_99_ CLK     SE      hold_clk_rise   c     SE = 1
u_ctrl/u_aes/temp_q_reg_99_ CLK     SE      setup_clk_rise  c     SE = 1
u_ctrl/u_aes/temp_q_reg_9_  CLK     D       hold_clk_rise   c     SE = 1
u_ctrl/u_aes/temp_q_reg_9_  CLK     D       setup_clk_rise  c     SE = 1
u_ctrl/u_aes/temp_q_reg_9_  CLK     SE      hold_clk_rise   c     SE = 1
u_ctrl/u_aes/temp_q_reg_9_  CLK     SE      setup_clk_rise  c     SE = 1
u_ctrl/u_aes/next_rk1_q_reg_17_
                            CLK     D       hold_clk_rise   c     SE = 1
u_ctrl/u_aes/next_rk1_q_reg_17_
                            CLK     D       setup_clk_rise  c     SE = 1
u_ctrl/u_aes/next_rk1_q_reg_17_
                            CLK     SE      hold_clk_rise   c     SE = 1
u_ctrl/u_aes/next_rk1_q_reg_17_
                            CLK     SE      setup_clk_rise  c     SE = 1
u_ctrl/u_aes/phase_reg_2_   CLK     D       hold_clk_rise   c     SE = 1
u_ctrl/u_aes/phase_reg_2_   CLK     D       setup_clk_rise  c     SE = 1
u_ctrl/u_aes/phase_reg_2_   CLK     SE      hold_clk_rise   c     SE = 1
u_ctrl/u_aes/phase_reg_2_   CLK     SE      setup_clk_rise  c     SE = 1
u_ctrl/u_aes/next_rk3_q_reg_3_
                            CLK     D       hold_clk_rise   c     SE = 1
u_ctrl/u_aes/next_rk3_q_reg_3_
                            CLK     D       setup_clk_rise  c     SE = 1
u_ctrl/u_aes/next_rk3_q_reg_3_
                            CLK     SE      hold_clk_rise   c     SE = 1
u_ctrl/u_aes/next_rk3_q_reg_3_
                            CLK     SE      setup_clk_rise  c     SE = 1
u_ctrl/u_aes/next_rk3_q_reg_4_
                            CLK     D       hold_clk_rise   c     SE = 1
u_ctrl/u_aes/next_rk3_q_reg_4_
                            CLK     D       setup_clk_rise  c     SE = 1
u_ctrl/u_aes/next_rk3_q_reg_4_
                            CLK     SE      hold_clk_rise   c     SE = 1
u_ctrl/u_aes/next_rk3_q_reg_4_
                            CLK     SE      setup_clk_rise  c     SE = 1
u_ctrl/u_aes/temp_q_reg_100_
                            CLK     D       hold_clk_rise   c     SE = 1
u_ctrl/u_aes/temp_q_reg_100_
                            CLK     D       setup_clk_rise  c     SE = 1
u_ctrl/u_aes/temp_q_reg_100_
                            CLK     SE      hold_clk_rise   c     SE = 1
u_ctrl/u_aes/temp_q_reg_100_
                            CLK     SE      setup_clk_rise  c     SE = 1
u_ctrl/u_aes/temp_q_reg_101_
                            CLK     D       hold_clk_rise   c     SE = 1
u_ctrl/u_aes/temp_q_reg_101_
                            CLK     D       setup_clk_rise  c     SE = 1
u_ctrl/u_aes/temp_q_reg_101_
                            CLK     SE      hold_clk_rise   c     SE = 1
u_ctrl/u_aes/temp_q_reg_101_
                            CLK     SE      setup_clk_rise  c     SE = 1
u_ctrl/u_aes/temp_q_reg_104_
                            CLK     D       hold_clk_rise   c     SE = 1
u_ctrl/u_aes/temp_q_reg_104_
                            CLK     D       setup_clk_rise  c     SE = 1
u_ctrl/u_aes/temp_q_reg_104_
                            CLK     SE      hold_clk_rise   c     SE = 1
u_ctrl/u_aes/temp_q_reg_104_
                            CLK     SE      setup_clk_rise  c     SE = 1
u_ctrl/u_aes/temp_q_reg_105_
                            CLK     D       hold_clk_rise   c     SE = 1
u_ctrl/u_aes/temp_q_reg_105_
                            CLK     D       setup_clk_rise  c     SE = 1
u_ctrl/u_aes/temp_q_reg_105_
                            CLK     SE      hold_clk_rise   c     SE = 1
u_ctrl/u_aes/temp_q_reg_105_
                            CLK     SE      setup_clk_rise  c     SE = 1
u_ctrl/u_aes/temp_q_reg_106_
                            CLK     D       hold_clk_rise   c     SE = 1
u_ctrl/u_aes/temp_q_reg_106_
                            CLK     D       setup_clk_rise  c     SE = 1
u_ctrl/u_aes/temp_q_reg_106_
                            CLK     SE      hold_clk_rise   c     SE = 1
u_ctrl/u_aes/temp_q_reg_106_
                            CLK     SE      setup_clk_rise  c     SE = 1
u_ctrl/u_aes/temp_q_reg_107_
                            CLK     D       hold_clk_rise   c     SE = 1
u_ctrl/u_aes/temp_q_reg_107_
                            CLK     D       setup_clk_rise  c     SE = 1
u_ctrl/u_aes/temp_q_reg_107_
                            CLK     SE      hold_clk_rise   c     SE = 1
u_ctrl/u_aes/temp_q_reg_107_
                            CLK     SE      setup_clk_rise  c     SE = 1
u_ctrl/u_aes/temp_q_reg_108_
                            CLK     D       hold_clk_rise   c     SE = 1
u_ctrl/u_aes/temp_q_reg_108_
                            CLK     D       setup_clk_rise  c     SE = 1
u_ctrl/u_aes/temp_q_reg_108_
                            CLK     SE      hold_clk_rise   c     SE = 1
u_ctrl/u_aes/temp_q_reg_108_
                            CLK     SE      setup_clk_rise  c     SE = 1
u_ctrl/u_aes/temp_q_reg_109_
                            CLK     D       hold_clk_rise   c     SE = 1
u_ctrl/u_aes/temp_q_reg_109_
                            CLK     D       setup_clk_rise  c     SE = 1
u_ctrl/u_aes/temp_q_reg_109_
                            CLK     SE      hold_clk_rise   c     SE = 1
u_ctrl/u_aes/temp_q_reg_109_
                            CLK     SE      setup_clk_rise  c     SE = 1
u_ctrl/u_aes/ct_q_reg_5_    CLK     D       hold_clk_rise   c     SE = 1
u_ctrl/u_aes/ct_q_reg_5_    CLK     D       setup_clk_rise  c     SE = 1
u_ctrl/u_aes/ct_q_reg_5_    CLK     SE      hold_clk_rise   c     SE = 1
u_ctrl/u_aes/ct_q_reg_5_    CLK     SE      setup_clk_rise  c     SE = 1
u_ctrl/u_aes/ct_q_reg_7_    CLK     D       hold_clk_rise   c     SE = 1
u_ctrl/u_aes/ct_q_reg_7_    CLK     D       setup_clk_rise  c     SE = 1
u_ctrl/u_aes/ct_q_reg_7_    CLK     SE      hold_clk_rise   c     SE = 1
u_ctrl/u_aes/ct_q_reg_7_    CLK     SE      setup_clk_rise  c     SE = 1
u_ctrl/u_aes/temp_q_reg_110_
                            CLK     D       hold_clk_rise   c     SE = 1
u_ctrl/u_aes/temp_q_reg_110_
                            CLK     D       setup_clk_rise  c     SE = 1
u_ctrl/u_aes/temp_q_reg_110_
                            CLK     SE      hold_clk_rise   c     SE = 1
u_ctrl/u_aes/temp_q_reg_110_
                            CLK     SE      setup_clk_rise  c     SE = 1
u_ctrl/u_aes/temp_q_reg_111_
                            CLK     D       hold_clk_rise   c     SE = 1
u_ctrl/u_aes/temp_q_reg_111_
                            CLK     D       setup_clk_rise  c     SE = 1
u_ctrl/u_aes/temp_q_reg_111_
                            CLK     SE      hold_clk_rise   c     SE = 1
u_ctrl/u_aes/temp_q_reg_111_
                            CLK     SE      setup_clk_rise  c     SE = 1
u_ctrl/u_aes/temp_q_reg_12_ CLK     D       hold_clk_rise   c     SE = 1
u_ctrl/u_aes/temp_q_reg_12_ CLK     D       setup_clk_rise  c     SE = 1
u_ctrl/u_aes/temp_q_reg_12_ CLK     SE      hold_clk_rise   c     SE = 1
u_ctrl/u_aes/temp_q_reg_12_ CLK     SE      setup_clk_rise  c     SE = 1
u_ctrl/u_aes/temp_q_reg_13_ CLK     D       hold_clk_rise   c     SE = 1
u_ctrl/u_aes/temp_q_reg_13_ CLK     D       setup_clk_rise  c     SE = 1
u_ctrl/u_aes/temp_q_reg_13_ CLK     SE      hold_clk_rise   c     SE = 1
u_ctrl/u_aes/temp_q_reg_13_ CLK     SE      setup_clk_rise  c     SE = 1
u_ctrl/u_aes/temp_q_reg_14_ CLK     D       hold_clk_rise   c     SE = 1
u_ctrl/u_aes/temp_q_reg_14_ CLK     D       setup_clk_rise  c     SE = 1
u_ctrl/u_aes/temp_q_reg_14_ CLK     SE      hold_clk_rise   c     SE = 1
u_ctrl/u_aes/temp_q_reg_14_ CLK     SE      setup_clk_rise  c     SE = 1
u_ctrl/u_aes/temp_q_reg_16_ CLK     D       hold_clk_rise   c     SE = 1
u_ctrl/u_aes/temp_q_reg_16_ CLK     D       setup_clk_rise  c     SE = 1
u_ctrl/u_aes/temp_q_reg_16_ CLK     SE      hold_clk_rise   c     SE = 1
u_ctrl/u_aes/temp_q_reg_16_ CLK     SE      setup_clk_rise  c     SE = 1
u_ctrl/u_aes/next_rk3_q_reg_10_
                            CLK     D       hold_clk_rise   c     SE = 1
u_ctrl/u_aes/next_rk3_q_reg_10_
                            CLK     D       setup_clk_rise  c     SE = 1
u_ctrl/u_aes/next_rk3_q_reg_10_
                            CLK     SE      hold_clk_rise   c     SE = 1
u_ctrl/u_aes/next_rk3_q_reg_10_
                            CLK     SE      setup_clk_rise  c     SE = 1
u_ctrl/u_aes/next_rk3_q_reg_11_
                            CLK     D       hold_clk_rise   c     SE = 1
u_ctrl/u_aes/next_rk3_q_reg_11_
                            CLK     D       setup_clk_rise  c     SE = 1
u_ctrl/u_aes/next_rk3_q_reg_11_
                            CLK     SE      hold_clk_rise   c     SE = 1
u_ctrl/u_aes/next_rk3_q_reg_11_
                            CLK     SE      setup_clk_rise  c     SE = 1
u_ctrl/u_aes/next_rk3_q_reg_15_
                            CLK     D       hold_clk_rise   c     SE = 1
u_ctrl/u_aes/next_rk3_q_reg_15_
                            CLK     D       setup_clk_rise  c     SE = 1
u_ctrl/u_aes/next_rk3_q_reg_15_
                            CLK     SE      hold_clk_rise   c     SE = 1
u_ctrl/u_aes/next_rk3_q_reg_15_
                            CLK     SE      setup_clk_rise  c     SE = 1
u_ctrl/u_aes/next_rk3_q_reg_16_
                            CLK     D       hold_clk_rise   c     SE = 1
u_ctrl/u_aes/next_rk3_q_reg_16_
                            CLK     D       setup_clk_rise  c     SE = 1
u_ctrl/u_aes/next_rk3_q_reg_16_
                            CLK     SE      hold_clk_rise   c     SE = 1
u_ctrl/u_aes/next_rk3_q_reg_16_
                            CLK     SE      setup_clk_rise  c     SE = 1
u_ctrl/u_aes/next_rk3_q_reg_17_
                            CLK     D       hold_clk_rise   c     SE = 1
u_ctrl/u_aes/next_rk3_q_reg_17_
                            CLK     D       setup_clk_rise  c     SE = 1
u_ctrl/u_aes/next_rk3_q_reg_17_
                            CLK     SE      hold_clk_rise   c     SE = 1
u_ctrl/u_aes/next_rk3_q_reg_17_
                            CLK     SE      setup_clk_rise  c     SE = 1
u_ctrl/u_aes/temp_q_reg_22_ CLK     D       hold_clk_rise   c     SE = 1
u_ctrl/u_aes/temp_q_reg_22_ CLK     D       setup_clk_rise  c     SE = 1
u_ctrl/u_aes/temp_q_reg_22_ CLK     SE      hold_clk_rise   c     SE = 1
u_ctrl/u_aes/temp_q_reg_22_ CLK     SE      setup_clk_rise  c     SE = 1
u_ctrl/u_aes/temp_q_reg_28_ CLK     D       hold_clk_rise   c     SE = 1
u_ctrl/u_aes/temp_q_reg_28_ CLK     D       setup_clk_rise  c     SE = 1
u_ctrl/u_aes/temp_q_reg_28_ CLK     SE      hold_clk_rise   c     SE = 1
u_ctrl/u_aes/temp_q_reg_28_ CLK     SE      setup_clk_rise  c     SE = 1
u_ctrl/u_aes/next_rk1_q_reg_4_
                            CLK     D       hold_clk_rise   c     SE = 1
u_ctrl/u_aes/next_rk1_q_reg_4_
                            CLK     D       setup_clk_rise  c     SE = 1
u_ctrl/u_aes/next_rk1_q_reg_4_
                            CLK     SE      hold_clk_rise   c     SE = 1
u_ctrl/u_aes/next_rk1_q_reg_4_
                            CLK     SE      setup_clk_rise  c     SE = 1
u_ctrl/u_aes/ct_q_reg_73_   CLK     D       hold_clk_rise   c     SE = 1
u_ctrl/u_aes/ct_q_reg_73_   CLK     D       setup_clk_rise  c     SE = 1
u_ctrl/u_aes/ct_q_reg_73_   CLK     SE      hold_clk_rise   c     SE = 1
u_ctrl/u_aes/ct_q_reg_73_   CLK     SE      setup_clk_rise  c     SE = 1
u_ctrl/u_aes/ct_q_reg_77_   CLK     D       hold_clk_rise   c     SE = 1
u_ctrl/u_aes/ct_q_reg_77_   CLK     D       setup_clk_rise  c     SE = 1
u_ctrl/u_aes/ct_q_reg_77_   CLK     SE      hold_clk_rise   c     SE = 1
u_ctrl/u_aes/ct_q_reg_77_   CLK     SE      setup_clk_rise  c     SE = 1
u_ctrl/u_aes/temp_q_reg_32_ CLK     D       hold_clk_rise   c     SE = 1
u_ctrl/u_aes/temp_q_reg_32_ CLK     D       setup_clk_rise  c     SE = 1
u_ctrl/u_aes/temp_q_reg_32_ CLK     SE      hold_clk_rise   c     SE = 1
u_ctrl/u_aes/temp_q_reg_32_ CLK     SE      setup_clk_rise  c     SE = 1
u_ctrl/u_aes/temp_q_reg_34_ CLK     D       hold_clk_rise   c     SE = 1
u_ctrl/u_aes/temp_q_reg_34_ CLK     D       setup_clk_rise  c     SE = 1
u_ctrl/u_aes/temp_q_reg_34_ CLK     SE      hold_clk_rise   c     SE = 1
u_ctrl/u_aes/temp_q_reg_34_ CLK     SE      setup_clk_rise  c     SE = 1
u_ctrl/u_aes/temp_q_reg_37_ CLK     D       hold_clk_rise   c     SE = 1
u_ctrl/u_aes/temp_q_reg_37_ CLK     D       setup_clk_rise  c     SE = 1
u_ctrl/u_aes/temp_q_reg_37_ CLK     SE      hold_clk_rise   c     SE = 1
u_ctrl/u_aes/temp_q_reg_37_ CLK     SE      setup_clk_rise  c     SE = 1
u_ctrl/u_aes/temp_q_reg_39_ CLK     D       hold_clk_rise   c     SE = 1
u_ctrl/u_aes/temp_q_reg_39_ CLK     D       setup_clk_rise  c     SE = 1
u_ctrl/u_aes/temp_q_reg_39_ CLK     SE      hold_clk_rise   c     SE = 1
u_ctrl/u_aes/temp_q_reg_39_ CLK     SE      setup_clk_rise  c     SE = 1
u_ctrl/u_aes/ct_q_reg_82_   CLK     D       hold_clk_rise   c     SE = 1
u_ctrl/u_aes/ct_q_reg_82_   CLK     D       setup_clk_rise  c     SE = 1
u_ctrl/u_aes/ct_q_reg_82_   CLK     SE      hold_clk_rise   c     SE = 1
u_ctrl/u_aes/ct_q_reg_82_   CLK     SE      setup_clk_rise  c     SE = 1
u_ctrl/u_aes/temp_q_reg_40_ CLK     D       hold_clk_rise   c     SE = 1
u_ctrl/u_aes/temp_q_reg_40_ CLK     D       setup_clk_rise  c     SE = 1
u_ctrl/u_aes/temp_q_reg_40_ CLK     SE      hold_clk_rise   c     SE = 1
u_ctrl/u_aes/temp_q_reg_40_ CLK     SE      setup_clk_rise  c     SE = 1
u_ctrl/u_aes/temp_q_reg_46_ CLK     D       hold_clk_rise   c     SE = 1
u_ctrl/u_aes/temp_q_reg_46_ CLK     D       setup_clk_rise  c     SE = 1
u_ctrl/u_aes/temp_q_reg_46_ CLK     SE      hold_clk_rise   c     SE = 1
u_ctrl/u_aes/temp_q_reg_46_ CLK     SE      setup_clk_rise  c     SE = 1
u_ctrl/u_rx_divcnt_reg_14_  CLK     D       hold_clk_rise   c     SE = 1
u_ctrl/u_rx_divcnt_reg_14_  CLK     D       setup_clk_rise  c     SE = 1
u_ctrl/u_rx_divcnt_reg_14_  CLK     SE      hold_clk_rise   c     SE = 1
u_ctrl/u_rx_divcnt_reg_14_  CLK     SE      setup_clk_rise  c     SE = 1
u_ctrl/u_tx_divcnt_reg_17_  CLK     D       hold_clk_rise   c     SE = 1
u_ctrl/u_tx_divcnt_reg_17_  CLK     D       setup_clk_rise  c     SE = 1
u_ctrl/u_tx_divcnt_reg_17_  CLK     SE      hold_clk_rise   c     SE = 1
u_ctrl/u_tx_divcnt_reg_17_  CLK     SE      setup_clk_rise  c     SE = 1
u_ctrl/u_tx_divcnt_reg_18_  CLK     D       hold_clk_rise   c     SE = 1
u_ctrl/u_tx_divcnt_reg_18_  CLK     D       setup_clk_rise  c     SE = 1
u_ctrl/u_tx_divcnt_reg_18_  CLK     SE      hold_clk_rise   c     SE = 1
u_ctrl/u_tx_divcnt_reg_18_  CLK     SE      setup_clk_rise  c     SE = 1
u_ctrl/u_aes/temp_q_reg_47_ CLK     D       hold_clk_rise   c     SE = 1
u_ctrl/u_aes/temp_q_reg_47_ CLK     D       setup_clk_rise  c     SE = 1
u_ctrl/u_aes/temp_q_reg_47_ CLK     SE      hold_clk_rise   c     SE = 1
u_ctrl/u_aes/temp_q_reg_47_ CLK     SE      setup_clk_rise  c     SE = 1
u_ctrl/u_aes/temp_q_reg_48_ CLK     D       hold_clk_rise   c     SE = 1
u_ctrl/u_aes/temp_q_reg_48_ CLK     D       setup_clk_rise  c     SE = 1
u_ctrl/u_aes/temp_q_reg_48_ CLK     SE      hold_clk_rise   c     SE = 1
u_ctrl/u_aes/temp_q_reg_48_ CLK     SE      setup_clk_rise  c     SE = 1
u_ctrl/u_aes/temp_q_reg_49_ CLK     D       hold_clk_rise   c     SE = 1
u_ctrl/u_aes/temp_q_reg_49_ CLK     D       setup_clk_rise  c     SE = 1
u_ctrl/u_aes/temp_q_reg_49_ CLK     SE      hold_clk_rise   c     SE = 1
u_ctrl/u_aes/temp_q_reg_49_ CLK     SE      setup_clk_rise  c     SE = 1
u_ctrl/u_aes/ct_q_reg_90_   CLK     D       hold_clk_rise   c     SE = 1
u_ctrl/u_aes/ct_q_reg_90_   CLK     D       setup_clk_rise  c     SE = 1
u_ctrl/u_aes/ct_q_reg_90_   CLK     SE      hold_clk_rise   c     SE = 1
u_ctrl/u_aes/ct_q_reg_90_   CLK     SE      setup_clk_rise  c     SE = 1
u_ctrl/u_aes/ct_q_reg_91_   CLK     D       hold_clk_rise   c     SE = 1
u_ctrl/u_aes/ct_q_reg_91_   CLK     D       setup_clk_rise  c     SE = 1
u_ctrl/u_aes/ct_q_reg_91_   CLK     SE      hold_clk_rise   c     SE = 1
u_ctrl/u_aes/ct_q_reg_91_   CLK     SE      setup_clk_rise  c     SE = 1
u_ctrl/u_aes/ct_q_reg_92_   CLK     D       hold_clk_rise   c     SE = 1
u_ctrl/u_aes/ct_q_reg_92_   CLK     D       setup_clk_rise  c     SE = 1
u_ctrl/u_aes/ct_q_reg_92_   CLK     SE      hold_clk_rise   c     SE = 1
u_ctrl/u_aes/ct_q_reg_92_   CLK     SE      setup_clk_rise  c     SE = 1
u_ctrl/u_aes/ct_q_reg_93_   CLK     D       hold_clk_rise   c     SE = 1
u_ctrl/u_aes/ct_q_reg_93_   CLK     D       setup_clk_rise  c     SE = 1
u_ctrl/u_aes/ct_q_reg_93_   CLK     SE      hold_clk_rise   c     SE = 1
u_ctrl/u_aes/ct_q_reg_93_   CLK     SE      setup_clk_rise  c     SE = 1
u_ctrl/u_aes/ct_q_reg_100_  CLK     D       hold_clk_rise   c     SE = 1
u_ctrl/u_aes/ct_q_reg_100_  CLK     D       setup_clk_rise  c     SE = 1
u_ctrl/u_aes/ct_q_reg_100_  CLK     SE      hold_clk_rise   c     SE = 1
u_ctrl/u_aes/ct_q_reg_100_  CLK     SE      setup_clk_rise  c     SE = 1
u_ctrl/u_aes/ct_q_reg_94_   CLK     D       hold_clk_rise   c     SE = 1
u_ctrl/u_aes/ct_q_reg_94_   CLK     D       setup_clk_rise  c     SE = 1
u_ctrl/u_aes/ct_q_reg_94_   CLK     SE      hold_clk_rise   c     SE = 1
u_ctrl/u_aes/ct_q_reg_94_   CLK     SE      setup_clk_rise  c     SE = 1
u_ctrl/u_aes/rk0_q_reg_10_  CLK     D       hold_clk_rise   c     SE = 1
u_ctrl/u_aes/rk0_q_reg_10_  CLK     D       setup_clk_rise  c     SE = 1
u_ctrl/u_aes/rk0_q_reg_10_  CLK     SE      hold_clk_rise   c     SE = 1
u_ctrl/u_aes/rk0_q_reg_10_  CLK     SE      setup_clk_rise  c     SE = 1
u_ctrl/u_aes/ct_q_reg_95_   CLK     D       hold_clk_rise   c     SE = 1
u_ctrl/u_aes/ct_q_reg_95_   CLK     D       setup_clk_rise  c     SE = 1
u_ctrl/u_aes/ct_q_reg_95_   CLK     SE      hold_clk_rise   c     SE = 1
u_ctrl/u_aes/ct_q_reg_95_   CLK     SE      setup_clk_rise  c     SE = 1
u_ctrl/u_aes/rk0_q_reg_11_  CLK     D       hold_clk_rise   c     SE = 1
u_ctrl/u_aes/rk0_q_reg_11_  CLK     D       setup_clk_rise  c     SE = 1
u_ctrl/u_aes/rk0_q_reg_11_  CLK     SE      hold_clk_rise   c     SE = 1
u_ctrl/u_aes/rk0_q_reg_11_  CLK     SE      setup_clk_rise  c     SE = 1
u_ctrl/u_aes/ct_q_reg_96_   CLK     D       hold_clk_rise   c     SE = 1
u_ctrl/u_aes/ct_q_reg_96_   CLK     D       setup_clk_rise  c     SE = 1
u_ctrl/u_aes/ct_q_reg_96_   CLK     SE      hold_clk_rise   c     SE = 1
u_ctrl/u_aes/ct_q_reg_96_   CLK     SE      setup_clk_rise  c     SE = 1
u_ctrl/u_aes/rk0_q_reg_12_  CLK     D       hold_clk_rise   c     SE = 1
u_ctrl/u_aes/rk0_q_reg_12_  CLK     D       setup_clk_rise  c     SE = 1
u_ctrl/u_aes/rk0_q_reg_12_  CLK     SE      hold_clk_rise   c     SE = 1
u_ctrl/u_aes/rk0_q_reg_12_  CLK     SE      setup_clk_rise  c     SE = 1
u_ctrl/u_aes/ct_q_reg_103_  CLK     D       hold_clk_rise   c     SE = 1
u_ctrl/u_aes/ct_q_reg_103_  CLK     D       setup_clk_rise  c     SE = 1
u_ctrl/u_aes/ct_q_reg_103_  CLK     SE      hold_clk_rise   c     SE = 1
u_ctrl/u_aes/ct_q_reg_103_  CLK     SE      setup_clk_rise  c     SE = 1
u_ctrl/u_aes/rk0_q_reg_13_  CLK     D       hold_clk_rise   c     SE = 1
u_ctrl/u_aes/rk0_q_reg_13_  CLK     D       setup_clk_rise  c     SE = 1
u_ctrl/u_aes/rk0_q_reg_13_  CLK     SE      hold_clk_rise   c     SE = 1
u_ctrl/u_aes/rk0_q_reg_13_  CLK     SE      setup_clk_rise  c     SE = 1
u_ctrl/u_aes/rk0_q_reg_14_  CLK     D       hold_clk_rise   c     SE = 1
u_ctrl/u_aes/rk0_q_reg_14_  CLK     D       setup_clk_rise  c     SE = 1
u_ctrl/u_aes/rk0_q_reg_14_  CLK     SE      hold_clk_rise   c     SE = 1
u_ctrl/u_aes/rk0_q_reg_14_  CLK     SE      setup_clk_rise  c     SE = 1
u_ctrl/u_aes/ct_q_reg_105_  CLK     D       hold_clk_rise   c     SE = 1
u_ctrl/u_aes/ct_q_reg_105_  CLK     D       setup_clk_rise  c     SE = 1
u_ctrl/u_aes/ct_q_reg_105_  CLK     SE      hold_clk_rise   c     SE = 1
u_ctrl/u_aes/ct_q_reg_105_  CLK     SE      setup_clk_rise  c     SE = 1
u_ctrl/u_aes/ct_q_reg_99_   CLK     D       hold_clk_rise   c     SE = 1
u_ctrl/u_aes/ct_q_reg_99_   CLK     D       setup_clk_rise  c     SE = 1
u_ctrl/u_aes/ct_q_reg_99_   CLK     SE      hold_clk_rise   c     SE = 1
u_ctrl/u_aes/ct_q_reg_99_   CLK     SE      setup_clk_rise  c     SE = 1
u_ctrl/u_aes/ct_q_reg_106_  CLK     D       hold_clk_rise   c     SE = 1
u_ctrl/u_aes/ct_q_reg_106_  CLK     D       setup_clk_rise  c     SE = 1
u_ctrl/u_aes/ct_q_reg_106_  CLK     SE      hold_clk_rise   c     SE = 1
u_ctrl/u_aes/ct_q_reg_106_  CLK     SE      setup_clk_rise  c     SE = 1
u_ctrl/u_aes/temp_q_reg_50_ CLK     D       hold_clk_rise   c     SE = 1
u_ctrl/u_aes/temp_q_reg_50_ CLK     D       setup_clk_rise  c     SE = 1
u_ctrl/u_aes/temp_q_reg_50_ CLK     SE      hold_clk_rise   c     SE = 1
u_ctrl/u_aes/temp_q_reg_50_ CLK     SE      setup_clk_rise  c     SE = 1
u_ctrl/u_aes/temp_q_reg_51_ CLK     D       hold_clk_rise   c     SE = 1
u_ctrl/u_aes/temp_q_reg_51_ CLK     D       setup_clk_rise  c     SE = 1
u_ctrl/u_aes/temp_q_reg_51_ CLK     SE      hold_clk_rise   c     SE = 1
u_ctrl/u_aes/temp_q_reg_51_ CLK     SE      setup_clk_rise  c     SE = 1
u_ctrl/u_aes/temp_q_reg_52_ CLK     D       hold_clk_rise   c     SE = 1
u_ctrl/u_aes/temp_q_reg_52_ CLK     D       setup_clk_rise  c     SE = 1
u_ctrl/u_aes/temp_q_reg_52_ CLK     SE      hold_clk_rise   c     SE = 1
u_ctrl/u_aes/temp_q_reg_52_ CLK     SE      setup_clk_rise  c     SE = 1
u_ctrl/u_aes/rk0_q_reg_18_  CLK     D       hold_clk_rise   c     SE = 1
u_ctrl/u_aes/rk0_q_reg_18_  CLK     D       setup_clk_rise  c     SE = 1
u_ctrl/u_aes/rk0_q_reg_18_  CLK     SE      hold_clk_rise   c     SE = 1
u_ctrl/u_aes/rk0_q_reg_18_  CLK     SE      setup_clk_rise  c     SE = 1
u_ctrl/u_aes/temp_q_reg_53_ CLK     D       hold_clk_rise   c     SE = 1
u_ctrl/u_aes/temp_q_reg_53_ CLK     D       setup_clk_rise  c     SE = 1
u_ctrl/u_aes/temp_q_reg_53_ CLK     SE      hold_clk_rise   c     SE = 1
u_ctrl/u_aes/temp_q_reg_53_ CLK     SE      setup_clk_rise  c     SE = 1
u_ctrl/u_aes/rk0_q_reg_19_  CLK     D       hold_clk_rise   c     SE = 1
u_ctrl/u_aes/rk0_q_reg_19_  CLK     D       setup_clk_rise  c     SE = 1
u_ctrl/u_aes/rk0_q_reg_19_  CLK     SE      hold_clk_rise   c     SE = 1
u_ctrl/u_aes/rk0_q_reg_19_  CLK     SE      setup_clk_rise  c     SE = 1
u_ctrl/u_aes/temp_q_reg_54_ CLK     D       hold_clk_rise   c     SE = 1
u_ctrl/u_aes/temp_q_reg_54_ CLK     D       setup_clk_rise  c     SE = 1
u_ctrl/u_aes/temp_q_reg_54_ CLK     SE      hold_clk_rise   c     SE = 1
u_ctrl/u_aes/temp_q_reg_54_ CLK     SE      setup_clk_rise  c     SE = 1
u_ctrl/u_aes/temp_q_reg_55_ CLK     D       hold_clk_rise   c     SE = 1
u_ctrl/u_aes/temp_q_reg_55_ CLK     D       setup_clk_rise  c     SE = 1
u_ctrl/u_aes/temp_q_reg_55_ CLK     SE      hold_clk_rise   c     SE = 1
u_ctrl/u_aes/temp_q_reg_55_ CLK     SE      setup_clk_rise  c     SE = 1
u_ctrl/u_aes/rk0_q_reg_20_  CLK     D       hold_clk_rise   c     SE = 1
u_ctrl/u_aes/rk0_q_reg_20_  CLK     D       setup_clk_rise  c     SE = 1
u_ctrl/u_aes/rk0_q_reg_20_  CLK     SE      hold_clk_rise   c     SE = 1
u_ctrl/u_aes/rk0_q_reg_20_  CLK     SE      setup_clk_rise  c     SE = 1
u_ctrl/u_aes/ct_q_reg_111_  CLK     D       hold_clk_rise   c     SE = 1
u_ctrl/u_aes/ct_q_reg_111_  CLK     D       setup_clk_rise  c     SE = 1
u_ctrl/u_aes/ct_q_reg_111_  CLK     SE      hold_clk_rise   c     SE = 1
u_ctrl/u_aes/ct_q_reg_111_  CLK     SE      setup_clk_rise  c     SE = 1
u_ctrl/u_aes/rk0_q_reg_24_  CLK     D       hold_clk_rise   c     SE = 1
u_ctrl/u_aes/rk0_q_reg_24_  CLK     D       setup_clk_rise  c     SE = 1
u_ctrl/u_aes/rk0_q_reg_24_  CLK     SE      hold_clk_rise   c     SE = 1
u_ctrl/u_aes/rk0_q_reg_24_  CLK     SE      setup_clk_rise  c     SE = 1
u_ctrl/u_aes/rk0_q_reg_25_  CLK     D       hold_clk_rise   c     SE = 1
u_ctrl/u_aes/rk0_q_reg_25_  CLK     D       setup_clk_rise  c     SE = 1
u_ctrl/u_aes/rk0_q_reg_25_  CLK     SE      hold_clk_rise   c     SE = 1
u_ctrl/u_aes/rk0_q_reg_25_  CLK     SE      setup_clk_rise  c     SE = 1
u_ctrl/u_aes/rk0_q_reg_26_  CLK     D       hold_clk_rise   c     SE = 1
u_ctrl/u_aes/rk0_q_reg_26_  CLK     D       setup_clk_rise  c     SE = 1
u_ctrl/u_aes/rk0_q_reg_26_  CLK     SE      hold_clk_rise   c     SE = 1
u_ctrl/u_aes/rk0_q_reg_26_  CLK     SE      setup_clk_rise  c     SE = 1
u_ctrl/u_aes/rk0_q_reg_27_  CLK     D       hold_clk_rise   c     SE = 1
u_ctrl/u_aes/rk0_q_reg_27_  CLK     D       setup_clk_rise  c     SE = 1
u_ctrl/u_aes/rk0_q_reg_27_  CLK     SE      hold_clk_rise   c     SE = 1
u_ctrl/u_aes/rk0_q_reg_27_  CLK     SE      setup_clk_rise  c     SE = 1
u_ctrl/u_aes/ct_q_reg_118_  CLK     D       hold_clk_rise   c     SE = 1
u_ctrl/u_aes/ct_q_reg_118_  CLK     D       setup_clk_rise  c     SE = 1
u_ctrl/u_aes/ct_q_reg_118_  CLK     SE      hold_clk_rise   c     SE = 1
u_ctrl/u_aes/ct_q_reg_118_  CLK     SE      setup_clk_rise  c     SE = 1
u_ctrl/u_aes/rk0_q_reg_28_  CLK     D       hold_clk_rise   c     SE = 1
u_ctrl/u_aes/rk0_q_reg_28_  CLK     D       setup_clk_rise  c     SE = 1
u_ctrl/u_aes/rk0_q_reg_28_  CLK     SE      hold_clk_rise   c     SE = 1
u_ctrl/u_aes/rk0_q_reg_28_  CLK     SE      setup_clk_rise  c     SE = 1
u_ctrl/u_aes/ct_q_reg_119_  CLK     D       hold_clk_rise   c     SE = 1
u_ctrl/u_aes/ct_q_reg_119_  CLK     D       setup_clk_rise  c     SE = 1
u_ctrl/u_aes/ct_q_reg_119_  CLK     SE      hold_clk_rise   c     SE = 1
u_ctrl/u_aes/ct_q_reg_119_  CLK     SE      setup_clk_rise  c     SE = 1
u_ctrl/u_aes/rk0_q_reg_29_  CLK     D       hold_clk_rise   c     SE = 1
u_ctrl/u_aes/rk0_q_reg_29_  CLK     D       setup_clk_rise  c     SE = 1
u_ctrl/u_aes/rk0_q_reg_29_  CLK     SE      hold_clk_rise   c     SE = 1
u_ctrl/u_aes/rk0_q_reg_29_  CLK     SE      setup_clk_rise  c     SE = 1
u_ctrl/u_aes/rk3_q_reg_11_  CLK     D       hold_clk_rise   c     SE = 1
u_ctrl/u_aes/rk3_q_reg_11_  CLK     D       setup_clk_rise  c     SE = 1
u_ctrl/u_aes/rk3_q_reg_11_  CLK     SE      hold_clk_rise   c     SE = 1
u_ctrl/u_aes/rk3_q_reg_11_  CLK     SE      setup_clk_rise  c     SE = 1
u_ctrl/u_aes/rk3_q_reg_12_  CLK     D       hold_clk_rise   c     SE = 1
u_ctrl/u_aes/rk3_q_reg_12_  CLK     D       setup_clk_rise  c     SE = 1
u_ctrl/u_aes/rk3_q_reg_12_  CLK     SE      hold_clk_rise   c     SE = 1
u_ctrl/u_aes/rk3_q_reg_12_  CLK     SE      setup_clk_rise  c     SE = 1
u_ctrl/u_aes/rk3_q_reg_13_  CLK     D       hold_clk_rise   c     SE = 1
u_ctrl/u_aes/rk3_q_reg_13_  CLK     D       setup_clk_rise  c     SE = 1
u_ctrl/u_aes/rk3_q_reg_13_  CLK     SE      hold_clk_rise   c     SE = 1
u_ctrl/u_aes/rk3_q_reg_13_  CLK     SE      setup_clk_rise  c     SE = 1
u_ctrl/u_aes/rk3_q_reg_14_  CLK     D       hold_clk_rise   c     SE = 1
u_ctrl/u_aes/rk3_q_reg_14_  CLK     D       setup_clk_rise  c     SE = 1
u_ctrl/u_aes/rk3_q_reg_14_  CLK     SE      hold_clk_rise   c     SE = 1
u_ctrl/u_aes/rk3_q_reg_14_  CLK     SE      setup_clk_rise  c     SE = 1
u_ctrl/u_aes/rk3_q_reg_17_  CLK     D       hold_clk_rise   c     SE = 1
u_ctrl/u_aes/rk3_q_reg_17_  CLK     D       setup_clk_rise  c     SE = 1
u_ctrl/u_aes/rk3_q_reg_17_  CLK     SE      hold_clk_rise   c     SE = 1
u_ctrl/u_aes/rk3_q_reg_17_  CLK     SE      setup_clk_rise  c     SE = 1
u_ctrl/u_aes/rk3_q_reg_0_   CLK     D       hold_clk_rise   c     SE = 1
u_ctrl/u_aes/rk3_q_reg_0_   CLK     D       setup_clk_rise  c     SE = 1
u_ctrl/u_aes/rk3_q_reg_0_   CLK     SE      hold_clk_rise   c     SE = 1
u_ctrl/u_aes/rk3_q_reg_0_   CLK     SE      setup_clk_rise  c     SE = 1
u_ctrl/u_aes/rk0_q_reg_30_  CLK     D       hold_clk_rise   c     SE = 1
u_ctrl/u_aes/rk0_q_reg_30_  CLK     D       setup_clk_rise  c     SE = 1
u_ctrl/u_aes/rk0_q_reg_30_  CLK     SE      hold_clk_rise   c     SE = 1
u_ctrl/u_aes/rk0_q_reg_30_  CLK     SE      setup_clk_rise  c     SE = 1
u_ctrl/u_aes/rk3_q_reg_5_   CLK     D       hold_clk_rise   c     SE = 1
u_ctrl/u_aes/rk3_q_reg_5_   CLK     D       setup_clk_rise  c     SE = 1
u_ctrl/u_aes/rk3_q_reg_5_   CLK     SE      hold_clk_rise   c     SE = 1
u_ctrl/u_aes/rk3_q_reg_5_   CLK     SE      setup_clk_rise  c     SE = 1
u_ctrl/u_aes/ct_q_reg_121_  CLK     D       hold_clk_rise   c     SE = 1
u_ctrl/u_aes/ct_q_reg_121_  CLK     D       setup_clk_rise  c     SE = 1
u_ctrl/u_aes/ct_q_reg_121_  CLK     SE      hold_clk_rise   c     SE = 1
u_ctrl/u_aes/ct_q_reg_121_  CLK     SE      setup_clk_rise  c     SE = 1
u_ctrl/u_aes/rk0_q_reg_31_  CLK     D       hold_clk_rise   c     SE = 1
u_ctrl/u_aes/rk0_q_reg_31_  CLK     D       setup_clk_rise  c     SE = 1
u_ctrl/u_aes/rk0_q_reg_31_  CLK     SE      hold_clk_rise   c     SE = 1
u_ctrl/u_aes/rk0_q_reg_31_  CLK     SE      setup_clk_rise  c     SE = 1
u_ctrl/u_aes/rk3_q_reg_6_   CLK     D       hold_clk_rise   c     SE = 1
u_ctrl/u_aes/rk3_q_reg_6_   CLK     D       setup_clk_rise  c     SE = 1
u_ctrl/u_aes/rk3_q_reg_6_   CLK     SE      hold_clk_rise   c     SE = 1
u_ctrl/u_aes/rk3_q_reg_6_   CLK     SE      setup_clk_rise  c     SE = 1
u_ctrl/u_aes/ct_q_reg_122_  CLK     D       hold_clk_rise   c     SE = 1
u_ctrl/u_aes/ct_q_reg_122_  CLK     D       setup_clk_rise  c     SE = 1
u_ctrl/u_aes/ct_q_reg_122_  CLK     SE      hold_clk_rise   c     SE = 1
u_ctrl/u_aes/ct_q_reg_122_  CLK     SE      setup_clk_rise  c     SE = 1
u_ctrl/u_aes/ct_q_reg_123_  CLK     D       hold_clk_rise   c     SE = 1
u_ctrl/u_aes/ct_q_reg_123_  CLK     D       setup_clk_rise  c     SE = 1
u_ctrl/u_aes/ct_q_reg_123_  CLK     SE      hold_clk_rise   c     SE = 1
u_ctrl/u_aes/ct_q_reg_123_  CLK     SE      setup_clk_rise  c     SE = 1
u_ctrl/u_aes/rk3_q_reg_8_   CLK     D       hold_clk_rise   c     SE = 1
u_ctrl/u_aes/rk3_q_reg_8_   CLK     D       setup_clk_rise  c     SE = 1
u_ctrl/u_aes/rk3_q_reg_8_   CLK     SE      hold_clk_rise   c     SE = 1
u_ctrl/u_aes/rk3_q_reg_8_   CLK     SE      setup_clk_rise  c     SE = 1
u_ctrl/u_aes/ct_q_reg_124_  CLK     D       hold_clk_rise   c     SE = 1
u_ctrl/u_aes/ct_q_reg_124_  CLK     D       setup_clk_rise  c     SE = 1
u_ctrl/u_aes/ct_q_reg_124_  CLK     SE      hold_clk_rise   c     SE = 1
u_ctrl/u_aes/ct_q_reg_124_  CLK     SE      setup_clk_rise  c     SE = 1
u_ctrl/u_aes/ct_q_reg_125_  CLK     D       hold_clk_rise   c     SE = 1
u_ctrl/u_aes/ct_q_reg_125_  CLK     D       setup_clk_rise  c     SE = 1
u_ctrl/u_aes/ct_q_reg_125_  CLK     SE      hold_clk_rise   c     SE = 1
u_ctrl/u_aes/ct_q_reg_125_  CLK     SE      setup_clk_rise  c     SE = 1
u_ctrl/u_aes/ct_q_reg_126_  CLK     D       hold_clk_rise   c     SE = 1
u_ctrl/u_aes/ct_q_reg_126_  CLK     D       setup_clk_rise  c     SE = 1
u_ctrl/u_aes/ct_q_reg_126_  CLK     SE      hold_clk_rise   c     SE = 1
u_ctrl/u_aes/ct_q_reg_126_  CLK     SE      setup_clk_rise  c     SE = 1
u_ctrl/u_aes/ct_q_reg_127_  CLK     D       hold_clk_rise   c     SE = 1
u_ctrl/u_aes/ct_q_reg_127_  CLK     D       setup_clk_rise  c     SE = 1
u_ctrl/u_aes/ct_q_reg_127_  CLK     SE      hold_clk_rise   c     SE = 1
u_ctrl/u_aes/ct_q_reg_127_  CLK     SE      setup_clk_rise  c     SE = 1
u_ctrl/u_aes/temp_q_reg_72_ CLK     D       hold_clk_rise   c     SE = 1
u_ctrl/u_aes/temp_q_reg_72_ CLK     D       setup_clk_rise  c     SE = 1
u_ctrl/u_aes/temp_q_reg_72_ CLK     SE      hold_clk_rise   c     SE = 1
u_ctrl/u_aes/temp_q_reg_72_ CLK     SE      setup_clk_rise  c     SE = 1
u_ctrl/u_aes/temp_q_reg_73_ CLK     D       hold_clk_rise   c     SE = 1
u_ctrl/u_aes/temp_q_reg_73_ CLK     D       setup_clk_rise  c     SE = 1
u_ctrl/u_aes/temp_q_reg_73_ CLK     SE      hold_clk_rise   c     SE = 1
u_ctrl/u_aes/temp_q_reg_73_ CLK     SE      setup_clk_rise  c     SE = 1
u_ctrl/u_aes/temp_q_reg_74_ CLK     D       hold_clk_rise   c     SE = 1
u_ctrl/u_aes/temp_q_reg_74_ CLK     D       setup_clk_rise  c     SE = 1
u_ctrl/u_aes/temp_q_reg_74_ CLK     SE      hold_clk_rise   c     SE = 1
u_ctrl/u_aes/temp_q_reg_74_ CLK     SE      setup_clk_rise  c     SE = 1
u_ctrl/u_aes/temp_q_reg_75_ CLK     D       hold_clk_rise   c     SE = 1
u_ctrl/u_aes/temp_q_reg_75_ CLK     D       setup_clk_rise  c     SE = 1
u_ctrl/u_aes/temp_q_reg_75_ CLK     SE      hold_clk_rise   c     SE = 1
u_ctrl/u_aes/temp_q_reg_75_ CLK     SE      setup_clk_rise  c     SE = 1
u_ctrl/u_aes/ct_q_reg_10_   CLK     D       hold_clk_rise   c     SE = 1
u_ctrl/u_aes/ct_q_reg_10_   CLK     D       setup_clk_rise  c     SE = 1
u_ctrl/u_aes/ct_q_reg_10_   CLK     SE      hold_clk_rise   c     SE = 1
u_ctrl/u_aes/ct_q_reg_10_   CLK     SE      setup_clk_rise  c     SE = 1
u_ctrl/u_aes/temp_q_reg_76_ CLK     D       hold_clk_rise   c     SE = 1
u_ctrl/u_aes/temp_q_reg_76_ CLK     D       setup_clk_rise  c     SE = 1
u_ctrl/u_aes/temp_q_reg_76_ CLK     SE      hold_clk_rise   c     SE = 1
u_ctrl/u_aes/temp_q_reg_76_ CLK     SE      setup_clk_rise  c     SE = 1
u_ctrl/u_aes/temp_q_reg_77_ CLK     D       hold_clk_rise   c     SE = 1
u_ctrl/u_aes/temp_q_reg_77_ CLK     D       setup_clk_rise  c     SE = 1
u_ctrl/u_aes/temp_q_reg_77_ CLK     SE      hold_clk_rise   c     SE = 1
u_ctrl/u_aes/temp_q_reg_77_ CLK     SE      setup_clk_rise  c     SE = 1
u_ctrl/u_aes/ct_q_reg_12_   CLK     D       hold_clk_rise   c     SE = 1
u_ctrl/u_aes/ct_q_reg_12_   CLK     D       setup_clk_rise  c     SE = 1
u_ctrl/u_aes/ct_q_reg_12_   CLK     SE      hold_clk_rise   c     SE = 1
u_ctrl/u_aes/ct_q_reg_12_   CLK     SE      setup_clk_rise  c     SE = 1
u_ctrl/u_aes/temp_q_reg_78_ CLK     D       hold_clk_rise   c     SE = 1
u_ctrl/u_aes/temp_q_reg_78_ CLK     D       setup_clk_rise  c     SE = 1
u_ctrl/u_aes/temp_q_reg_78_ CLK     SE      hold_clk_rise   c     SE = 1
u_ctrl/u_aes/temp_q_reg_78_ CLK     SE      setup_clk_rise  c     SE = 1
u_ctrl/u_aes/ct_q_reg_13_   CLK     D       hold_clk_rise   c     SE = 1
u_ctrl/u_aes/ct_q_reg_13_   CLK     D       setup_clk_rise  c     SE = 1
u_ctrl/u_aes/ct_q_reg_13_   CLK     SE      hold_clk_rise   c     SE = 1
u_ctrl/u_aes/ct_q_reg_13_   CLK     SE      setup_clk_rise  c     SE = 1
u_ctrl/u_aes/temp_q_reg_79_ CLK     D       hold_clk_rise   c     SE = 1
u_ctrl/u_aes/temp_q_reg_79_ CLK     D       setup_clk_rise  c     SE = 1
u_ctrl/u_aes/temp_q_reg_79_ CLK     SE      hold_clk_rise   c     SE = 1
u_ctrl/u_aes/temp_q_reg_79_ CLK     SE      setup_clk_rise  c     SE = 1
u_ctrl/u_aes/rk3_q_reg_20_  CLK     D       hold_clk_rise   c     SE = 1
u_ctrl/u_aes/rk3_q_reg_20_  CLK     D       setup_clk_rise  c     SE = 1
u_ctrl/u_aes/rk3_q_reg_20_  CLK     SE      hold_clk_rise   c     SE = 1
u_ctrl/u_aes/rk3_q_reg_20_  CLK     SE      setup_clk_rise  c     SE = 1
u_ctrl/u_aes/rk3_q_reg_21_  CLK     D       hold_clk_rise   c     SE = 1
u_ctrl/u_aes/rk3_q_reg_21_  CLK     D       setup_clk_rise  c     SE = 1
u_ctrl/u_aes/rk3_q_reg_21_  CLK     SE      hold_clk_rise   c     SE = 1
u_ctrl/u_aes/rk3_q_reg_21_  CLK     SE      setup_clk_rise  c     SE = 1
u_ctrl/u_aes/ct_q_reg_17_   CLK     D       hold_clk_rise   c     SE = 1
u_ctrl/u_aes/ct_q_reg_17_   CLK     D       setup_clk_rise  c     SE = 1
u_ctrl/u_aes/ct_q_reg_17_   CLK     SE      hold_clk_rise   c     SE = 1
u_ctrl/u_aes/ct_q_reg_17_   CLK     SE      setup_clk_rise  c     SE = 1
u_ctrl/u_aes/rk3_q_reg_24_  CLK     D       hold_clk_rise   c     SE = 1
u_ctrl/u_aes/rk3_q_reg_24_  CLK     D       setup_clk_rise  c     SE = 1
u_ctrl/u_aes/rk3_q_reg_24_  CLK     SE      hold_clk_rise   c     SE = 1
u_ctrl/u_aes/rk3_q_reg_24_  CLK     SE      setup_clk_rise  c     SE = 1
u_ctrl/u_aes/ct_q_reg_19_   CLK     D       hold_clk_rise   c     SE = 1
u_ctrl/u_aes/ct_q_reg_19_   CLK     D       setup_clk_rise  c     SE = 1
u_ctrl/u_aes/ct_q_reg_19_   CLK     SE      hold_clk_rise   c     SE = 1
u_ctrl/u_aes/ct_q_reg_19_   CLK     SE      setup_clk_rise  c     SE = 1
u_ctrl/u_aes/rk3_q_reg_28_  CLK     D       hold_clk_rise   c     SE = 1
u_ctrl/u_aes/rk3_q_reg_28_  CLK     D       setup_clk_rise  c     SE = 1
u_ctrl/u_aes/rk3_q_reg_28_  CLK     SE      hold_clk_rise   c     SE = 1
u_ctrl/u_aes/rk3_q_reg_28_  CLK     SE      setup_clk_rise  c     SE = 1
u_ctrl/u_aes/temp_q_reg_80_ CLK     D       hold_clk_rise   c     SE = 1
u_ctrl/u_aes/temp_q_reg_80_ CLK     D       setup_clk_rise  c     SE = 1
u_ctrl/u_aes/temp_q_reg_80_ CLK     SE      hold_clk_rise   c     SE = 1
u_ctrl/u_aes/temp_q_reg_80_ CLK     SE      setup_clk_rise  c     SE = 1
u_ctrl/u_aes/temp_q_reg_81_ CLK     D       hold_clk_rise   c     SE = 1
u_ctrl/u_aes/temp_q_reg_81_ CLK     D       setup_clk_rise  c     SE = 1
u_ctrl/u_aes/temp_q_reg_81_ CLK     SE      hold_clk_rise   c     SE = 1
u_ctrl/u_aes/temp_q_reg_81_ CLK     SE      setup_clk_rise  c     SE = 1
u_ctrl/u_aes/temp_q_reg_82_ CLK     D       hold_clk_rise   c     SE = 1
u_ctrl/u_aes/temp_q_reg_82_ CLK     D       setup_clk_rise  c     SE = 1
u_ctrl/u_aes/temp_q_reg_82_ CLK     SE      hold_clk_rise   c     SE = 1
u_ctrl/u_aes/temp_q_reg_82_ CLK     SE      setup_clk_rise  c     SE = 1
u_ctrl/u_aes/temp_q_reg_83_ CLK     D       hold_clk_rise   c     SE = 1
u_ctrl/u_aes/temp_q_reg_83_ CLK     D       setup_clk_rise  c     SE = 1
u_ctrl/u_aes/temp_q_reg_83_ CLK     SE      hold_clk_rise   c     SE = 1
u_ctrl/u_aes/temp_q_reg_83_ CLK     SE      setup_clk_rise  c     SE = 1
u_ctrl/u_aes/temp_q_reg_84_ CLK     D       hold_clk_rise   c     SE = 1
u_ctrl/u_aes/temp_q_reg_84_ CLK     D       setup_clk_rise  c     SE = 1
u_ctrl/u_aes/temp_q_reg_84_ CLK     SE      hold_clk_rise   c     SE = 1
u_ctrl/u_aes/temp_q_reg_84_ CLK     SE      setup_clk_rise  c     SE = 1
u_ctrl/u_aes/temp_q_reg_85_ CLK     D       hold_clk_rise   c     SE = 1
u_ctrl/u_aes/temp_q_reg_85_ CLK     D       setup_clk_rise  c     SE = 1
u_ctrl/u_aes/temp_q_reg_85_ CLK     SE      hold_clk_rise   c     SE = 1
u_ctrl/u_aes/temp_q_reg_85_ CLK     SE      setup_clk_rise  c     SE = 1
u_ctrl/u_aes/ct_q_reg_20_   CLK     D       hold_clk_rise   c     SE = 1
u_ctrl/u_aes/ct_q_reg_20_   CLK     D       setup_clk_rise  c     SE = 1
u_ctrl/u_aes/ct_q_reg_20_   CLK     SE      hold_clk_rise   c     SE = 1
u_ctrl/u_aes/ct_q_reg_20_   CLK     SE      setup_clk_rise  c     SE = 1
u_ctrl/u_aes/temp_q_reg_86_ CLK     D       hold_clk_rise   c     SE = 1
u_ctrl/u_aes/temp_q_reg_86_ CLK     D       setup_clk_rise  c     SE = 1
u_ctrl/u_aes/temp_q_reg_86_ CLK     SE      hold_clk_rise   c     SE = 1
u_ctrl/u_aes/temp_q_reg_86_ CLK     SE      setup_clk_rise  c     SE = 1
u_ctrl/u_aes/temp_q_reg_87_ CLK     D       hold_clk_rise   c     SE = 1
u_ctrl/u_aes/temp_q_reg_87_ CLK     D       setup_clk_rise  c     SE = 1
u_ctrl/u_aes/temp_q_reg_87_ CLK     SE      hold_clk_rise   c     SE = 1
u_ctrl/u_aes/temp_q_reg_87_ CLK     SE      setup_clk_rise  c     SE = 1
u_ctrl/u_aes/ct_q_reg_22_   CLK     D       hold_clk_rise   c     SE = 1
u_ctrl/u_aes/ct_q_reg_22_   CLK     D       setup_clk_rise  c     SE = 1
u_ctrl/u_aes/ct_q_reg_22_   CLK     SE      hold_clk_rise   c     SE = 1
u_ctrl/u_aes/ct_q_reg_22_   CLK     SE      setup_clk_rise  c     SE = 1
u_ctrl/u_aes/ct_q_reg_26_   CLK     D       hold_clk_rise   c     SE = 1
u_ctrl/u_aes/ct_q_reg_26_   CLK     D       setup_clk_rise  c     SE = 1
u_ctrl/u_aes/ct_q_reg_26_   CLK     SE      hold_clk_rise   c     SE = 1
u_ctrl/u_aes/ct_q_reg_26_   CLK     SE      setup_clk_rise  c     SE = 1
u_ctrl/u_aes/idx_reg_3_     CLK     D       hold_clk_rise   c     SE = 1
u_ctrl/u_aes/idx_reg_3_     CLK     D       setup_clk_rise  c     SE = 1
u_ctrl/u_aes/idx_reg_3_     CLK     SE      hold_clk_rise   c     SE = 1
u_ctrl/u_aes/idx_reg_3_     CLK     SE      setup_clk_rise  c     SE = 1
u_ctrl/u_aes/ct_q_reg_29_   CLK     D       hold_clk_rise   c     SE = 1
u_ctrl/u_aes/ct_q_reg_29_   CLK     D       setup_clk_rise  c     SE = 1
u_ctrl/u_aes/ct_q_reg_29_   CLK     SE      hold_clk_rise   c     SE = 1
u_ctrl/u_aes/ct_q_reg_29_   CLK     SE      setup_clk_rise  c     SE = 1
u_ctrl/u_aes/ct_q_reg_30_   CLK     D       hold_clk_rise   c     SE = 1
u_ctrl/u_aes/ct_q_reg_30_   CLK     D       setup_clk_rise  c     SE = 1
u_ctrl/u_aes/ct_q_reg_30_   CLK     SE      hold_clk_rise   c     SE = 1
u_ctrl/u_aes/ct_q_reg_30_   CLK     SE      setup_clk_rise  c     SE = 1
u_ctrl/u_aes/ct_q_reg_36_   CLK     D       hold_clk_rise   c     SE = 1
u_ctrl/u_aes/ct_q_reg_36_   CLK     D       setup_clk_rise  c     SE = 1
u_ctrl/u_aes/ct_q_reg_36_   CLK     SE      hold_clk_rise   c     SE = 1
u_ctrl/u_aes/ct_q_reg_36_   CLK     SE      setup_clk_rise  c     SE = 1
u_ctrl/u_aes/ct_q_reg_37_   CLK     D       hold_clk_rise   c     SE = 1
u_ctrl/u_aes/ct_q_reg_37_   CLK     D       setup_clk_rise  c     SE = 1
u_ctrl/u_aes/ct_q_reg_37_   CLK     SE      hold_clk_rise   c     SE = 1
u_ctrl/u_aes/ct_q_reg_37_   CLK     SE      setup_clk_rise  c     SE = 1
u_ctrl/u_aes/next_rk1_q_reg_12_
                            CLK     D       hold_clk_rise   c     SE = 1
u_ctrl/u_aes/next_rk1_q_reg_12_
                            CLK     D       setup_clk_rise  c     SE = 1
u_ctrl/u_aes/next_rk1_q_reg_12_
                            CLK     SE      hold_clk_rise   c     SE = 1
u_ctrl/u_aes/next_rk1_q_reg_12_
                            CLK     SE      setup_clk_rise  c     SE = 1
u_ctrl/u_aes/next_rk1_q_reg_15_
                            CLK     D       hold_clk_rise   c     SE = 1
u_ctrl/u_aes/next_rk1_q_reg_15_
                            CLK     D       setup_clk_rise  c     SE = 1
u_ctrl/u_aes/next_rk1_q_reg_15_
                            CLK     SE      hold_clk_rise   c     SE = 1
u_ctrl/u_aes/next_rk1_q_reg_15_
                            CLK     SE      setup_clk_rise  c     SE = 1
u_ctrl/u_aes/next_rk1_q_reg_18_
                            CLK     D       hold_clk_rise   c     SE = 1
u_ctrl/u_aes/next_rk1_q_reg_18_
                            CLK     D       setup_clk_rise  c     SE = 1
u_ctrl/u_aes/next_rk1_q_reg_18_
                            CLK     SE      hold_clk_rise   c     SE = 1
u_ctrl/u_aes/next_rk1_q_reg_18_
                            CLK     SE      setup_clk_rise  c     SE = 1
u_ctrl/u_aes/phase_reg_1_   CLK     D       hold_clk_rise   c     SE = 1
u_ctrl/u_aes/phase_reg_1_   CLK     D       setup_clk_rise  c     SE = 1
u_ctrl/u_aes/phase_reg_1_   CLK     SE      hold_clk_rise   c     SE = 1
u_ctrl/u_aes/phase_reg_1_   CLK     SE      setup_clk_rise  c     SE = 1
u_ctrl/u_aes/ct_q_reg_41_   CLK     D       hold_clk_rise   c     SE = 1
u_ctrl/u_aes/ct_q_reg_41_   CLK     D       setup_clk_rise  c     SE = 1
u_ctrl/u_aes/ct_q_reg_41_   CLK     SE      hold_clk_rise   c     SE = 1
u_ctrl/u_aes/ct_q_reg_41_   CLK     SE      setup_clk_rise  c     SE = 1
u_ctrl/u_aes/ct_q_reg_43_   CLK     D       hold_clk_rise   c     SE = 1
u_ctrl/u_aes/ct_q_reg_43_   CLK     D       setup_clk_rise  c     SE = 1
u_ctrl/u_aes/ct_q_reg_43_   CLK     SE      hold_clk_rise   c     SE = 1
u_ctrl/u_aes/ct_q_reg_43_   CLK     SE      setup_clk_rise  c     SE = 1
u_ctrl/u_aes/next_rk1_q_reg_21_
                            CLK     D       hold_clk_rise   c     SE = 1
u_ctrl/u_aes/next_rk1_q_reg_21_
                            CLK     D       setup_clk_rise  c     SE = 1
u_ctrl/u_aes/next_rk1_q_reg_21_
                            CLK     SE      hold_clk_rise   c     SE = 1
u_ctrl/u_aes/next_rk1_q_reg_21_
                            CLK     SE      setup_clk_rise  c     SE = 1
u_ctrl/u_aes/ct_q_reg_1_    CLK     D       hold_clk_rise   c     SE = 1
u_ctrl/u_aes/ct_q_reg_1_    CLK     D       setup_clk_rise  c     SE = 1
u_ctrl/u_aes/ct_q_reg_1_    CLK     SE      hold_clk_rise   c     SE = 1
u_ctrl/u_aes/ct_q_reg_1_    CLK     SE      setup_clk_rise  c     SE = 1
u_ctrl/u_aes/next_rk1_q_reg_25_
                            CLK     D       hold_clk_rise   c     SE = 1
u_ctrl/u_aes/next_rk1_q_reg_25_
                            CLK     D       setup_clk_rise  c     SE = 1
u_ctrl/u_aes/next_rk1_q_reg_25_
                            CLK     SE      hold_clk_rise   c     SE = 1
u_ctrl/u_aes/next_rk1_q_reg_25_
                            CLK     SE      setup_clk_rise  c     SE = 1
u_ctrl/u_aes/next_rk1_q_reg_28_
                            CLK     D       hold_clk_rise   c     SE = 1
u_ctrl/u_aes/next_rk1_q_reg_28_
                            CLK     D       setup_clk_rise  c     SE = 1
u_ctrl/u_aes/next_rk1_q_reg_28_
                            CLK     SE      hold_clk_rise   c     SE = 1
u_ctrl/u_aes/next_rk1_q_reg_28_
                            CLK     SE      setup_clk_rise  c     SE = 1
u_ctrl/u_aes/ct_q_reg_8_    CLK     D       hold_clk_rise   c     SE = 1
u_ctrl/u_aes/ct_q_reg_8_    CLK     D       setup_clk_rise  c     SE = 1
u_ctrl/u_aes/ct_q_reg_8_    CLK     SE      hold_clk_rise   c     SE = 1
u_ctrl/u_aes/ct_q_reg_8_    CLK     SE      setup_clk_rise  c     SE = 1
u_ctrl/u_aes/rk0_q_reg_2_   CLK     D       hold_clk_rise   c     SE = 1
u_ctrl/u_aes/rk0_q_reg_2_   CLK     D       setup_clk_rise  c     SE = 1
u_ctrl/u_aes/rk0_q_reg_2_   CLK     SE      hold_clk_rise   c     SE = 1
u_ctrl/u_aes/rk0_q_reg_2_   CLK     SE      setup_clk_rise  c     SE = 1
u_ctrl/u_aes/rk0_q_reg_3_   CLK     D       hold_clk_rise   c     SE = 1
u_ctrl/u_aes/rk0_q_reg_3_   CLK     D       setup_clk_rise  c     SE = 1
u_ctrl/u_aes/rk0_q_reg_3_   CLK     SE      hold_clk_rise   c     SE = 1
u_ctrl/u_aes/rk0_q_reg_3_   CLK     SE      setup_clk_rise  c     SE = 1
u_ctrl/u_aes/rk0_q_reg_4_   CLK     D       hold_clk_rise   c     SE = 1
u_ctrl/u_aes/rk0_q_reg_4_   CLK     D       setup_clk_rise  c     SE = 1
u_ctrl/u_aes/rk0_q_reg_4_   CLK     SE      hold_clk_rise   c     SE = 1
u_ctrl/u_aes/rk0_q_reg_4_   CLK     SE      setup_clk_rise  c     SE = 1
u_ctrl/u_aes/rk0_q_reg_5_   CLK     D       hold_clk_rise   c     SE = 1
u_ctrl/u_aes/rk0_q_reg_5_   CLK     D       setup_clk_rise  c     SE = 1
u_ctrl/u_aes/rk0_q_reg_5_   CLK     SE      hold_clk_rise   c     SE = 1
u_ctrl/u_aes/rk0_q_reg_5_   CLK     SE      setup_clk_rise  c     SE = 1
u_ctrl/u_aes/rk0_q_reg_6_   CLK     D       hold_clk_rise   c     SE = 1
u_ctrl/u_aes/rk0_q_reg_6_   CLK     D       setup_clk_rise  c     SE = 1
u_ctrl/u_aes/rk0_q_reg_6_   CLK     SE      hold_clk_rise   c     SE = 1
u_ctrl/u_aes/rk0_q_reg_6_   CLK     SE      setup_clk_rise  c     SE = 1
u_ctrl/u_aes/rk0_q_reg_7_   CLK     D       hold_clk_rise   c     SE = 1
u_ctrl/u_aes/rk0_q_reg_7_   CLK     D       setup_clk_rise  c     SE = 1
u_ctrl/u_aes/rk0_q_reg_7_   CLK     SE      hold_clk_rise   c     SE = 1
u_ctrl/u_aes/rk0_q_reg_7_   CLK     SE      setup_clk_rise  c     SE = 1
u_ctrl/u_aes/ct_q_reg_50_   CLK     D       hold_clk_rise   c     SE = 1
u_ctrl/u_aes/ct_q_reg_50_   CLK     D       setup_clk_rise  c     SE = 1
u_ctrl/u_aes/ct_q_reg_50_   CLK     SE      hold_clk_rise   c     SE = 1
u_ctrl/u_aes/ct_q_reg_50_   CLK     SE      setup_clk_rise  c     SE = 1
u_ctrl/u_aes/rk0_q_reg_8_   CLK     D       hold_clk_rise   c     SE = 1
u_ctrl/u_aes/rk0_q_reg_8_   CLK     D       setup_clk_rise  c     SE = 1
u_ctrl/u_aes/rk0_q_reg_8_   CLK     SE      hold_clk_rise   c     SE = 1
u_ctrl/u_aes/rk0_q_reg_8_   CLK     SE      setup_clk_rise  c     SE = 1
u_ctrl/u_aes/ct_q_reg_51_   CLK     D       hold_clk_rise   c     SE = 1
u_ctrl/u_aes/ct_q_reg_51_   CLK     D       setup_clk_rise  c     SE = 1
u_ctrl/u_aes/ct_q_reg_51_   CLK     SE      hold_clk_rise   c     SE = 1
u_ctrl/u_aes/ct_q_reg_51_   CLK     SE      setup_clk_rise  c     SE = 1
u_ctrl/u_aes/ct_q_reg_56_   CLK     D       hold_clk_rise   c     SE = 1
u_ctrl/u_aes/ct_q_reg_56_   CLK     D       setup_clk_rise  c     SE = 1
u_ctrl/u_aes/ct_q_reg_56_   CLK     SE      hold_clk_rise   c     SE = 1
u_ctrl/u_aes/ct_q_reg_56_   CLK     SE      setup_clk_rise  c     SE = 1
u_ctrl/u_aes/temp_q_reg_112_
                            CLK     D       hold_clk_rise   c     SE = 1
u_ctrl/u_aes/temp_q_reg_112_
                            CLK     D       setup_clk_rise  c     SE = 1
u_ctrl/u_aes/temp_q_reg_112_
                            CLK     SE      hold_clk_rise   c     SE = 1
u_ctrl/u_aes/temp_q_reg_112_
                            CLK     SE      setup_clk_rise  c     SE = 1
u_ctrl/u_aes/temp_q_reg_113_
                            CLK     D       hold_clk_rise   c     SE = 1
u_ctrl/u_aes/temp_q_reg_113_
                            CLK     D       setup_clk_rise  c     SE = 1
u_ctrl/u_aes/temp_q_reg_113_
                            CLK     SE      hold_clk_rise   c     SE = 1
u_ctrl/u_aes/temp_q_reg_113_
                            CLK     SE      setup_clk_rise  c     SE = 1
u_ctrl/u_aes/temp_q_reg_114_
                            CLK     D       hold_clk_rise   c     SE = 1
u_ctrl/u_aes/temp_q_reg_114_
                            CLK     D       setup_clk_rise  c     SE = 1
u_ctrl/u_aes/temp_q_reg_114_
                            CLK     SE      hold_clk_rise   c     SE = 1
u_ctrl/u_aes/temp_q_reg_114_
                            CLK     SE      setup_clk_rise  c     SE = 1
u_ctrl/u_aes/temp_q_reg_115_
                            CLK     D       hold_clk_rise   c     SE = 1
u_ctrl/u_aes/temp_q_reg_115_
                            CLK     D       setup_clk_rise  c     SE = 1
u_ctrl/u_aes/temp_q_reg_115_
                            CLK     SE      hold_clk_rise   c     SE = 1
u_ctrl/u_aes/temp_q_reg_115_
                            CLK     SE      setup_clk_rise  c     SE = 1
u_ctrl/u_aes/temp_q_reg_116_
                            CLK     D       hold_clk_rise   c     SE = 1
u_ctrl/u_aes/temp_q_reg_116_
                            CLK     D       setup_clk_rise  c     SE = 1
u_ctrl/u_aes/temp_q_reg_116_
                            CLK     SE      hold_clk_rise   c     SE = 1
u_ctrl/u_aes/temp_q_reg_116_
                            CLK     SE      setup_clk_rise  c     SE = 1
u_ctrl/u_aes/temp_q_reg_117_
                            CLK     D       hold_clk_rise   c     SE = 1
u_ctrl/u_aes/temp_q_reg_117_
                            CLK     D       setup_clk_rise  c     SE = 1
u_ctrl/u_aes/temp_q_reg_117_
                            CLK     SE      hold_clk_rise   c     SE = 1
u_ctrl/u_aes/temp_q_reg_117_
                            CLK     SE      setup_clk_rise  c     SE = 1
u_ctrl/u_aes/temp_q_reg_118_
                            CLK     D       hold_clk_rise   c     SE = 1
u_ctrl/u_aes/temp_q_reg_118_
                            CLK     D       setup_clk_rise  c     SE = 1
u_ctrl/u_aes/temp_q_reg_118_
                            CLK     SE      hold_clk_rise   c     SE = 1
u_ctrl/u_aes/temp_q_reg_118_
                            CLK     SE      setup_clk_rise  c     SE = 1
u_ctrl/u_aes/temp_q_reg_119_
                            CLK     D       hold_clk_rise   c     SE = 1
u_ctrl/u_aes/temp_q_reg_119_
                            CLK     D       setup_clk_rise  c     SE = 1
u_ctrl/u_aes/temp_q_reg_119_
                            CLK     SE      hold_clk_rise   c     SE = 1
u_ctrl/u_aes/temp_q_reg_119_
                            CLK     SE      setup_clk_rise  c     SE = 1
u_ctrl/u_aes/temp_q_reg_17_ CLK     D       hold_clk_rise   c     SE = 1
u_ctrl/u_aes/temp_q_reg_17_ CLK     D       setup_clk_rise  c     SE = 1
u_ctrl/u_aes/temp_q_reg_17_ CLK     SE      hold_clk_rise   c     SE = 1
u_ctrl/u_aes/temp_q_reg_17_ CLK     SE      setup_clk_rise  c     SE = 1
u_ctrl/u_aes/temp_q_reg_18_ CLK     D       hold_clk_rise   c     SE = 1
u_ctrl/u_aes/temp_q_reg_18_ CLK     D       setup_clk_rise  c     SE = 1
u_ctrl/u_aes/temp_q_reg_18_ CLK     SE      hold_clk_rise   c     SE = 1
u_ctrl/u_aes/temp_q_reg_18_ CLK     SE      setup_clk_rise  c     SE = 1
u_ctrl/u_aes/ct_q_reg_62_   CLK     D       hold_clk_rise   c     SE = 1
u_ctrl/u_aes/ct_q_reg_62_   CLK     D       setup_clk_rise  c     SE = 1
u_ctrl/u_aes/ct_q_reg_62_   CLK     SE      hold_clk_rise   c     SE = 1
u_ctrl/u_aes/ct_q_reg_62_   CLK     SE      setup_clk_rise  c     SE = 1
u_ctrl/u_aes/ct_q_reg_63_   CLK     D       hold_clk_rise   c     SE = 1
u_ctrl/u_aes/ct_q_reg_63_   CLK     D       setup_clk_rise  c     SE = 1
u_ctrl/u_aes/ct_q_reg_63_   CLK     SE      hold_clk_rise   c     SE = 1
u_ctrl/u_aes/ct_q_reg_63_   CLK     SE      setup_clk_rise  c     SE = 1
u_ctrl/u_aes/ct_q_reg_65_   CLK     D       hold_clk_rise   c     SE = 1
u_ctrl/u_aes/ct_q_reg_65_   CLK     D       setup_clk_rise  c     SE = 1
u_ctrl/u_aes/ct_q_reg_65_   CLK     SE      hold_clk_rise   c     SE = 1
u_ctrl/u_aes/ct_q_reg_65_   CLK     SE      setup_clk_rise  c     SE = 1
u_ctrl/u_aes/ct_q_reg_66_   CLK     D       hold_clk_rise   c     SE = 1
u_ctrl/u_aes/ct_q_reg_66_   CLK     D       setup_clk_rise  c     SE = 1
u_ctrl/u_aes/ct_q_reg_66_   CLK     SE      hold_clk_rise   c     SE = 1
u_ctrl/u_aes/ct_q_reg_66_   CLK     SE      setup_clk_rise  c     SE = 1
u_ctrl/u_aes/temp_q_reg_120_
                            CLK     D       hold_clk_rise   c     SE = 1
u_ctrl/u_aes/temp_q_reg_120_
                            CLK     D       setup_clk_rise  c     SE = 1
u_ctrl/u_aes/temp_q_reg_120_
                            CLK     SE      hold_clk_rise   c     SE = 1
u_ctrl/u_aes/temp_q_reg_120_
                            CLK     SE      setup_clk_rise  c     SE = 1
u_ctrl/u_aes/temp_q_reg_121_
                            CLK     D       hold_clk_rise   c     SE = 1
u_ctrl/u_aes/temp_q_reg_121_
                            CLK     D       setup_clk_rise  c     SE = 1
u_ctrl/u_aes/temp_q_reg_121_
                            CLK     SE      hold_clk_rise   c     SE = 1
u_ctrl/u_aes/temp_q_reg_121_
                            CLK     SE      setup_clk_rise  c     SE = 1
u_ctrl/u_aes/temp_q_reg_122_
                            CLK     D       hold_clk_rise   c     SE = 1
u_ctrl/u_aes/temp_q_reg_122_
                            CLK     D       setup_clk_rise  c     SE = 1
u_ctrl/u_aes/temp_q_reg_122_
                            CLK     SE      hold_clk_rise   c     SE = 1
u_ctrl/u_aes/temp_q_reg_122_
                            CLK     SE      setup_clk_rise  c     SE = 1
u_ctrl/u_aes/ct_q_reg_69_   CLK     D       hold_clk_rise   c     SE = 1
u_ctrl/u_aes/ct_q_reg_69_   CLK     D       setup_clk_rise  c     SE = 1
u_ctrl/u_aes/ct_q_reg_69_   CLK     SE      hold_clk_rise   c     SE = 1
u_ctrl/u_aes/ct_q_reg_69_   CLK     SE      setup_clk_rise  c     SE = 1
u_ctrl/u_aes/temp_q_reg_20_ CLK     D       hold_clk_rise   c     SE = 1
u_ctrl/u_aes/temp_q_reg_20_ CLK     D       setup_clk_rise  c     SE = 1
u_ctrl/u_aes/temp_q_reg_20_ CLK     SE      hold_clk_rise   c     SE = 1
u_ctrl/u_aes/temp_q_reg_20_ CLK     SE      setup_clk_rise  c     SE = 1
u_ctrl/u_aes/temp_q_reg_124_
                            CLK     D       hold_clk_rise   c     SE = 1
u_ctrl/u_aes/temp_q_reg_124_
                            CLK     D       setup_clk_rise  c     SE = 1
u_ctrl/u_aes/temp_q_reg_124_
                            CLK     SE      hold_clk_rise   c     SE = 1
u_ctrl/u_aes/temp_q_reg_124_
                            CLK     SE      setup_clk_rise  c     SE = 1
u_ctrl/u_aes/temp_q_reg_21_ CLK     D       hold_clk_rise   c     SE = 1
u_ctrl/u_aes/temp_q_reg_21_ CLK     D       setup_clk_rise  c     SE = 1
u_ctrl/u_aes/temp_q_reg_21_ CLK     SE      hold_clk_rise   c     SE = 1
u_ctrl/u_aes/temp_q_reg_21_ CLK     SE      setup_clk_rise  c     SE = 1
u_ctrl/u_aes/temp_q_reg_125_
                            CLK     D       hold_clk_rise   c     SE = 1
u_ctrl/u_aes/temp_q_reg_125_
                            CLK     D       setup_clk_rise  c     SE = 1
u_ctrl/u_aes/temp_q_reg_125_
                            CLK     SE      hold_clk_rise   c     SE = 1
u_ctrl/u_aes/temp_q_reg_125_
                            CLK     SE      setup_clk_rise  c     SE = 1
u_ctrl/u_aes/temp_q_reg_23_ CLK     D       hold_clk_rise   c     SE = 1
u_ctrl/u_aes/temp_q_reg_23_ CLK     D       setup_clk_rise  c     SE = 1
u_ctrl/u_aes/temp_q_reg_23_ CLK     SE      hold_clk_rise   c     SE = 1
u_ctrl/u_aes/temp_q_reg_23_ CLK     SE      setup_clk_rise  c     SE = 1
u_ctrl/u_aes/temp_q_reg_127_
                            CLK     D       hold_clk_rise   c     SE = 1
u_ctrl/u_aes/temp_q_reg_127_
                            CLK     D       setup_clk_rise  c     SE = 1
u_ctrl/u_aes/temp_q_reg_127_
                            CLK     SE      hold_clk_rise   c     SE = 1
u_ctrl/u_aes/temp_q_reg_127_
                            CLK     SE      setup_clk_rise  c     SE = 1
u_ctrl/u_aes/temp_q_reg_24_ CLK     D       hold_clk_rise   c     SE = 1
u_ctrl/u_aes/temp_q_reg_24_ CLK     D       setup_clk_rise  c     SE = 1
u_ctrl/u_aes/temp_q_reg_24_ CLK     SE      hold_clk_rise   c     SE = 1
u_ctrl/u_aes/temp_q_reg_24_ CLK     SE      setup_clk_rise  c     SE = 1
u_ctrl/u_aes/temp_q_reg_26_ CLK     D       hold_clk_rise   c     SE = 1
u_ctrl/u_aes/temp_q_reg_26_ CLK     D       setup_clk_rise  c     SE = 1
u_ctrl/u_aes/temp_q_reg_26_ CLK     SE      hold_clk_rise   c     SE = 1
u_ctrl/u_aes/temp_q_reg_26_ CLK     SE      setup_clk_rise  c     SE = 1
u_ctrl/u_aes/temp_q_reg_29_ CLK     D       hold_clk_rise   c     SE = 1
u_ctrl/u_aes/temp_q_reg_29_ CLK     D       setup_clk_rise  c     SE = 1
u_ctrl/u_aes/temp_q_reg_29_ CLK     SE      hold_clk_rise   c     SE = 1
u_ctrl/u_aes/temp_q_reg_29_ CLK     SE      setup_clk_rise  c     SE = 1
u_ctrl/u_aes/next_rk1_q_reg_3_
                            CLK     D       hold_clk_rise   c     SE = 1
u_ctrl/u_aes/next_rk1_q_reg_3_
                            CLK     D       setup_clk_rise  c     SE = 1
u_ctrl/u_aes/next_rk1_q_reg_3_
                            CLK     SE      hold_clk_rise   c     SE = 1
u_ctrl/u_aes/next_rk1_q_reg_3_
                            CLK     SE      setup_clk_rise  c     SE = 1
u_ctrl/u_aes/ct_q_reg_71_   CLK     D       hold_clk_rise   c     SE = 1
u_ctrl/u_aes/ct_q_reg_71_   CLK     D       setup_clk_rise  c     SE = 1
u_ctrl/u_aes/ct_q_reg_71_   CLK     SE      hold_clk_rise   c     SE = 1
u_ctrl/u_aes/ct_q_reg_71_   CLK     SE      setup_clk_rise  c     SE = 1
u_ctrl/u_aes/ct_q_reg_75_   CLK     D       hold_clk_rise   c     SE = 1
u_ctrl/u_aes/ct_q_reg_75_   CLK     D       setup_clk_rise  c     SE = 1
u_ctrl/u_aes/ct_q_reg_75_   CLK     SE      hold_clk_rise   c     SE = 1
u_ctrl/u_aes/ct_q_reg_75_   CLK     SE      setup_clk_rise  c     SE = 1
u_ctrl/u_aes/next_rk1_q_reg_9_
                            CLK     D       hold_clk_rise   c     SE = 1
u_ctrl/u_aes/next_rk1_q_reg_9_
                            CLK     D       setup_clk_rise  c     SE = 1
u_ctrl/u_aes/next_rk1_q_reg_9_
                            CLK     SE      hold_clk_rise   c     SE = 1
u_ctrl/u_aes/next_rk1_q_reg_9_
                            CLK     SE      setup_clk_rise  c     SE = 1
u_ctrl/u_aes/ct_q_reg_80_   CLK     D       hold_clk_rise   c     SE = 1
u_ctrl/u_aes/ct_q_reg_80_   CLK     D       setup_clk_rise  c     SE = 1
u_ctrl/u_aes/ct_q_reg_80_   CLK     SE      hold_clk_rise   c     SE = 1
u_ctrl/u_aes/ct_q_reg_80_   CLK     SE      setup_clk_rise  c     SE = 1
u_ctrl/u_aes/ct_q_reg_83_   CLK     D       hold_clk_rise   c     SE = 1
u_ctrl/u_aes/ct_q_reg_83_   CLK     D       setup_clk_rise  c     SE = 1
u_ctrl/u_aes/ct_q_reg_83_   CLK     SE      hold_clk_rise   c     SE = 1
u_ctrl/u_aes/ct_q_reg_83_   CLK     SE      setup_clk_rise  c     SE = 1
u_ctrl/u_aes/ct_q_reg_84_   CLK     D       hold_clk_rise   c     SE = 1
u_ctrl/u_aes/ct_q_reg_84_   CLK     D       setup_clk_rise  c     SE = 1
u_ctrl/u_aes/ct_q_reg_84_   CLK     SE      hold_clk_rise   c     SE = 1
u_ctrl/u_aes/ct_q_reg_84_   CLK     SE      setup_clk_rise  c     SE = 1
u_ctrl/u_aes/temp_q_reg_41_ CLK     D       hold_clk_rise   c     SE = 1
u_ctrl/u_aes/temp_q_reg_41_ CLK     D       setup_clk_rise  c     SE = 1
u_ctrl/u_aes/temp_q_reg_41_ CLK     SE      hold_clk_rise   c     SE = 1
u_ctrl/u_aes/temp_q_reg_41_ CLK     SE      setup_clk_rise  c     SE = 1
u_ctrl/u_aes/temp_q_reg_42_ CLK     D       hold_clk_rise   c     SE = 1
u_ctrl/u_aes/temp_q_reg_42_ CLK     D       setup_clk_rise  c     SE = 1
u_ctrl/u_aes/temp_q_reg_42_ CLK     SE      hold_clk_rise   c     SE = 1
u_ctrl/u_aes/temp_q_reg_42_ CLK     SE      setup_clk_rise  c     SE = 1
u_ctrl/u_aes/temp_q_reg_43_ CLK     D       hold_clk_rise   c     SE = 1
u_ctrl/u_aes/temp_q_reg_43_ CLK     D       setup_clk_rise  c     SE = 1
u_ctrl/u_aes/temp_q_reg_43_ CLK     SE      hold_clk_rise   c     SE = 1
u_ctrl/u_aes/temp_q_reg_43_ CLK     SE      setup_clk_rise  c     SE = 1
u_ctrl/u_aes/temp_q_reg_44_ CLK     D       hold_clk_rise   c     SE = 1
u_ctrl/u_aes/temp_q_reg_44_ CLK     D       setup_clk_rise  c     SE = 1
u_ctrl/u_aes/temp_q_reg_44_ CLK     SE      hold_clk_rise   c     SE = 1
u_ctrl/u_aes/temp_q_reg_44_ CLK     SE      setup_clk_rise  c     SE = 1
u_ctrl/u_aes/temp_q_reg_45_ CLK     D       hold_clk_rise   c     SE = 1
u_ctrl/u_aes/temp_q_reg_45_ CLK     D       setup_clk_rise  c     SE = 1
u_ctrl/u_aes/temp_q_reg_45_ CLK     SE      hold_clk_rise   c     SE = 1
u_ctrl/u_aes/temp_q_reg_45_ CLK     SE      setup_clk_rise  c     SE = 1
u_ctrl/u_rx_divcnt_reg_15_  CLK     D       hold_clk_rise   c     SE = 1
u_ctrl/u_rx_divcnt_reg_15_  CLK     D       setup_clk_rise  c     SE = 1
u_ctrl/u_rx_divcnt_reg_15_  CLK     SE      hold_clk_rise   c     SE = 1
u_ctrl/u_rx_divcnt_reg_15_  CLK     SE      setup_clk_rise  c     SE = 1
u_ctrl/u_tx_divcnt_reg_19_  CLK     D       hold_clk_rise   c     SE = 1
u_ctrl/u_tx_divcnt_reg_19_  CLK     D       setup_clk_rise  c     SE = 1
u_ctrl/u_tx_divcnt_reg_19_  CLK     SE      hold_clk_rise   c     SE = 1
u_ctrl/u_tx_divcnt_reg_19_  CLK     SE      setup_clk_rise  c     SE = 1
u_ctrl/u_tx_divcnt_reg_20_  CLK     D       hold_clk_rise   c     SE = 1
u_ctrl/u_tx_divcnt_reg_20_  CLK     D       setup_clk_rise  c     SE = 1
u_ctrl/u_tx_divcnt_reg_20_  CLK     SE      hold_clk_rise   c     SE = 1
u_ctrl/u_tx_divcnt_reg_20_  CLK     SE      setup_clk_rise  c     SE = 1
u_ctrl/u_aes/ct_q_reg_101_  CLK     D       hold_clk_rise   c     SE = 1
u_ctrl/u_aes/ct_q_reg_101_  CLK     D       setup_clk_rise  c     SE = 1
u_ctrl/u_aes/ct_q_reg_101_  CLK     SE      hold_clk_rise   c     SE = 1
u_ctrl/u_aes/ct_q_reg_101_  CLK     SE      setup_clk_rise  c     SE = 1
u_ctrl/u_aes/ct_q_reg_102_  CLK     D       hold_clk_rise   c     SE = 1
u_ctrl/u_aes/ct_q_reg_102_  CLK     D       setup_clk_rise  c     SE = 1
u_ctrl/u_aes/ct_q_reg_102_  CLK     SE      hold_clk_rise   c     SE = 1
u_ctrl/u_aes/ct_q_reg_102_  CLK     SE      setup_clk_rise  c     SE = 1
u_ctrl/u_aes/ct_q_reg_98_   CLK     D       hold_clk_rise   c     SE = 1
u_ctrl/u_aes/ct_q_reg_98_   CLK     D       setup_clk_rise  c     SE = 1
u_ctrl/u_aes/ct_q_reg_98_   CLK     SE      hold_clk_rise   c     SE = 1
u_ctrl/u_aes/ct_q_reg_98_   CLK     SE      setup_clk_rise  c     SE = 1
u_ctrl/u_aes/ct_q_reg_107_  CLK     D       hold_clk_rise   c     SE = 1
u_ctrl/u_aes/ct_q_reg_107_  CLK     D       setup_clk_rise  c     SE = 1
u_ctrl/u_aes/ct_q_reg_107_  CLK     SE      hold_clk_rise   c     SE = 1
u_ctrl/u_aes/ct_q_reg_107_  CLK     SE      setup_clk_rise  c     SE = 1
u_ctrl/u_aes/ct_q_reg_108_  CLK     D       hold_clk_rise   c     SE = 1
u_ctrl/u_aes/ct_q_reg_108_  CLK     D       setup_clk_rise  c     SE = 1
u_ctrl/u_aes/ct_q_reg_108_  CLK     SE      hold_clk_rise   c     SE = 1
u_ctrl/u_aes/ct_q_reg_108_  CLK     SE      setup_clk_rise  c     SE = 1
u_ctrl/u_aes/ct_q_reg_109_  CLK     D       hold_clk_rise   c     SE = 1
u_ctrl/u_aes/ct_q_reg_109_  CLK     D       setup_clk_rise  c     SE = 1
u_ctrl/u_aes/ct_q_reg_109_  CLK     SE      hold_clk_rise   c     SE = 1
u_ctrl/u_aes/ct_q_reg_109_  CLK     SE      setup_clk_rise  c     SE = 1
u_ctrl/u_aes/ct_q_reg_110_  CLK     D       hold_clk_rise   c     SE = 1
u_ctrl/u_aes/ct_q_reg_110_  CLK     D       setup_clk_rise  c     SE = 1
u_ctrl/u_aes/ct_q_reg_110_  CLK     SE      hold_clk_rise   c     SE = 1
u_ctrl/u_aes/ct_q_reg_110_  CLK     SE      setup_clk_rise  c     SE = 1
u_ctrl/u_aes/ct_q_reg_112_  CLK     D       hold_clk_rise   c     SE = 1
u_ctrl/u_aes/ct_q_reg_112_  CLK     D       setup_clk_rise  c     SE = 1
u_ctrl/u_aes/ct_q_reg_112_  CLK     SE      hold_clk_rise   c     SE = 1
u_ctrl/u_aes/ct_q_reg_112_  CLK     SE      setup_clk_rise  c     SE = 1
u_ctrl/u_aes/ct_q_reg_113_  CLK     D       hold_clk_rise   c     SE = 1
u_ctrl/u_aes/ct_q_reg_113_  CLK     D       setup_clk_rise  c     SE = 1
u_ctrl/u_aes/ct_q_reg_113_  CLK     SE      hold_clk_rise   c     SE = 1
u_ctrl/u_aes/ct_q_reg_113_  CLK     SE      setup_clk_rise  c     SE = 1
u_ctrl/u_aes/ct_q_reg_114_  CLK     D       hold_clk_rise   c     SE = 1
u_ctrl/u_aes/ct_q_reg_114_  CLK     D       setup_clk_rise  c     SE = 1
u_ctrl/u_aes/ct_q_reg_114_  CLK     SE      hold_clk_rise   c     SE = 1
u_ctrl/u_aes/ct_q_reg_114_  CLK     SE      setup_clk_rise  c     SE = 1
u_ctrl/u_aes/ct_q_reg_115_  CLK     D       hold_clk_rise   c     SE = 1
u_ctrl/u_aes/ct_q_reg_115_  CLK     D       setup_clk_rise  c     SE = 1
u_ctrl/u_aes/ct_q_reg_115_  CLK     SE      hold_clk_rise   c     SE = 1
u_ctrl/u_aes/ct_q_reg_115_  CLK     SE      setup_clk_rise  c     SE = 1
u_ctrl/u_aes/ct_q_reg_116_  CLK     D       hold_clk_rise   c     SE = 1
u_ctrl/u_aes/ct_q_reg_116_  CLK     D       setup_clk_rise  c     SE = 1
u_ctrl/u_aes/ct_q_reg_116_  CLK     SE      hold_clk_rise   c     SE = 1
u_ctrl/u_aes/ct_q_reg_116_  CLK     SE      setup_clk_rise  c     SE = 1
u_ctrl/u_aes/ct_q_reg_117_  CLK     D       hold_clk_rise   c     SE = 1
u_ctrl/u_aes/ct_q_reg_117_  CLK     D       setup_clk_rise  c     SE = 1
u_ctrl/u_aes/ct_q_reg_117_  CLK     SE      hold_clk_rise   c     SE = 1
u_ctrl/u_aes/ct_q_reg_117_  CLK     SE      setup_clk_rise  c     SE = 1
u_ctrl/u_aes/round_reg_1_   CLK     D       hold_clk_rise   c     SE = 1
u_ctrl/u_aes/round_reg_1_   CLK     D       setup_clk_rise  c     SE = 1
u_ctrl/u_aes/round_reg_1_   CLK     SE      hold_clk_rise   c     SE = 1
u_ctrl/u_aes/round_reg_1_   CLK     SE      setup_clk_rise  c     SE = 1
u_ctrl/u_aes/rk3_q_reg_15_  CLK     D       hold_clk_rise   c     SE = 1
u_ctrl/u_aes/rk3_q_reg_15_  CLK     D       setup_clk_rise  c     SE = 1
u_ctrl/u_aes/rk3_q_reg_15_  CLK     SE      hold_clk_rise   c     SE = 1
u_ctrl/u_aes/rk3_q_reg_15_  CLK     SE      setup_clk_rise  c     SE = 1
u_ctrl/u_aes/rk3_q_reg_4_   CLK     D       hold_clk_rise   c     SE = 1
u_ctrl/u_aes/rk3_q_reg_4_   CLK     D       setup_clk_rise  c     SE = 1
u_ctrl/u_aes/rk3_q_reg_4_   CLK     SE      hold_clk_rise   c     SE = 1
u_ctrl/u_aes/rk3_q_reg_4_   CLK     SE      setup_clk_rise  c     SE = 1
u_ctrl/u_aes/rk3_q_reg_7_   CLK     D       hold_clk_rise   c     SE = 1
u_ctrl/u_aes/rk3_q_reg_7_   CLK     D       setup_clk_rise  c     SE = 1
u_ctrl/u_aes/rk3_q_reg_7_   CLK     SE      hold_clk_rise   c     SE = 1
u_ctrl/u_aes/rk3_q_reg_7_   CLK     SE      setup_clk_rise  c     SE = 1
u_ctrl/u_aes/ct_q_reg_11_   CLK     D       hold_clk_rise   c     SE = 1
u_ctrl/u_aes/ct_q_reg_11_   CLK     D       setup_clk_rise  c     SE = 1
u_ctrl/u_aes/ct_q_reg_11_   CLK     SE      hold_clk_rise   c     SE = 1
u_ctrl/u_aes/ct_q_reg_11_   CLK     SE      setup_clk_rise  c     SE = 1
u_ctrl/u_aes/ct_q_reg_18_   CLK     D       hold_clk_rise   c     SE = 1
u_ctrl/u_aes/ct_q_reg_18_   CLK     D       setup_clk_rise  c     SE = 1
u_ctrl/u_aes/ct_q_reg_18_   CLK     SE      hold_clk_rise   c     SE = 1
u_ctrl/u_aes/ct_q_reg_18_   CLK     SE      setup_clk_rise  c     SE = 1
u_ctrl/u_aes/rk3_q_reg_29_  CLK     D       hold_clk_rise   c     SE = 1
u_ctrl/u_aes/rk3_q_reg_29_  CLK     D       setup_clk_rise  c     SE = 1
u_ctrl/u_aes/rk3_q_reg_29_  CLK     SE      hold_clk_rise   c     SE = 1
u_ctrl/u_aes/rk3_q_reg_29_  CLK     SE      setup_clk_rise  c     SE = 1
u_ctrl/u_aes/temp_q_reg_88_ CLK     D       hold_clk_rise   c     SE = 1
u_ctrl/u_aes/temp_q_reg_88_ CLK     D       setup_clk_rise  c     SE = 1
u_ctrl/u_aes/temp_q_reg_88_ CLK     SE      hold_clk_rise   c     SE = 1
u_ctrl/u_aes/temp_q_reg_88_ CLK     SE      setup_clk_rise  c     SE = 1
u_ctrl/u_aes/ct_q_reg_24_   CLK     D       hold_clk_rise   c     SE = 1
u_ctrl/u_aes/ct_q_reg_24_   CLK     D       setup_clk_rise  c     SE = 1
u_ctrl/u_aes/ct_q_reg_24_   CLK     SE      hold_clk_rise   c     SE = 1
u_ctrl/u_aes/ct_q_reg_24_   CLK     SE      setup_clk_rise  c     SE = 1
u_ctrl/u_aes/ct_q_reg_25_   CLK     D       hold_clk_rise   c     SE = 1
u_ctrl/u_aes/ct_q_reg_25_   CLK     D       setup_clk_rise  c     SE = 1
u_ctrl/u_aes/ct_q_reg_25_   CLK     SE      hold_clk_rise   c     SE = 1
u_ctrl/u_aes/ct_q_reg_25_   CLK     SE      setup_clk_rise  c     SE = 1
u_ctrl/u_aes/ct_q_reg_27_   CLK     D       hold_clk_rise   c     SE = 1
u_ctrl/u_aes/ct_q_reg_27_   CLK     D       setup_clk_rise  c     SE = 1
u_ctrl/u_aes/ct_q_reg_27_   CLK     SE      hold_clk_rise   c     SE = 1
u_ctrl/u_aes/ct_q_reg_27_   CLK     SE      setup_clk_rise  c     SE = 1
u_ctrl/u_aes/ct_q_reg_28_   CLK     D       hold_clk_rise   c     SE = 1
u_ctrl/u_aes/ct_q_reg_28_   CLK     D       setup_clk_rise  c     SE = 1
u_ctrl/u_aes/ct_q_reg_28_   CLK     SE      hold_clk_rise   c     SE = 1
u_ctrl/u_aes/ct_q_reg_28_   CLK     SE      setup_clk_rise  c     SE = 1
u_ctrl/u_aes/temp_q_reg_90_ CLK     D       hold_clk_rise   c     SE = 1
u_ctrl/u_aes/temp_q_reg_90_ CLK     D       setup_clk_rise  c     SE = 1
u_ctrl/u_aes/temp_q_reg_90_ CLK     SE      hold_clk_rise   c     SE = 1
u_ctrl/u_aes/temp_q_reg_90_ CLK     SE      setup_clk_rise  c     SE = 1
u_ctrl/u_aes/temp_q_reg_92_ CLK     D       hold_clk_rise   c     SE = 1
u_ctrl/u_aes/temp_q_reg_92_ CLK     D       setup_clk_rise  c     SE = 1
u_ctrl/u_aes/temp_q_reg_92_ CLK     SE      hold_clk_rise   c     SE = 1
u_ctrl/u_aes/temp_q_reg_92_ CLK     SE      setup_clk_rise  c     SE = 1
u_ctrl/u_aes/temp_q_reg_94_ CLK     D       hold_clk_rise   c     SE = 1
u_ctrl/u_aes/temp_q_reg_94_ CLK     D       setup_clk_rise  c     SE = 1
u_ctrl/u_aes/temp_q_reg_94_ CLK     SE      hold_clk_rise   c     SE = 1
u_ctrl/u_aes/temp_q_reg_94_ CLK     SE      setup_clk_rise  c     SE = 1
u_ctrl/u_aes/temp_q_reg_95_ CLK     D       hold_clk_rise   c     SE = 1
u_ctrl/u_aes/temp_q_reg_95_ CLK     D       setup_clk_rise  c     SE = 1
u_ctrl/u_aes/temp_q_reg_95_ CLK     SE      hold_clk_rise   c     SE = 1
u_ctrl/u_aes/temp_q_reg_95_ CLK     SE      setup_clk_rise  c     SE = 1
u_ctrl/u_aes/ct_q_reg_32_   CLK     D       hold_clk_rise   c     SE = 1
u_ctrl/u_aes/ct_q_reg_32_   CLK     D       setup_clk_rise  c     SE = 1
u_ctrl/u_aes/ct_q_reg_32_   CLK     SE      hold_clk_rise   c     SE = 1
u_ctrl/u_aes/ct_q_reg_32_   CLK     SE      setup_clk_rise  c     SE = 1
u_ctrl/u_aes/ct_q_reg_35_   CLK     D       hold_clk_rise   c     SE = 1
u_ctrl/u_aes/ct_q_reg_35_   CLK     D       setup_clk_rise  c     SE = 1
u_ctrl/u_aes/ct_q_reg_35_   CLK     SE      hold_clk_rise   c     SE = 1
u_ctrl/u_aes/ct_q_reg_35_   CLK     SE      setup_clk_rise  c     SE = 1
u_ctrl/u_aes/ct_q_reg_38_   CLK     D       hold_clk_rise   c     SE = 1
u_ctrl/u_aes/ct_q_reg_38_   CLK     D       setup_clk_rise  c     SE = 1
u_ctrl/u_aes/ct_q_reg_38_   CLK     SE      hold_clk_rise   c     SE = 1
u_ctrl/u_aes/ct_q_reg_38_   CLK     SE      setup_clk_rise  c     SE = 1
u_ctrl/u_aes/ct_q_reg_39_   CLK     D       hold_clk_rise   c     SE = 1
u_ctrl/u_aes/ct_q_reg_39_   CLK     D       setup_clk_rise  c     SE = 1
u_ctrl/u_aes/ct_q_reg_39_   CLK     SE      hold_clk_rise   c     SE = 1
u_ctrl/u_aes/ct_q_reg_39_   CLK     SE      setup_clk_rise  c     SE = 1
u_ctrl/u_aes/phase_reg_0_   CLK     D       hold_clk_rise   c     SE = 1
u_ctrl/u_aes/phase_reg_0_   CLK     D       setup_clk_rise  c     SE = 1
u_ctrl/u_aes/phase_reg_0_   CLK     SE      hold_clk_rise   c     SE = 1
u_ctrl/u_aes/phase_reg_0_   CLK     SE      setup_clk_rise  c     SE = 1
u_ctrl/u_aes/ct_q_reg_40_   CLK     D       hold_clk_rise   c     SE = 1
u_ctrl/u_aes/ct_q_reg_40_   CLK     D       setup_clk_rise  c     SE = 1
u_ctrl/u_aes/ct_q_reg_40_   CLK     SE      hold_clk_rise   c     SE = 1
u_ctrl/u_aes/ct_q_reg_40_   CLK     SE      setup_clk_rise  c     SE = 1
u_ctrl/u_aes/ct_q_reg_42_   CLK     D       hold_clk_rise   c     SE = 1
u_ctrl/u_aes/ct_q_reg_42_   CLK     D       setup_clk_rise  c     SE = 1
u_ctrl/u_aes/ct_q_reg_42_   CLK     SE      hold_clk_rise   c     SE = 1
u_ctrl/u_aes/ct_q_reg_42_   CLK     SE      setup_clk_rise  c     SE = 1
u_ctrl/u_aes/ct_q_reg_44_   CLK     D       hold_clk_rise   c     SE = 1
u_ctrl/u_aes/ct_q_reg_44_   CLK     D       setup_clk_rise  c     SE = 1
u_ctrl/u_aes/ct_q_reg_44_   CLK     SE      hold_clk_rise   c     SE = 1
u_ctrl/u_aes/ct_q_reg_44_   CLK     SE      setup_clk_rise  c     SE = 1
u_ctrl/u_aes/ct_q_reg_46_   CLK     D       hold_clk_rise   c     SE = 1
u_ctrl/u_aes/ct_q_reg_46_   CLK     D       setup_clk_rise  c     SE = 1
u_ctrl/u_aes/ct_q_reg_46_   CLK     SE      hold_clk_rise   c     SE = 1
u_ctrl/u_aes/ct_q_reg_46_   CLK     SE      setup_clk_rise  c     SE = 1
u_ctrl/u_aes/ct_q_reg_48_   CLK     D       hold_clk_rise   c     SE = 1
u_ctrl/u_aes/ct_q_reg_48_   CLK     D       setup_clk_rise  c     SE = 1
u_ctrl/u_aes/ct_q_reg_48_   CLK     SE      hold_clk_rise   c     SE = 1
u_ctrl/u_aes/ct_q_reg_48_   CLK     SE      setup_clk_rise  c     SE = 1
u_ctrl/u_aes/ct_q_reg_0_    CLK     D       hold_clk_rise   c     SE = 1
u_ctrl/u_aes/ct_q_reg_0_    CLK     D       setup_clk_rise  c     SE = 1
u_ctrl/u_aes/ct_q_reg_0_    CLK     SE      hold_clk_rise   c     SE = 1
u_ctrl/u_aes/ct_q_reg_0_    CLK     SE      setup_clk_rise  c     SE = 1
u_ctrl/u_aes/ct_q_reg_2_    CLK     D       hold_clk_rise   c     SE = 1
u_ctrl/u_aes/ct_q_reg_2_    CLK     D       setup_clk_rise  c     SE = 1
u_ctrl/u_aes/ct_q_reg_2_    CLK     SE      hold_clk_rise   c     SE = 1
u_ctrl/u_aes/ct_q_reg_2_    CLK     SE      setup_clk_rise  c     SE = 1
u_ctrl/u_aes/ct_q_reg_3_    CLK     D       hold_clk_rise   c     SE = 1
u_ctrl/u_aes/ct_q_reg_3_    CLK     D       setup_clk_rise  c     SE = 1
u_ctrl/u_aes/ct_q_reg_3_    CLK     SE      hold_clk_rise   c     SE = 1
u_ctrl/u_aes/ct_q_reg_3_    CLK     SE      setup_clk_rise  c     SE = 1
u_ctrl/u_aes/ct_q_reg_4_    CLK     D       hold_clk_rise   c     SE = 1
u_ctrl/u_aes/ct_q_reg_4_    CLK     D       setup_clk_rise  c     SE = 1
u_ctrl/u_aes/ct_q_reg_4_    CLK     SE      hold_clk_rise   c     SE = 1
u_ctrl/u_aes/ct_q_reg_4_    CLK     SE      setup_clk_rise  c     SE = 1
u_ctrl/u_aes/ct_q_reg_6_    CLK     D       hold_clk_rise   c     SE = 1
u_ctrl/u_aes/ct_q_reg_6_    CLK     D       setup_clk_rise  c     SE = 1
u_ctrl/u_aes/ct_q_reg_6_    CLK     SE      hold_clk_rise   c     SE = 1
u_ctrl/u_aes/ct_q_reg_6_    CLK     SE      setup_clk_rise  c     SE = 1
u_ctrl/u_aes/ct_q_reg_9_    CLK     D       hold_clk_rise   c     SE = 1
u_ctrl/u_aes/ct_q_reg_9_    CLK     D       setup_clk_rise  c     SE = 1
u_ctrl/u_aes/ct_q_reg_9_    CLK     SE      hold_clk_rise   c     SE = 1
u_ctrl/u_aes/ct_q_reg_9_    CLK     SE      setup_clk_rise  c     SE = 1
u_ctrl/u_aes/ct_q_reg_55_   CLK     D       hold_clk_rise   c     SE = 1
u_ctrl/u_aes/ct_q_reg_55_   CLK     D       setup_clk_rise  c     SE = 1
u_ctrl/u_aes/ct_q_reg_55_   CLK     SE      hold_clk_rise   c     SE = 1
u_ctrl/u_aes/ct_q_reg_55_   CLK     SE      setup_clk_rise  c     SE = 1
u_ctrl/u_aes/ct_q_reg_57_   CLK     D       hold_clk_rise   c     SE = 1
u_ctrl/u_aes/ct_q_reg_57_   CLK     D       setup_clk_rise  c     SE = 1
u_ctrl/u_aes/ct_q_reg_57_   CLK     SE      hold_clk_rise   c     SE = 1
u_ctrl/u_aes/ct_q_reg_57_   CLK     SE      setup_clk_rise  c     SE = 1
u_ctrl/u_aes/ct_q_reg_58_   CLK     D       hold_clk_rise   c     SE = 1
u_ctrl/u_aes/ct_q_reg_58_   CLK     D       setup_clk_rise  c     SE = 1
u_ctrl/u_aes/ct_q_reg_58_   CLK     SE      hold_clk_rise   c     SE = 1
u_ctrl/u_aes/ct_q_reg_58_   CLK     SE      setup_clk_rise  c     SE = 1
u_ctrl/u_aes/ct_q_reg_59_   CLK     D       hold_clk_rise   c     SE = 1
u_ctrl/u_aes/ct_q_reg_59_   CLK     D       setup_clk_rise  c     SE = 1
u_ctrl/u_aes/ct_q_reg_59_   CLK     SE      hold_clk_rise   c     SE = 1
u_ctrl/u_aes/ct_q_reg_59_   CLK     SE      setup_clk_rise  c     SE = 1
u_ctrl/u_aes/ct_q_reg_60_   CLK     D       hold_clk_rise   c     SE = 1
u_ctrl/u_aes/ct_q_reg_60_   CLK     D       setup_clk_rise  c     SE = 1
u_ctrl/u_aes/ct_q_reg_60_   CLK     SE      hold_clk_rise   c     SE = 1
u_ctrl/u_aes/ct_q_reg_60_   CLK     SE      setup_clk_rise  c     SE = 1
u_ctrl/u_aes/ct_q_reg_61_   CLK     D       hold_clk_rise   c     SE = 1
u_ctrl/u_aes/ct_q_reg_61_   CLK     D       setup_clk_rise  c     SE = 1
u_ctrl/u_aes/ct_q_reg_61_   CLK     SE      hold_clk_rise   c     SE = 1
u_ctrl/u_aes/ct_q_reg_61_   CLK     SE      setup_clk_rise  c     SE = 1
u_ctrl/u_aes/ct_q_reg_64_   CLK     D       hold_clk_rise   c     SE = 1
u_ctrl/u_aes/ct_q_reg_64_   CLK     D       setup_clk_rise  c     SE = 1
u_ctrl/u_aes/ct_q_reg_64_   CLK     SE      hold_clk_rise   c     SE = 1
u_ctrl/u_aes/ct_q_reg_64_   CLK     SE      setup_clk_rise  c     SE = 1
u_ctrl/u_aes/ct_q_reg_67_   CLK     D       hold_clk_rise   c     SE = 1
u_ctrl/u_aes/ct_q_reg_67_   CLK     D       setup_clk_rise  c     SE = 1
u_ctrl/u_aes/ct_q_reg_67_   CLK     SE      hold_clk_rise   c     SE = 1
u_ctrl/u_aes/ct_q_reg_67_   CLK     SE      setup_clk_rise  c     SE = 1
u_ctrl/u_aes/ct_q_reg_68_   CLK     D       hold_clk_rise   c     SE = 1
u_ctrl/u_aes/ct_q_reg_68_   CLK     D       setup_clk_rise  c     SE = 1
u_ctrl/u_aes/ct_q_reg_68_   CLK     SE      hold_clk_rise   c     SE = 1
u_ctrl/u_aes/ct_q_reg_68_   CLK     SE      setup_clk_rise  c     SE = 1
u_ctrl/u_aes/temp_q_reg_25_ CLK     D       hold_clk_rise   c     SE = 1
u_ctrl/u_aes/temp_q_reg_25_ CLK     D       setup_clk_rise  c     SE = 1
u_ctrl/u_aes/temp_q_reg_25_ CLK     SE      hold_clk_rise   c     SE = 1
u_ctrl/u_aes/temp_q_reg_25_ CLK     SE      setup_clk_rise  c     SE = 1
u_ctrl/u_aes/ct_q_reg_70_   CLK     D       hold_clk_rise   c     SE = 1
u_ctrl/u_aes/ct_q_reg_70_   CLK     D       setup_clk_rise  c     SE = 1
u_ctrl/u_aes/ct_q_reg_70_   CLK     SE      hold_clk_rise   c     SE = 1
u_ctrl/u_aes/ct_q_reg_70_   CLK     SE      setup_clk_rise  c     SE = 1
u_ctrl/u_aes/ct_q_reg_72_   CLK     D       hold_clk_rise   c     SE = 1
u_ctrl/u_aes/ct_q_reg_72_   CLK     D       setup_clk_rise  c     SE = 1
u_ctrl/u_aes/ct_q_reg_72_   CLK     SE      hold_clk_rise   c     SE = 1
u_ctrl/u_aes/ct_q_reg_72_   CLK     SE      setup_clk_rise  c     SE = 1
u_ctrl/u_aes/ct_q_reg_76_   CLK     D       hold_clk_rise   c     SE = 1
u_ctrl/u_aes/ct_q_reg_76_   CLK     D       setup_clk_rise  c     SE = 1
u_ctrl/u_aes/ct_q_reg_76_   CLK     SE      hold_clk_rise   c     SE = 1
u_ctrl/u_aes/ct_q_reg_76_   CLK     SE      setup_clk_rise  c     SE = 1
u_ctrl/u_aes/ct_q_reg_78_   CLK     D       hold_clk_rise   c     SE = 1
u_ctrl/u_aes/ct_q_reg_78_   CLK     D       setup_clk_rise  c     SE = 1
u_ctrl/u_aes/ct_q_reg_78_   CLK     SE      hold_clk_rise   c     SE = 1
u_ctrl/u_aes/ct_q_reg_78_   CLK     SE      setup_clk_rise  c     SE = 1
u_ctrl/u_aes/ct_q_reg_79_   CLK     D       hold_clk_rise   c     SE = 1
u_ctrl/u_aes/ct_q_reg_79_   CLK     D       setup_clk_rise  c     SE = 1
u_ctrl/u_aes/ct_q_reg_79_   CLK     SE      hold_clk_rise   c     SE = 1
u_ctrl/u_aes/ct_q_reg_79_   CLK     SE      setup_clk_rise  c     SE = 1
u_ctrl/u_aes/ct_q_reg_81_   CLK     D       hold_clk_rise   c     SE = 1
u_ctrl/u_aes/ct_q_reg_81_   CLK     D       setup_clk_rise  c     SE = 1
u_ctrl/u_aes/ct_q_reg_81_   CLK     SE      hold_clk_rise   c     SE = 1
u_ctrl/u_aes/ct_q_reg_81_   CLK     SE      setup_clk_rise  c     SE = 1
u_ctrl/u_aes/ct_q_reg_85_   CLK     D       hold_clk_rise   c     SE = 1
u_ctrl/u_aes/ct_q_reg_85_   CLK     D       setup_clk_rise  c     SE = 1
u_ctrl/u_aes/ct_q_reg_85_   CLK     SE      hold_clk_rise   c     SE = 1
u_ctrl/u_aes/ct_q_reg_85_   CLK     SE      setup_clk_rise  c     SE = 1
u_ctrl/u_aes/ct_q_reg_86_   CLK     D       hold_clk_rise   c     SE = 1
u_ctrl/u_aes/ct_q_reg_86_   CLK     D       setup_clk_rise  c     SE = 1
u_ctrl/u_aes/ct_q_reg_86_   CLK     SE      hold_clk_rise   c     SE = 1
u_ctrl/u_aes/ct_q_reg_86_   CLK     SE      setup_clk_rise  c     SE = 1
u_ctrl/u_aes/ct_q_reg_87_   CLK     D       hold_clk_rise   c     SE = 1
u_ctrl/u_aes/ct_q_reg_87_   CLK     D       setup_clk_rise  c     SE = 1
u_ctrl/u_aes/ct_q_reg_87_   CLK     SE      hold_clk_rise   c     SE = 1
u_ctrl/u_aes/ct_q_reg_87_   CLK     SE      setup_clk_rise  c     SE = 1
u_ctrl/u_aes/ct_q_reg_88_   CLK     D       hold_clk_rise   c     SE = 1
u_ctrl/u_aes/ct_q_reg_88_   CLK     D       setup_clk_rise  c     SE = 1
u_ctrl/u_aes/ct_q_reg_88_   CLK     SE      hold_clk_rise   c     SE = 1
u_ctrl/u_aes/ct_q_reg_88_   CLK     SE      setup_clk_rise  c     SE = 1
u_ctrl/u_aes/ct_q_reg_89_   CLK     D       hold_clk_rise   c     SE = 1
u_ctrl/u_aes/ct_q_reg_89_   CLK     D       setup_clk_rise  c     SE = 1
u_ctrl/u_aes/ct_q_reg_89_   CLK     SE      hold_clk_rise   c     SE = 1
u_ctrl/u_aes/ct_q_reg_89_   CLK     SE      setup_clk_rise  c     SE = 1
u_ctrl/u_rx_divcnt_reg_16_  CLK     D       hold_clk_rise   c     SE = 1
u_ctrl/u_rx_divcnt_reg_16_  CLK     D       setup_clk_rise  c     SE = 1
u_ctrl/u_rx_divcnt_reg_16_  CLK     SE      hold_clk_rise   c     SE = 1
u_ctrl/u_rx_divcnt_reg_16_  CLK     SE      setup_clk_rise  c     SE = 1
u_ctrl/u_tx_divcnt_reg_21_  CLK     D       hold_clk_rise   c     SE = 1
u_ctrl/u_tx_divcnt_reg_21_  CLK     D       setup_clk_rise  c     SE = 1
u_ctrl/u_tx_divcnt_reg_21_  CLK     SE      hold_clk_rise   c     SE = 1
u_ctrl/u_tx_divcnt_reg_21_  CLK     SE      setup_clk_rise  c     SE = 1
u_ctrl/u_tx_divcnt_reg_22_  CLK     D       hold_clk_rise   c     SE = 1
u_ctrl/u_tx_divcnt_reg_22_  CLK     D       setup_clk_rise  c     SE = 1
u_ctrl/u_tx_divcnt_reg_22_  CLK     SE      hold_clk_rise   c     SE = 1
u_ctrl/u_tx_divcnt_reg_22_  CLK     SE      setup_clk_rise  c     SE = 1
u_ctrl/u_aes/round_reg_0_   CLK     D       hold_clk_rise   c     SE = 1
u_ctrl/u_aes/round_reg_0_   CLK     D       setup_clk_rise  c     SE = 1
u_ctrl/u_aes/round_reg_0_   CLK     SE      hold_clk_rise   c     SE = 1
u_ctrl/u_aes/round_reg_0_   CLK     SE      setup_clk_rise  c     SE = 1
u_ctrl/u_aes/round_reg_2_   CLK     D       hold_clk_rise   c     SE = 1
u_ctrl/u_aes/round_reg_2_   CLK     D       setup_clk_rise  c     SE = 1
u_ctrl/u_aes/round_reg_2_   CLK     SE      hold_clk_rise   c     SE = 1
u_ctrl/u_aes/round_reg_2_   CLK     SE      setup_clk_rise  c     SE = 1
u_ctrl/u_aes/round_reg_3_   CLK     D       hold_clk_rise   c     SE = 1
u_ctrl/u_aes/round_reg_3_   CLK     D       setup_clk_rise  c     SE = 1
u_ctrl/u_aes/round_reg_3_   CLK     SE      hold_clk_rise   c     SE = 1
u_ctrl/u_aes/round_reg_3_   CLK     SE      setup_clk_rise  c     SE = 1
u_ctrl/u_aes/ct_q_reg_15_   CLK     D       hold_clk_rise   c     SE = 1
u_ctrl/u_aes/ct_q_reg_15_   CLK     D       setup_clk_rise  c     SE = 1
u_ctrl/u_aes/ct_q_reg_15_   CLK     SE      hold_clk_rise   c     SE = 1
u_ctrl/u_aes/ct_q_reg_15_   CLK     SE      setup_clk_rise  c     SE = 1
u_ctrl/u_aes/rk2_q_reg_11_  CLK     D       hold_clk_rise   c     SE = 1
u_ctrl/u_aes/rk2_q_reg_11_  CLK     D       setup_clk_rise  c     SE = 1
u_ctrl/u_aes/rk2_q_reg_11_  CLK     SE      hold_clk_rise   c     SE = 1
u_ctrl/u_aes/rk2_q_reg_11_  CLK     SE      setup_clk_rise  c     SE = 1
u_ctrl/u_aes/rk2_q_reg_12_  CLK     D       hold_clk_rise   c     SE = 1
u_ctrl/u_aes/rk2_q_reg_12_  CLK     D       setup_clk_rise  c     SE = 1
u_ctrl/u_aes/rk2_q_reg_12_  CLK     SE      hold_clk_rise   c     SE = 1
u_ctrl/u_aes/rk2_q_reg_12_  CLK     SE      setup_clk_rise  c     SE = 1
u_ctrl/u_aes/rk2_q_reg_13_  CLK     D       hold_clk_rise   c     SE = 1
u_ctrl/u_aes/rk2_q_reg_13_  CLK     D       setup_clk_rise  c     SE = 1
u_ctrl/u_aes/rk2_q_reg_13_  CLK     SE      hold_clk_rise   c     SE = 1
u_ctrl/u_aes/rk2_q_reg_13_  CLK     SE      setup_clk_rise  c     SE = 1
u_ctrl/u_aes/rk2_q_reg_14_  CLK     D       hold_clk_rise   c     SE = 1
u_ctrl/u_aes/rk2_q_reg_14_  CLK     D       setup_clk_rise  c     SE = 1
u_ctrl/u_aes/rk2_q_reg_14_  CLK     SE      hold_clk_rise   c     SE = 1
u_ctrl/u_aes/rk2_q_reg_14_  CLK     SE      setup_clk_rise  c     SE = 1
u_ctrl/u_aes/rk2_q_reg_16_  CLK     D       hold_clk_rise   c     SE = 1
u_ctrl/u_aes/rk2_q_reg_16_  CLK     D       setup_clk_rise  c     SE = 1
u_ctrl/u_aes/rk2_q_reg_16_  CLK     SE      hold_clk_rise   c     SE = 1
u_ctrl/u_aes/rk2_q_reg_16_  CLK     SE      setup_clk_rise  c     SE = 1
u_ctrl/u_aes/rk2_q_reg_17_  CLK     D       hold_clk_rise   c     SE = 1
u_ctrl/u_aes/rk2_q_reg_17_  CLK     D       setup_clk_rise  c     SE = 1
u_ctrl/u_aes/rk2_q_reg_17_  CLK     SE      hold_clk_rise   c     SE = 1
u_ctrl/u_aes/rk2_q_reg_17_  CLK     SE      setup_clk_rise  c     SE = 1
u_ctrl/u_aes/ct_q_reg_21_   CLK     D       hold_clk_rise   c     SE = 1
u_ctrl/u_aes/ct_q_reg_21_   CLK     D       setup_clk_rise  c     SE = 1
u_ctrl/u_aes/ct_q_reg_21_   CLK     SE      hold_clk_rise   c     SE = 1
u_ctrl/u_aes/ct_q_reg_21_   CLK     SE      setup_clk_rise  c     SE = 1
u_ctrl/u_aes/rk2_q_reg_4_   CLK     D       hold_clk_rise   c     SE = 1
u_ctrl/u_aes/rk2_q_reg_4_   CLK     D       setup_clk_rise  c     SE = 1
u_ctrl/u_aes/rk2_q_reg_4_   CLK     SE      hold_clk_rise   c     SE = 1
u_ctrl/u_aes/rk2_q_reg_4_   CLK     SE      setup_clk_rise  c     SE = 1
u_ctrl/u_aes/rk2_q_reg_5_   CLK     D       hold_clk_rise   c     SE = 1
u_ctrl/u_aes/rk2_q_reg_5_   CLK     D       setup_clk_rise  c     SE = 1
u_ctrl/u_aes/rk2_q_reg_5_   CLK     SE      hold_clk_rise   c     SE = 1
u_ctrl/u_aes/rk2_q_reg_5_   CLK     SE      setup_clk_rise  c     SE = 1
u_ctrl/u_aes/ct_q_reg_23_   CLK     D       hold_clk_rise   c     SE = 1
u_ctrl/u_aes/ct_q_reg_23_   CLK     D       setup_clk_rise  c     SE = 1
u_ctrl/u_aes/ct_q_reg_23_   CLK     SE      hold_clk_rise   c     SE = 1
u_ctrl/u_aes/ct_q_reg_23_   CLK     SE      setup_clk_rise  c     SE = 1
u_ctrl/u_aes/rk2_q_reg_20_  CLK     D       hold_clk_rise   c     SE = 1
u_ctrl/u_aes/rk2_q_reg_20_  CLK     D       setup_clk_rise  c     SE = 1
u_ctrl/u_aes/rk2_q_reg_20_  CLK     SE      hold_clk_rise   c     SE = 1
u_ctrl/u_aes/rk2_q_reg_20_  CLK     SE      setup_clk_rise  c     SE = 1
u_ctrl/u_aes/rk2_q_reg_21_  CLK     D       hold_clk_rise   c     SE = 1
u_ctrl/u_aes/rk2_q_reg_21_  CLK     D       setup_clk_rise  c     SE = 1
u_ctrl/u_aes/rk2_q_reg_21_  CLK     SE      hold_clk_rise   c     SE = 1
u_ctrl/u_aes/rk2_q_reg_21_  CLK     SE      setup_clk_rise  c     SE = 1
u_ctrl/u_aes/rk2_q_reg_23_  CLK     D       hold_clk_rise   c     SE = 1
u_ctrl/u_aes/rk2_q_reg_23_  CLK     D       setup_clk_rise  c     SE = 1
u_ctrl/u_aes/rk2_q_reg_23_  CLK     SE      hold_clk_rise   c     SE = 1
u_ctrl/u_aes/rk2_q_reg_23_  CLK     SE      setup_clk_rise  c     SE = 1
u_ctrl/u_aes/rk2_q_reg_24_  CLK     D       hold_clk_rise   c     SE = 1
u_ctrl/u_aes/rk2_q_reg_24_  CLK     D       setup_clk_rise  c     SE = 1
u_ctrl/u_aes/rk2_q_reg_24_  CLK     SE      hold_clk_rise   c     SE = 1
u_ctrl/u_aes/rk2_q_reg_24_  CLK     SE      setup_clk_rise  c     SE = 1
u_ctrl/u_aes/rk2_q_reg_25_  CLK     D       hold_clk_rise   c     SE = 1
u_ctrl/u_aes/rk2_q_reg_25_  CLK     D       setup_clk_rise  c     SE = 1
u_ctrl/u_aes/rk2_q_reg_25_  CLK     SE      hold_clk_rise   c     SE = 1
u_ctrl/u_aes/rk2_q_reg_25_  CLK     SE      setup_clk_rise  c     SE = 1
u_ctrl/u_aes/temp_q_reg_93_ CLK     D       hold_clk_rise   c     SE = 1
u_ctrl/u_aes/temp_q_reg_93_ CLK     D       setup_clk_rise  c     SE = 1
u_ctrl/u_aes/temp_q_reg_93_ CLK     SE      hold_clk_rise   c     SE = 1
u_ctrl/u_aes/temp_q_reg_93_ CLK     SE      setup_clk_rise  c     SE = 1
u_ctrl/u_aes/ct_q_reg_33_   CLK     D       hold_clk_rise   c     SE = 1
u_ctrl/u_aes/ct_q_reg_33_   CLK     D       setup_clk_rise  c     SE = 1
u_ctrl/u_aes/ct_q_reg_33_   CLK     SE      hold_clk_rise   c     SE = 1
u_ctrl/u_aes/ct_q_reg_33_   CLK     SE      setup_clk_rise  c     SE = 1
u_ctrl/u_aes/ct_q_reg_34_   CLK     D       hold_clk_rise   c     SE = 1
u_ctrl/u_aes/ct_q_reg_34_   CLK     D       setup_clk_rise  c     SE = 1
u_ctrl/u_aes/ct_q_reg_34_   CLK     SE      hold_clk_rise   c     SE = 1
u_ctrl/u_aes/ct_q_reg_34_   CLK     SE      setup_clk_rise  c     SE = 1
u_ctrl/u_aes/ct_q_reg_45_   CLK     D       hold_clk_rise   c     SE = 1
u_ctrl/u_aes/ct_q_reg_45_   CLK     D       setup_clk_rise  c     SE = 1
u_ctrl/u_aes/ct_q_reg_45_   CLK     SE      hold_clk_rise   c     SE = 1
u_ctrl/u_aes/ct_q_reg_45_   CLK     SE      setup_clk_rise  c     SE = 1
u_ctrl/u_aes/ct_q_reg_47_   CLK     D       hold_clk_rise   c     SE = 1
u_ctrl/u_aes/ct_q_reg_47_   CLK     D       setup_clk_rise  c     SE = 1
u_ctrl/u_aes/ct_q_reg_47_   CLK     SE      hold_clk_rise   c     SE = 1
u_ctrl/u_aes/ct_q_reg_47_   CLK     SE      setup_clk_rise  c     SE = 1
u_ctrl/u_aes/ct_q_reg_49_   CLK     D       hold_clk_rise   c     SE = 1
u_ctrl/u_aes/ct_q_reg_49_   CLK     D       setup_clk_rise  c     SE = 1
u_ctrl/u_aes/ct_q_reg_49_   CLK     SE      hold_clk_rise   c     SE = 1
u_ctrl/u_aes/ct_q_reg_49_   CLK     SE      setup_clk_rise  c     SE = 1
u_ctrl/u_aes/ct_q_reg_52_   CLK     D       hold_clk_rise   c     SE = 1
u_ctrl/u_aes/ct_q_reg_52_   CLK     D       setup_clk_rise  c     SE = 1
u_ctrl/u_aes/ct_q_reg_52_   CLK     SE      hold_clk_rise   c     SE = 1
u_ctrl/u_aes/ct_q_reg_52_   CLK     SE      setup_clk_rise  c     SE = 1
u_ctrl/u_aes/ct_q_reg_53_   CLK     D       hold_clk_rise   c     SE = 1
u_ctrl/u_aes/ct_q_reg_53_   CLK     D       setup_clk_rise  c     SE = 1
u_ctrl/u_aes/ct_q_reg_53_   CLK     SE      hold_clk_rise   c     SE = 1
u_ctrl/u_aes/ct_q_reg_53_   CLK     SE      setup_clk_rise  c     SE = 1
u_ctrl/u_aes/ct_q_reg_54_   CLK     D       hold_clk_rise   c     SE = 1
u_ctrl/u_aes/ct_q_reg_54_   CLK     D       setup_clk_rise  c     SE = 1
u_ctrl/u_aes/ct_q_reg_54_   CLK     SE      hold_clk_rise   c     SE = 1
u_ctrl/u_aes/ct_q_reg_54_   CLK     SE      setup_clk_rise  c     SE = 1
u_ctrl/u_aes/ct_q_reg_74_   CLK     D       hold_clk_rise   c     SE = 1
u_ctrl/u_aes/ct_q_reg_74_   CLK     D       setup_clk_rise  c     SE = 1
u_ctrl/u_aes/ct_q_reg_74_   CLK     SE      hold_clk_rise   c     SE = 1
u_ctrl/u_aes/ct_q_reg_74_   CLK     SE      setup_clk_rise  c     SE = 1
u_ctrl/u_aes/busy_reg       CLK     D       hold_clk_rise   c     SE = 1
u_ctrl/u_aes/busy_reg       CLK     D       setup_clk_rise  c     SE = 1
u_ctrl/u_aes/busy_reg       CLK     SE      hold_clk_rise   c     SE = 1
u_ctrl/u_aes/busy_reg       CLK     SE      setup_clk_rise  c     SE = 1
u_ctrl/u_aes/rk1_q_reg_10_  CLK     D       hold_clk_rise   c     SE = 1
u_ctrl/u_aes/rk1_q_reg_10_  CLK     D       setup_clk_rise  c     SE = 1
u_ctrl/u_aes/rk1_q_reg_10_  CLK     SE      hold_clk_rise   c     SE = 1
u_ctrl/u_aes/rk1_q_reg_10_  CLK     SE      setup_clk_rise  c     SE = 1
u_ctrl/u_rx_divcnt_reg_17_  CLK     D       hold_clk_rise   c     SE = 1
u_ctrl/u_rx_divcnt_reg_17_  CLK     D       setup_clk_rise  c     SE = 1
u_ctrl/u_rx_divcnt_reg_17_  CLK     SE      hold_clk_rise   c     SE = 1
u_ctrl/u_rx_divcnt_reg_17_  CLK     SE      setup_clk_rise  c     SE = 1
u_ctrl/u_tx_divcnt_reg_23_  CLK     D       hold_clk_rise   c     SE = 1
u_ctrl/u_tx_divcnt_reg_23_  CLK     D       setup_clk_rise  c     SE = 1
u_ctrl/u_tx_divcnt_reg_23_  CLK     SE      hold_clk_rise   c     SE = 1
u_ctrl/u_tx_divcnt_reg_23_  CLK     SE      setup_clk_rise  c     SE = 1
u_ctrl/u_tx_divcnt_reg_24_  CLK     D       hold_clk_rise   c     SE = 1
u_ctrl/u_tx_divcnt_reg_24_  CLK     D       setup_clk_rise  c     SE = 1
u_ctrl/u_tx_divcnt_reg_24_  CLK     SE      hold_clk_rise   c     SE = 1
u_ctrl/u_tx_divcnt_reg_24_  CLK     SE      setup_clk_rise  c     SE = 1
u_ctrl/u_aes/rk1_q_reg_20_  CLK     D       hold_clk_rise   c     SE = 1
u_ctrl/u_aes/rk1_q_reg_20_  CLK     D       setup_clk_rise  c     SE = 1
u_ctrl/u_aes/rk1_q_reg_20_  CLK     SE      hold_clk_rise   c     SE = 1
u_ctrl/u_aes/rk1_q_reg_20_  CLK     SE      setup_clk_rise  c     SE = 1
u_ctrl/u_aes/next_rk0_q_reg_12_
                            CLK     D       hold_clk_rise   c     SE = 1
u_ctrl/u_aes/next_rk0_q_reg_12_
                            CLK     D       setup_clk_rise  c     SE = 1
u_ctrl/u_aes/next_rk0_q_reg_12_
                            CLK     SE      hold_clk_rise   c     SE = 1
u_ctrl/u_aes/next_rk0_q_reg_12_
                            CLK     SE      setup_clk_rise  c     SE = 1
u_ctrl/u_aes/next_rk0_q_reg_20_
                            CLK     D       hold_clk_rise   c     SE = 1
u_ctrl/u_aes/next_rk0_q_reg_20_
                            CLK     D       setup_clk_rise  c     SE = 1
u_ctrl/u_aes/next_rk0_q_reg_20_
                            CLK     SE      hold_clk_rise   c     SE = 1
u_ctrl/u_aes/next_rk0_q_reg_20_
                            CLK     SE      setup_clk_rise  c     SE = 1
u_ctrl/u_aes/rk2_q_reg_10_  CLK     D       hold_clk_rise   c     SE = 1
u_ctrl/u_aes/rk2_q_reg_10_  CLK     D       setup_clk_rise  c     SE = 1
u_ctrl/u_aes/rk2_q_reg_10_  CLK     SE      hold_clk_rise   c     SE = 1
u_ctrl/u_aes/rk2_q_reg_10_  CLK     SE      setup_clk_rise  c     SE = 1
u_ctrl/u_aes/rk2_q_reg_15_  CLK     D       hold_clk_rise   c     SE = 1
u_ctrl/u_aes/rk2_q_reg_15_  CLK     D       setup_clk_rise  c     SE = 1
u_ctrl/u_aes/rk2_q_reg_15_  CLK     SE      hold_clk_rise   c     SE = 1
u_ctrl/u_aes/rk2_q_reg_15_  CLK     SE      setup_clk_rise  c     SE = 1
u_ctrl/u_aes/rk2_q_reg_18_  CLK     D       hold_clk_rise   c     SE = 1
u_ctrl/u_aes/rk2_q_reg_18_  CLK     D       setup_clk_rise  c     SE = 1
u_ctrl/u_aes/rk2_q_reg_18_  CLK     SE      hold_clk_rise   c     SE = 1
u_ctrl/u_aes/rk2_q_reg_18_  CLK     SE      setup_clk_rise  c     SE = 1
u_ctrl/u_aes/rk2_q_reg_19_  CLK     D       hold_clk_rise   c     SE = 1
u_ctrl/u_aes/rk2_q_reg_19_  CLK     D       setup_clk_rise  c     SE = 1
u_ctrl/u_aes/rk2_q_reg_19_  CLK     SE      hold_clk_rise   c     SE = 1
u_ctrl/u_aes/rk2_q_reg_19_  CLK     SE      setup_clk_rise  c     SE = 1
u_ctrl/u_aes/rk2_q_reg_0_   CLK     D       hold_clk_rise   c     SE = 1
u_ctrl/u_aes/rk2_q_reg_0_   CLK     D       setup_clk_rise  c     SE = 1
u_ctrl/u_aes/rk2_q_reg_0_   CLK     SE      hold_clk_rise   c     SE = 1
u_ctrl/u_aes/rk2_q_reg_0_   CLK     SE      setup_clk_rise  c     SE = 1
u_ctrl/u_aes/rk2_q_reg_1_   CLK     D       hold_clk_rise   c     SE = 1
u_ctrl/u_aes/rk2_q_reg_1_   CLK     D       setup_clk_rise  c     SE = 1
u_ctrl/u_aes/rk2_q_reg_1_   CLK     SE      hold_clk_rise   c     SE = 1
u_ctrl/u_aes/rk2_q_reg_1_   CLK     SE      setup_clk_rise  c     SE = 1
u_ctrl/u_aes/rk2_q_reg_2_   CLK     D       hold_clk_rise   c     SE = 1
u_ctrl/u_aes/rk2_q_reg_2_   CLK     D       setup_clk_rise  c     SE = 1
u_ctrl/u_aes/rk2_q_reg_2_   CLK     SE      hold_clk_rise   c     SE = 1
u_ctrl/u_aes/rk2_q_reg_2_   CLK     SE      setup_clk_rise  c     SE = 1
u_ctrl/u_aes/rk2_q_reg_3_   CLK     D       hold_clk_rise   c     SE = 1
u_ctrl/u_aes/rk2_q_reg_3_   CLK     D       setup_clk_rise  c     SE = 1
u_ctrl/u_aes/rk2_q_reg_3_   CLK     SE      hold_clk_rise   c     SE = 1
u_ctrl/u_aes/rk2_q_reg_3_   CLK     SE      setup_clk_rise  c     SE = 1
u_ctrl/u_aes/rk2_q_reg_6_   CLK     D       hold_clk_rise   c     SE = 1
u_ctrl/u_aes/rk2_q_reg_6_   CLK     D       setup_clk_rise  c     SE = 1
u_ctrl/u_aes/rk2_q_reg_6_   CLK     SE      hold_clk_rise   c     SE = 1
u_ctrl/u_aes/rk2_q_reg_6_   CLK     SE      setup_clk_rise  c     SE = 1
u_ctrl/u_aes/temp_q_reg_89_ CLK     D       hold_clk_rise   c     SE = 1
u_ctrl/u_aes/temp_q_reg_89_ CLK     D       setup_clk_rise  c     SE = 1
u_ctrl/u_aes/temp_q_reg_89_ CLK     SE      hold_clk_rise   c     SE = 1
u_ctrl/u_aes/temp_q_reg_89_ CLK     SE      setup_clk_rise  c     SE = 1
u_ctrl/u_aes/rk2_q_reg_7_   CLK     D       hold_clk_rise   c     SE = 1
u_ctrl/u_aes/rk2_q_reg_7_   CLK     D       setup_clk_rise  c     SE = 1
u_ctrl/u_aes/rk2_q_reg_7_   CLK     SE      hold_clk_rise   c     SE = 1
u_ctrl/u_aes/rk2_q_reg_7_   CLK     SE      setup_clk_rise  c     SE = 1
u_ctrl/u_aes/rk2_q_reg_8_   CLK     D       hold_clk_rise   c     SE = 1
u_ctrl/u_aes/rk2_q_reg_8_   CLK     D       setup_clk_rise  c     SE = 1
u_ctrl/u_aes/rk2_q_reg_8_   CLK     SE      hold_clk_rise   c     SE = 1
u_ctrl/u_aes/rk2_q_reg_8_   CLK     SE      setup_clk_rise  c     SE = 1
u_ctrl/u_aes/rk2_q_reg_9_   CLK     D       hold_clk_rise   c     SE = 1
u_ctrl/u_aes/rk2_q_reg_9_   CLK     D       setup_clk_rise  c     SE = 1
u_ctrl/u_aes/rk2_q_reg_9_   CLK     SE      hold_clk_rise   c     SE = 1
u_ctrl/u_aes/rk2_q_reg_9_   CLK     SE      setup_clk_rise  c     SE = 1
u_ctrl/u_aes/rk2_q_reg_27_  CLK     D       hold_clk_rise   c     SE = 1
u_ctrl/u_aes/rk2_q_reg_27_  CLK     D       setup_clk_rise  c     SE = 1
u_ctrl/u_aes/rk2_q_reg_27_  CLK     SE      hold_clk_rise   c     SE = 1
u_ctrl/u_aes/rk2_q_reg_27_  CLK     SE      setup_clk_rise  c     SE = 1
u_ctrl/u_aes/rk2_q_reg_29_  CLK     D       hold_clk_rise   c     SE = 1
u_ctrl/u_aes/rk2_q_reg_29_  CLK     D       setup_clk_rise  c     SE = 1
u_ctrl/u_aes/rk2_q_reg_29_  CLK     SE      hold_clk_rise   c     SE = 1
u_ctrl/u_aes/rk2_q_reg_29_  CLK     SE      setup_clk_rise  c     SE = 1
u_ctrl/u_aes/temp_q_reg_91_ CLK     D       hold_clk_rise   c     SE = 1
u_ctrl/u_aes/temp_q_reg_91_ CLK     D       setup_clk_rise  c     SE = 1
u_ctrl/u_aes/temp_q_reg_91_ CLK     SE      hold_clk_rise   c     SE = 1
u_ctrl/u_aes/temp_q_reg_91_ CLK     SE      setup_clk_rise  c     SE = 1
u_ctrl/u_aes/rk2_q_reg_31_  CLK     D       hold_clk_rise   c     SE = 1
u_ctrl/u_aes/rk2_q_reg_31_  CLK     D       setup_clk_rise  c     SE = 1
u_ctrl/u_aes/rk2_q_reg_31_  CLK     SE      hold_clk_rise   c     SE = 1
u_ctrl/u_aes/rk2_q_reg_31_  CLK     SE      setup_clk_rise  c     SE = 1
u_ctrl/u_aes/rk1_q_reg_7_   CLK     D       hold_clk_rise   c     SE = 1
u_ctrl/u_aes/rk1_q_reg_7_   CLK     D       setup_clk_rise  c     SE = 1
u_ctrl/u_aes/rk1_q_reg_7_   CLK     SE      hold_clk_rise   c     SE = 1
u_ctrl/u_aes/rk1_q_reg_7_   CLK     SE      setup_clk_rise  c     SE = 1
u_ctrl/u_aes/rk1_q_reg_9_   CLK     D       hold_clk_rise   c     SE = 1
u_ctrl/u_aes/rk1_q_reg_9_   CLK     D       setup_clk_rise  c     SE = 1
u_ctrl/u_aes/rk1_q_reg_9_   CLK     SE      hold_clk_rise   c     SE = 1
u_ctrl/u_aes/rk1_q_reg_9_   CLK     SE      setup_clk_rise  c     SE = 1
u_ctrl/u_aes/rk1_q_reg_13_  CLK     D       hold_clk_rise   c     SE = 1
u_ctrl/u_aes/rk1_q_reg_13_  CLK     D       setup_clk_rise  c     SE = 1
u_ctrl/u_aes/rk1_q_reg_13_  CLK     SE      hold_clk_rise   c     SE = 1
u_ctrl/u_aes/rk1_q_reg_13_  CLK     SE      setup_clk_rise  c     SE = 1
u_ctrl/u_aes/rk1_q_reg_14_  CLK     D       hold_clk_rise   c     SE = 1
u_ctrl/u_aes/rk1_q_reg_14_  CLK     D       setup_clk_rise  c     SE = 1
u_ctrl/u_aes/rk1_q_reg_14_  CLK     SE      hold_clk_rise   c     SE = 1
u_ctrl/u_aes/rk1_q_reg_14_  CLK     SE      setup_clk_rise  c     SE = 1
u_ctrl/u_aes/rk1_q_reg_17_  CLK     D       hold_clk_rise   c     SE = 1
u_ctrl/u_aes/rk1_q_reg_17_  CLK     D       setup_clk_rise  c     SE = 1
u_ctrl/u_aes/rk1_q_reg_17_  CLK     SE      hold_clk_rise   c     SE = 1
u_ctrl/u_aes/rk1_q_reg_17_  CLK     SE      setup_clk_rise  c     SE = 1
u_ctrl/u_aes/rk1_q_reg_18_  CLK     D       hold_clk_rise   c     SE = 1
u_ctrl/u_aes/rk1_q_reg_18_  CLK     D       setup_clk_rise  c     SE = 1
u_ctrl/u_aes/rk1_q_reg_18_  CLK     SE      hold_clk_rise   c     SE = 1
u_ctrl/u_aes/rk1_q_reg_18_  CLK     SE      setup_clk_rise  c     SE = 1
u_ctrl/u_rx_divcnt_reg_18_  CLK     D       hold_clk_rise   c     SE = 1
u_ctrl/u_rx_divcnt_reg_18_  CLK     D       setup_clk_rise  c     SE = 1
u_ctrl/u_rx_divcnt_reg_18_  CLK     SE      hold_clk_rise   c     SE = 1
u_ctrl/u_rx_divcnt_reg_18_  CLK     SE      setup_clk_rise  c     SE = 1
u_ctrl/u_tx_divcnt_reg_25_  CLK     D       hold_clk_rise   c     SE = 1
u_ctrl/u_tx_divcnt_reg_25_  CLK     D       setup_clk_rise  c     SE = 1
u_ctrl/u_tx_divcnt_reg_25_  CLK     SE      hold_clk_rise   c     SE = 1
u_ctrl/u_tx_divcnt_reg_25_  CLK     SE      setup_clk_rise  c     SE = 1
u_ctrl/u_tx_divcnt_reg_26_  CLK     D       hold_clk_rise   c     SE = 1
u_ctrl/u_tx_divcnt_reg_26_  CLK     D       setup_clk_rise  c     SE = 1
u_ctrl/u_tx_divcnt_reg_26_  CLK     SE      hold_clk_rise   c     SE = 1
u_ctrl/u_tx_divcnt_reg_26_  CLK     SE      setup_clk_rise  c     SE = 1
u_ctrl/u_aes/next_rk0_q_reg_8_
                            CLK     D       hold_clk_rise   c     SE = 1
u_ctrl/u_aes/next_rk0_q_reg_8_
                            CLK     D       setup_clk_rise  c     SE = 1
u_ctrl/u_aes/next_rk0_q_reg_8_
                            CLK     SE      hold_clk_rise   c     SE = 1
u_ctrl/u_aes/next_rk0_q_reg_8_
                            CLK     SE      setup_clk_rise  c     SE = 1
u_ctrl/u_aes/rk1_q_reg_21_  CLK     D       hold_clk_rise   c     SE = 1
u_ctrl/u_aes/rk1_q_reg_21_  CLK     D       setup_clk_rise  c     SE = 1
u_ctrl/u_aes/rk1_q_reg_21_  CLK     SE      hold_clk_rise   c     SE = 1
u_ctrl/u_aes/rk1_q_reg_21_  CLK     SE      setup_clk_rise  c     SE = 1
u_ctrl/u_aes/rk1_q_reg_26_  CLK     D       hold_clk_rise   c     SE = 1
u_ctrl/u_aes/rk1_q_reg_26_  CLK     D       setup_clk_rise  c     SE = 1
u_ctrl/u_aes/rk1_q_reg_26_  CLK     SE      hold_clk_rise   c     SE = 1
u_ctrl/u_aes/rk1_q_reg_26_  CLK     SE      setup_clk_rise  c     SE = 1
u_ctrl/u_aes/rk1_q_reg_27_  CLK     D       hold_clk_rise   c     SE = 1
u_ctrl/u_aes/rk1_q_reg_27_  CLK     D       setup_clk_rise  c     SE = 1
u_ctrl/u_aes/rk1_q_reg_27_  CLK     SE      hold_clk_rise   c     SE = 1
u_ctrl/u_aes/rk1_q_reg_27_  CLK     SE      setup_clk_rise  c     SE = 1
u_ctrl/u_aes/rk1_q_reg_28_  CLK     D       hold_clk_rise   c     SE = 1
u_ctrl/u_aes/rk1_q_reg_28_  CLK     D       setup_clk_rise  c     SE = 1
u_ctrl/u_aes/rk1_q_reg_28_  CLK     SE      hold_clk_rise   c     SE = 1
u_ctrl/u_aes/rk1_q_reg_28_  CLK     SE      setup_clk_rise  c     SE = 1
u_ctrl/u_aes/state_q_reg_70_
                            CLK     D       hold_clk_rise   c     SE = 1
u_ctrl/u_aes/state_q_reg_70_
                            CLK     D       setup_clk_rise  c     SE = 1
u_ctrl/u_aes/state_q_reg_70_
                            CLK     SE      hold_clk_rise   c     SE = 1
u_ctrl/u_aes/state_q_reg_70_
                            CLK     SE      setup_clk_rise  c     SE = 1
u_ctrl/u_aes/rk1_q_reg_29_  CLK     D       hold_clk_rise   c     SE = 1
u_ctrl/u_aes/rk1_q_reg_29_  CLK     D       setup_clk_rise  c     SE = 1
u_ctrl/u_aes/rk1_q_reg_29_  CLK     SE      hold_clk_rise   c     SE = 1
u_ctrl/u_aes/rk1_q_reg_29_  CLK     SE      setup_clk_rise  c     SE = 1
u_ctrl/u_aes/state_q_reg_71_
                            CLK     D       hold_clk_rise   c     SE = 1
u_ctrl/u_aes/state_q_reg_71_
                            CLK     D       setup_clk_rise  c     SE = 1
u_ctrl/u_aes/state_q_reg_71_
                            CLK     SE      hold_clk_rise   c     SE = 1
u_ctrl/u_aes/state_q_reg_71_
                            CLK     SE      setup_clk_rise  c     SE = 1
u_ctrl/u_aes/state_q_reg_75_
                            CLK     D       hold_clk_rise   c     SE = 1
u_ctrl/u_aes/state_q_reg_75_
                            CLK     D       setup_clk_rise  c     SE = 1
u_ctrl/u_aes/state_q_reg_75_
                            CLK     SE      hold_clk_rise   c     SE = 1
u_ctrl/u_aes/state_q_reg_75_
                            CLK     SE      setup_clk_rise  c     SE = 1
u_ctrl/u_aes/state_q_reg_79_
                            CLK     D       hold_clk_rise   c     SE = 1
u_ctrl/u_aes/state_q_reg_79_
                            CLK     D       setup_clk_rise  c     SE = 1
u_ctrl/u_aes/state_q_reg_79_
                            CLK     SE      hold_clk_rise   c     SE = 1
u_ctrl/u_aes/state_q_reg_79_
                            CLK     SE      setup_clk_rise  c     SE = 1
u_ctrl/u_aes/rk1_q_reg_30_  CLK     D       hold_clk_rise   c     SE = 1
u_ctrl/u_aes/rk1_q_reg_30_  CLK     D       setup_clk_rise  c     SE = 1
u_ctrl/u_aes/rk1_q_reg_30_  CLK     SE      hold_clk_rise   c     SE = 1
u_ctrl/u_aes/rk1_q_reg_30_  CLK     SE      setup_clk_rise  c     SE = 1
u_ctrl/u_aes/rk1_q_reg_31_  CLK     D       hold_clk_rise   c     SE = 1
u_ctrl/u_aes/rk1_q_reg_31_  CLK     D       setup_clk_rise  c     SE = 1
u_ctrl/u_aes/rk1_q_reg_31_  CLK     SE      hold_clk_rise   c     SE = 1
u_ctrl/u_aes/rk1_q_reg_31_  CLK     SE      setup_clk_rise  c     SE = 1
u_ctrl/u_aes/next_rk0_q_reg_10_
                            CLK     D       hold_clk_rise   c     SE = 1
u_ctrl/u_aes/next_rk0_q_reg_10_
                            CLK     D       setup_clk_rise  c     SE = 1
u_ctrl/u_aes/next_rk0_q_reg_10_
                            CLK     SE      hold_clk_rise   c     SE = 1
u_ctrl/u_aes/next_rk0_q_reg_10_
                            CLK     SE      setup_clk_rise  c     SE = 1
u_ctrl/u_aes/next_rk0_q_reg_13_
                            CLK     D       hold_clk_rise   c     SE = 1
u_ctrl/u_aes/next_rk0_q_reg_13_
                            CLK     D       setup_clk_rise  c     SE = 1
u_ctrl/u_aes/next_rk0_q_reg_13_
                            CLK     SE      hold_clk_rise   c     SE = 1
u_ctrl/u_aes/next_rk0_q_reg_13_
                            CLK     SE      setup_clk_rise  c     SE = 1
u_ctrl/u_aes/next_rk0_q_reg_16_
                            CLK     D       hold_clk_rise   c     SE = 1
u_ctrl/u_aes/next_rk0_q_reg_16_
                            CLK     D       setup_clk_rise  c     SE = 1
u_ctrl/u_aes/next_rk0_q_reg_16_
                            CLK     SE      hold_clk_rise   c     SE = 1
u_ctrl/u_aes/next_rk0_q_reg_16_
                            CLK     SE      setup_clk_rise  c     SE = 1
u_ctrl/u_aes/next_rk0_q_reg_18_
                            CLK     D       hold_clk_rise   c     SE = 1
u_ctrl/u_aes/next_rk0_q_reg_18_
                            CLK     D       setup_clk_rise  c     SE = 1
u_ctrl/u_aes/next_rk0_q_reg_18_
                            CLK     SE      hold_clk_rise   c     SE = 1
u_ctrl/u_aes/next_rk0_q_reg_18_
                            CLK     SE      setup_clk_rise  c     SE = 1
u_ctrl/u_aes/next_rk0_q_reg_22_
                            CLK     D       hold_clk_rise   c     SE = 1
u_ctrl/u_aes/next_rk0_q_reg_22_
                            CLK     D       setup_clk_rise  c     SE = 1
u_ctrl/u_aes/next_rk0_q_reg_22_
                            CLK     SE      hold_clk_rise   c     SE = 1
u_ctrl/u_aes/next_rk0_q_reg_22_
                            CLK     SE      setup_clk_rise  c     SE = 1
u_ctrl/u_aes/next_rk0_q_reg_28_
                            CLK     D       hold_clk_rise   c     SE = 1
u_ctrl/u_aes/next_rk0_q_reg_28_
                            CLK     D       setup_clk_rise  c     SE = 1
u_ctrl/u_aes/next_rk0_q_reg_28_
                            CLK     SE      hold_clk_rise   c     SE = 1
u_ctrl/u_aes/next_rk0_q_reg_28_
                            CLK     SE      setup_clk_rise  c     SE = 1
u_ctrl/u_aes/rk2_q_reg_22_  CLK     D       hold_clk_rise   c     SE = 1
u_ctrl/u_aes/rk2_q_reg_22_  CLK     D       setup_clk_rise  c     SE = 1
u_ctrl/u_aes/rk2_q_reg_22_  CLK     SE      hold_clk_rise   c     SE = 1
u_ctrl/u_aes/rk2_q_reg_22_  CLK     SE      setup_clk_rise  c     SE = 1
u_ctrl/u_aes/rk2_q_reg_26_  CLK     D       hold_clk_rise   c     SE = 1
u_ctrl/u_aes/rk2_q_reg_26_  CLK     D       setup_clk_rise  c     SE = 1
u_ctrl/u_aes/rk2_q_reg_26_  CLK     SE      hold_clk_rise   c     SE = 1
u_ctrl/u_aes/rk2_q_reg_26_  CLK     SE      setup_clk_rise  c     SE = 1
u_ctrl/u_aes/rk2_q_reg_28_  CLK     D       hold_clk_rise   c     SE = 1
u_ctrl/u_aes/rk2_q_reg_28_  CLK     D       setup_clk_rise  c     SE = 1
u_ctrl/u_aes/rk2_q_reg_28_  CLK     SE      hold_clk_rise   c     SE = 1
u_ctrl/u_aes/rk2_q_reg_28_  CLK     SE      setup_clk_rise  c     SE = 1
u_ctrl/u_aes/rk2_q_reg_30_  CLK     D       hold_clk_rise   c     SE = 1
u_ctrl/u_aes/rk2_q_reg_30_  CLK     D       setup_clk_rise  c     SE = 1
u_ctrl/u_aes/rk2_q_reg_30_  CLK     SE      hold_clk_rise   c     SE = 1
u_ctrl/u_aes/rk2_q_reg_30_  CLK     SE      setup_clk_rise  c     SE = 1
u_ctrl/u_aes/rk1_q_reg_0_   CLK     D       hold_clk_rise   c     SE = 1
u_ctrl/u_aes/rk1_q_reg_0_   CLK     D       setup_clk_rise  c     SE = 1
u_ctrl/u_aes/rk1_q_reg_0_   CLK     SE      hold_clk_rise   c     SE = 1
u_ctrl/u_aes/rk1_q_reg_0_   CLK     SE      setup_clk_rise  c     SE = 1
u_ctrl/u_aes/rk1_q_reg_1_   CLK     D       hold_clk_rise   c     SE = 1
u_ctrl/u_aes/rk1_q_reg_1_   CLK     D       setup_clk_rise  c     SE = 1
u_ctrl/u_aes/rk1_q_reg_1_   CLK     SE      hold_clk_rise   c     SE = 1
u_ctrl/u_aes/rk1_q_reg_1_   CLK     SE      setup_clk_rise  c     SE = 1
u_ctrl/u_aes/rk1_q_reg_2_   CLK     D       hold_clk_rise   c     SE = 1
u_ctrl/u_aes/rk1_q_reg_2_   CLK     D       setup_clk_rise  c     SE = 1
u_ctrl/u_aes/rk1_q_reg_2_   CLK     SE      hold_clk_rise   c     SE = 1
u_ctrl/u_aes/rk1_q_reg_2_   CLK     SE      setup_clk_rise  c     SE = 1
u_ctrl/u_aes/rk1_q_reg_3_   CLK     D       hold_clk_rise   c     SE = 1
u_ctrl/u_aes/rk1_q_reg_3_   CLK     D       setup_clk_rise  c     SE = 1
u_ctrl/u_aes/rk1_q_reg_3_   CLK     SE      hold_clk_rise   c     SE = 1
u_ctrl/u_aes/rk1_q_reg_3_   CLK     SE      setup_clk_rise  c     SE = 1
u_ctrl/u_aes/rk1_q_reg_4_   CLK     D       hold_clk_rise   c     SE = 1
u_ctrl/u_aes/rk1_q_reg_4_   CLK     D       setup_clk_rise  c     SE = 1
u_ctrl/u_aes/rk1_q_reg_4_   CLK     SE      hold_clk_rise   c     SE = 1
u_ctrl/u_aes/rk1_q_reg_4_   CLK     SE      setup_clk_rise  c     SE = 1
u_ctrl/u_aes/rk1_q_reg_5_   CLK     D       hold_clk_rise   c     SE = 1
u_ctrl/u_aes/rk1_q_reg_5_   CLK     D       setup_clk_rise  c     SE = 1
u_ctrl/u_aes/rk1_q_reg_5_   CLK     SE      hold_clk_rise   c     SE = 1
u_ctrl/u_aes/rk1_q_reg_5_   CLK     SE      setup_clk_rise  c     SE = 1
u_ctrl/u_aes/rk1_q_reg_6_   CLK     D       hold_clk_rise   c     SE = 1
u_ctrl/u_aes/rk1_q_reg_6_   CLK     D       setup_clk_rise  c     SE = 1
u_ctrl/u_aes/rk1_q_reg_6_   CLK     SE      hold_clk_rise   c     SE = 1
u_ctrl/u_aes/rk1_q_reg_6_   CLK     SE      setup_clk_rise  c     SE = 1
u_ctrl/u_aes/rk1_q_reg_8_   CLK     D       hold_clk_rise   c     SE = 1
u_ctrl/u_aes/rk1_q_reg_8_   CLK     D       setup_clk_rise  c     SE = 1
u_ctrl/u_aes/rk1_q_reg_8_   CLK     SE      hold_clk_rise   c     SE = 1
u_ctrl/u_aes/rk1_q_reg_8_   CLK     SE      setup_clk_rise  c     SE = 1
u_ctrl/u_aes/state_q_reg_39_
                            CLK     D       hold_clk_rise   c     SE = 1
u_ctrl/u_aes/state_q_reg_39_
                            CLK     D       setup_clk_rise  c     SE = 1
u_ctrl/u_aes/state_q_reg_39_
                            CLK     SE      hold_clk_rise   c     SE = 1
u_ctrl/u_aes/state_q_reg_39_
                            CLK     SE      setup_clk_rise  c     SE = 1
u_ctrl/u_aes/rk1_q_reg_11_  CLK     D       hold_clk_rise   c     SE = 1
u_ctrl/u_aes/rk1_q_reg_11_  CLK     D       setup_clk_rise  c     SE = 1
u_ctrl/u_aes/rk1_q_reg_11_  CLK     SE      hold_clk_rise   c     SE = 1
u_ctrl/u_aes/rk1_q_reg_11_  CLK     SE      setup_clk_rise  c     SE = 1
u_ctrl/u_aes/rk1_q_reg_12_  CLK     D       hold_clk_rise   c     SE = 1
u_ctrl/u_aes/rk1_q_reg_12_  CLK     D       setup_clk_rise  c     SE = 1
u_ctrl/u_aes/rk1_q_reg_12_  CLK     SE      hold_clk_rise   c     SE = 1
u_ctrl/u_aes/rk1_q_reg_12_  CLK     SE      setup_clk_rise  c     SE = 1
u_ctrl/u_aes/rk1_q_reg_15_  CLK     D       hold_clk_rise   c     SE = 1
u_ctrl/u_aes/rk1_q_reg_15_  CLK     D       setup_clk_rise  c     SE = 1
u_ctrl/u_aes/rk1_q_reg_15_  CLK     SE      hold_clk_rise   c     SE = 1
u_ctrl/u_aes/rk1_q_reg_15_  CLK     SE      setup_clk_rise  c     SE = 1
u_ctrl/u_aes/rk1_q_reg_16_  CLK     D       hold_clk_rise   c     SE = 1
u_ctrl/u_aes/rk1_q_reg_16_  CLK     D       setup_clk_rise  c     SE = 1
u_ctrl/u_aes/rk1_q_reg_16_  CLK     SE      hold_clk_rise   c     SE = 1
u_ctrl/u_aes/rk1_q_reg_16_  CLK     SE      setup_clk_rise  c     SE = 1
u_ctrl/u_aes/next_rk0_q_reg_0_
                            CLK     D       hold_clk_rise   c     SE = 1
u_ctrl/u_aes/next_rk0_q_reg_0_
                            CLK     D       setup_clk_rise  c     SE = 1
u_ctrl/u_aes/next_rk0_q_reg_0_
                            CLK     SE      hold_clk_rise   c     SE = 1
u_ctrl/u_aes/next_rk0_q_reg_0_
                            CLK     SE      setup_clk_rise  c     SE = 1
u_ctrl/u_aes/next_rk0_q_reg_2_
                            CLK     D       hold_clk_rise   c     SE = 1
u_ctrl/u_aes/next_rk0_q_reg_2_
                            CLK     D       setup_clk_rise  c     SE = 1
u_ctrl/u_aes/next_rk0_q_reg_2_
                            CLK     SE      hold_clk_rise   c     SE = 1
u_ctrl/u_aes/next_rk0_q_reg_2_
                            CLK     SE      setup_clk_rise  c     SE = 1
u_ctrl/u_rx_divcnt_reg_19_  CLK     D       hold_clk_rise   c     SE = 1
u_ctrl/u_rx_divcnt_reg_19_  CLK     D       setup_clk_rise  c     SE = 1
u_ctrl/u_rx_divcnt_reg_19_  CLK     SE      hold_clk_rise   c     SE = 1
u_ctrl/u_rx_divcnt_reg_19_  CLK     SE      setup_clk_rise  c     SE = 1
u_ctrl/u_rx_divcnt_reg_20_  CLK     D       hold_clk_rise   c     SE = 1
u_ctrl/u_rx_divcnt_reg_20_  CLK     D       setup_clk_rise  c     SE = 1
u_ctrl/u_rx_divcnt_reg_20_  CLK     SE      hold_clk_rise   c     SE = 1
u_ctrl/u_rx_divcnt_reg_20_  CLK     SE      setup_clk_rise  c     SE = 1
u_ctrl/u_aes/state_q_reg_66_
                            CLK     D       hold_clk_rise   c     SE = 1
u_ctrl/u_aes/state_q_reg_66_
                            CLK     D       setup_clk_rise  c     SE = 1
u_ctrl/u_aes/state_q_reg_66_
                            CLK     SE      hold_clk_rise   c     SE = 1
u_ctrl/u_aes/state_q_reg_66_
                            CLK     SE      setup_clk_rise  c     SE = 1
u_ctrl/u_aes/state_q_reg_68_
                            CLK     D       hold_clk_rise   c     SE = 1
u_ctrl/u_aes/state_q_reg_68_
                            CLK     D       setup_clk_rise  c     SE = 1
u_ctrl/u_aes/state_q_reg_68_
                            CLK     SE      hold_clk_rise   c     SE = 1
u_ctrl/u_aes/state_q_reg_68_
                            CLK     SE      setup_clk_rise  c     SE = 1
u_ctrl/u_aes/state_q_reg_69_
                            CLK     D       hold_clk_rise   c     SE = 1
u_ctrl/u_aes/state_q_reg_69_
                            CLK     D       setup_clk_rise  c     SE = 1
u_ctrl/u_aes/state_q_reg_69_
                            CLK     SE      hold_clk_rise   c     SE = 1
u_ctrl/u_aes/state_q_reg_69_
                            CLK     SE      setup_clk_rise  c     SE = 1
u_ctrl/u_aes/rk1_q_reg_22_  CLK     D       hold_clk_rise   c     SE = 1
u_ctrl/u_aes/rk1_q_reg_22_  CLK     D       setup_clk_rise  c     SE = 1
u_ctrl/u_aes/rk1_q_reg_22_  CLK     SE      hold_clk_rise   c     SE = 1
u_ctrl/u_aes/rk1_q_reg_22_  CLK     SE      setup_clk_rise  c     SE = 1
u_ctrl/u_aes/rk1_q_reg_23_  CLK     D       hold_clk_rise   c     SE = 1
u_ctrl/u_aes/rk1_q_reg_23_  CLK     D       setup_clk_rise  c     SE = 1
u_ctrl/u_aes/rk1_q_reg_23_  CLK     SE      hold_clk_rise   c     SE = 1
u_ctrl/u_aes/rk1_q_reg_23_  CLK     SE      setup_clk_rise  c     SE = 1
u_ctrl/u_aes/rk1_q_reg_24_  CLK     D       hold_clk_rise   c     SE = 1
u_ctrl/u_aes/rk1_q_reg_24_  CLK     D       setup_clk_rise  c     SE = 1
u_ctrl/u_aes/rk1_q_reg_24_  CLK     SE      hold_clk_rise   c     SE = 1
u_ctrl/u_aes/rk1_q_reg_24_  CLK     SE      setup_clk_rise  c     SE = 1
u_ctrl/u_aes/rk1_q_reg_25_  CLK     D       hold_clk_rise   c     SE = 1
u_ctrl/u_aes/rk1_q_reg_25_  CLK     D       setup_clk_rise  c     SE = 1
u_ctrl/u_aes/rk1_q_reg_25_  CLK     SE      hold_clk_rise   c     SE = 1
u_ctrl/u_aes/rk1_q_reg_25_  CLK     SE      setup_clk_rise  c     SE = 1
u_ctrl/u_aes/state_q_reg_73_
                            CLK     D       hold_clk_rise   c     SE = 1
u_ctrl/u_aes/state_q_reg_73_
                            CLK     D       setup_clk_rise  c     SE = 1
u_ctrl/u_aes/state_q_reg_73_
                            CLK     SE      hold_clk_rise   c     SE = 1
u_ctrl/u_aes/state_q_reg_73_
                            CLK     SE      setup_clk_rise  c     SE = 1
u_ctrl/u_aes/state_q_reg_76_
                            CLK     D       hold_clk_rise   c     SE = 1
u_ctrl/u_aes/state_q_reg_76_
                            CLK     D       setup_clk_rise  c     SE = 1
u_ctrl/u_aes/state_q_reg_76_
                            CLK     SE      hold_clk_rise   c     SE = 1
u_ctrl/u_aes/state_q_reg_76_
                            CLK     SE      setup_clk_rise  c     SE = 1
u_ctrl/u_aes/next_rk0_q_reg_11_
                            CLK     D       hold_clk_rise   c     SE = 1
u_ctrl/u_aes/next_rk0_q_reg_11_
                            CLK     D       setup_clk_rise  c     SE = 1
u_ctrl/u_aes/next_rk0_q_reg_11_
                            CLK     SE      hold_clk_rise   c     SE = 1
u_ctrl/u_aes/next_rk0_q_reg_11_
                            CLK     SE      setup_clk_rise  c     SE = 1
u_ctrl/u_aes/next_rk0_q_reg_15_
                            CLK     D       hold_clk_rise   c     SE = 1
u_ctrl/u_aes/next_rk0_q_reg_15_
                            CLK     D       setup_clk_rise  c     SE = 1
u_ctrl/u_aes/next_rk0_q_reg_15_
                            CLK     SE      hold_clk_rise   c     SE = 1
u_ctrl/u_aes/next_rk0_q_reg_15_
                            CLK     SE      setup_clk_rise  c     SE = 1
u_ctrl/u_aes/next_rk0_q_reg_19_
                            CLK     D       hold_clk_rise   c     SE = 1
u_ctrl/u_aes/next_rk0_q_reg_19_
                            CLK     D       setup_clk_rise  c     SE = 1
u_ctrl/u_aes/next_rk0_q_reg_19_
                            CLK     SE      hold_clk_rise   c     SE = 1
u_ctrl/u_aes/next_rk0_q_reg_19_
                            CLK     SE      setup_clk_rise  c     SE = 1
u_ctrl/u_aes/state_q_reg_103_
                            CLK     D       hold_clk_rise   c     SE = 1
u_ctrl/u_aes/state_q_reg_103_
                            CLK     D       setup_clk_rise  c     SE = 1
u_ctrl/u_aes/state_q_reg_103_
                            CLK     SE      hold_clk_rise   c     SE = 1
u_ctrl/u_aes/state_q_reg_103_
                            CLK     SE      setup_clk_rise  c     SE = 1
u_ctrl/u_aes/state_q_reg_105_
                            CLK     D       hold_clk_rise   c     SE = 1
u_ctrl/u_aes/state_q_reg_105_
                            CLK     D       setup_clk_rise  c     SE = 1
u_ctrl/u_aes/state_q_reg_105_
                            CLK     SE      hold_clk_rise   c     SE = 1
u_ctrl/u_aes/state_q_reg_105_
                            CLK     SE      setup_clk_rise  c     SE = 1
u_ctrl/u_aes/state_q_reg_107_
                            CLK     D       hold_clk_rise   c     SE = 1
u_ctrl/u_aes/state_q_reg_107_
                            CLK     D       setup_clk_rise  c     SE = 1
u_ctrl/u_aes/state_q_reg_107_
                            CLK     SE      hold_clk_rise   c     SE = 1
u_ctrl/u_aes/state_q_reg_107_
                            CLK     SE      setup_clk_rise  c     SE = 1
u_ctrl/u_aes/state_q_reg_108_
                            CLK     D       hold_clk_rise   c     SE = 1
u_ctrl/u_aes/state_q_reg_108_
                            CLK     D       setup_clk_rise  c     SE = 1
u_ctrl/u_aes/state_q_reg_108_
                            CLK     SE      hold_clk_rise   c     SE = 1
u_ctrl/u_aes/state_q_reg_108_
                            CLK     SE      setup_clk_rise  c     SE = 1
u_ctrl/u_aes/state_q_reg_109_
                            CLK     D       hold_clk_rise   c     SE = 1
u_ctrl/u_aes/state_q_reg_109_
                            CLK     D       setup_clk_rise  c     SE = 1
u_ctrl/u_aes/state_q_reg_109_
                            CLK     SE      hold_clk_rise   c     SE = 1
u_ctrl/u_aes/state_q_reg_109_
                            CLK     SE      setup_clk_rise  c     SE = 1
u_ctrl/u_aes/next_rk0_q_reg_21_
                            CLK     D       hold_clk_rise   c     SE = 1
u_ctrl/u_aes/next_rk0_q_reg_21_
                            CLK     D       setup_clk_rise  c     SE = 1
u_ctrl/u_aes/next_rk0_q_reg_21_
                            CLK     SE      hold_clk_rise   c     SE = 1
u_ctrl/u_aes/next_rk0_q_reg_21_
                            CLK     SE      setup_clk_rise  c     SE = 1
u_ctrl/u_aes/next_rk0_q_reg_24_
                            CLK     D       hold_clk_rise   c     SE = 1
u_ctrl/u_aes/next_rk0_q_reg_24_
                            CLK     D       setup_clk_rise  c     SE = 1
u_ctrl/u_aes/next_rk0_q_reg_24_
                            CLK     SE      hold_clk_rise   c     SE = 1
u_ctrl/u_aes/next_rk0_q_reg_24_
                            CLK     SE      setup_clk_rise  c     SE = 1
u_ctrl/u_aes/next_rk0_q_reg_26_
                            CLK     D       hold_clk_rise   c     SE = 1
u_ctrl/u_aes/next_rk0_q_reg_26_
                            CLK     D       setup_clk_rise  c     SE = 1
u_ctrl/u_aes/next_rk0_q_reg_26_
                            CLK     SE      hold_clk_rise   c     SE = 1
u_ctrl/u_aes/next_rk0_q_reg_26_
                            CLK     SE      setup_clk_rise  c     SE = 1
u_ctrl/u_aes/next_rk0_q_reg_27_
                            CLK     D       hold_clk_rise   c     SE = 1
u_ctrl/u_aes/next_rk0_q_reg_27_
                            CLK     D       setup_clk_rise  c     SE = 1
u_ctrl/u_aes/next_rk0_q_reg_27_
                            CLK     SE      hold_clk_rise   c     SE = 1
u_ctrl/u_aes/next_rk0_q_reg_27_
                            CLK     SE      setup_clk_rise  c     SE = 1
u_ctrl/u_aes/next_rk0_q_reg_29_
                            CLK     D       hold_clk_rise   c     SE = 1
u_ctrl/u_aes/next_rk0_q_reg_29_
                            CLK     D       setup_clk_rise  c     SE = 1
u_ctrl/u_aes/next_rk0_q_reg_29_
                            CLK     SE      hold_clk_rise   c     SE = 1
u_ctrl/u_aes/next_rk0_q_reg_29_
                            CLK     SE      setup_clk_rise  c     SE = 1
u_ctrl/u_aes/state_q_reg_95_
                            CLK     D       hold_clk_rise   c     SE = 1
u_ctrl/u_aes/state_q_reg_95_
                            CLK     D       setup_clk_rise  c     SE = 1
u_ctrl/u_aes/state_q_reg_95_
                            CLK     SE      hold_clk_rise   c     SE = 1
u_ctrl/u_aes/state_q_reg_95_
                            CLK     SE      setup_clk_rise  c     SE = 1
u_ctrl/u_aes/state_q_reg_112_
                            CLK     D       hold_clk_rise   c     SE = 1
u_ctrl/u_aes/state_q_reg_112_
                            CLK     D       setup_clk_rise  c     SE = 1
u_ctrl/u_aes/state_q_reg_112_
                            CLK     SE      hold_clk_rise   c     SE = 1
u_ctrl/u_aes/state_q_reg_112_
                            CLK     SE      setup_clk_rise  c     SE = 1
u_ctrl/u_aes/state_q_reg_114_
                            CLK     D       hold_clk_rise   c     SE = 1
u_ctrl/u_aes/state_q_reg_114_
                            CLK     D       setup_clk_rise  c     SE = 1
u_ctrl/u_aes/state_q_reg_114_
                            CLK     SE      hold_clk_rise   c     SE = 1
u_ctrl/u_aes/state_q_reg_114_
                            CLK     SE      setup_clk_rise  c     SE = 1
u_ctrl/u_aes/state_q_reg_116_
                            CLK     D       hold_clk_rise   c     SE = 1
u_ctrl/u_aes/state_q_reg_116_
                            CLK     D       setup_clk_rise  c     SE = 1
u_ctrl/u_aes/state_q_reg_116_
                            CLK     SE      hold_clk_rise   c     SE = 1
u_ctrl/u_aes/state_q_reg_116_
                            CLK     SE      setup_clk_rise  c     SE = 1
u_ctrl/u_aes/state_q_reg_127_
                            CLK     D       hold_clk_rise   c     SE = 1
u_ctrl/u_aes/state_q_reg_127_
                            CLK     D       setup_clk_rise  c     SE = 1
u_ctrl/u_aes/state_q_reg_127_
                            CLK     SE      hold_clk_rise   c     SE = 1
u_ctrl/u_aes/state_q_reg_127_
                            CLK     SE      setup_clk_rise  c     SE = 1
u_ctrl/u_aes/state_q_reg_15_
                            CLK     D       hold_clk_rise   c     SE = 1
u_ctrl/u_aes/state_q_reg_15_
                            CLK     D       setup_clk_rise  c     SE = 1
u_ctrl/u_aes/state_q_reg_15_
                            CLK     SE      hold_clk_rise   c     SE = 1
u_ctrl/u_aes/state_q_reg_15_
                            CLK     SE      setup_clk_rise  c     SE = 1
u_ctrl/u_aes/state_q_reg_33_
                            CLK     D       hold_clk_rise   c     SE = 1
u_ctrl/u_aes/state_q_reg_33_
                            CLK     D       setup_clk_rise  c     SE = 1
u_ctrl/u_aes/state_q_reg_33_
                            CLK     SE      hold_clk_rise   c     SE = 1
u_ctrl/u_aes/state_q_reg_33_
                            CLK     SE      setup_clk_rise  c     SE = 1
u_ctrl/u_aes/state_q_reg_36_
                            CLK     D       hold_clk_rise   c     SE = 1
u_ctrl/u_aes/state_q_reg_36_
                            CLK     D       setup_clk_rise  c     SE = 1
u_ctrl/u_aes/state_q_reg_36_
                            CLK     SE      hold_clk_rise   c     SE = 1
u_ctrl/u_aes/state_q_reg_36_
                            CLK     SE      setup_clk_rise  c     SE = 1
u_ctrl/u_aes/state_q_reg_37_
                            CLK     D       hold_clk_rise   c     SE = 1
u_ctrl/u_aes/state_q_reg_37_
                            CLK     D       setup_clk_rise  c     SE = 1
u_ctrl/u_aes/state_q_reg_37_
                            CLK     SE      hold_clk_rise   c     SE = 1
u_ctrl/u_aes/state_q_reg_37_
                            CLK     SE      setup_clk_rise  c     SE = 1
u_ctrl/u_aes/state_q_reg_53_
                            CLK     D       hold_clk_rise   c     SE = 1
u_ctrl/u_aes/state_q_reg_53_
                            CLK     D       setup_clk_rise  c     SE = 1
u_ctrl/u_aes/state_q_reg_53_
                            CLK     SE      hold_clk_rise   c     SE = 1
u_ctrl/u_aes/state_q_reg_53_
                            CLK     SE      setup_clk_rise  c     SE = 1
u_ctrl/u_aes/state_q_reg_54_
                            CLK     D       hold_clk_rise   c     SE = 1
u_ctrl/u_aes/state_q_reg_54_
                            CLK     D       setup_clk_rise  c     SE = 1
u_ctrl/u_aes/state_q_reg_54_
                            CLK     SE      hold_clk_rise   c     SE = 1
u_ctrl/u_aes/state_q_reg_54_
                            CLK     SE      setup_clk_rise  c     SE = 1
u_ctrl/u_aes/next_rk0_q_reg_1_
                            CLK     D       hold_clk_rise   c     SE = 1
u_ctrl/u_aes/next_rk0_q_reg_1_
                            CLK     D       setup_clk_rise  c     SE = 1
u_ctrl/u_aes/next_rk0_q_reg_1_
                            CLK     SE      hold_clk_rise   c     SE = 1
u_ctrl/u_aes/next_rk0_q_reg_1_
                            CLK     SE      setup_clk_rise  c     SE = 1
u_ctrl/u_aes/rk1_q_reg_19_  CLK     D       hold_clk_rise   c     SE = 1
u_ctrl/u_aes/rk1_q_reg_19_  CLK     D       setup_clk_rise  c     SE = 1
u_ctrl/u_aes/rk1_q_reg_19_  CLK     SE      hold_clk_rise   c     SE = 1
u_ctrl/u_aes/rk1_q_reg_19_  CLK     SE      setup_clk_rise  c     SE = 1
u_ctrl/u_aes/next_rk0_q_reg_4_
                            CLK     D       hold_clk_rise   c     SE = 1
u_ctrl/u_aes/next_rk0_q_reg_4_
                            CLK     D       setup_clk_rise  c     SE = 1
u_ctrl/u_aes/next_rk0_q_reg_4_
                            CLK     SE      hold_clk_rise   c     SE = 1
u_ctrl/u_aes/next_rk0_q_reg_4_
                            CLK     SE      setup_clk_rise  c     SE = 1
u_ctrl/u_aes/state_q_reg_63_
                            CLK     D       hold_clk_rise   c     SE = 1
u_ctrl/u_aes/state_q_reg_63_
                            CLK     D       setup_clk_rise  c     SE = 1
u_ctrl/u_aes/state_q_reg_63_
                            CLK     SE      hold_clk_rise   c     SE = 1
u_ctrl/u_aes/state_q_reg_63_
                            CLK     SE      setup_clk_rise  c     SE = 1
u_ctrl/u_aes/next_rk0_q_reg_5_
                            CLK     D       hold_clk_rise   c     SE = 1
u_ctrl/u_aes/next_rk0_q_reg_5_
                            CLK     D       setup_clk_rise  c     SE = 1
u_ctrl/u_aes/next_rk0_q_reg_5_
                            CLK     SE      hold_clk_rise   c     SE = 1
u_ctrl/u_aes/next_rk0_q_reg_5_
                            CLK     SE      setup_clk_rise  c     SE = 1
u_ctrl/u_aes/next_rk0_q_reg_7_
                            CLK     D       hold_clk_rise   c     SE = 1
u_ctrl/u_aes/next_rk0_q_reg_7_
                            CLK     D       setup_clk_rise  c     SE = 1
u_ctrl/u_aes/next_rk0_q_reg_7_
                            CLK     SE      hold_clk_rise   c     SE = 1
u_ctrl/u_aes/next_rk0_q_reg_7_
                            CLK     SE      setup_clk_rise  c     SE = 1
u_ctrl/u_rx_divcnt_reg_21_  CLK     D       hold_clk_rise   c     SE = 1
u_ctrl/u_rx_divcnt_reg_21_  CLK     D       setup_clk_rise  c     SE = 1
u_ctrl/u_rx_divcnt_reg_21_  CLK     SE      hold_clk_rise   c     SE = 1
u_ctrl/u_rx_divcnt_reg_21_  CLK     SE      setup_clk_rise  c     SE = 1
u_ctrl/u_tx_divcnt_reg_27_  CLK     D       hold_clk_rise   c     SE = 1
u_ctrl/u_tx_divcnt_reg_27_  CLK     D       setup_clk_rise  c     SE = 1
u_ctrl/u_tx_divcnt_reg_27_  CLK     SE      hold_clk_rise   c     SE = 1
u_ctrl/u_tx_divcnt_reg_27_  CLK     SE      setup_clk_rise  c     SE = 1
u_ctrl/u_tx_divcnt_reg_28_  CLK     D       hold_clk_rise   c     SE = 1
u_ctrl/u_tx_divcnt_reg_28_  CLK     D       setup_clk_rise  c     SE = 1
u_ctrl/u_tx_divcnt_reg_28_  CLK     SE      hold_clk_rise   c     SE = 1
u_ctrl/u_tx_divcnt_reg_28_  CLK     SE      setup_clk_rise  c     SE = 1
u_ctrl/u_tx_divcnt_reg_29_  CLK     D       hold_clk_rise   c     SE = 1
u_ctrl/u_tx_divcnt_reg_29_  CLK     D       setup_clk_rise  c     SE = 1
u_ctrl/u_tx_divcnt_reg_29_  CLK     SE      hold_clk_rise   c     SE = 1
u_ctrl/u_tx_divcnt_reg_29_  CLK     SE      setup_clk_rise  c     SE = 1
u_ctrl/u_aes/state_q_reg_67_
                            CLK     D       hold_clk_rise   c     SE = 1
u_ctrl/u_aes/state_q_reg_67_
                            CLK     D       setup_clk_rise  c     SE = 1
u_ctrl/u_aes/state_q_reg_67_
                            CLK     SE      hold_clk_rise   c     SE = 1
u_ctrl/u_aes/state_q_reg_67_
                            CLK     SE      setup_clk_rise  c     SE = 1
u_ctrl/u_aes/next_rk0_q_reg_9_
                            CLK     D       hold_clk_rise   c     SE = 1
u_ctrl/u_aes/next_rk0_q_reg_9_
                            CLK     D       setup_clk_rise  c     SE = 1
u_ctrl/u_aes/next_rk0_q_reg_9_
                            CLK     SE      hold_clk_rise   c     SE = 1
u_ctrl/u_aes/next_rk0_q_reg_9_
                            CLK     SE      setup_clk_rise  c     SE = 1
u_ctrl/u_aes/state_q_reg_77_
                            CLK     D       hold_clk_rise   c     SE = 1
u_ctrl/u_aes/state_q_reg_77_
                            CLK     D       setup_clk_rise  c     SE = 1
u_ctrl/u_aes/state_q_reg_77_
                            CLK     SE      hold_clk_rise   c     SE = 1
u_ctrl/u_aes/state_q_reg_77_
                            CLK     SE      setup_clk_rise  c     SE = 1
u_ctrl/u_aes/state_q_reg_78_
                            CLK     D       hold_clk_rise   c     SE = 1
u_ctrl/u_aes/state_q_reg_78_
                            CLK     D       setup_clk_rise  c     SE = 1
u_ctrl/u_aes/state_q_reg_78_
                            CLK     SE      hold_clk_rise   c     SE = 1
u_ctrl/u_aes/state_q_reg_78_
                            CLK     SE      setup_clk_rise  c     SE = 1
u_ctrl/u_aes/next_rk0_q_reg_14_
                            CLK     D       hold_clk_rise   c     SE = 1
u_ctrl/u_aes/next_rk0_q_reg_14_
                            CLK     D       setup_clk_rise  c     SE = 1
u_ctrl/u_aes/next_rk0_q_reg_14_
                            CLK     SE      hold_clk_rise   c     SE = 1
u_ctrl/u_aes/next_rk0_q_reg_14_
                            CLK     SE      setup_clk_rise  c     SE = 1
u_ctrl/u_aes/next_rk0_q_reg_17_
                            CLK     D       hold_clk_rise   c     SE = 1
u_ctrl/u_aes/next_rk0_q_reg_17_
                            CLK     D       setup_clk_rise  c     SE = 1
u_ctrl/u_aes/next_rk0_q_reg_17_
                            CLK     SE      hold_clk_rise   c     SE = 1
u_ctrl/u_aes/next_rk0_q_reg_17_
                            CLK     SE      setup_clk_rise  c     SE = 1
u_ctrl/u_aes/state_q_reg_88_
                            CLK     D       hold_clk_rise   c     SE = 1
u_ctrl/u_aes/state_q_reg_88_
                            CLK     D       setup_clk_rise  c     SE = 1
u_ctrl/u_aes/state_q_reg_88_
                            CLK     SE      hold_clk_rise   c     SE = 1
u_ctrl/u_aes/state_q_reg_88_
                            CLK     SE      setup_clk_rise  c     SE = 1
u_ctrl/u_aes/state_q_reg_89_
                            CLK     D       hold_clk_rise   c     SE = 1
u_ctrl/u_aes/state_q_reg_89_
                            CLK     D       setup_clk_rise  c     SE = 1
u_ctrl/u_aes/state_q_reg_89_
                            CLK     SE      hold_clk_rise   c     SE = 1
u_ctrl/u_aes/state_q_reg_89_
                            CLK     SE      setup_clk_rise  c     SE = 1
u_ctrl/u_aes/state_q_reg_0_ CLK     D       hold_clk_rise   c     SE = 1
u_ctrl/u_aes/state_q_reg_0_ CLK     D       setup_clk_rise  c     SE = 1
u_ctrl/u_aes/state_q_reg_0_ CLK     SE      hold_clk_rise   c     SE = 1
u_ctrl/u_aes/state_q_reg_0_ CLK     SE      setup_clk_rise  c     SE = 1
u_ctrl/u_aes/state_q_reg_2_ CLK     D       hold_clk_rise   c     SE = 1
u_ctrl/u_aes/state_q_reg_2_ CLK     D       setup_clk_rise  c     SE = 1
u_ctrl/u_aes/state_q_reg_2_ CLK     SE      hold_clk_rise   c     SE = 1
u_ctrl/u_aes/state_q_reg_2_ CLK     SE      setup_clk_rise  c     SE = 1
u_ctrl/u_aes/state_q_reg_3_ CLK     D       hold_clk_rise   c     SE = 1
u_ctrl/u_aes/state_q_reg_3_ CLK     D       setup_clk_rise  c     SE = 1
u_ctrl/u_aes/state_q_reg_3_ CLK     SE      hold_clk_rise   c     SE = 1
u_ctrl/u_aes/state_q_reg_3_ CLK     SE      setup_clk_rise  c     SE = 1
u_ctrl/u_aes/state_q_reg_100_
                            CLK     D       hold_clk_rise   c     SE = 1
u_ctrl/u_aes/state_q_reg_100_
                            CLK     D       setup_clk_rise  c     SE = 1
u_ctrl/u_aes/state_q_reg_100_
                            CLK     SE      hold_clk_rise   c     SE = 1
u_ctrl/u_aes/state_q_reg_100_
                            CLK     SE      setup_clk_rise  c     SE = 1
u_ctrl/u_aes/state_q_reg_5_ CLK     D       hold_clk_rise   c     SE = 1
u_ctrl/u_aes/state_q_reg_5_ CLK     D       setup_clk_rise  c     SE = 1
u_ctrl/u_aes/state_q_reg_5_ CLK     SE      hold_clk_rise   c     SE = 1
u_ctrl/u_aes/state_q_reg_5_ CLK     SE      setup_clk_rise  c     SE = 1
u_ctrl/u_aes/state_q_reg_101_
                            CLK     D       hold_clk_rise   c     SE = 1
u_ctrl/u_aes/state_q_reg_101_
                            CLK     D       setup_clk_rise  c     SE = 1
u_ctrl/u_aes/state_q_reg_101_
                            CLK     SE      hold_clk_rise   c     SE = 1
u_ctrl/u_aes/state_q_reg_101_
                            CLK     SE      setup_clk_rise  c     SE = 1
u_ctrl/u_aes/state_q_reg_102_
                            CLK     D       hold_clk_rise   c     SE = 1
u_ctrl/u_aes/state_q_reg_102_
                            CLK     D       setup_clk_rise  c     SE = 1
u_ctrl/u_aes/state_q_reg_102_
                            CLK     SE      hold_clk_rise   c     SE = 1
u_ctrl/u_aes/state_q_reg_102_
                            CLK     SE      setup_clk_rise  c     SE = 1
u_ctrl/u_aes/state_q_reg_7_ CLK     D       hold_clk_rise   c     SE = 1
u_ctrl/u_aes/state_q_reg_7_ CLK     D       setup_clk_rise  c     SE = 1
u_ctrl/u_aes/state_q_reg_7_ CLK     SE      hold_clk_rise   c     SE = 1
u_ctrl/u_aes/state_q_reg_7_ CLK     SE      setup_clk_rise  c     SE = 1
u_ctrl/u_aes/state_q_reg_104_
                            CLK     D       hold_clk_rise   c     SE = 1
u_ctrl/u_aes/state_q_reg_104_
                            CLK     D       setup_clk_rise  c     SE = 1
u_ctrl/u_aes/state_q_reg_104_
                            CLK     SE      hold_clk_rise   c     SE = 1
u_ctrl/u_aes/state_q_reg_104_
                            CLK     SE      setup_clk_rise  c     SE = 1
u_ctrl/u_aes/state_q_reg_9_ CLK     D       hold_clk_rise   c     SE = 1
u_ctrl/u_aes/state_q_reg_9_ CLK     D       setup_clk_rise  c     SE = 1
u_ctrl/u_aes/state_q_reg_9_ CLK     SE      hold_clk_rise   c     SE = 1
u_ctrl/u_aes/state_q_reg_9_ CLK     SE      setup_clk_rise  c     SE = 1
u_ctrl/u_aes/next_rk0_q_reg_23_
                            CLK     D       hold_clk_rise   c     SE = 1
u_ctrl/u_aes/next_rk0_q_reg_23_
                            CLK     D       setup_clk_rise  c     SE = 1
u_ctrl/u_aes/next_rk0_q_reg_23_
                            CLK     SE      hold_clk_rise   c     SE = 1
u_ctrl/u_aes/next_rk0_q_reg_23_
                            CLK     SE      setup_clk_rise  c     SE = 1
u_ctrl/u_aes/next_rk0_q_reg_25_
                            CLK     D       hold_clk_rise   c     SE = 1
u_ctrl/u_aes/next_rk0_q_reg_25_
                            CLK     D       setup_clk_rise  c     SE = 1
u_ctrl/u_aes/next_rk0_q_reg_25_
                            CLK     SE      hold_clk_rise   c     SE = 1
u_ctrl/u_aes/next_rk0_q_reg_25_
                            CLK     SE      setup_clk_rise  c     SE = 1
u_ctrl/u_aes/state_q_reg_92_
                            CLK     D       hold_clk_rise   c     SE = 1
u_ctrl/u_aes/state_q_reg_92_
                            CLK     D       setup_clk_rise  c     SE = 1
u_ctrl/u_aes/state_q_reg_92_
                            CLK     SE      hold_clk_rise   c     SE = 1
u_ctrl/u_aes/state_q_reg_92_
                            CLK     SE      setup_clk_rise  c     SE = 1
u_ctrl/u_aes/state_q_reg_93_
                            CLK     D       hold_clk_rise   c     SE = 1
u_ctrl/u_aes/state_q_reg_93_
                            CLK     D       setup_clk_rise  c     SE = 1
u_ctrl/u_aes/state_q_reg_93_
                            CLK     SE      hold_clk_rise   c     SE = 1
u_ctrl/u_aes/state_q_reg_93_
                            CLK     SE      setup_clk_rise  c     SE = 1
u_ctrl/u_aes/state_q_reg_94_
                            CLK     D       hold_clk_rise   c     SE = 1
u_ctrl/u_aes/state_q_reg_94_
                            CLK     D       setup_clk_rise  c     SE = 1
u_ctrl/u_aes/state_q_reg_94_
                            CLK     SE      hold_clk_rise   c     SE = 1
u_ctrl/u_aes/state_q_reg_94_
                            CLK     SE      setup_clk_rise  c     SE = 1
u_ctrl/u_aes/state_q_reg_96_
                            CLK     D       hold_clk_rise   c     SE = 1
u_ctrl/u_aes/state_q_reg_96_
                            CLK     D       setup_clk_rise  c     SE = 1
u_ctrl/u_aes/state_q_reg_96_
                            CLK     SE      hold_clk_rise   c     SE = 1
u_ctrl/u_aes/state_q_reg_96_
                            CLK     SE      setup_clk_rise  c     SE = 1
u_ctrl/u_aes/state_q_reg_97_
                            CLK     D       hold_clk_rise   c     SE = 1
u_ctrl/u_aes/state_q_reg_97_
                            CLK     D       setup_clk_rise  c     SE = 1
u_ctrl/u_aes/state_q_reg_97_
                            CLK     SE      hold_clk_rise   c     SE = 1
u_ctrl/u_aes/state_q_reg_97_
                            CLK     SE      setup_clk_rise  c     SE = 1
u_ctrl/u_aes/state_q_reg_98_
                            CLK     D       hold_clk_rise   c     SE = 1
u_ctrl/u_aes/state_q_reg_98_
                            CLK     D       setup_clk_rise  c     SE = 1
u_ctrl/u_aes/state_q_reg_98_
                            CLK     SE      hold_clk_rise   c     SE = 1
u_ctrl/u_aes/state_q_reg_98_
                            CLK     SE      setup_clk_rise  c     SE = 1
u_ctrl/u_aes/state_q_reg_110_
                            CLK     D       hold_clk_rise   c     SE = 1
u_ctrl/u_aes/state_q_reg_110_
                            CLK     D       setup_clk_rise  c     SE = 1
u_ctrl/u_aes/state_q_reg_110_
                            CLK     SE      hold_clk_rise   c     SE = 1
u_ctrl/u_aes/state_q_reg_110_
                            CLK     SE      setup_clk_rise  c     SE = 1
u_ctrl/u_aes/state_q_reg_111_
                            CLK     D       hold_clk_rise   c     SE = 1
u_ctrl/u_aes/state_q_reg_111_
                            CLK     D       setup_clk_rise  c     SE = 1
u_ctrl/u_aes/state_q_reg_111_
                            CLK     SE      hold_clk_rise   c     SE = 1
u_ctrl/u_aes/state_q_reg_111_
                            CLK     SE      setup_clk_rise  c     SE = 1
u_ctrl/u_aes/state_q_reg_113_
                            CLK     D       hold_clk_rise   c     SE = 1
u_ctrl/u_aes/state_q_reg_113_
                            CLK     D       setup_clk_rise  c     SE = 1
u_ctrl/u_aes/state_q_reg_113_
                            CLK     SE      hold_clk_rise   c     SE = 1
u_ctrl/u_aes/state_q_reg_113_
                            CLK     SE      setup_clk_rise  c     SE = 1
u_ctrl/u_aes/state_q_reg_115_
                            CLK     D       hold_clk_rise   c     SE = 1
u_ctrl/u_aes/state_q_reg_115_
                            CLK     D       setup_clk_rise  c     SE = 1
u_ctrl/u_aes/state_q_reg_115_
                            CLK     SE      hold_clk_rise   c     SE = 1
u_ctrl/u_aes/state_q_reg_115_
                            CLK     SE      setup_clk_rise  c     SE = 1
u_ctrl/u_aes/state_q_reg_117_
                            CLK     D       hold_clk_rise   c     SE = 1
u_ctrl/u_aes/state_q_reg_117_
                            CLK     D       setup_clk_rise  c     SE = 1
u_ctrl/u_aes/state_q_reg_117_
                            CLK     SE      hold_clk_rise   c     SE = 1
u_ctrl/u_aes/state_q_reg_117_
                            CLK     SE      setup_clk_rise  c     SE = 1
u_ctrl/u_aes/state_q_reg_118_
                            CLK     D       hold_clk_rise   c     SE = 1
u_ctrl/u_aes/state_q_reg_118_
                            CLK     D       setup_clk_rise  c     SE = 1
u_ctrl/u_aes/state_q_reg_118_
                            CLK     SE      hold_clk_rise   c     SE = 1
u_ctrl/u_aes/state_q_reg_118_
                            CLK     SE      setup_clk_rise  c     SE = 1
u_ctrl/u_aes/next_rk0_q_reg_31_
                            CLK     D       hold_clk_rise   c     SE = 1
u_ctrl/u_aes/next_rk0_q_reg_31_
                            CLK     D       setup_clk_rise  c     SE = 1
u_ctrl/u_aes/next_rk0_q_reg_31_
                            CLK     SE      hold_clk_rise   c     SE = 1
u_ctrl/u_aes/next_rk0_q_reg_31_
                            CLK     SE      setup_clk_rise  c     SE = 1
u_ctrl/u_aes/state_q_reg_125_
                            CLK     D       hold_clk_rise   c     SE = 1
u_ctrl/u_aes/state_q_reg_125_
                            CLK     D       setup_clk_rise  c     SE = 1
u_ctrl/u_aes/state_q_reg_125_
                            CLK     SE      hold_clk_rise   c     SE = 1
u_ctrl/u_aes/state_q_reg_125_
                            CLK     SE      setup_clk_rise  c     SE = 1
u_ctrl/u_aes/state_q_reg_14_
                            CLK     D       hold_clk_rise   c     SE = 1
u_ctrl/u_aes/state_q_reg_14_
                            CLK     D       setup_clk_rise  c     SE = 1
u_ctrl/u_aes/state_q_reg_14_
                            CLK     SE      hold_clk_rise   c     SE = 1
u_ctrl/u_aes/state_q_reg_14_
                            CLK     SE      setup_clk_rise  c     SE = 1
u_ctrl/u_aes/state_q_reg_23_
                            CLK     D       hold_clk_rise   c     SE = 1
u_ctrl/u_aes/state_q_reg_23_
                            CLK     D       setup_clk_rise  c     SE = 1
u_ctrl/u_aes/state_q_reg_23_
                            CLK     SE      hold_clk_rise   c     SE = 1
u_ctrl/u_aes/state_q_reg_23_
                            CLK     SE      setup_clk_rise  c     SE = 1
u_ctrl/u_aes/state_q_reg_25_
                            CLK     D       hold_clk_rise   c     SE = 1
u_ctrl/u_aes/state_q_reg_25_
                            CLK     D       setup_clk_rise  c     SE = 1
u_ctrl/u_aes/state_q_reg_25_
                            CLK     SE      hold_clk_rise   c     SE = 1
u_ctrl/u_aes/state_q_reg_25_
                            CLK     SE      setup_clk_rise  c     SE = 1
u_ctrl/u_aes/state_q_reg_27_
                            CLK     D       hold_clk_rise   c     SE = 1
u_ctrl/u_aes/state_q_reg_27_
                            CLK     D       setup_clk_rise  c     SE = 1
u_ctrl/u_aes/state_q_reg_27_
                            CLK     SE      hold_clk_rise   c     SE = 1
u_ctrl/u_aes/state_q_reg_27_
                            CLK     SE      setup_clk_rise  c     SE = 1
u_ctrl/u_aes/state_q_reg_29_
                            CLK     D       hold_clk_rise   c     SE = 1
u_ctrl/u_aes/state_q_reg_29_
                            CLK     D       setup_clk_rise  c     SE = 1
u_ctrl/u_aes/state_q_reg_29_
                            CLK     SE      hold_clk_rise   c     SE = 1
u_ctrl/u_aes/state_q_reg_29_
                            CLK     SE      setup_clk_rise  c     SE = 1
u_ctrl/u_aes/state_q_reg_32_
                            CLK     D       hold_clk_rise   c     SE = 1
u_ctrl/u_aes/state_q_reg_32_
                            CLK     D       setup_clk_rise  c     SE = 1
u_ctrl/u_aes/state_q_reg_32_
                            CLK     SE      hold_clk_rise   c     SE = 1
u_ctrl/u_aes/state_q_reg_32_
                            CLK     SE      setup_clk_rise  c     SE = 1
u_ctrl/u_aes/state_q_reg_34_
                            CLK     D       hold_clk_rise   c     SE = 1
u_ctrl/u_aes/state_q_reg_34_
                            CLK     D       setup_clk_rise  c     SE = 1
u_ctrl/u_aes/state_q_reg_34_
                            CLK     SE      hold_clk_rise   c     SE = 1
u_ctrl/u_aes/state_q_reg_34_
                            CLK     SE      setup_clk_rise  c     SE = 1
u_ctrl/u_aes/state_q_reg_35_
                            CLK     D       hold_clk_rise   c     SE = 1
u_ctrl/u_aes/state_q_reg_35_
                            CLK     D       setup_clk_rise  c     SE = 1
u_ctrl/u_aes/state_q_reg_35_
                            CLK     SE      hold_clk_rise   c     SE = 1
u_ctrl/u_aes/state_q_reg_35_
                            CLK     SE      setup_clk_rise  c     SE = 1
u_ctrl/u_aes/state_q_reg_38_
                            CLK     D       hold_clk_rise   c     SE = 1
u_ctrl/u_aes/state_q_reg_38_
                            CLK     D       setup_clk_rise  c     SE = 1
u_ctrl/u_aes/state_q_reg_38_
                            CLK     SE      hold_clk_rise   c     SE = 1
u_ctrl/u_aes/state_q_reg_38_
                            CLK     SE      setup_clk_rise  c     SE = 1
u_ctrl/u_aes/state_q_reg_41_
                            CLK     D       hold_clk_rise   c     SE = 1
u_ctrl/u_aes/state_q_reg_41_
                            CLK     D       setup_clk_rise  c     SE = 1
u_ctrl/u_aes/state_q_reg_41_
                            CLK     SE      hold_clk_rise   c     SE = 1
u_ctrl/u_aes/state_q_reg_41_
                            CLK     SE      setup_clk_rise  c     SE = 1
u_ctrl/u_aes/state_q_reg_43_
                            CLK     D       hold_clk_rise   c     SE = 1
u_ctrl/u_aes/state_q_reg_43_
                            CLK     D       setup_clk_rise  c     SE = 1
u_ctrl/u_aes/state_q_reg_43_
                            CLK     SE      hold_clk_rise   c     SE = 1
u_ctrl/u_aes/state_q_reg_43_
                            CLK     SE      setup_clk_rise  c     SE = 1
u_ctrl/u_aes/state_q_reg_46_
                            CLK     D       hold_clk_rise   c     SE = 1
u_ctrl/u_aes/state_q_reg_46_
                            CLK     D       setup_clk_rise  c     SE = 1
u_ctrl/u_aes/state_q_reg_46_
                            CLK     SE      hold_clk_rise   c     SE = 1
u_ctrl/u_aes/state_q_reg_46_
                            CLK     SE      setup_clk_rise  c     SE = 1
u_ctrl/u_aes/state_q_reg_47_
                            CLK     D       hold_clk_rise   c     SE = 1
u_ctrl/u_aes/state_q_reg_47_
                            CLK     D       setup_clk_rise  c     SE = 1
u_ctrl/u_aes/state_q_reg_47_
                            CLK     SE      hold_clk_rise   c     SE = 1
u_ctrl/u_aes/state_q_reg_47_
                            CLK     SE      setup_clk_rise  c     SE = 1
u_ctrl/u_aes/state_q_reg_49_
                            CLK     D       hold_clk_rise   c     SE = 1
u_ctrl/u_aes/state_q_reg_49_
                            CLK     D       setup_clk_rise  c     SE = 1
u_ctrl/u_aes/state_q_reg_49_
                            CLK     SE      hold_clk_rise   c     SE = 1
u_ctrl/u_aes/state_q_reg_49_
                            CLK     SE      setup_clk_rise  c     SE = 1
u_ctrl/u_aes/state_q_reg_51_
                            CLK     D       hold_clk_rise   c     SE = 1
u_ctrl/u_aes/state_q_reg_51_
                            CLK     D       setup_clk_rise  c     SE = 1
u_ctrl/u_aes/state_q_reg_51_
                            CLK     SE      hold_clk_rise   c     SE = 1
u_ctrl/u_aes/state_q_reg_51_
                            CLK     SE      setup_clk_rise  c     SE = 1
u_ctrl/u_aes/next_rk0_q_reg_3_
                            CLK     D       hold_clk_rise   c     SE = 1
u_ctrl/u_aes/next_rk0_q_reg_3_
                            CLK     D       setup_clk_rise  c     SE = 1
u_ctrl/u_aes/next_rk0_q_reg_3_
                            CLK     SE      hold_clk_rise   c     SE = 1
u_ctrl/u_aes/next_rk0_q_reg_3_
                            CLK     SE      setup_clk_rise  c     SE = 1
u_ctrl/u_aes/next_rk0_q_reg_6_
                            CLK     D       hold_clk_rise   c     SE = 1
u_ctrl/u_aes/next_rk0_q_reg_6_
                            CLK     D       setup_clk_rise  c     SE = 1
u_ctrl/u_aes/next_rk0_q_reg_6_
                            CLK     SE      hold_clk_rise   c     SE = 1
u_ctrl/u_aes/next_rk0_q_reg_6_
                            CLK     SE      setup_clk_rise  c     SE = 1
u_ctrl/u_rx_divcnt_reg_22_  CLK     D       hold_clk_rise   c     SE = 1
u_ctrl/u_rx_divcnt_reg_22_  CLK     D       setup_clk_rise  c     SE = 1
u_ctrl/u_rx_divcnt_reg_22_  CLK     SE      hold_clk_rise   c     SE = 1
u_ctrl/u_rx_divcnt_reg_22_  CLK     SE      setup_clk_rise  c     SE = 1
u_ctrl/u_aes/state_q_reg_72_
                            CLK     D       hold_clk_rise   c     SE = 1
u_ctrl/u_aes/state_q_reg_72_
                            CLK     D       setup_clk_rise  c     SE = 1
u_ctrl/u_aes/state_q_reg_72_
                            CLK     SE      hold_clk_rise   c     SE = 1
u_ctrl/u_aes/state_q_reg_72_
                            CLK     SE      setup_clk_rise  c     SE = 1
u_ctrl/u_aes/state_q_reg_74_
                            CLK     D       hold_clk_rise   c     SE = 1
u_ctrl/u_aes/state_q_reg_74_
                            CLK     D       setup_clk_rise  c     SE = 1
u_ctrl/u_aes/state_q_reg_74_
                            CLK     SE      hold_clk_rise   c     SE = 1
u_ctrl/u_aes/state_q_reg_74_
                            CLK     SE      setup_clk_rise  c     SE = 1
u_ctrl/u_aes/state_q_reg_80_
                            CLK     D       hold_clk_rise   c     SE = 1
u_ctrl/u_aes/state_q_reg_80_
                            CLK     D       setup_clk_rise  c     SE = 1
u_ctrl/u_aes/state_q_reg_80_
                            CLK     SE      hold_clk_rise   c     SE = 1
u_ctrl/u_aes/state_q_reg_80_
                            CLK     SE      setup_clk_rise  c     SE = 1
u_ctrl/u_aes/state_q_reg_81_
                            CLK     D       hold_clk_rise   c     SE = 1
u_ctrl/u_aes/state_q_reg_81_
                            CLK     D       setup_clk_rise  c     SE = 1
u_ctrl/u_aes/state_q_reg_81_
                            CLK     SE      hold_clk_rise   c     SE = 1
u_ctrl/u_aes/state_q_reg_81_
                            CLK     SE      setup_clk_rise  c     SE = 1
u_ctrl/u_aes/state_q_reg_82_
                            CLK     D       hold_clk_rise   c     SE = 1
u_ctrl/u_aes/state_q_reg_82_
                            CLK     D       setup_clk_rise  c     SE = 1
u_ctrl/u_aes/state_q_reg_82_
                            CLK     SE      hold_clk_rise   c     SE = 1
u_ctrl/u_aes/state_q_reg_82_
                            CLK     SE      setup_clk_rise  c     SE = 1
u_ctrl/u_aes/state_q_reg_85_
                            CLK     D       hold_clk_rise   c     SE = 1
u_ctrl/u_aes/state_q_reg_85_
                            CLK     D       setup_clk_rise  c     SE = 1
u_ctrl/u_aes/state_q_reg_85_
                            CLK     SE      hold_clk_rise   c     SE = 1
u_ctrl/u_aes/state_q_reg_85_
                            CLK     SE      setup_clk_rise  c     SE = 1
u_ctrl/u_aes/state_q_reg_1_ CLK     D       hold_clk_rise   c     SE = 1
u_ctrl/u_aes/state_q_reg_1_ CLK     D       setup_clk_rise  c     SE = 1
u_ctrl/u_aes/state_q_reg_1_ CLK     SE      hold_clk_rise   c     SE = 1
u_ctrl/u_aes/state_q_reg_1_ CLK     SE      setup_clk_rise  c     SE = 1
u_ctrl/u_aes/state_q_reg_4_ CLK     D       hold_clk_rise   c     SE = 1
u_ctrl/u_aes/state_q_reg_4_ CLK     D       setup_clk_rise  c     SE = 1
u_ctrl/u_aes/state_q_reg_4_ CLK     SE      hold_clk_rise   c     SE = 1
u_ctrl/u_aes/state_q_reg_4_ CLK     SE      setup_clk_rise  c     SE = 1
u_ctrl/u_aes/state_q_reg_6_ CLK     D       hold_clk_rise   c     SE = 1
u_ctrl/u_aes/state_q_reg_6_ CLK     D       setup_clk_rise  c     SE = 1
u_ctrl/u_aes/state_q_reg_6_ CLK     SE      hold_clk_rise   c     SE = 1
u_ctrl/u_aes/state_q_reg_6_ CLK     SE      setup_clk_rise  c     SE = 1
u_ctrl/u_aes/state_q_reg_106_
                            CLK     D       hold_clk_rise   c     SE = 1
u_ctrl/u_aes/state_q_reg_106_
                            CLK     D       setup_clk_rise  c     SE = 1
u_ctrl/u_aes/state_q_reg_106_
                            CLK     SE      hold_clk_rise   c     SE = 1
u_ctrl/u_aes/state_q_reg_106_
                            CLK     SE      setup_clk_rise  c     SE = 1
u_ctrl/u_aes/next_rk0_q_reg_30_
                            CLK     D       hold_clk_rise   c     SE = 1
u_ctrl/u_aes/next_rk0_q_reg_30_
                            CLK     D       setup_clk_rise  c     SE = 1
u_ctrl/u_aes/next_rk0_q_reg_30_
                            CLK     SE      hold_clk_rise   c     SE = 1
u_ctrl/u_aes/next_rk0_q_reg_30_
                            CLK     SE      setup_clk_rise  c     SE = 1
u_ctrl/u_aes/state_q_reg_119_
                            CLK     D       hold_clk_rise   c     SE = 1
u_ctrl/u_aes/state_q_reg_119_
                            CLK     D       setup_clk_rise  c     SE = 1
u_ctrl/u_aes/state_q_reg_119_
                            CLK     SE      hold_clk_rise   c     SE = 1
u_ctrl/u_aes/state_q_reg_119_
                            CLK     SE      setup_clk_rise  c     SE = 1
u_ctrl/u_aes/state_q_reg_10_
                            CLK     D       hold_clk_rise   c     SE = 1
u_ctrl/u_aes/state_q_reg_10_
                            CLK     D       setup_clk_rise  c     SE = 1
u_ctrl/u_aes/state_q_reg_10_
                            CLK     SE      hold_clk_rise   c     SE = 1
u_ctrl/u_aes/state_q_reg_10_
                            CLK     SE      setup_clk_rise  c     SE = 1
u_ctrl/u_aes/state_q_reg_11_
                            CLK     D       hold_clk_rise   c     SE = 1
u_ctrl/u_aes/state_q_reg_11_
                            CLK     D       setup_clk_rise  c     SE = 1
u_ctrl/u_aes/state_q_reg_11_
                            CLK     SE      hold_clk_rise   c     SE = 1
u_ctrl/u_aes/state_q_reg_11_
                            CLK     SE      setup_clk_rise  c     SE = 1
u_ctrl/u_aes/state_q_reg_12_
                            CLK     D       hold_clk_rise   c     SE = 1
u_ctrl/u_aes/state_q_reg_12_
                            CLK     D       setup_clk_rise  c     SE = 1
u_ctrl/u_aes/state_q_reg_12_
                            CLK     SE      hold_clk_rise   c     SE = 1
u_ctrl/u_aes/state_q_reg_12_
                            CLK     SE      setup_clk_rise  c     SE = 1
u_ctrl/u_aes/state_q_reg_16_
                            CLK     D       hold_clk_rise   c     SE = 1
u_ctrl/u_aes/state_q_reg_16_
                            CLK     D       setup_clk_rise  c     SE = 1
u_ctrl/u_aes/state_q_reg_16_
                            CLK     SE      hold_clk_rise   c     SE = 1
u_ctrl/u_aes/state_q_reg_16_
                            CLK     SE      setup_clk_rise  c     SE = 1
u_ctrl/u_aes/state_q_reg_24_
                            CLK     D       hold_clk_rise   c     SE = 1
u_ctrl/u_aes/state_q_reg_24_
                            CLK     D       setup_clk_rise  c     SE = 1
u_ctrl/u_aes/state_q_reg_24_
                            CLK     SE      hold_clk_rise   c     SE = 1
u_ctrl/u_aes/state_q_reg_24_
                            CLK     SE      setup_clk_rise  c     SE = 1
u_ctrl/u_aes/state_q_reg_26_
                            CLK     D       hold_clk_rise   c     SE = 1
u_ctrl/u_aes/state_q_reg_26_
                            CLK     D       setup_clk_rise  c     SE = 1
u_ctrl/u_aes/state_q_reg_26_
                            CLK     SE      hold_clk_rise   c     SE = 1
u_ctrl/u_aes/state_q_reg_26_
                            CLK     SE      setup_clk_rise  c     SE = 1
u_ctrl/u_aes/state_q_reg_28_
                            CLK     D       hold_clk_rise   c     SE = 1
u_ctrl/u_aes/state_q_reg_28_
                            CLK     D       setup_clk_rise  c     SE = 1
u_ctrl/u_aes/state_q_reg_28_
                            CLK     SE      hold_clk_rise   c     SE = 1
u_ctrl/u_aes/state_q_reg_28_
                            CLK     SE      setup_clk_rise  c     SE = 1
u_ctrl/u_aes/state_q_reg_31_
                            CLK     D       hold_clk_rise   c     SE = 1
u_ctrl/u_aes/state_q_reg_31_
                            CLK     D       setup_clk_rise  c     SE = 1
u_ctrl/u_aes/state_q_reg_31_
                            CLK     SE      hold_clk_rise   c     SE = 1
u_ctrl/u_aes/state_q_reg_31_
                            CLK     SE      setup_clk_rise  c     SE = 1
u_ctrl/u_aes/state_q_reg_42_
                            CLK     D       hold_clk_rise   c     SE = 1
u_ctrl/u_aes/state_q_reg_42_
                            CLK     D       setup_clk_rise  c     SE = 1
u_ctrl/u_aes/state_q_reg_42_
                            CLK     SE      hold_clk_rise   c     SE = 1
u_ctrl/u_aes/state_q_reg_42_
                            CLK     SE      setup_clk_rise  c     SE = 1
u_ctrl/u_aes/state_q_reg_44_
                            CLK     D       hold_clk_rise   c     SE = 1
u_ctrl/u_aes/state_q_reg_44_
                            CLK     D       setup_clk_rise  c     SE = 1
u_ctrl/u_aes/state_q_reg_44_
                            CLK     SE      hold_clk_rise   c     SE = 1
u_ctrl/u_aes/state_q_reg_44_
                            CLK     SE      setup_clk_rise  c     SE = 1
u_ctrl/u_aes/state_q_reg_45_
                            CLK     D       hold_clk_rise   c     SE = 1
u_ctrl/u_aes/state_q_reg_45_
                            CLK     D       setup_clk_rise  c     SE = 1
u_ctrl/u_aes/state_q_reg_45_
                            CLK     SE      hold_clk_rise   c     SE = 1
u_ctrl/u_aes/state_q_reg_45_
                            CLK     SE      setup_clk_rise  c     SE = 1
u_ctrl/u_aes/state_q_reg_48_
                            CLK     D       hold_clk_rise   c     SE = 1
u_ctrl/u_aes/state_q_reg_48_
                            CLK     D       setup_clk_rise  c     SE = 1
u_ctrl/u_aes/state_q_reg_48_
                            CLK     SE      hold_clk_rise   c     SE = 1
u_ctrl/u_aes/state_q_reg_48_
                            CLK     SE      setup_clk_rise  c     SE = 1
u_ctrl/u_aes/state_q_reg_50_
                            CLK     D       hold_clk_rise   c     SE = 1
u_ctrl/u_aes/state_q_reg_50_
                            CLK     D       setup_clk_rise  c     SE = 1
u_ctrl/u_aes/state_q_reg_50_
                            CLK     SE      hold_clk_rise   c     SE = 1
u_ctrl/u_aes/state_q_reg_50_
                            CLK     SE      setup_clk_rise  c     SE = 1
u_ctrl/u_aes/state_q_reg_55_
                            CLK     D       hold_clk_rise   c     SE = 1
u_ctrl/u_aes/state_q_reg_55_
                            CLK     D       setup_clk_rise  c     SE = 1
u_ctrl/u_aes/state_q_reg_55_
                            CLK     SE      hold_clk_rise   c     SE = 1
u_ctrl/u_aes/state_q_reg_55_
                            CLK     SE      setup_clk_rise  c     SE = 1
u_ctrl/u_aes/state_q_reg_57_
                            CLK     D       hold_clk_rise   c     SE = 1
u_ctrl/u_aes/state_q_reg_57_
                            CLK     D       setup_clk_rise  c     SE = 1
u_ctrl/u_aes/state_q_reg_57_
                            CLK     SE      hold_clk_rise   c     SE = 1
u_ctrl/u_aes/state_q_reg_57_
                            CLK     SE      setup_clk_rise  c     SE = 1
u_ctrl/u_aes/state_q_reg_60_
                            CLK     D       hold_clk_rise   c     SE = 1
u_ctrl/u_aes/state_q_reg_60_
                            CLK     D       setup_clk_rise  c     SE = 1
u_ctrl/u_aes/state_q_reg_60_
                            CLK     SE      hold_clk_rise   c     SE = 1
u_ctrl/u_aes/state_q_reg_60_
                            CLK     SE      setup_clk_rise  c     SE = 1
u_ctrl/u_aes/state_q_reg_61_
                            CLK     D       hold_clk_rise   c     SE = 1
u_ctrl/u_aes/state_q_reg_61_
                            CLK     D       setup_clk_rise  c     SE = 1
u_ctrl/u_aes/state_q_reg_61_
                            CLK     SE      hold_clk_rise   c     SE = 1
u_ctrl/u_aes/state_q_reg_61_
                            CLK     SE      setup_clk_rise  c     SE = 1
u_ctrl/u_aes/state_q_reg_64_
                            CLK     D       hold_clk_rise   c     SE = 1
u_ctrl/u_aes/state_q_reg_64_
                            CLK     D       setup_clk_rise  c     SE = 1
u_ctrl/u_aes/state_q_reg_64_
                            CLK     SE      hold_clk_rise   c     SE = 1
u_ctrl/u_aes/state_q_reg_64_
                            CLK     SE      setup_clk_rise  c     SE = 1
u_ctrl/u_aes/state_q_reg_65_
                            CLK     D       hold_clk_rise   c     SE = 1
u_ctrl/u_aes/state_q_reg_65_
                            CLK     D       setup_clk_rise  c     SE = 1
u_ctrl/u_aes/state_q_reg_65_
                            CLK     SE      hold_clk_rise   c     SE = 1
u_ctrl/u_aes/state_q_reg_65_
                            CLK     SE      setup_clk_rise  c     SE = 1
u_ctrl/u_tx_divcnt_reg_30_  CLK     D       hold_clk_rise   c     SE = 1
u_ctrl/u_tx_divcnt_reg_30_  CLK     D       setup_clk_rise  c     SE = 1
u_ctrl/u_tx_divcnt_reg_30_  CLK     SE      hold_clk_rise   c     SE = 1
u_ctrl/u_tx_divcnt_reg_30_  CLK     SE      setup_clk_rise  c     SE = 1
u_ctrl/u_rx_divcnt_reg_23_  CLK     D       hold_clk_rise   c     SE = 1
u_ctrl/u_rx_divcnt_reg_23_  CLK     D       setup_clk_rise  c     SE = 1
u_ctrl/u_rx_divcnt_reg_23_  CLK     SE      hold_clk_rise   c     SE = 1
u_ctrl/u_rx_divcnt_reg_23_  CLK     SE      setup_clk_rise  c     SE = 1
u_ctrl/u_aes/state_q_reg_84_
                            CLK     D       hold_clk_rise   c     SE = 1
u_ctrl/u_aes/state_q_reg_84_
                            CLK     D       setup_clk_rise  c     SE = 1
u_ctrl/u_aes/state_q_reg_84_
                            CLK     SE      hold_clk_rise   c     SE = 1
u_ctrl/u_aes/state_q_reg_84_
                            CLK     SE      setup_clk_rise  c     SE = 1
u_ctrl/u_aes/state_q_reg_86_
                            CLK     D       hold_clk_rise   c     SE = 1
u_ctrl/u_aes/state_q_reg_86_
                            CLK     D       setup_clk_rise  c     SE = 1
u_ctrl/u_aes/state_q_reg_86_
                            CLK     SE      hold_clk_rise   c     SE = 1
u_ctrl/u_aes/state_q_reg_86_
                            CLK     SE      setup_clk_rise  c     SE = 1
u_ctrl/u_aes/state_q_reg_87_
                            CLK     D       hold_clk_rise   c     SE = 1
u_ctrl/u_aes/state_q_reg_87_
                            CLK     D       setup_clk_rise  c     SE = 1
u_ctrl/u_aes/state_q_reg_87_
                            CLK     SE      hold_clk_rise   c     SE = 1
u_ctrl/u_aes/state_q_reg_87_
                            CLK     SE      setup_clk_rise  c     SE = 1
u_ctrl/u_aes/state_q_reg_8_ CLK     D       hold_clk_rise   c     SE = 1
u_ctrl/u_aes/state_q_reg_8_ CLK     D       setup_clk_rise  c     SE = 1
u_ctrl/u_aes/state_q_reg_8_ CLK     SE      hold_clk_rise   c     SE = 1
u_ctrl/u_aes/state_q_reg_8_ CLK     SE      setup_clk_rise  c     SE = 1
u_ctrl/u_aes/state_q_reg_90_
                            CLK     D       hold_clk_rise   c     SE = 1
u_ctrl/u_aes/state_q_reg_90_
                            CLK     D       setup_clk_rise  c     SE = 1
u_ctrl/u_aes/state_q_reg_90_
                            CLK     SE      hold_clk_rise   c     SE = 1
u_ctrl/u_aes/state_q_reg_90_
                            CLK     SE      setup_clk_rise  c     SE = 1
u_ctrl/u_aes/state_q_reg_120_
                            CLK     D       hold_clk_rise   c     SE = 1
u_ctrl/u_aes/state_q_reg_120_
                            CLK     D       setup_clk_rise  c     SE = 1
u_ctrl/u_aes/state_q_reg_120_
                            CLK     SE      hold_clk_rise   c     SE = 1
u_ctrl/u_aes/state_q_reg_120_
                            CLK     SE      setup_clk_rise  c     SE = 1
u_ctrl/u_aes/state_q_reg_121_
                            CLK     D       hold_clk_rise   c     SE = 1
u_ctrl/u_aes/state_q_reg_121_
                            CLK     D       setup_clk_rise  c     SE = 1
u_ctrl/u_aes/state_q_reg_121_
                            CLK     SE      hold_clk_rise   c     SE = 1
u_ctrl/u_aes/state_q_reg_121_
                            CLK     SE      setup_clk_rise  c     SE = 1
u_ctrl/u_aes/state_q_reg_122_
                            CLK     D       hold_clk_rise   c     SE = 1
u_ctrl/u_aes/state_q_reg_122_
                            CLK     D       setup_clk_rise  c     SE = 1
u_ctrl/u_aes/state_q_reg_122_
                            CLK     SE      hold_clk_rise   c     SE = 1
u_ctrl/u_aes/state_q_reg_122_
                            CLK     SE      setup_clk_rise  c     SE = 1
u_ctrl/u_aes/state_q_reg_123_
                            CLK     D       hold_clk_rise   c     SE = 1
u_ctrl/u_aes/state_q_reg_123_
                            CLK     D       setup_clk_rise  c     SE = 1
u_ctrl/u_aes/state_q_reg_123_
                            CLK     SE      hold_clk_rise   c     SE = 1
u_ctrl/u_aes/state_q_reg_123_
                            CLK     SE      setup_clk_rise  c     SE = 1
u_ctrl/u_aes/state_q_reg_124_
                            CLK     D       hold_clk_rise   c     SE = 1
u_ctrl/u_aes/state_q_reg_124_
                            CLK     D       setup_clk_rise  c     SE = 1
u_ctrl/u_aes/state_q_reg_124_
                            CLK     SE      hold_clk_rise   c     SE = 1
u_ctrl/u_aes/state_q_reg_124_
                            CLK     SE      setup_clk_rise  c     SE = 1
u_ctrl/u_aes/state_q_reg_126_
                            CLK     D       hold_clk_rise   c     SE = 1
u_ctrl/u_aes/state_q_reg_126_
                            CLK     D       setup_clk_rise  c     SE = 1
u_ctrl/u_aes/state_q_reg_126_
                            CLK     SE      hold_clk_rise   c     SE = 1
u_ctrl/u_aes/state_q_reg_126_
                            CLK     SE      setup_clk_rise  c     SE = 1
u_ctrl/u_aes/state_q_reg_13_
                            CLK     D       hold_clk_rise   c     SE = 1
u_ctrl/u_aes/state_q_reg_13_
                            CLK     D       setup_clk_rise  c     SE = 1
u_ctrl/u_aes/state_q_reg_13_
                            CLK     SE      hold_clk_rise   c     SE = 1
u_ctrl/u_aes/state_q_reg_13_
                            CLK     SE      setup_clk_rise  c     SE = 1
u_ctrl/u_aes/state_q_reg_17_
                            CLK     D       hold_clk_rise   c     SE = 1
u_ctrl/u_aes/state_q_reg_17_
                            CLK     D       setup_clk_rise  c     SE = 1
u_ctrl/u_aes/state_q_reg_17_
                            CLK     SE      hold_clk_rise   c     SE = 1
u_ctrl/u_aes/state_q_reg_17_
                            CLK     SE      setup_clk_rise  c     SE = 1
u_ctrl/u_aes/state_q_reg_18_
                            CLK     D       hold_clk_rise   c     SE = 1
u_ctrl/u_aes/state_q_reg_18_
                            CLK     D       setup_clk_rise  c     SE = 1
u_ctrl/u_aes/state_q_reg_18_
                            CLK     SE      hold_clk_rise   c     SE = 1
u_ctrl/u_aes/state_q_reg_18_
                            CLK     SE      setup_clk_rise  c     SE = 1
u_ctrl/u_aes/state_q_reg_19_
                            CLK     D       hold_clk_rise   c     SE = 1
u_ctrl/u_aes/state_q_reg_19_
                            CLK     D       setup_clk_rise  c     SE = 1
u_ctrl/u_aes/state_q_reg_19_
                            CLK     SE      hold_clk_rise   c     SE = 1
u_ctrl/u_aes/state_q_reg_19_
                            CLK     SE      setup_clk_rise  c     SE = 1
u_ctrl/u_aes/state_q_reg_21_
                            CLK     D       hold_clk_rise   c     SE = 1
u_ctrl/u_aes/state_q_reg_21_
                            CLK     D       setup_clk_rise  c     SE = 1
u_ctrl/u_aes/state_q_reg_21_
                            CLK     SE      hold_clk_rise   c     SE = 1
u_ctrl/u_aes/state_q_reg_21_
                            CLK     SE      setup_clk_rise  c     SE = 1
u_ctrl/u_aes/state_q_reg_22_
                            CLK     D       hold_clk_rise   c     SE = 1
u_ctrl/u_aes/state_q_reg_22_
                            CLK     D       setup_clk_rise  c     SE = 1
u_ctrl/u_aes/state_q_reg_22_
                            CLK     SE      hold_clk_rise   c     SE = 1
u_ctrl/u_aes/state_q_reg_22_
                            CLK     SE      setup_clk_rise  c     SE = 1
u_ctrl/u_aes/state_q_reg_40_
                            CLK     D       hold_clk_rise   c     SE = 1
u_ctrl/u_aes/state_q_reg_40_
                            CLK     D       setup_clk_rise  c     SE = 1
u_ctrl/u_aes/state_q_reg_40_
                            CLK     SE      hold_clk_rise   c     SE = 1
u_ctrl/u_aes/state_q_reg_40_
                            CLK     SE      setup_clk_rise  c     SE = 1
u_ctrl/u_aes/state_q_reg_52_
                            CLK     D       hold_clk_rise   c     SE = 1
u_ctrl/u_aes/state_q_reg_52_
                            CLK     D       setup_clk_rise  c     SE = 1
u_ctrl/u_aes/state_q_reg_52_
                            CLK     SE      hold_clk_rise   c     SE = 1
u_ctrl/u_aes/state_q_reg_52_
                            CLK     SE      setup_clk_rise  c     SE = 1
u_ctrl/u_aes/state_q_reg_56_
                            CLK     D       hold_clk_rise   c     SE = 1
u_ctrl/u_aes/state_q_reg_56_
                            CLK     D       setup_clk_rise  c     SE = 1
u_ctrl/u_aes/state_q_reg_56_
                            CLK     SE      hold_clk_rise   c     SE = 1
u_ctrl/u_aes/state_q_reg_56_
                            CLK     SE      setup_clk_rise  c     SE = 1
u_ctrl/u_aes/state_q_reg_58_
                            CLK     D       hold_clk_rise   c     SE = 1
u_ctrl/u_aes/state_q_reg_58_
                            CLK     D       setup_clk_rise  c     SE = 1
u_ctrl/u_aes/state_q_reg_58_
                            CLK     SE      hold_clk_rise   c     SE = 1
u_ctrl/u_aes/state_q_reg_58_
                            CLK     SE      setup_clk_rise  c     SE = 1
u_ctrl/u_tx_divcnt_reg_31_  CLK     D       hold_clk_rise   c     SE = 1
u_ctrl/u_tx_divcnt_reg_31_  CLK     D       setup_clk_rise  c     SE = 1
u_ctrl/u_tx_divcnt_reg_31_  CLK     SE      hold_clk_rise   c     SE = 1
u_ctrl/u_tx_divcnt_reg_31_  CLK     SE      setup_clk_rise  c     SE = 1
u_ctrl/u_rx_divcnt_reg_24_  CLK     D       hold_clk_rise   c     SE = 1
u_ctrl/u_rx_divcnt_reg_24_  CLK     D       setup_clk_rise  c     SE = 1
u_ctrl/u_rx_divcnt_reg_24_  CLK     SE      hold_clk_rise   c     SE = 1
u_ctrl/u_rx_divcnt_reg_24_  CLK     SE      setup_clk_rise  c     SE = 1
u_ctrl/u_aes/state_q_reg_83_
                            CLK     D       hold_clk_rise   c     SE = 1
u_ctrl/u_aes/state_q_reg_83_
                            CLK     D       setup_clk_rise  c     SE = 1
u_ctrl/u_aes/state_q_reg_83_
                            CLK     SE      hold_clk_rise   c     SE = 1
u_ctrl/u_aes/state_q_reg_83_
                            CLK     SE      setup_clk_rise  c     SE = 1
u_ctrl/u_aes/state_q_reg_91_
                            CLK     D       hold_clk_rise   c     SE = 1
u_ctrl/u_aes/state_q_reg_91_
                            CLK     D       setup_clk_rise  c     SE = 1
u_ctrl/u_aes/state_q_reg_91_
                            CLK     SE      hold_clk_rise   c     SE = 1
u_ctrl/u_aes/state_q_reg_91_
                            CLK     SE      setup_clk_rise  c     SE = 1
u_ctrl/u_aes/state_q_reg_99_
                            CLK     D       hold_clk_rise   c     SE = 1
u_ctrl/u_aes/state_q_reg_99_
                            CLK     D       setup_clk_rise  c     SE = 1
u_ctrl/u_aes/state_q_reg_99_
                            CLK     SE      hold_clk_rise   c     SE = 1
u_ctrl/u_aes/state_q_reg_99_
                            CLK     SE      setup_clk_rise  c     SE = 1
u_ctrl/u_aes/state_q_reg_20_
                            CLK     D       hold_clk_rise   c     SE = 1
u_ctrl/u_aes/state_q_reg_20_
                            CLK     D       setup_clk_rise  c     SE = 1
u_ctrl/u_aes/state_q_reg_20_
                            CLK     SE      hold_clk_rise   c     SE = 1
u_ctrl/u_aes/state_q_reg_20_
                            CLK     SE      setup_clk_rise  c     SE = 1
u_ctrl/u_aes/state_q_reg_30_
                            CLK     D       hold_clk_rise   c     SE = 1
u_ctrl/u_aes/state_q_reg_30_
                            CLK     D       setup_clk_rise  c     SE = 1
u_ctrl/u_aes/state_q_reg_30_
                            CLK     SE      hold_clk_rise   c     SE = 1
u_ctrl/u_aes/state_q_reg_30_
                            CLK     SE      setup_clk_rise  c     SE = 1
u_ctrl/u_aes/state_q_reg_59_
                            CLK     D       hold_clk_rise   c     SE = 1
u_ctrl/u_aes/state_q_reg_59_
                            CLK     D       setup_clk_rise  c     SE = 1
u_ctrl/u_aes/state_q_reg_59_
                            CLK     SE      hold_clk_rise   c     SE = 1
u_ctrl/u_aes/state_q_reg_59_
                            CLK     SE      setup_clk_rise  c     SE = 1
u_ctrl/u_aes/state_q_reg_62_
                            CLK     D       hold_clk_rise   c     SE = 1
u_ctrl/u_aes/state_q_reg_62_
                            CLK     D       setup_clk_rise  c     SE = 1
u_ctrl/u_aes/state_q_reg_62_
                            CLK     SE      hold_clk_rise   c     SE = 1
u_ctrl/u_aes/state_q_reg_62_
                            CLK     SE      setup_clk_rise  c     SE = 1
u_ctrl/u_rx_divcnt_reg_25_  CLK     D       hold_clk_rise   c     SE = 1
u_ctrl/u_rx_divcnt_reg_25_  CLK     D       setup_clk_rise  c     SE = 1
u_ctrl/u_rx_divcnt_reg_25_  CLK     SE      hold_clk_rise   c     SE = 1
u_ctrl/u_rx_divcnt_reg_25_  CLK     SE      setup_clk_rise  c     SE = 1
u_ctrl/u_rx_divcnt_reg_26_  CLK     D       hold_clk_rise   c     SE = 1
u_ctrl/u_rx_divcnt_reg_26_  CLK     D       setup_clk_rise  c     SE = 1
u_ctrl/u_rx_divcnt_reg_26_  CLK     SE      hold_clk_rise   c     SE = 1
u_ctrl/u_rx_divcnt_reg_26_  CLK     SE      setup_clk_rise  c     SE = 1
u_ctrl/u_rx_divcnt_reg_27_  CLK     D       hold_clk_rise   c     SE = 1
u_ctrl/u_rx_divcnt_reg_27_  CLK     D       setup_clk_rise  c     SE = 1
u_ctrl/u_rx_divcnt_reg_27_  CLK     SE      hold_clk_rise   c     SE = 1
u_ctrl/u_rx_divcnt_reg_27_  CLK     SE      setup_clk_rise  c     SE = 1
u_ctrl/u_rx_divcnt_reg_28_  CLK     D       hold_clk_rise   c     SE = 1
u_ctrl/u_rx_divcnt_reg_28_  CLK     D       setup_clk_rise  c     SE = 1
u_ctrl/u_rx_divcnt_reg_28_  CLK     SE      hold_clk_rise   c     SE = 1
u_ctrl/u_rx_divcnt_reg_28_  CLK     SE      setup_clk_rise  c     SE = 1
u_ctrl/u_rx_divcnt_reg_29_  CLK     D       hold_clk_rise   c     SE = 1
u_ctrl/u_rx_divcnt_reg_29_  CLK     D       setup_clk_rise  c     SE = 1
u_ctrl/u_rx_divcnt_reg_29_  CLK     SE      hold_clk_rise   c     SE = 1
u_ctrl/u_rx_divcnt_reg_29_  CLK     SE      setup_clk_rise  c     SE = 1
u_ctrl/u_rx_divcnt_reg_30_  CLK     D       hold_clk_rise   c     SE = 1
u_ctrl/u_rx_divcnt_reg_30_  CLK     D       setup_clk_rise  c     SE = 1
u_ctrl/u_rx_divcnt_reg_30_  CLK     SE      hold_clk_rise   c     SE = 1
u_ctrl/u_rx_divcnt_reg_30_  CLK     SE      setup_clk_rise  c     SE = 1
u_ctrl/u_rx_divcnt_reg_31_  CLK     D       hold_clk_rise   c     SE = 1
u_ctrl/u_rx_divcnt_reg_31_  CLK     D       setup_clk_rise  c     SE = 1
u_ctrl/u_rx_divcnt_reg_31_  CLK     SE      hold_clk_rise   c     SE = 1
u_ctrl/u_rx_divcnt_reg_31_  CLK     SE      setup_clk_rise  c     SE = 1

1
