****************************************
Report : constraint
	-all_violators
	-path slack_only
Design : top_mcu_pll_sram_multiclk_soc
Version: W-2024.09-SP5-3
Date   : Wed Apr 15 22:47:39 2026
****************************************


   max_delay/setup ('INS' group)

   Endpoint                                                  Slack
   -----------------------------------------------------------------
   u_ctrl/u_rx/divcnt_reg_8_/D                             -4.4498  (VIOLATED)
   u_ctrl/u_rx/divcnt_reg_7_/D                             -4.4352  (VIOLATED)
   u_ctrl/u_rx/divcnt_reg_2_/D                             -4.4022  (VIOLATED)
   u_ctrl/u_rx/divcnt_reg_9_/D                             -4.3877  (VIOLATED)
   u_ctrl/u_rx/divcnt_reg_5_/D                             -4.3877  (VIOLATED)
   u_ctrl/u_rx/divcnt_reg_3_/D                             -4.3876  (VIOLATED)
   u_ctrl/u_rx/divcnt_reg_0_/D                             -4.3579  (VIOLATED)
   u_ctrl/u_rx/divcnt_reg_31_/D                            -3.9204  (VIOLATED)
   u_ctrl/u_rx/divcnt_reg_30_/D                            -3.8910  (VIOLATED)
   u_ctrl/u_rx/divcnt_reg_29_/D                            -3.8143  (VIOLATED)
   u_ctrl/u_rx/divcnt_reg_6_/D                             -3.7726  (VIOLATED)
   u_ctrl/u_rx/divcnt_reg_10_/D                            -3.7726  (VIOLATED)
   u_ctrl/u_rx/divcnt_reg_4_/D                             -3.7724  (VIOLATED)
   u_ctrl/u_rx/divcnt_reg_16_/D                            -3.7697  (VIOLATED)
   u_ctrl/u_rx/divcnt_reg_26_/D                            -3.7697  (VIOLATED)
   u_ctrl/u_rx/divcnt_reg_28_/D                            -3.7697  (VIOLATED)
   u_ctrl/u_rx/divcnt_reg_12_/D                            -3.7696  (VIOLATED)
   u_ctrl/u_rx/divcnt_reg_14_/D                            -3.7696  (VIOLATED)
   u_ctrl/u_rx/divcnt_reg_18_/D                            -3.7696  (VIOLATED)
   u_ctrl/u_rx/divcnt_reg_22_/D                            -3.7696  (VIOLATED)
   u_ctrl/u_rx/divcnt_reg_24_/D                            -3.7696  (VIOLATED)
   u_ctrl/u_rx/divcnt_reg_20_/D                            -3.7696  (VIOLATED)
   u_ctrl/u_rx/divcnt_reg_1_/D                             -3.7630  (VIOLATED)
   u_ctrl/u_rx/busy_reg/D                                  -3.7073  (VIOLATED)

   max_delay/setup ('clk_div2' group)

   Endpoint                                                  Slack
   -----------------------------------------------------------------
   u_ctrl/ct_hold_div2_reg_112_/D                         -155.7085 (VIOLATED)
   u_ctrl/ct_hold_div2_reg_113_/D                         -155.7085 (VIOLATED)
   u_ctrl/ct_hold_div2_reg_115_/D                         -155.7085 (VIOLATED)
   u_ctrl/ct_hold_div2_reg_116_/D                         -155.7085 (VIOLATED)
   u_ctrl/ct_hold_div2_reg_117_/D                         -155.7085 (VIOLATED)
   u_ctrl/ct_hold_div2_reg_118_/D                         -155.7085 (VIOLATED)
   u_ctrl/ct_hold_div2_reg_119_/D                         -155.7085 (VIOLATED)
   u_ctrl/ct_hold_div2_reg_120_/D                         -155.7085 (VIOLATED)
   u_ctrl/ct_hold_div2_reg_121_/D                         -155.7085 (VIOLATED)
   u_ctrl/ct_hold_div2_reg_122_/D                         -155.7085 (VIOLATED)
   u_ctrl/ct_hold_div2_reg_123_/D                         -155.7085 (VIOLATED)
   u_ctrl/ct_hold_div2_reg_124_/D                         -155.7085 (VIOLATED)
   u_ctrl/ct_hold_div2_reg_125_/D                         -155.7085 (VIOLATED)
   u_ctrl/ct_hold_div2_reg_126_/D                         -155.7085 (VIOLATED)
   u_ctrl/ct_hold_div2_reg_127_/D                         -155.7085 (VIOLATED)
   u_ctrl/ct_hold_div2_reg_81_/D                          -154.6931 (VIOLATED)
   u_ctrl/ct_hold_div2_reg_82_/D                          -154.6931 (VIOLATED)
   u_ctrl/ct_hold_div2_reg_83_/D                          -154.6931 (VIOLATED)
   u_ctrl/ct_hold_div2_reg_84_/D                          -154.6931 (VIOLATED)
   u_ctrl/ct_hold_div2_reg_85_/D                          -154.6931 (VIOLATED)
   u_ctrl/ct_hold_div2_reg_87_/D                          -154.6931 (VIOLATED)
   u_ctrl/ct_hold_div2_reg_88_/D                          -154.6931 (VIOLATED)
   u_ctrl/ct_hold_div2_reg_91_/D                          -154.6931 (VIOLATED)
   u_ctrl/ct_hold_div2_reg_92_/D                          -154.6931 (VIOLATED)
   u_ctrl/ct_hold_div2_reg_93_/D                          -154.6931 (VIOLATED)
   u_ctrl/ct_hold_div2_reg_94_/D                          -154.6931 (VIOLATED)
   u_ctrl/ct_hold_div2_reg_95_/D                          -154.6931 (VIOLATED)
   u_ctrl/ct_hold_div2_reg_107_/D                         -154.6931 (VIOLATED)
   u_ctrl/ct_hold_div2_reg_108_/D                         -154.6931 (VIOLATED)
   u_ctrl/ct_hold_div2_reg_110_/D                         -149.7526 (VIOLATED)
   u_ctrl/ct_hold_div2_reg_43_/D                          -129.5360 (VIOLATED)
   u_ctrl/ct_hold_div2_reg_44_/D                          -129.5360 (VIOLATED)
   u_ctrl/ct_hold_div2_reg_46_/D                          -129.5360 (VIOLATED)
   u_ctrl/ct_hold_div2_reg_48_/D                          -129.5360 (VIOLATED)
   u_ctrl/ct_hold_div2_reg_55_/D                          -129.5323 (VIOLATED)
   u_ctrl/ct_hold_div2_reg_60_/D                          -129.5323 (VIOLATED)
   u_ctrl/ct_hold_div2_reg_86_/D                          -129.5323 (VIOLATED)
   u_ctrl/ct_hold_div2_reg_89_/D                          -129.5323 (VIOLATED)
   u_ctrl/ct_hold_div2_reg_90_/D                          -129.5323 (VIOLATED)
   u_ctrl/ct_hold_div2_reg_96_/D                          -129.5323 (VIOLATED)
   u_ctrl/ct_hold_div2_reg_98_/D                          -129.5323 (VIOLATED)
   u_ctrl/ct_hold_div2_reg_100_/D                         -129.5323 (VIOLATED)
   u_ctrl/ct_hold_div2_reg_101_/D                         -129.5323 (VIOLATED)
   u_ctrl/ct_hold_div2_reg_103_/D                         -129.5323 (VIOLATED)
   u_ctrl/ct_hold_div2_reg_104_/D                         -129.5323 (VIOLATED)
   u_ctrl/ct_hold_div2_reg_105_/D                         -129.5323 (VIOLATED)
   u_ctrl/ct_hold_div2_reg_106_/D                         -129.5323 (VIOLATED)
   u_ctrl/ct_hold_div2_reg_37_/D                          -129.5321 (VIOLATED)
   u_ctrl/ct_hold_div2_reg_38_/D                          -129.5321 (VIOLATED)
   u_ctrl/ct_hold_div2_reg_40_/D                          -129.5321 (VIOLATED)
   u_ctrl/ct_hold_div2_reg_41_/D                          -129.5321 (VIOLATED)
   u_ctrl/ct_hold_div2_reg_42_/D                          -129.5321 (VIOLATED)
   u_ctrl/ct_hold_div2_reg_45_/D                          -129.5321 (VIOLATED)
   u_ctrl/ct_hold_div2_reg_53_/D                          -129.5321 (VIOLATED)
   u_ctrl/ct_hold_div2_reg_47_/D                          -110.1055 (VIOLATED)
   u_ctrl/ct_hold_div2_reg_7_/D                           -104.9508 (VIOLATED)
   u_ctrl/ct_hold_div2_reg_8_/D                           -104.9508 (VIOLATED)
   u_ctrl/ct_hold_div2_reg_11_/D                          -104.9508 (VIOLATED)
   u_ctrl/ct_hold_div2_reg_15_/D                          -104.9508 (VIOLATED)
   u_ctrl/ct_hold_div2_reg_16_/D                          -104.9508 (VIOLATED)
   u_ctrl/ct_hold_div2_reg_17_/D                          -104.9508 (VIOLATED)
   u_ctrl/ct_hold_div2_reg_18_/D                          -104.9508 (VIOLATED)
   u_ctrl/ct_hold_div2_reg_19_/D                          -104.9508 (VIOLATED)
   u_ctrl/ct_hold_div2_reg_21_/D                          -104.9508 (VIOLATED)
   u_ctrl/ct_hold_div2_reg_23_/D                          -104.9508 (VIOLATED)
   u_ctrl/ct_hold_div2_reg_24_/D                          -104.9508 (VIOLATED)
   u_ctrl/ct_hold_div2_reg_26_/D                          -104.9508 (VIOLATED)
   u_ctrl/ct_hold_div2_reg_27_/D                          -104.9508 (VIOLATED)
   u_ctrl/ct_hold_div2_reg_28_/D                          -104.9508 (VIOLATED)
   u_ctrl/ct_hold_div2_reg_0_/D                           -102.6673 (VIOLATED)
   u_ctrl/ct_hold_div2_reg_2_/D                           -102.6673 (VIOLATED)
   u_ctrl/ct_hold_div2_reg_3_/D                           -102.6673 (VIOLATED)
   u_ctrl/ct_hold_div2_reg_4_/D                           -102.6673 (VIOLATED)
   u_ctrl/ct_hold_div2_reg_5_/D                           -102.6673 (VIOLATED)
   u_ctrl/ct_hold_div2_reg_25_/D                          -102.6673 (VIOLATED)
   u_ctrl/ct_hold_div2_reg_66_/D                          -102.6673 (VIOLATED)
   u_ctrl/ct_hold_div2_reg_67_/D                          -102.6673 (VIOLATED)
   u_ctrl/ct_hold_div2_reg_69_/D                          -102.6673 (VIOLATED)
   u_ctrl/ct_hold_div2_reg_70_/D                          -102.6673 (VIOLATED)
   u_ctrl/ct_hold_div2_reg_71_/D                          -102.6673 (VIOLATED)
   u_ctrl/ct_hold_div2_reg_20_/D                          -101.6288 (VIOLATED)
   u_ctrl/ct_hold_div2_reg_22_/D                          -101.6288 (VIOLATED)
   u_ctrl/ct_hold_div2_reg_1_/D                           -101.6250 (VIOLATED)
   u_ctrl/ct_hold_div2_reg_6_/D                           -101.6250 (VIOLATED)
   u_ctrl/ct_hold_div2_reg_9_/D                           -101.6250 (VIOLATED)
   u_ctrl/ct_hold_div2_reg_10_/D                          -101.6250 (VIOLATED)
   u_ctrl/ct_hold_div2_reg_12_/D                          -101.6250 (VIOLATED)
   u_ctrl/ct_hold_div2_reg_13_/D                          -101.6250 (VIOLATED)
   u_ctrl/ct_hold_div2_reg_14_/D                          -101.6250 (VIOLATED)
   u_ctrl/tx_idx_div2_reg_2_/D                            -100.5917 (VIOLATED)
   u_ctrl/tx_idx_div2_reg_3_/D                            -100.5767 (VIOLATED)
   u_ctrl/tx_idx_div2_reg_4_/D                            -100.5762 (VIOLATED)
   u_ctrl/tx_idx_div2_reg_0_/D                            -100.5482 (VIOLATED)
   u_ctrl/tx_idx_div2_reg_1_/D                            -100.3172 (VIOLATED)
   u_ctrl/stream_sent_div2_reg/D                          -100.2744 (VIOLATED)
   u_ctrl/stream_ready_div2_reg/D                         -100.2182 (VIOLATED)
   u_ctrl/crc_start_reg/D                                 -100.2085 (VIOLATED)
   u_ctrl/sst_reg_0_/D                                    -100.0719 (VIOLATED)
   u_ctrl/u_crc/crc_out_reg_0_/D                          -29.6892  (VIOLATED)
   u_ctrl/u_crc/crc_out_reg_1_/D                          -29.6892  (VIOLATED)
   u_ctrl/u_crc/crc_out_reg_3_/D                          -29.6892  (VIOLATED)
   u_ctrl/u_crc/crc_out_reg_4_/D                          -29.6892  (VIOLATED)
   u_ctrl/u_crc/crc_out_reg_5_/D                          -29.6892  (VIOLATED)
   u_ctrl/u_crc/crc_out_reg_10_/D                         -29.6892  (VIOLATED)
   u_ctrl/u_crc/crc_out_reg_11_/D                         -29.6892  (VIOLATED)
   u_ctrl/u_crc/crc_out_reg_12_/D                         -29.6892  (VIOLATED)
   u_ctrl/u_crc/crc_out_reg_15_/D                         -29.6892  (VIOLATED)
   u_ctrl/u_crc/crc_out_reg_17_/D                         -29.6892  (VIOLATED)
   u_ctrl/u_crc/crc_out_reg_20_/D                         -29.6892  (VIOLATED)
   u_ctrl/u_crc/crc_out_reg_23_/D                         -29.6892  (VIOLATED)
   u_ctrl/u_crc/crc_out_reg_24_/D                         -29.6892  (VIOLATED)
   u_ctrl/u_crc/crc_out_reg_25_/D                         -29.6892  (VIOLATED)
   u_ctrl/u_crc/crc_out_reg_28_/D                         -29.6892  (VIOLATED)
   u_ctrl/u_crc/crc_out_reg_29_/D                         -29.6892  (VIOLATED)
   u_ctrl/u_crc/crc_out_reg_31_/D                         -29.6892  (VIOLATED)
   u_ctrl/u_crc/done_reg/D                                -29.6411  (VIOLATED)
   u_ctrl/u_crc/crc_out_reg_2_/D                          -22.8537  (VIOLATED)
   u_ctrl/u_crc/crc_out_reg_6_/D                          -22.8537  (VIOLATED)
   u_ctrl/u_crc/crc_out_reg_7_/D                          -22.8537  (VIOLATED)
   u_ctrl/u_crc/crc_out_reg_8_/D                          -22.8537  (VIOLATED)
   u_ctrl/u_crc/crc_out_reg_9_/D                          -22.8537  (VIOLATED)
   u_ctrl/u_crc/crc_out_reg_13_/D                         -22.8537  (VIOLATED)
   u_ctrl/u_crc/crc_out_reg_14_/D                         -22.8537  (VIOLATED)
   u_ctrl/u_crc/crc_out_reg_16_/D                         -22.8537  (VIOLATED)
   u_ctrl/u_crc/crc_out_reg_18_/D                         -22.8537  (VIOLATED)
   u_ctrl/u_crc/crc_out_reg_19_/D                         -22.8537  (VIOLATED)
   u_ctrl/u_crc/crc_out_reg_21_/D                         -22.8537  (VIOLATED)
   u_ctrl/u_crc/crc_out_reg_22_/D                         -22.8537  (VIOLATED)
   u_ctrl/u_crc/crc_out_reg_26_/D                         -22.8537  (VIOLATED)
   u_ctrl/u_crc/crc_out_reg_27_/D                         -22.8537  (VIOLATED)
   u_ctrl/u_crc/crc_out_reg_30_/D                         -22.8537  (VIOLATED)
   u_ctrl/ct_hold_div2_reg_49_/D                          -21.7172  (VIOLATED)
   u_ctrl/ct_hold_div2_reg_50_/D                          -21.7172  (VIOLATED)
   u_ctrl/ct_hold_div2_reg_51_/D                          -21.7172  (VIOLATED)
   u_ctrl/ct_hold_div2_reg_52_/D                          -21.7172  (VIOLATED)
   u_ctrl/ct_hold_div2_reg_54_/D                          -21.7172  (VIOLATED)
   u_ctrl/ct_hold_div2_reg_56_/D                          -21.7172  (VIOLATED)
   u_ctrl/ct_hold_div2_reg_57_/D                          -21.7172  (VIOLATED)
   u_ctrl/ct_hold_div2_reg_58_/D                          -21.7172  (VIOLATED)
   u_ctrl/ct_hold_div2_reg_59_/D                          -21.7172  (VIOLATED)
   u_ctrl/ct_hold_div2_reg_61_/D                          -21.7172  (VIOLATED)
   u_ctrl/ct_hold_div2_reg_62_/D                          -21.7172  (VIOLATED)
   u_ctrl/ct_hold_div2_reg_64_/D                          -21.7172  (VIOLATED)
   u_ctrl/ct_hold_div2_reg_65_/D                          -21.7172  (VIOLATED)
   u_ctrl/ct_hold_div2_reg_97_/D                          -21.7172  (VIOLATED)
   u_ctrl/u_crc/crc_reg_8_/D                              -15.2019  (VIOLATED)
   u_ctrl/u_crc/crc_reg_11_/D                             -15.2019  (VIOLATED)
   u_ctrl/u_crc/crc_reg_12_/D                             -15.2019  (VIOLATED)
   u_ctrl/u_crc/crc_reg_5_/D                              -15.1925  (VIOLATED)
   u_ctrl/u_crc/crc_reg_2_/D                              -15.1626  (VIOLATED)
   u_ctrl/u_crc/crc_reg_1_/D                              -15.1418  (VIOLATED)
   u_ctrl/u_crc/crc_reg_7_/D                              -13.5444  (VIOLATED)
   u_ctrl/u_crc/crc_reg_10_/D                             -13.5444  (VIOLATED)
   u_ctrl/u_crc/crc_reg_23_/D                             -13.5444  (VIOLATED)
   u_ctrl/u_crc/crc_reg_26_/D                             -13.5444  (VIOLATED)
   u_ctrl/u_crc/crc_reg_4_/D                              -13.5437  (VIOLATED)
   u_ctrl/u_crc/crc_reg_0_/D                              -13.4857  (VIOLATED)
   u_ctrl/ct_hold_div2_reg_29_/D                          -12.2116  (VIOLATED)
   u_ctrl/ct_hold_div2_reg_30_/D                          -12.2116  (VIOLATED)
   u_ctrl/ct_hold_div2_reg_31_/D                          -12.2116  (VIOLATED)
   u_ctrl/ct_hold_div2_reg_32_/D                          -12.2116  (VIOLATED)
   u_ctrl/ct_hold_div2_reg_33_/D                          -12.2116  (VIOLATED)
   u_ctrl/ct_hold_div2_reg_34_/D                          -12.2116  (VIOLATED)
   u_ctrl/ct_hold_div2_reg_35_/D                          -12.2116  (VIOLATED)
   u_ctrl/ct_hold_div2_reg_36_/D                          -12.2116  (VIOLATED)
   u_ctrl/ct_hold_div2_reg_39_/D                          -12.2116  (VIOLATED)
   u_ctrl/ct_hold_div2_reg_63_/D                          -12.2116  (VIOLATED)
   u_ctrl/ct_hold_div2_reg_99_/D                          -12.2116  (VIOLATED)
   u_ctrl/ct_hold_div2_reg_102_/D                         -12.2116  (VIOLATED)
   u_ctrl/ct_hold_div2_reg_109_/D                         -12.2116  (VIOLATED)
   u_ctrl/ct_hold_div2_reg_111_/D                         -12.2116  (VIOLATED)
   u_ctrl/ct_hold_div2_reg_114_/D                         -12.2116  (VIOLATED)
   u_ctrl/ct_hold_div2_reg_68_/D                          -11.5977  (VIOLATED)
   u_ctrl/ct_hold_div2_reg_72_/D                          -11.5977  (VIOLATED)
   u_ctrl/ct_hold_div2_reg_73_/D                          -11.5977  (VIOLATED)
   u_ctrl/ct_hold_div2_reg_74_/D                          -11.5977  (VIOLATED)
   u_ctrl/ct_hold_div2_reg_75_/D                          -11.5977  (VIOLATED)
   u_ctrl/ct_hold_div2_reg_76_/D                          -11.5977  (VIOLATED)
   u_ctrl/ct_hold_div2_reg_77_/D                          -11.5977  (VIOLATED)
   u_ctrl/ct_hold_div2_reg_78_/D                          -11.5977  (VIOLATED)
   u_ctrl/ct_hold_div2_reg_79_/D                          -11.5977  (VIOLATED)
   u_ctrl/ct_hold_div2_reg_80_/D                          -11.5977  (VIOLATED)
   u_ctrl/u_crc/crc_reg_9_/D                               -9.3789  (VIOLATED)
   u_ctrl/u_crc/crc_reg_13_/D                              -9.3789  (VIOLATED)
   u_ctrl/u_crc/crc_reg_14_/D                              -9.3789  (VIOLATED)
   u_ctrl/u_crc/crc_reg_18_/D                              -9.3789  (VIOLATED)
   u_ctrl/u_crc/crc_reg_27_/D                              -9.3789  (VIOLATED)
   u_ctrl/u_crc/crc_reg_15_/D                              -9.3737  (VIOLATED)
   u_ctrl/u_crc/crc_reg_19_/D                              -9.3737  (VIOLATED)
   u_ctrl/u_crc/crc_reg_16_/D                              -9.3737  (VIOLATED)
   u_ctrl/u_crc/crc_reg_21_/D                              -9.3737  (VIOLATED)
   u_ctrl/u_crc/crc_reg_22_/D                              -9.3737  (VIOLATED)
   u_ctrl/u_crc/crc_reg_30_/D                              -9.3737  (VIOLATED)
   u_ctrl/u_crc/crc_reg_28_/D                              -8.8415  (VIOLATED)
   u_ctrl/fail_reg/D                                       -6.0004  (VIOLATED)
   u_ctrl/mem_wdata_reg_7_/D                               -5.8056  (VIOLATED)
   u_ctrl/mem_wdata_reg_0_/D                               -5.8037  (VIOLATED)
   u_ctrl/mem_wdata_reg_1_/D                               -5.8037  (VIOLATED)
   u_ctrl/mem_wdata_reg_2_/D                               -5.8037  (VIOLATED)
   u_ctrl/mem_wdata_reg_3_/D                               -5.8037  (VIOLATED)
   u_ctrl/mem_wdata_reg_4_/D                               -5.8037  (VIOLATED)
   u_ctrl/mem_wdata_reg_5_/D                               -5.8037  (VIOLATED)
   u_ctrl/mem_wdata_reg_6_/D                               -5.8037  (VIOLATED)
   u_ctrl/sst_reg_1_/D                                     -5.6691  (VIOLATED)
   u_ctrl/sst_reg_2_/D                                     -5.6599  (VIOLATED)
   u_ctrl/byte_idx_reg_2_/D                                -5.0659  (VIOLATED)
   u_ctrl/byte_idx_reg_3_/D                                -5.0502  (VIOLATED)
   u_ctrl/u_crc/crc_reg_6_/D                               -5.0260  (VIOLATED)
   u_ctrl/u_crc/crc_reg_17_/D                              -5.0260  (VIOLATED)
   u_ctrl/u_crc/crc_reg_20_/D                              -5.0260  (VIOLATED)
   u_ctrl/u_crc/crc_reg_24_/D                              -5.0260  (VIOLATED)
   u_ctrl/u_crc/crc_reg_25_/D                              -5.0260  (VIOLATED)
   u_ctrl/u_crc/crc_reg_29_/D                              -5.0260  (VIOLATED)
   u_ctrl/u_crc/crc_reg_31_/D                              -5.0260  (VIOLATED)
   u_ctrl/byte_idx_reg_0_/D                                -5.0224  (VIOLATED)
   u_ctrl/u_crc/crc_reg_3_/D                               -5.0180  (VIOLATED)
   u_ctrl/byte_idx_reg_1_/D                                -4.9087  (VIOLATED)
   u_ctrl/crc_byte_reg_0_/D                                -4.7696  (VIOLATED)
   u_ctrl/crc_byte_reg_1_/D                                -4.7696  (VIOLATED)
   u_ctrl/crc_byte_reg_2_/D                                -4.7696  (VIOLATED)
   u_ctrl/crc_byte_reg_3_/D                                -4.7696  (VIOLATED)
   u_ctrl/crc_byte_reg_4_/D                                -4.7696  (VIOLATED)
   u_ctrl/crc_byte_reg_5_/D                                -4.7696  (VIOLATED)
   u_ctrl/crc_byte_reg_6_/D                                -4.7696  (VIOLATED)
   u_ctrl/crc_byte_reg_7_/D                                -4.7696  (VIOLATED)
   u_ctrl/crc_dv_reg/D                                     -4.7343  (VIOLATED)
   u_ctrl/tx_byte_div2_reg_1_/D                            -3.5152  (VIOLATED)
   u_ctrl/tx_byte_div2_reg_2_/D                            -3.5152  (VIOLATED)
   u_ctrl/tx_byte_div2_reg_3_/D                            -3.5152  (VIOLATED)
   u_ctrl/tx_byte_div2_reg_4_/D                            -3.5152  (VIOLATED)
   u_ctrl/tx_byte_div2_reg_5_/D                            -3.5152  (VIOLATED)
   u_ctrl/tx_byte_div2_reg_6_/D                            -3.5152  (VIOLATED)
   u_ctrl/tx_byte_div2_reg_0_/D                            -3.5003  (VIOLATED)
   u_ctrl/tx_byte_div2_reg_7_/D                            -3.5003  (VIOLATED)
   u_ctrl/mem_we_reg/D                                     -3.3182  (VIOLATED)
   u_ctrl/mem_addr_reg_2_/D                                -2.2218  (VIOLATED)
   u_ctrl/mem_addr_reg_1_/D                                -2.2218  (VIOLATED)
   u_ctrl/mem_addr_reg_0_/D                                -2.2218  (VIOLATED)
   u_ctrl/mem_addr_reg_3_/D                                -2.2218  (VIOLATED)
   u_ctrl/mem_cs_reg/D                                     -1.9761  (VIOLATED)

   max_delay/setup ('clk_div4' group)

   Endpoint                                                  Slack
   -----------------------------------------------------------------
   u_ctrl/u_tx/divcnt_reg_31_/D                           -16.4438  (VIOLATED)
   u_ctrl/u_tx/divcnt_reg_30_/D                           -16.4123  (VIOLATED)
   u_ctrl/u_tx/divcnt_reg_2_/D                            -16.3661  (VIOLATED)
   u_ctrl/u_tx/divcnt_reg_29_/D                           -16.3499  (VIOLATED)
   u_ctrl/u_tx/divcnt_reg_8_/D                            -16.3442  (VIOLATED)
   u_ctrl/u_tx/divcnt_reg_12_/D                           -16.3442  (VIOLATED)
   u_ctrl/u_tx/divcnt_reg_1_/D                            -16.3440  (VIOLATED)
   u_ctrl/u_tx/divcnt_reg_6_/D                            -16.3390  (VIOLATED)
   u_ctrl/u_tx/divcnt_reg_10_/D                           -16.3390  (VIOLATED)
   u_ctrl/u_tx/divcnt_reg_5_/D                            -16.3373  (VIOLATED)
   u_ctrl/u_tx/divcnt_reg_9_/D                            -16.3373  (VIOLATED)
   u_ctrl/u_tx/divcnt_reg_7_/D                            -16.3373  (VIOLATED)
   u_ctrl/u_tx/divcnt_reg_11_/D                           -16.3373  (VIOLATED)
   u_ctrl/u_tx/divcnt_reg_4_/D                            -16.2720  (VIOLATED)
   u_ctrl/u_tx/divcnt_reg_26_/D                           -16.2720  (VIOLATED)
   u_ctrl/u_tx/divcnt_reg_3_/D                            -16.2715  (VIOLATED)
   u_ctrl/u_tx/divcnt_reg_25_/D                           -16.2715  (VIOLATED)
   u_ctrl/u_tx/divcnt_reg_27_/D                           -16.2715  (VIOLATED)
   u_ctrl/u_tx/divcnt_reg_0_/D                            -16.2526  (VIOLATED)
   u_ctrl/u_tx/divcnt_reg_18_/D                            -7.7000  (VIOLATED)
   u_ctrl/u_tx/divcnt_reg_16_/D                            -7.7000  (VIOLATED)
   u_ctrl/u_tx/divcnt_reg_20_/D                            -7.7000  (VIOLATED)
   u_ctrl/u_tx/divcnt_reg_14_/D                            -7.7000  (VIOLATED)
   u_ctrl/u_tx/divcnt_reg_22_/D                            -7.7000  (VIOLATED)
   u_ctrl/u_tx/divcnt_reg_24_/D                            -7.7000  (VIOLATED)
   u_ctrl/u_tx/divcnt_reg_28_/D                            -7.7000  (VIOLATED)
   u_ctrl/u_tx/divcnt_reg_13_/D                            -7.6964  (VIOLATED)
   u_ctrl/u_tx/divcnt_reg_15_/D                            -7.6964  (VIOLATED)
   u_ctrl/u_tx/divcnt_reg_19_/D                            -7.6964  (VIOLATED)
   u_ctrl/u_tx/divcnt_reg_21_/D                            -7.6964  (VIOLATED)
   u_ctrl/u_tx/divcnt_reg_23_/D                            -7.6964  (VIOLATED)
   u_ctrl/u_tx/divcnt_reg_17_/D                            -7.6943  (VIOLATED)
   u_ctrl/u_rx/divcnt_reg_31_/D                            -6.3140  (VIOLATED)
   u_ctrl/u_rx/divcnt_reg_30_/D                            -6.2845  (VIOLATED)
   u_ctrl/u_rx/divcnt_reg_29_/D                            -6.2079  (VIOLATED)
   u_ctrl/u_rx/divcnt_reg_6_/D                             -6.1732  (VIOLATED)
   u_ctrl/u_rx/divcnt_reg_10_/D                            -6.1732  (VIOLATED)
   u_ctrl/u_rx/divcnt_reg_16_/D                            -6.1702  (VIOLATED)
   u_ctrl/u_rx/divcnt_reg_26_/D                            -6.1702  (VIOLATED)
   u_ctrl/u_rx/divcnt_reg_28_/D                            -6.1702  (VIOLATED)
   u_ctrl/u_rx/divcnt_reg_4_/D                             -3.1766  (VIOLATED)
   u_ctrl/u_rx/divcnt_reg_12_/D                            -3.1723  (VIOLATED)
   u_ctrl/u_rx/divcnt_reg_14_/D                            -3.1723  (VIOLATED)
   u_ctrl/u_rx/divcnt_reg_22_/D                            -3.1723  (VIOLATED)
   u_ctrl/u_rx/divcnt_reg_24_/D                            -3.1723  (VIOLATED)
   u_ctrl/u_rx/divcnt_reg_8_/D                             -2.2923  (VIOLATED)
   u_ctrl/u_rx/divcnt_reg_7_/D                             -2.2777  (VIOLATED)
   u_ctrl/u_rx/divcnt_reg_2_/D                             -2.2448  (VIOLATED)
   u_ctrl/u_rx/divcnt_reg_9_/D                             -2.2302  (VIOLATED)
   u_ctrl/u_rx/divcnt_reg_5_/D                             -2.2302  (VIOLATED)
   u_ctrl/u_rx/divcnt_reg_3_/D                             -2.2302  (VIOLATED)
   u_ctrl/u_rx/divcnt_reg_0_/D                             -2.2004  (VIOLATED)
   u_ctrl/u_rx/divcnt_reg_18_/D                            -1.6122  (VIOLATED)
   u_ctrl/u_rx/divcnt_reg_20_/D                            -1.6121  (VIOLATED)
   u_ctrl/u_rx/divcnt_reg_1_/D                             -1.6055  (VIOLATED)
   u_ctrl/u_rx/busy_reg/D                                  -1.5498  (VIOLATED)
   u_ctrl/u_tx/bitpos_reg_3_/D                             -0.2226  (VIOLATED)
   u_ctrl/u_tx/bitpos_reg_2_/D                             -0.1937  (VIOLATED)
   u_ctrl/u_tx/bitpos_reg_1_/D                             -0.1147  (VIOLATED)
   u_ctrl/u_tx/bitpos_reg_0_/D                             -0.0452  (VIOLATED)

   max_delay/setup ('clk_fast' group)

   Endpoint                                                  Slack
   -----------------------------------------------------------------
   u_ctrl/ct_hold_fast_reg_33_/D                          -21.9948  (VIOLATED)
   u_ctrl/ct_hold_fast_reg_37_/D                          -21.9948  (VIOLATED)
   u_ctrl/ct_hold_fast_reg_38_/D                          -21.9948  (VIOLATED)
   u_ctrl/ct_hold_fast_reg_41_/D                          -21.9948  (VIOLATED)
   u_ctrl/ct_hold_fast_reg_43_/D                          -21.9948  (VIOLATED)
   u_ctrl/ct_hold_fast_reg_44_/D                          -21.9948  (VIOLATED)
   u_ctrl/ct_hold_fast_reg_45_/D                          -21.9948  (VIOLATED)
   u_ctrl/ct_hold_fast_reg_46_/D                          -21.9948  (VIOLATED)
   u_ctrl/ct_hold_fast_reg_47_/D                          -21.9948  (VIOLATED)
   u_ctrl/ct_hold_fast_reg_48_/D                          -21.9948  (VIOLATED)
   u_ctrl/ct_hold_fast_reg_49_/D                          -21.9948  (VIOLATED)
   u_ctrl/ct_hold_fast_reg_50_/D                          -21.9948  (VIOLATED)
   u_ctrl/ct_hold_fast_reg_51_/D                          -21.9948  (VIOLATED)
   u_ctrl/ct_hold_fast_reg_52_/D                          -21.9948  (VIOLATED)
   u_ctrl/ct_hold_fast_reg_53_/D                          -21.9948  (VIOLATED)
   u_ctrl/ct_hold_fast_reg_54_/D                          -21.9948  (VIOLATED)
   u_ctrl/ct_hold_fast_reg_55_/D                          -21.9948  (VIOLATED)
   u_ctrl/ct_hold_fast_reg_56_/D                          -21.9948  (VIOLATED)
   u_ctrl/ct_hold_fast_reg_57_/D                          -21.9948  (VIOLATED)
   u_ctrl/ct_hold_fast_reg_58_/D                          -21.9948  (VIOLATED)
   u_ctrl/ct_hold_fast_reg_59_/D                          -21.9948  (VIOLATED)
   u_ctrl/ct_hold_fast_reg_60_/D                          -21.9948  (VIOLATED)
   u_ctrl/ct_hold_fast_reg_61_/D                          -21.9948  (VIOLATED)
   u_ctrl/ct_hold_fast_reg_62_/D                          -21.9948  (VIOLATED)
   u_ctrl/ct_hold_fast_reg_64_/D                          -21.9948  (VIOLATED)
   u_ctrl/ct_hold_fast_reg_65_/D                          -21.9948  (VIOLATED)
   u_ctrl/ct_hold_fast_reg_68_/D                          -21.9948  (VIOLATED)
   u_ctrl/ct_hold_fast_reg_76_/D                          -21.9948  (VIOLATED)
   u_ctrl/ct_hold_fast_reg_80_/D                          -21.9948  (VIOLATED)
   u_ctrl/ct_hold_fast_reg_87_/D                          -21.9948  (VIOLATED)
   u_ctrl/ct_hold_fast_reg_89_/D                          -21.9948  (VIOLATED)
   u_ctrl/ct_hold_fast_reg_90_/D                          -21.9948  (VIOLATED)
   u_ctrl/ct_hold_fast_reg_96_/D                          -21.9948  (VIOLATED)
   u_ctrl/ct_hold_fast_reg_97_/D                          -21.9948  (VIOLATED)
   u_ctrl/ct_hold_fast_reg_98_/D                          -21.9948  (VIOLATED)
   u_ctrl/ct_hold_fast_reg_100_/D                         -21.9948  (VIOLATED)
   u_ctrl/ct_hold_fast_reg_101_/D                         -21.9948  (VIOLATED)
   u_ctrl/ct_hold_fast_reg_103_/D                         -21.9948  (VIOLATED)
   u_ctrl/ct_hold_fast_reg_104_/D                         -21.9948  (VIOLATED)
   u_ctrl/ct_hold_fast_reg_105_/D                         -21.9948  (VIOLATED)
   u_ctrl/ct_hold_fast_reg_110_/D                         -21.9948  (VIOLATED)
   u_ctrl/ct_hold_fast_reg_111_/D                         -21.9948  (VIOLATED)
   u_ctrl/ct_hold_fast_reg_112_/D                         -21.9948  (VIOLATED)
   u_ctrl/ct_hold_fast_reg_113_/D                         -21.9948  (VIOLATED)
   u_ctrl/ct_hold_fast_reg_114_/D                         -21.9948  (VIOLATED)
   u_ctrl/ct_hold_fast_reg_116_/D                         -21.9948  (VIOLATED)
   u_ctrl/ct_hold_fast_reg_117_/D                         -21.9948  (VIOLATED)
   u_ctrl/ct_hold_fast_reg_118_/D                         -21.9948  (VIOLATED)
   u_ctrl/ct_hold_fast_reg_119_/D                         -21.9948  (VIOLATED)
   u_ctrl/ct_hold_fast_reg_120_/D                         -21.9948  (VIOLATED)
   u_ctrl/ct_hold_fast_reg_121_/D                         -21.9948  (VIOLATED)
   u_ctrl/ct_hold_fast_reg_122_/D                         -21.9948  (VIOLATED)
   u_ctrl/ct_hold_fast_reg_123_/D                         -21.9948  (VIOLATED)
   u_ctrl/ct_hold_fast_reg_127_/D                         -21.9948  (VIOLATED)
   u_ctrl/ct_ok_reg/D                                     -18.9595  (VIOLATED)
   u_ctrl/ct_hold_fast_reg_1_/D                           -18.8640  (VIOLATED)
   u_ctrl/ct_hold_fast_reg_75_/D                          -18.8102  (VIOLATED)
   u_ctrl/ct_hold_fast_reg_0_/D                           -18.8063  (VIOLATED)
   u_ctrl/ct_hold_fast_reg_2_/D                           -18.8063  (VIOLATED)
   u_ctrl/ct_hold_fast_reg_3_/D                           -18.8063  (VIOLATED)
   u_ctrl/ct_hold_fast_reg_66_/D                          -18.8063  (VIOLATED)
   u_ctrl/ct_hold_fast_reg_67_/D                          -18.8063  (VIOLATED)
   u_ctrl/ct_hold_fast_reg_69_/D                          -18.8063  (VIOLATED)
   u_ctrl/ct_hold_fast_reg_70_/D                          -18.8063  (VIOLATED)
   u_ctrl/ct_hold_fast_reg_71_/D                          -18.8063  (VIOLATED)
   u_ctrl/ct_hold_fast_reg_72_/D                          -18.8063  (VIOLATED)
   u_ctrl/ct_hold_fast_reg_73_/D                          -18.8063  (VIOLATED)
   u_ctrl/ct_hold_fast_reg_77_/D                          -18.8063  (VIOLATED)
   u_ctrl/ct_hold_fast_reg_78_/D                          -18.8063  (VIOLATED)
   u_ctrl/ct_hold_fast_reg_79_/D                          -18.8063  (VIOLATED)
   u_ctrl/ct_hold_fast_reg_124_/D                         -18.8063  (VIOLATED)
   u_ctrl/ct_hold_fast_reg_125_/D                         -18.8063  (VIOLATED)
   u_ctrl/ct_hold_fast_reg_29_/D                          -15.8978  (VIOLATED)
   u_ctrl/ct_hold_fast_reg_30_/D                          -15.8978  (VIOLATED)
   u_ctrl/ct_hold_fast_reg_31_/D                          -15.8978  (VIOLATED)
   u_ctrl/ct_hold_fast_reg_32_/D                          -15.8978  (VIOLATED)
   u_ctrl/ct_hold_fast_reg_34_/D                          -15.8978  (VIOLATED)
   u_ctrl/ct_hold_fast_reg_35_/D                          -15.8978  (VIOLATED)
   u_ctrl/ct_hold_fast_reg_36_/D                          -15.8978  (VIOLATED)
   u_ctrl/ct_hold_fast_reg_39_/D                          -15.8978  (VIOLATED)
   u_ctrl/ct_hold_fast_reg_40_/D                          -15.8978  (VIOLATED)
   u_ctrl/ct_hold_fast_reg_74_/D                          -15.8978  (VIOLATED)
   u_ctrl/ct_hold_fast_reg_82_/D                          -15.8978  (VIOLATED)
   u_ctrl/ct_hold_fast_reg_93_/D                          -15.8978  (VIOLATED)
   u_ctrl/ct_hold_fast_reg_94_/D                          -15.8978  (VIOLATED)
   u_ctrl/ct_hold_fast_reg_95_/D                          -15.8978  (VIOLATED)
   u_ctrl/ct_hold_fast_reg_99_/D                          -15.8978  (VIOLATED)
   u_ctrl/ct_hold_fast_reg_102_/D                         -15.8978  (VIOLATED)
   u_ctrl/ct_hold_fast_reg_42_/D                          -13.3811  (VIOLATED)
   u_ctrl/ct_hold_fast_reg_63_/D                          -13.3811  (VIOLATED)
   u_ctrl/ct_hold_fast_reg_81_/D                          -13.3811  (VIOLATED)
   u_ctrl/ct_hold_fast_reg_83_/D                          -13.3811  (VIOLATED)
   u_ctrl/ct_hold_fast_reg_84_/D                          -13.3811  (VIOLATED)
   u_ctrl/ct_hold_fast_reg_85_/D                          -13.3811  (VIOLATED)
   u_ctrl/ct_hold_fast_reg_86_/D                          -13.3811  (VIOLATED)
   u_ctrl/ct_hold_fast_reg_88_/D                          -13.3811  (VIOLATED)
   u_ctrl/ct_hold_fast_reg_91_/D                          -13.3811  (VIOLATED)
   u_ctrl/ct_hold_fast_reg_92_/D                          -13.3811  (VIOLATED)
   u_ctrl/ct_hold_fast_reg_106_/D                         -13.3811  (VIOLATED)
   u_ctrl/ct_hold_fast_reg_107_/D                         -13.3811  (VIOLATED)
   u_ctrl/ct_hold_fast_reg_108_/D                         -13.3811  (VIOLATED)
   u_ctrl/ct_hold_fast_reg_109_/D                         -13.3811  (VIOLATED)
   u_ctrl/ct_hold_fast_reg_115_/D                         -13.3811  (VIOLATED)
   u_ctrl/ct_hold_fast_reg_7_/D                           -11.1754  (VIOLATED)
   u_ctrl/ct_hold_fast_reg_9_/D                           -11.1754  (VIOLATED)
   u_ctrl/ct_hold_fast_reg_10_/D                          -11.1754  (VIOLATED)
   u_ctrl/ct_hold_fast_reg_11_/D                          -11.1754  (VIOLATED)
   u_ctrl/ct_hold_fast_reg_12_/D                          -11.1754  (VIOLATED)
   u_ctrl/ct_hold_fast_reg_14_/D                          -11.1754  (VIOLATED)
   u_ctrl/ct_hold_fast_reg_15_/D                          -11.1754  (VIOLATED)
   u_ctrl/ct_hold_fast_reg_16_/D                          -11.1754  (VIOLATED)
   u_ctrl/ct_hold_fast_reg_18_/D                          -11.1754  (VIOLATED)
   u_ctrl/ct_hold_fast_reg_21_/D                          -11.1754  (VIOLATED)
   u_ctrl/ct_hold_fast_reg_23_/D                          -11.1754  (VIOLATED)
   u_ctrl/ct_hold_fast_reg_24_/D                          -11.1754  (VIOLATED)
   u_ctrl/ct_hold_fast_reg_26_/D                          -11.1754  (VIOLATED)
   u_ctrl/ct_hold_fast_reg_27_/D                          -11.1754  (VIOLATED)
   u_ctrl/ct_hold_fast_reg_6_/D                            -2.4948  (VIOLATED)
   u_ctrl/ct_hold_fast_reg_13_/D                           -2.4948  (VIOLATED)
   u_ctrl/ct_hold_fast_reg_19_/D                           -2.4948  (VIOLATED)
   u_ctrl/ct_hold_fast_reg_20_/D                           -2.4948  (VIOLATED)
   u_ctrl/ct_hold_fast_reg_22_/D                           -2.4948  (VIOLATED)
   u_ctrl/ct_hold_fast_reg_28_/D                           -2.4948  (VIOLATED)
   u_ctrl/ct_req_pulse_fast_reg/D                          -2.4505  (VIOLATED)
   u_ctrl/aes_clk_req_reg/D                                -1.6172  (VIOLATED)
   u_ctrl/ct_hold_fast_reg_4_/D                            -1.5249  (VIOLATED)
   u_ctrl/ct_hold_fast_reg_5_/D                            -1.5249  (VIOLATED)
   u_ctrl/ct_hold_fast_reg_8_/D                            -1.5249  (VIOLATED)
   u_ctrl/ct_hold_fast_reg_17_/D                           -1.5249  (VIOLATED)
   u_ctrl/ct_hold_fast_reg_25_/D                           -1.5249  (VIOLATED)
   u_ctrl/ct_hold_fast_reg_126_/D                          -1.5249  (VIOLATED)
   u_ctrl/pass_reg/D                                       -0.5156  (VIOLATED)
   u_ctrl/aes_start_reg/D                                  -0.5146  (VIOLATED)
   u_ctrl/done_reg/D                                       -0.5118  (VIOLATED)
   u_ctrl/crc_done_hold_reg/D                              -0.5063  (VIOLATED)
   u_ctrl/start_seen_reg/D                                 -0.2014  (VIOLATED)

   max_delay/setup ('clk_fast_aes' group)

   Endpoint                                                  Slack
   -----------------------------------------------------------------
   u_ctrl/u_aes/rkeys_reg_149_/D                          -320.6477 (VIOLATED)
   u_ctrl/u_aes/rkeys_reg_260_/D                          -320.6477 (VIOLATED)
   u_ctrl/u_aes/rkeys_reg_263_/D                          -320.6477 (VIOLATED)
   u_ctrl/u_aes/rkeys_reg_265_/D                          -320.6477 (VIOLATED)
   u_ctrl/u_aes/rkeys_reg_270_/D                          -320.6477 (VIOLATED)
   u_ctrl/u_aes/rkeys_reg_276_/D                          -320.6477 (VIOLATED)
   u_ctrl/u_aes/rkeys_reg_290_/D                          -320.6477 (VIOLATED)
   u_ctrl/u_aes/rkeys_reg_398_/D                          -320.6477 (VIOLATED)
   u_ctrl/u_aes/rkeys_reg_405_/D                          -320.6477 (VIOLATED)
   u_ctrl/u_aes/rkeys_reg_407_/D                          -320.6477 (VIOLATED)
   u_ctrl/u_aes/rkeys_reg_409_/D                          -320.6477 (VIOLATED)
   u_ctrl/u_aes/rkeys_reg_528_/D                          -320.6477 (VIOLATED)
   u_ctrl/u_aes/rkeys_reg_529_/D                          -320.6477 (VIOLATED)
   u_ctrl/u_aes/rkeys_reg_533_/D                          -320.6477 (VIOLATED)
   u_ctrl/u_aes/rkeys_reg_535_/D                          -320.6477 (VIOLATED)
   u_ctrl/u_aes/rkeys_reg_537_/D                          -320.6477 (VIOLATED)
   u_ctrl/u_aes/rkeys_reg_647_/D                          -320.6477 (VIOLATED)
   u_ctrl/u_aes/rkeys_reg_657_/D                          -320.6477 (VIOLATED)
   u_ctrl/u_aes/rkeys_reg_661_/D                          -320.6477 (VIOLATED)
   u_ctrl/u_aes/rkeys_reg_663_/D                          -320.6477 (VIOLATED)
   u_ctrl/u_aes/rkeys_reg_744_/D                          -320.6477 (VIOLATED)
   u_ctrl/u_aes/rkeys_reg_794_/D                          -320.6477 (VIOLATED)
   u_ctrl/u_aes/rkeys_reg_917_/D                          -320.6477 (VIOLATED)
   u_ctrl/u_aes/rkeys_reg_1002_/D                         -320.6477 (VIOLATED)
   u_ctrl/u_aes/rkeys_reg_1033_/D                         -320.6477 (VIOLATED)
   u_ctrl/u_aes/rkeys_reg_1159_/D                         -320.6477 (VIOLATED)
   u_ctrl/u_aes/rkeys_reg_1162_/D                         -320.6477 (VIOLATED)
   u_ctrl/u_aes/rkeys_reg_1164_/D                         -320.6477 (VIOLATED)
   u_ctrl/u_aes/rkeys_reg_1166_/D                         -320.6477 (VIOLATED)
   u_ctrl/u_aes/rkeys_reg_1169_/D                         -320.6477 (VIOLATED)
   u_ctrl/u_aes/rkeys_reg_1177_/D                         -320.6477 (VIOLATED)
   u_ctrl/u_aes/rkeys_reg_1180_/D                         -320.6477 (VIOLATED)
   u_ctrl/u_aes/rkeys_reg_1247_/D                         -320.6477 (VIOLATED)
   u_ctrl/u_aes/rkeys_reg_131_/D                          -320.6442 (VIOLATED)
   u_ctrl/u_aes/rkeys_reg_262_/D                          -320.6442 (VIOLATED)
   u_ctrl/u_aes/rkeys_reg_1030_/D                         -320.6442 (VIOLATED)
   u_ctrl/u_aes/rkeys_reg_1158_/D                         -320.6442 (VIOLATED)
   u_ctrl/u_aes/rkeys_reg_1281_/D                         -320.6442 (VIOLATED)
   u_ctrl/u_aes/rkeys_reg_174_/D                          -320.1655 (VIOLATED)
   u_ctrl/u_aes/rkeys_reg_231_/D                          -320.1655 (VIOLATED)
   u_ctrl/u_aes/rkeys_reg_233_/D                          -320.1655 (VIOLATED)
   u_ctrl/u_aes/rkeys_reg_361_/D                          -320.1655 (VIOLATED)
   u_ctrl/u_aes/rkeys_reg_378_/D                          -320.1655 (VIOLATED)
   u_ctrl/u_aes/rkeys_reg_424_/D                          -320.1655 (VIOLATED)
   u_ctrl/u_aes/rkeys_reg_506_/D                          -320.1655 (VIOLATED)
   u_ctrl/u_aes/rkeys_reg_512_/D                          -320.1655 (VIOLATED)
   u_ctrl/u_aes/rkeys_reg_599_/D                          -320.1655 (VIOLATED)
   u_ctrl/u_aes/rkeys_reg_600_/D                          -320.1655 (VIOLATED)
   u_ctrl/u_aes/rkeys_reg_604_/D                          -320.1655 (VIOLATED)
   u_ctrl/u_aes/rkeys_reg_610_/D                          -320.1655 (VIOLATED)
   u_ctrl/u_aes/rkeys_reg_617_/D                          -320.1655 (VIOLATED)
   u_ctrl/u_aes/rkeys_reg_634_/D                          -320.1655 (VIOLATED)
   u_ctrl/u_aes/rkeys_reg_638_/D                          -320.1655 (VIOLATED)
   u_ctrl/u_aes/rkeys_reg_667_/D                          -320.1655 (VIOLATED)
   u_ctrl/u_aes/rkeys_reg_728_/D                          -320.1655 (VIOLATED)
   u_ctrl/u_aes/rkeys_reg_743_/D                          -320.1655 (VIOLATED)
   u_ctrl/u_aes/rkeys_reg_764_/D                          -320.1655 (VIOLATED)
   u_ctrl/u_aes/rkeys_reg_768_/D                          -320.1655 (VIOLATED)
   u_ctrl/u_aes/rkeys_reg_799_/D                          -320.1655 (VIOLATED)
   u_ctrl/u_aes/rkeys_reg_856_/D                          -320.1655 (VIOLATED)
   u_ctrl/u_aes/rkeys_reg_860_/D                          -320.1655 (VIOLATED)
   u_ctrl/u_aes/rkeys_reg_866_/D                          -320.1655 (VIOLATED)
   u_ctrl/u_aes/rkeys_reg_869_/D                          -320.1655 (VIOLATED)
   u_ctrl/u_aes/rkeys_reg_871_/D                          -320.1655 (VIOLATED)
   u_ctrl/u_aes/rkeys_reg_890_/D                          -320.1655 (VIOLATED)
   u_ctrl/u_aes/rkeys_reg_894_/D                          -320.1655 (VIOLATED)
   u_ctrl/u_aes/rkeys_reg_982_/D                          -320.1655 (VIOLATED)
   u_ctrl/u_aes/rkeys_reg_983_/D                          -320.1655 (VIOLATED)
   u_ctrl/u_aes/rkeys_reg_994_/D                          -320.1655 (VIOLATED)
   u_ctrl/u_aes/rkeys_reg_1018_/D                         -320.1655 (VIOLATED)
   u_ctrl/u_aes/rkeys_reg_1020_/D                         -320.1655 (VIOLATED)
   u_ctrl/u_aes/rkeys_reg_1031_/D                         -320.1655 (VIOLATED)
   u_ctrl/u_aes/rkeys_reg_1129_/D                         -320.1655 (VIOLATED)
   u_ctrl/u_aes/rkeys_reg_1145_/D                         -320.1655 (VIOLATED)
   u_ctrl/u_aes/rkeys_reg_1146_/D                         -320.1655 (VIOLATED)
   u_ctrl/u_aes/rkeys_reg_763_/D                          -320.1620 (VIOLATED)
   u_ctrl/u_aes/rkeys_reg_153_/D                          -315.5003 (VIOLATED)
   u_ctrl/u_aes/rkeys_reg_136_/D                          -315.4964 (VIOLATED)
   u_ctrl/u_aes/rkeys_reg_138_/D                          -315.4964 (VIOLATED)
   u_ctrl/u_aes/rkeys_reg_140_/D                          -315.4964 (VIOLATED)
   u_ctrl/u_aes/rkeys_reg_146_/D                          -315.4964 (VIOLATED)
   u_ctrl/u_aes/rkeys_reg_155_/D                          -315.4964 (VIOLATED)
   u_ctrl/u_aes/rkeys_reg_157_/D                          -315.4964 (VIOLATED)
   u_ctrl/u_aes/rkeys_reg_164_/D                          -315.4964 (VIOLATED)
   u_ctrl/u_aes/rkeys_reg_167_/D                          -315.4964 (VIOLATED)
   u_ctrl/u_aes/rkeys_reg_173_/D                          -315.4964 (VIOLATED)
   u_ctrl/u_aes/rkeys_reg_175_/D                          -315.4964 (VIOLATED)
   u_ctrl/u_aes/rkeys_reg_250_/D                          -315.4964 (VIOLATED)
   u_ctrl/u_aes/rkeys_reg_252_/D                          -315.4964 (VIOLATED)
   u_ctrl/u_aes/rkeys_reg_272_/D                          -315.4964 (VIOLATED)
   u_ctrl/u_aes/rkeys_reg_273_/D                          -315.4964 (VIOLATED)
   u_ctrl/u_aes/rkeys_reg_277_/D                          -315.4964 (VIOLATED)
   u_ctrl/u_aes/rkeys_reg_281_/D                          -315.4964 (VIOLATED)
   u_ctrl/u_aes/rkeys_reg_282_/D                          -315.4964 (VIOLATED)
   u_ctrl/u_aes/rkeys_reg_283_/D                          -315.4964 (VIOLATED)
   u_ctrl/u_aes/rkeys_reg_285_/D                          -315.4964 (VIOLATED)
   u_ctrl/u_aes/rkeys_reg_351_/D                          -315.4964 (VIOLATED)
   u_ctrl/u_aes/rkeys_reg_352_/D                          -315.4964 (VIOLATED)
   u_ctrl/u_aes/rkeys_reg_362_/D                          -315.4964 (VIOLATED)
   u_ctrl/u_aes/rkeys_reg_367_/D                          -315.4964 (VIOLATED)
   u_ctrl/u_aes/rkeys_reg_368_/D                          -315.4964 (VIOLATED)
   u_ctrl/u_aes/rkeys_reg_374_/D                          -315.4964 (VIOLATED)
   u_ctrl/u_aes/rkeys_reg_616_/D                          -315.4964 (VIOLATED)
   u_ctrl/u_aes/rkeys_reg_618_/D                          -315.4964 (VIOLATED)
   u_ctrl/u_aes/rkeys_reg_628_/D                          -315.4964 (VIOLATED)
   u_ctrl/u_aes/rkeys_reg_776_/D                          -315.4964 (VIOLATED)
   u_ctrl/u_aes/rkeys_reg_778_/D                          -315.4964 (VIOLATED)
   u_ctrl/u_aes/rkeys_reg_795_/D                          -315.4964 (VIOLATED)
   u_ctrl/u_aes/rkeys_reg_796_/D                          -315.4964 (VIOLATED)
   u_ctrl/u_aes/rkeys_reg_885_/D                          -315.4964 (VIOLATED)
   u_ctrl/u_aes/rkeys_reg_886_/D                          -315.4964 (VIOLATED)
   u_ctrl/u_aes/rkeys_reg_130_/D                          -315.4929 (VIOLATED)
   u_ctrl/u_aes/rkeys_reg_134_/D                          -315.4929 (VIOLATED)
   u_ctrl/u_aes/rkeys_reg_162_/D                          -306.3735 (VIOLATED)
   u_ctrl/u_aes/rkeys_reg_293_/D                          -306.3735 (VIOLATED)
   u_ctrl/u_aes/rkeys_reg_294_/D                          -306.3735 (VIOLATED)
   u_ctrl/u_aes/rkeys_reg_301_/D                          -306.3735 (VIOLATED)
   u_ctrl/u_aes/rkeys_reg_303_/D                          -306.3735 (VIOLATED)
   u_ctrl/u_aes/rkeys_reg_354_/D                          -306.3735 (VIOLATED)
   u_ctrl/u_aes/rkeys_reg_357_/D                          -306.3735 (VIOLATED)
   u_ctrl/u_aes/rkeys_reg_418_/D                          -306.3735 (VIOLATED)
   u_ctrl/u_aes/rkeys_reg_430_/D                          -306.3735 (VIOLATED)
   u_ctrl/u_aes/rkeys_reg_431_/D                          -306.3735 (VIOLATED)
   u_ctrl/u_aes/rkeys_reg_551_/D                          -306.3735 (VIOLATED)
   u_ctrl/u_aes/rkeys_reg_552_/D                          -306.3735 (VIOLATED)
   u_ctrl/u_aes/rkeys_reg_611_/D                          -306.3735 (VIOLATED)
   u_ctrl/u_aes/rkeys_reg_613_/D                          -306.3735 (VIOLATED)
   u_ctrl/u_aes/rkeys_reg_674_/D                          -306.3735 (VIOLATED)
   u_ctrl/u_aes/rkeys_reg_741_/D                          -306.3735 (VIOLATED)
   u_ctrl/u_aes/rkeys_reg_798_/D                          -306.3735 (VIOLATED)
   u_ctrl/u_aes/rkeys_reg_802_/D                          -306.3735 (VIOLATED)
   u_ctrl/u_aes/rkeys_reg_804_/D                          -306.3735 (VIOLATED)
   u_ctrl/u_aes/rkeys_reg_805_/D                          -306.3735 (VIOLATED)
   u_ctrl/u_aes/rkeys_reg_807_/D                          -306.3735 (VIOLATED)
   u_ctrl/u_aes/rkeys_reg_858_/D                          -306.3735 (VIOLATED)
   u_ctrl/u_aes/rkeys_reg_867_/D                          -306.3735 (VIOLATED)
   u_ctrl/u_aes/rkeys_reg_877_/D                          -306.3735 (VIOLATED)
   u_ctrl/u_aes/rkeys_reg_1005_/D                         -306.3735 (VIOLATED)
   u_ctrl/u_aes/rkeys_reg_1182_/D                         -306.3735 (VIOLATED)
   u_ctrl/u_aes/rkeys_reg_1189_/D                         -306.3735 (VIOLATED)
   u_ctrl/u_aes/rkeys_reg_1190_/D                         -306.3735 (VIOLATED)
   u_ctrl/u_aes/rkeys_reg_1191_/D                         -306.3735 (VIOLATED)
   u_ctrl/u_aes/rkeys_reg_1244_/D                         -306.3735 (VIOLATED)
   u_ctrl/u_aes/rkeys_reg_1250_/D                         -306.3735 (VIOLATED)
   u_ctrl/u_aes/rkeys_reg_1253_/D                         -306.3735 (VIOLATED)
   u_ctrl/u_aes/rkeys_reg_1261_/D                         -306.3735 (VIOLATED)
   u_ctrl/u_aes/rkeys_reg_774_/D                          -306.3701 (VIOLATED)
   u_ctrl/u_aes/rkeys_reg_902_/D                          -306.3701 (VIOLATED)
   u_ctrl/u_aes/rkeys_reg_1045_/D                         -306.1760 (VIOLATED)
   u_ctrl/u_aes/rkeys_reg_230_/D                          -306.1721 (VIOLATED)
   u_ctrl/u_aes/rkeys_reg_295_/D                          -306.1721 (VIOLATED)
   u_ctrl/u_aes/rkeys_reg_299_/D                          -306.1721 (VIOLATED)
   u_ctrl/u_aes/rkeys_reg_305_/D                          -306.1721 (VIOLATED)
   u_ctrl/u_aes/rkeys_reg_324_/D                          -306.1721 (VIOLATED)
   u_ctrl/u_aes/rkeys_reg_433_/D                          -306.1721 (VIOLATED)
   u_ctrl/u_aes/rkeys_reg_483_/D                          -306.1721 (VIOLATED)
   u_ctrl/u_aes/rkeys_reg_493_/D                          -306.1721 (VIOLATED)
   u_ctrl/u_aes/rkeys_reg_591_/D                          -306.1721 (VIOLATED)
   u_ctrl/u_aes/rkeys_reg_605_/D                          -306.1721 (VIOLATED)
   u_ctrl/u_aes/rkeys_reg_614_/D                          -306.1721 (VIOLATED)
   u_ctrl/u_aes/rkeys_reg_680_/D                          -306.1721 (VIOLATED)
   u_ctrl/u_aes/rkeys_reg_689_/D                          -306.1721 (VIOLATED)
   u_ctrl/u_aes/rkeys_reg_739_/D                          -306.1721 (VIOLATED)
   u_ctrl/u_aes/rkeys_reg_742_/D                          -306.1721 (VIOLATED)
   u_ctrl/u_aes/rkeys_reg_749_/D                          -306.1721 (VIOLATED)
   u_ctrl/u_aes/rkeys_reg_809_/D                          -306.1721 (VIOLATED)
   u_ctrl/u_aes/rkeys_reg_930_/D                          -306.1721 (VIOLATED)
   u_ctrl/u_aes/rkeys_reg_933_/D                          -306.1721 (VIOLATED)
   u_ctrl/u_aes/rkeys_reg_935_/D                          -306.1721 (VIOLATED)
   u_ctrl/u_aes/rkeys_reg_1053_/D                         -306.1721 (VIOLATED)
   u_ctrl/u_aes/rkeys_reg_1064_/D                         -306.1721 (VIOLATED)
   u_ctrl/u_aes/rkeys_reg_1073_/D                         -306.1721 (VIOLATED)
   u_ctrl/u_aes/rkeys_reg_1087_/D                         -306.1721 (VIOLATED)
   u_ctrl/u_aes/rkeys_reg_1103_/D                         -306.1721 (VIOLATED)
   u_ctrl/u_aes/rkeys_reg_1114_/D                         -306.1721 (VIOLATED)
   u_ctrl/u_aes/rkeys_reg_1117_/D                         -306.1721 (VIOLATED)
   u_ctrl/u_aes/rkeys_reg_1151_/D                         -306.1721 (VIOLATED)
   u_ctrl/u_aes/rkeys_reg_1195_/D                         -306.1721 (VIOLATED)
   u_ctrl/u_aes/rkeys_reg_1196_/D                         -306.1721 (VIOLATED)
   u_ctrl/u_aes/rkeys_reg_1197_/D                         -306.1721 (VIOLATED)
   u_ctrl/u_aes/rkeys_reg_1198_/D                         -306.1721 (VIOLATED)
   u_ctrl/u_aes/rkeys_reg_1278_/D                         -306.1721 (VIOLATED)
   u_ctrl/u_aes/rkeys_reg_1279_/D                         -306.1721 (VIOLATED)
   u_ctrl/u_aes/rkeys_reg_221_/D                          -298.0753 (VIOLATED)
   u_ctrl/u_aes/rkeys_reg_349_/D                          -298.0753 (VIOLATED)
   u_ctrl/u_aes/rkeys_reg_400_/D                          -298.0753 (VIOLATED)
   u_ctrl/u_aes/rkeys_reg_416_/D                          -298.0753 (VIOLATED)
   u_ctrl/u_aes/rkeys_reg_477_/D                          -298.0753 (VIOLATED)
   u_ctrl/u_aes/rkeys_reg_484_/D                          -298.0753 (VIOLATED)
   u_ctrl/u_aes/rkeys_reg_494_/D                          -298.0753 (VIOLATED)
   u_ctrl/u_aes/rkeys_reg_672_/D                          -298.0753 (VIOLATED)
   u_ctrl/u_aes/rkeys_reg_676_/D                          -298.0753 (VIOLATED)
   u_ctrl/u_aes/rkeys_reg_733_/D                          -298.0753 (VIOLATED)
   u_ctrl/u_aes/rkeys_reg_751_/D                          -298.0753 (VIOLATED)
   u_ctrl/u_aes/rkeys_reg_765_/D                          -298.0753 (VIOLATED)
   u_ctrl/u_aes/rkeys_reg_784_/D                          -298.0753 (VIOLATED)
   u_ctrl/u_aes/rkeys_reg_878_/D                          -298.0753 (VIOLATED)
   u_ctrl/u_aes/rkeys_reg_1006_/D                         -298.0753 (VIOLATED)
   u_ctrl/u_aes/rkeys_reg_1021_/D                         -298.0753 (VIOLATED)
   u_ctrl/u_aes/rkeys_reg_1023_/D                         -298.0753 (VIOLATED)
   u_ctrl/u_aes/rkeys_reg_1039_/D                         -298.0753 (VIOLATED)
   u_ctrl/u_aes/rkeys_reg_1109_/D                         -298.0753 (VIOLATED)
   u_ctrl/u_aes/rkeys_reg_1130_/D                         -298.0753 (VIOLATED)
   u_ctrl/u_aes/rkeys_reg_1134_/D                         -298.0753 (VIOLATED)
   u_ctrl/u_aes/rkeys_reg_1135_/D                         -298.0753 (VIOLATED)
   u_ctrl/u_aes/rkeys_reg_1149_/D                         -298.0753 (VIOLATED)
   u_ctrl/u_aes/rkeys_reg_1168_/D                         -298.0753 (VIOLATED)
   u_ctrl/u_aes/rkeys_reg_1251_/D                         -298.0753 (VIOLATED)
   u_ctrl/u_aes/rkeys_reg_1252_/D                         -298.0753 (VIOLATED)
   u_ctrl/u_aes/rkeys_reg_1254_/D                         -298.0753 (VIOLATED)
   u_ctrl/u_aes/rkeys_reg_1258_/D                         -298.0753 (VIOLATED)
   u_ctrl/u_aes/rkeys_reg_1262_/D                         -298.0753 (VIOLATED)
   u_ctrl/u_aes/rkeys_reg_499_/D                          -298.0716 (VIOLATED)
   u_ctrl/u_aes/rkeys_reg_627_/D                          -298.0716 (VIOLATED)
   u_ctrl/u_aes/rkeys_reg_1011_/D                         -298.0716 (VIOLATED)
   u_ctrl/u_aes/rkeys_reg_1267_/D                         -298.0716 (VIOLATED)
   u_ctrl/u_aes/rkeys_reg_137_/D                          -293.6519 (VIOLATED)
   u_ctrl/u_aes/rkeys_reg_143_/D                          -293.6519 (VIOLATED)
   u_ctrl/u_aes/rkeys_reg_156_/D                          -293.6519 (VIOLATED)
   u_ctrl/u_aes/rkeys_reg_228_/D                          -293.6519 (VIOLATED)
   u_ctrl/u_aes/rkeys_reg_267_/D                          -293.6519 (VIOLATED)
   u_ctrl/u_aes/rkeys_reg_268_/D                          -293.6519 (VIOLATED)
   u_ctrl/u_aes/rkeys_reg_274_/D                          -293.6519 (VIOLATED)
   u_ctrl/u_aes/rkeys_reg_275_/D                          -293.6519 (VIOLATED)
   u_ctrl/u_aes/rkeys_reg_279_/D                          -293.6519 (VIOLATED)
   u_ctrl/u_aes/rkeys_reg_356_/D                          -293.6519 (VIOLATED)
   u_ctrl/u_aes/rkeys_reg_360_/D                          -293.6519 (VIOLATED)
   u_ctrl/u_aes/rkeys_reg_399_/D                          -293.6519 (VIOLATED)
   u_ctrl/u_aes/rkeys_reg_503_/D                          -293.6519 (VIOLATED)
   u_ctrl/u_aes/rkeys_reg_520_/D                          -293.6519 (VIOLATED)
   u_ctrl/u_aes/rkeys_reg_522_/D                          -293.6519 (VIOLATED)
   u_ctrl/u_aes/rkeys_reg_524_/D                          -293.6519 (VIOLATED)
   u_ctrl/u_aes/rkeys_reg_607_/D                          -293.6519 (VIOLATED)
   u_ctrl/u_aes/rkeys_reg_612_/D                          -293.6519 (VIOLATED)
   u_ctrl/u_aes/rkeys_reg_619_/D                          -293.6519 (VIOLATED)
   u_ctrl/u_aes/rkeys_reg_624_/D                          -293.6519 (VIOLATED)
   u_ctrl/u_aes/rkeys_reg_649_/D                          -293.6519 (VIOLATED)
   u_ctrl/u_aes/rkeys_reg_658_/D                          -293.6519 (VIOLATED)
   u_ctrl/u_aes/rkeys_reg_783_/D                          -293.6519 (VIOLATED)
   u_ctrl/u_aes/rkeys_reg_868_/D                          -293.6519 (VIOLATED)
   u_ctrl/u_aes/rkeys_reg_874_/D                          -293.6519 (VIOLATED)
   u_ctrl/u_aes/rkeys_reg_884_/D                          -293.6519 (VIOLATED)
   u_ctrl/u_aes/rkeys_reg_906_/D                          -293.6519 (VIOLATED)
   u_ctrl/u_aes/rkeys_reg_907_/D                          -293.6519 (VIOLATED)
   u_ctrl/u_aes/rkeys_reg_908_/D                          -293.6519 (VIOLATED)
   u_ctrl/u_aes/rkeys_reg_911_/D                          -293.6519 (VIOLATED)
   u_ctrl/u_aes/rkeys_reg_1013_/D                         -293.6519 (VIOLATED)
   u_ctrl/u_aes/rkeys_reg_1036_/D                         -293.6519 (VIOLATED)
   u_ctrl/u_aes/rkeys_reg_220_/D                          -291.2635 (VIOLATED)
   u_ctrl/u_aes/rkeys_reg_403_/D                          -291.2635 (VIOLATED)
   u_ctrl/u_aes/rkeys_reg_410_/D                          -291.2635 (VIOLATED)
   u_ctrl/u_aes/rkeys_reg_470_/D                          -291.2635 (VIOLATED)
   u_ctrl/u_aes/rkeys_reg_479_/D                          -291.2635 (VIOLATED)
   u_ctrl/u_aes/rkeys_reg_662_/D                          -291.2635 (VIOLATED)
   u_ctrl/u_aes/rkeys_reg_671_/D                          -291.2635 (VIOLATED)
   u_ctrl/u_aes/rkeys_reg_876_/D                          -291.2635 (VIOLATED)
   u_ctrl/u_aes/rkeys_reg_881_/D                          -291.2635 (VIOLATED)
   u_ctrl/u_aes/rkeys_reg_988_/D                          -291.2635 (VIOLATED)
   u_ctrl/u_aes/rkeys_reg_991_/D                          -291.2635 (VIOLATED)
   u_ctrl/u_aes/rkeys_reg_1004_/D                         -291.2635 (VIOLATED)
   u_ctrl/u_aes/rkeys_reg_1028_/D                         -291.2635 (VIOLATED)
   u_ctrl/u_aes/rkeys_reg_1137_/D                         -291.2635 (VIOLATED)
   u_ctrl/u_aes/rkeys_reg_1273_/D                         -291.2635 (VIOLATED)
   u_ctrl/u_aes/rkeys_reg_2_/D                            -291.2598 (VIOLATED)
   u_ctrl/u_aes/rkeys_reg_6_/D                            -291.2598 (VIOLATED)
   u_ctrl/u_aes/rkeys_reg_13_/D                           -291.2598 (VIOLATED)
   u_ctrl/u_aes/rkeys_reg_129_/D                          -291.2598 (VIOLATED)
   u_ctrl/u_aes/rkeys_reg_386_/D                          -291.2598 (VIOLATED)
   u_ctrl/u_aes/rkeys_reg_515_/D                          -291.2598 (VIOLATED)
   u_ctrl/u_aes/rkeys_reg_635_/D                          -291.2598 (VIOLATED)
   u_ctrl/u_aes/rkeys_reg_641_/D                          -291.2598 (VIOLATED)
   u_ctrl/u_aes/rkeys_reg_643_/D                          -291.2598 (VIOLATED)
   u_ctrl/u_aes/rkeys_reg_771_/D                          -291.2598 (VIOLATED)
   u_ctrl/u_aes/rkeys_reg_1025_/D                         -291.2598 (VIOLATED)
   u_ctrl/u_aes/rkeys_reg_1153_/D                         -291.2598 (VIOLATED)
   u_ctrl/u_aes/rkeys_reg_1154_/D                         -291.2598 (VIOLATED)
   u_ctrl/u_aes/rkeys_reg_1155_/D                         -291.2598 (VIOLATED)
   u_ctrl/u_aes/rkeys_reg_1282_/D                         -291.2598 (VIOLATED)
   u_ctrl/u_aes/rkeys_reg_1283_/D                         -291.2598 (VIOLATED)
   u_ctrl/u_aes/rkeys_reg_195_/D                          -289.7830 (VIOLATED)
   u_ctrl/u_aes/rkeys_reg_201_/D                          -289.7830 (VIOLATED)
   u_ctrl/u_aes/rkeys_reg_202_/D                          -289.7830 (VIOLATED)
   u_ctrl/u_aes/rkeys_reg_204_/D                          -289.7830 (VIOLATED)
   u_ctrl/u_aes/rkeys_reg_297_/D                          -289.7830 (VIOLATED)
   u_ctrl/u_aes/rkeys_reg_300_/D                          -289.7830 (VIOLATED)
   u_ctrl/u_aes/rkeys_reg_306_/D                          -289.7830 (VIOLATED)
   u_ctrl/u_aes/rkeys_reg_308_/D                          -289.7830 (VIOLATED)
   u_ctrl/u_aes/rkeys_reg_317_/D                          -289.7830 (VIOLATED)
   u_ctrl/u_aes/rkeys_reg_318_/D                          -289.7830 (VIOLATED)
   u_ctrl/u_aes/rkeys_reg_319_/D                          -289.7830 (VIOLATED)
   u_ctrl/u_aes/rkeys_reg_323_/D                          -289.7830 (VIOLATED)
   u_ctrl/u_aes/rkeys_reg_325_/D                          -289.7830 (VIOLATED)
   u_ctrl/u_aes/rkeys_reg_442_/D                          -289.7830 (VIOLATED)
   u_ctrl/u_aes/rkeys_reg_556_/D                          -289.7830 (VIOLATED)
   u_ctrl/u_aes/rkeys_reg_562_/D                          -289.7830 (VIOLATED)
   u_ctrl/u_aes/rkeys_reg_564_/D                          -289.7830 (VIOLATED)
   u_ctrl/u_aes/rkeys_reg_566_/D                          -289.7830 (VIOLATED)
   u_ctrl/u_aes/rkeys_reg_568_/D                          -289.7830 (VIOLATED)
   u_ctrl/u_aes/rkeys_reg_573_/D                          -289.7830 (VIOLATED)
   u_ctrl/u_aes/rkeys_reg_575_/D                          -289.7830 (VIOLATED)
   u_ctrl/u_aes/rkeys_reg_577_/D                          -289.7830 (VIOLATED)
   u_ctrl/u_aes/rkeys_reg_588_/D                          -289.7830 (VIOLATED)
   u_ctrl/u_aes/rkeys_reg_681_/D                          -289.7830 (VIOLATED)
   u_ctrl/u_aes/rkeys_reg_685_/D                          -289.7830 (VIOLATED)
   u_ctrl/u_aes/rkeys_reg_687_/D                          -289.7830 (VIOLATED)
   u_ctrl/u_aes/rkeys_reg_702_/D                          -289.7830 (VIOLATED)
   u_ctrl/u_aes/rkeys_reg_704_/D                          -289.7830 (VIOLATED)
   u_ctrl/u_aes/rkeys_reg_705_/D                          -289.7830 (VIOLATED)
   u_ctrl/u_aes/rkeys_reg_709_/D                          -289.7830 (VIOLATED)
   u_ctrl/u_aes/rkeys_reg_714_/D                          -289.7830 (VIOLATED)
   u_ctrl/u_aes/rkeys_reg_812_/D                          -289.7830 (VIOLATED)
   u_ctrl/u_aes/rkeys_reg_813_/D                          -289.7830 (VIOLATED)
   u_ctrl/u_aes/rkeys_reg_818_/D                          -289.7830 (VIOLATED)
   u_ctrl/u_aes/rkeys_reg_827_/D                          -289.7830 (VIOLATED)
   u_ctrl/u_aes/rkeys_reg_831_/D                          -289.7830 (VIOLATED)
   u_ctrl/u_aes/rkeys_reg_842_/D                          -289.7830 (VIOLATED)
   u_ctrl/u_aes/rkeys_reg_1070_/D                         -289.7830 (VIOLATED)
   u_ctrl/u_aes/rkeys_reg_1071_/D                         -289.7830 (VIOLATED)
   u_ctrl/u_aes/rkeys_reg_1075_/D                         -289.7830 (VIOLATED)
   u_ctrl/u_aes/rkeys_reg_1076_/D                         -289.7830 (VIOLATED)
   u_ctrl/u_aes/rkeys_reg_1079_/D                         -289.7830 (VIOLATED)
   u_ctrl/u_aes/rkeys_reg_1083_/D                         -289.7830 (VIOLATED)
   u_ctrl/u_aes/rkeys_reg_1084_/D                         -289.7830 (VIOLATED)
   u_ctrl/u_aes/rkeys_reg_1085_/D                         -289.7830 (VIOLATED)
   u_ctrl/u_aes/rkeys_reg_1088_/D                         -289.7830 (VIOLATED)
   u_ctrl/u_aes/rkeys_reg_1094_/D                         -289.7830 (VIOLATED)
   u_ctrl/u_aes/rkeys_reg_1098_/D                         -289.7830 (VIOLATED)
   u_ctrl/u_aes/rkeys_reg_1100_/D                         -289.7830 (VIOLATED)
   u_ctrl/u_aes/rkeys_reg_1201_/D                         -289.7830 (VIOLATED)
   u_ctrl/u_aes/rkeys_reg_1202_/D                         -289.7830 (VIOLATED)
   u_ctrl/u_aes/rkeys_reg_1205_/D                         -289.7830 (VIOLATED)
   u_ctrl/u_aes/rkeys_reg_1207_/D                         -289.7830 (VIOLATED)
   u_ctrl/u_aes/rkeys_reg_1211_/D                         -289.7830 (VIOLATED)
   u_ctrl/u_aes/rkeys_reg_1212_/D                         -289.7830 (VIOLATED)
   u_ctrl/u_aes/rkeys_reg_1214_/D                         -289.7830 (VIOLATED)
   u_ctrl/u_aes/rkeys_reg_1219_/D                         -289.7830 (VIOLATED)
   u_ctrl/u_aes/rkeys_reg_1220_/D                         -289.7830 (VIOLATED)
   u_ctrl/u_aes/rkeys_reg_1225_/D                         -289.7830 (VIOLATED)
   u_ctrl/u_aes/rkeys_reg_1228_/D                         -289.7830 (VIOLATED)
   u_ctrl/u_aes/rkeys_reg_1234_/D                         -289.7830 (VIOLATED)
   u_ctrl/u_aes/rkeys_reg_1241_/D                         -289.7830 (VIOLATED)
   u_ctrl/u_aes/rkeys_reg_236_/D                          -286.7744 (VIOLATED)
   u_ctrl/u_aes/rkeys_reg_237_/D                          -286.7744 (VIOLATED)
   u_ctrl/u_aes/rkeys_reg_254_/D                          -286.7744 (VIOLATED)
   u_ctrl/u_aes/rkeys_reg_492_/D                          -286.7744 (VIOLATED)
   u_ctrl/u_aes/rkeys_reg_508_/D                          -286.7744 (VIOLATED)
   u_ctrl/u_aes/rkeys_reg_523_/D                          -286.7744 (VIOLATED)
   u_ctrl/u_aes/rkeys_reg_636_/D                          -286.7744 (VIOLATED)
   u_ctrl/u_aes/rkeys_reg_645_/D                          -286.7744 (VIOLATED)
   u_ctrl/u_aes/rkeys_reg_745_/D                          -286.7744 (VIOLATED)
   u_ctrl/u_aes/rkeys_reg_759_/D                          -286.7744 (VIOLATED)
   u_ctrl/u_aes/rkeys_reg_762_/D                          -286.7744 (VIOLATED)
   u_ctrl/u_aes/rkeys_reg_772_/D                          -286.7744 (VIOLATED)
   u_ctrl/u_aes/rkeys_reg_775_/D                          -286.7744 (VIOLATED)
   u_ctrl/u_aes/rkeys_reg_1012_/D                         -286.7744 (VIOLATED)
   u_ctrl/u_aes/rkeys_reg_1015_/D                         -286.7744 (VIOLATED)
   u_ctrl/u_aes/rkeys_reg_1032_/D                         -286.7744 (VIOLATED)
   u_ctrl/u_aes/rkeys_reg_1131_/D                         -286.7744 (VIOLATED)
   u_ctrl/u_aes/rkeys_reg_1140_/D                         -286.7744 (VIOLATED)
   u_ctrl/u_aes/rkeys_reg_1156_/D                         -286.7744 (VIOLATED)
   u_ctrl/u_aes/rkeys_reg_1161_/D                         -286.7744 (VIOLATED)
   u_ctrl/u_aes/rkeys_reg_1274_/D                         -286.7744 (VIOLATED)
   u_ctrl/u_aes/rkeys_reg_1289_/D                         -286.7744 (VIOLATED)
   u_ctrl/u_aes/rkeys_reg_269_/D                          -286.7707 (VIOLATED)
   u_ctrl/u_aes/rkeys_reg_385_/D                          -286.7707 (VIOLATED)
   u_ctrl/u_aes/rkeys_reg_518_/D                          -286.7707 (VIOLATED)
   u_ctrl/u_aes/rkeys_reg_653_/D                          -286.7707 (VIOLATED)
   u_ctrl/u_aes/rkeys_reg_770_/D                          -286.7707 (VIOLATED)
   u_ctrl/u_aes/rkeys_reg_909_/D                          -286.7707 (VIOLATED)
   u_ctrl/u_aes/rkeys_reg_1026_/D                         -286.7707 (VIOLATED)
   u_ctrl/u_aes/rkeys_reg_1165_/D                         -286.7707 (VIOLATED)
   u_ctrl/u_aes/rkeys_reg_177_/D                          -286.0661 (VIOLATED)
   u_ctrl/u_aes/rkeys_reg_208_/D                          -286.0661 (VIOLATED)
   u_ctrl/u_aes/rkeys_reg_327_/D                          -286.0661 (VIOLATED)
   u_ctrl/u_aes/rkeys_reg_340_/D                          -286.0661 (VIOLATED)
   u_ctrl/u_aes/rkeys_reg_346_/D                          -286.0661 (VIOLATED)
   u_ctrl/u_aes/rkeys_reg_426_/D                          -286.0661 (VIOLATED)
   u_ctrl/u_aes/rkeys_reg_427_/D                          -286.0661 (VIOLATED)
   u_ctrl/u_aes/rkeys_reg_428_/D                          -286.0661 (VIOLATED)
   u_ctrl/u_aes/rkeys_reg_446_/D                          -286.0661 (VIOLATED)
   u_ctrl/u_aes/rkeys_reg_451_/D                          -286.0661 (VIOLATED)
   u_ctrl/u_aes/rkeys_reg_455_/D                          -286.0661 (VIOLATED)
   u_ctrl/u_aes/rkeys_reg_457_/D                          -286.0661 (VIOLATED)
   u_ctrl/u_aes/rkeys_reg_466_/D                          -286.0661 (VIOLATED)
   u_ctrl/u_aes/rkeys_reg_473_/D                          -286.0661 (VIOLATED)
   u_ctrl/u_aes/rkeys_reg_481_/D                          -286.0661 (VIOLATED)
   u_ctrl/u_aes/rkeys_reg_496_/D                          -286.0661 (VIOLATED)
   u_ctrl/u_aes/rkeys_reg_544_/D                          -286.0661 (VIOLATED)
   u_ctrl/u_aes/rkeys_reg_550_/D                          -286.0661 (VIOLATED)
   u_ctrl/u_aes/rkeys_reg_554_/D                          -286.0661 (VIOLATED)
   u_ctrl/u_aes/rkeys_reg_557_/D                          -286.0661 (VIOLATED)
   u_ctrl/u_aes/rkeys_reg_583_/D                          -286.0661 (VIOLATED)
   u_ctrl/u_aes/rkeys_reg_585_/D                          -286.0661 (VIOLATED)
   u_ctrl/u_aes/rkeys_reg_593_/D                          -286.0661 (VIOLATED)
   u_ctrl/u_aes/rkeys_reg_692_/D                          -286.0661 (VIOLATED)
   u_ctrl/u_aes/rkeys_reg_694_/D                          -286.0661 (VIOLATED)
   u_ctrl/u_aes/rkeys_reg_707_/D                          -286.0661 (VIOLATED)
   u_ctrl/u_aes/rkeys_reg_711_/D                          -286.0661 (VIOLATED)
   u_ctrl/u_aes/rkeys_reg_716_/D                          -286.0661 (VIOLATED)
   u_ctrl/u_aes/rkeys_reg_719_/D                          -286.0661 (VIOLATED)
   u_ctrl/u_aes/rkeys_reg_724_/D                          -286.0661 (VIOLATED)
   u_ctrl/u_aes/rkeys_reg_822_/D                          -286.0661 (VIOLATED)
   u_ctrl/u_aes/rkeys_reg_829_/D                          -286.0661 (VIOLATED)
   u_ctrl/u_aes/rkeys_reg_830_/D                          -286.0661 (VIOLATED)
   u_ctrl/u_aes/rkeys_reg_841_/D                          -286.0661 (VIOLATED)
   u_ctrl/u_aes/rkeys_reg_844_/D                          -286.0661 (VIOLATED)
   u_ctrl/u_aes/rkeys_reg_852_/D                          -286.0661 (VIOLATED)
   u_ctrl/u_aes/rkeys_reg_928_/D                          -286.0661 (VIOLATED)
   u_ctrl/u_aes/rkeys_reg_929_/D                          -286.0661 (VIOLATED)
   u_ctrl/u_aes/rkeys_reg_931_/D                          -286.0661 (VIOLATED)
   u_ctrl/u_aes/rkeys_reg_957_/D                          -286.0661 (VIOLATED)
   u_ctrl/u_aes/rkeys_reg_958_/D                          -286.0661 (VIOLATED)
   u_ctrl/u_aes/rkeys_reg_963_/D                          -286.0661 (VIOLATED)
   u_ctrl/u_aes/rkeys_reg_967_/D                          -286.0661 (VIOLATED)
   u_ctrl/u_aes/rkeys_reg_985_/D                          -286.0661 (VIOLATED)
   u_ctrl/u_aes/rkeys_reg_1066_/D                         -286.0661 (VIOLATED)
   u_ctrl/u_aes/rkeys_reg_1095_/D                         -286.0661 (VIOLATED)
   u_ctrl/u_aes/rkeys_reg_1120_/D                         -286.0661 (VIOLATED)
   u_ctrl/u_aes/rkeys_reg_1128_/D                         -286.0661 (VIOLATED)
   u_ctrl/u_aes/rkeys_reg_1217_/D                         -286.0661 (VIOLATED)
   u_ctrl/u_aes/rkeys_reg_1223_/D                         -286.0661 (VIOLATED)
   u_ctrl/u_aes/rkeys_reg_1232_/D                         -286.0661 (VIOLATED)
   u_ctrl/u_aes/rkeys_reg_1298_/D                         -286.0661 (VIOLATED)
   u_ctrl/u_aes/rkeys_reg_1299_/D                         -286.0661 (VIOLATED)
   u_ctrl/u_aes/rkeys_reg_1307_/D                         -286.0661 (VIOLATED)
   u_ctrl/u_aes/rkeys_reg_1313_/D                         -286.0661 (VIOLATED)
   u_ctrl/u_aes/rkeys_reg_1315_/D                         -286.0661 (VIOLATED)
   u_ctrl/u_aes/rkeys_reg_1328_/D                         -286.0661 (VIOLATED)
   u_ctrl/u_aes/rkeys_reg_1331_/D                         -286.0661 (VIOLATED)
   u_ctrl/u_aes/rkeys_reg_1376_/D                         -286.0661 (VIOLATED)
   u_ctrl/u_aes/rkeys_reg_1392_/D                         -286.0661 (VIOLATED)
   u_ctrl/u_aes/rkeys_reg_188_/D                          -282.7551 (VIOLATED)
   u_ctrl/u_aes/rkeys_reg_210_/D                          -282.7551 (VIOLATED)
   u_ctrl/u_aes/rkeys_reg_382_/D                          -282.7551 (VIOLATED)
   u_ctrl/u_aes/rkeys_reg_414_/D                          -282.7551 (VIOLATED)
   u_ctrl/u_aes/rkeys_reg_425_/D                          -282.7551 (VIOLATED)
   u_ctrl/u_aes/rkeys_reg_463_/D                          -282.7551 (VIOLATED)
   u_ctrl/u_aes/rkeys_reg_464_/D                          -282.7551 (VIOLATED)
   u_ctrl/u_aes/rkeys_reg_555_/D                          -282.7551 (VIOLATED)
   u_ctrl/u_aes/rkeys_reg_580_/D                          -282.7551 (VIOLATED)
   u_ctrl/u_aes/rkeys_reg_594_/D                          -282.7551 (VIOLATED)
   u_ctrl/u_aes/rkeys_reg_682_/D                          -282.7551 (VIOLATED)
   u_ctrl/u_aes/rkeys_reg_683_/D                          -282.7551 (VIOLATED)
   u_ctrl/u_aes/rkeys_reg_693_/D                          -282.7551 (VIOLATED)
   u_ctrl/u_aes/rkeys_reg_712_/D                          -282.7551 (VIOLATED)
   u_ctrl/u_aes/rkeys_reg_722_/D                          -282.7551 (VIOLATED)
   u_ctrl/u_aes/rkeys_reg_727_/D                          -282.7551 (VIOLATED)
   u_ctrl/u_aes/rkeys_reg_821_/D                          -282.7551 (VIOLATED)
   u_ctrl/u_aes/rkeys_reg_828_/D                          -282.7551 (VIOLATED)
   u_ctrl/u_aes/rkeys_reg_932_/D                          -282.7551 (VIOLATED)
   u_ctrl/u_aes/rkeys_reg_939_/D                          -282.7551 (VIOLATED)
   u_ctrl/u_aes/rkeys_reg_975_/D                          -282.7551 (VIOLATED)
   u_ctrl/u_aes/rkeys_reg_998_/D                          -282.7551 (VIOLATED)
   u_ctrl/u_aes/rkeys_reg_1054_/D                         -282.7551 (VIOLATED)
   u_ctrl/u_aes/rkeys_reg_1237_/D                         -282.7551 (VIOLATED)
   u_ctrl/u_aes/rkeys_reg_1321_/D                         -282.7551 (VIOLATED)
   u_ctrl/u_aes/rkeys_reg_1323_/D                         -282.7551 (VIOLATED)
   u_ctrl/u_aes/rkeys_reg_222_/D                          -282.7514 (VIOLATED)
   u_ctrl/u_aes/rkeys_reg_243_/D                          -282.7514 (VIOLATED)
   u_ctrl/u_aes/rkeys_reg_606_/D                          -282.7514 (VIOLATED)
   u_ctrl/u_aes/rkeys_reg_247_/D                          -282.5015 (VIOLATED)
   u_ctrl/u_aes/rkeys_reg_287_/D                          -282.5015 (VIOLATED)
   u_ctrl/u_aes/rkeys_reg_292_/D                          -282.5015 (VIOLATED)
   u_ctrl/u_aes/rkeys_reg_389_/D                          -282.5015 (VIOLATED)
   u_ctrl/u_aes/rkeys_reg_501_/D                          -282.5015 (VIOLATED)
   u_ctrl/u_aes/rkeys_reg_517_/D                          -282.5015 (VIOLATED)
   u_ctrl/u_aes/rkeys_reg_521_/D                          -282.5015 (VIOLATED)
   u_ctrl/u_aes/rkeys_reg_629_/D                          -282.5015 (VIOLATED)
   u_ctrl/u_aes/rkeys_reg_669_/D                          -282.5015 (VIOLATED)
   u_ctrl/u_aes/rkeys_reg_757_/D                          -282.5015 (VIOLATED)
   u_ctrl/u_aes/rkeys_reg_773_/D                          -282.5015 (VIOLATED)
   u_ctrl/u_aes/rkeys_reg_797_/D                          -282.5015 (VIOLATED)
   u_ctrl/u_aes/rkeys_reg_887_/D                          -282.5015 (VIOLATED)
   u_ctrl/u_aes/rkeys_reg_904_/D                          -282.5015 (VIOLATED)
   u_ctrl/u_aes/rkeys_reg_905_/D                          -282.5015 (VIOLATED)
   u_ctrl/u_aes/rkeys_reg_1029_/D                         -282.5015 (VIOLATED)
   u_ctrl/u_aes/rkeys_reg_1143_/D                         -282.5015 (VIOLATED)
   u_ctrl/u_aes/rkeys_reg_1148_/D                         -282.5015 (VIOLATED)
   u_ctrl/u_aes/rkeys_reg_1157_/D                         -282.5015 (VIOLATED)
   u_ctrl/u_aes/rkeys_reg_1171_/D                         -282.5015 (VIOLATED)
   u_ctrl/u_aes/rkeys_reg_1173_/D                         -282.5015 (VIOLATED)
   u_ctrl/u_aes/rkeys_reg_1175_/D                         -282.5015 (VIOLATED)
   u_ctrl/u_aes/rkeys_reg_1183_/D                         -282.5015 (VIOLATED)
   u_ctrl/u_aes/rkeys_reg_1188_/D                         -282.5015 (VIOLATED)
   u_ctrl/u_aes/rkeys_reg_1255_/D                         -282.5015 (VIOLATED)
   u_ctrl/u_aes/rkeys_reg_1260_/D                         -282.5015 (VIOLATED)
   u_ctrl/u_aes/rkeys_reg_1269_/D                         -282.5015 (VIOLATED)
   u_ctrl/u_aes/rkeys_reg_1271_/D                         -282.5015 (VIOLATED)
   u_ctrl/u_aes/rkeys_reg_1276_/D                         -282.5015 (VIOLATED)
   u_ctrl/u_aes/rkeys_reg_200_/D                          -277.0531 (VIOLATED)
   u_ctrl/u_aes/rkeys_reg_328_/D                          -277.0531 (VIOLATED)
   u_ctrl/u_aes/rkeys_reg_995_/D                          -277.0531 (VIOLATED)
   u_ctrl/u_aes/rkeys_reg_1108_/D                         -277.0531 (VIOLATED)
   u_ctrl/u_aes/rkeys_reg_1121_/D                         -277.0531 (VIOLATED)
   u_ctrl/u_aes/rkeys_reg_1123_/D                         -277.0531 (VIOLATED)
   u_ctrl/u_aes/rkeys_reg_1233_/D                         -277.0531 (VIOLATED)
   u_ctrl/u_aes/rkeys_reg_1306_/D                         -277.0531 (VIOLATED)
   u_ctrl/u_aes/rkeys_reg_1312_/D                         -277.0531 (VIOLATED)
   u_ctrl/u_aes/rkeys_reg_1370_/D                         -277.0531 (VIOLATED)
   u_ctrl/u_aes/rkeys_reg_1377_/D                         -277.0531 (VIOLATED)
   u_ctrl/u_aes/rkeys_reg_206_/D                          -277.0495 (VIOLATED)
   u_ctrl/u_aes/rkeys_reg_333_/D                          -277.0495 (VIOLATED)
   u_ctrl/u_aes/rkeys_reg_334_/D                          -277.0495 (VIOLATED)
   u_ctrl/u_aes/rkeys_reg_339_/D                          -277.0495 (VIOLATED)
   u_ctrl/u_aes/rkeys_reg_461_/D                          -277.0495 (VIOLATED)
   u_ctrl/u_aes/rkeys_reg_462_/D                          -277.0495 (VIOLATED)
   u_ctrl/u_aes/rkeys_reg_478_/D                          -277.0495 (VIOLATED)
   u_ctrl/u_aes/rkeys_reg_723_/D                          -277.0495 (VIOLATED)
   u_ctrl/u_aes/rkeys_reg_845_/D                          -277.0495 (VIOLATED)
   u_ctrl/u_aes/rkeys_reg_974_/D                          -277.0495 (VIOLATED)
   u_ctrl/u_aes/rkeys_reg_1101_/D                         -277.0495 (VIOLATED)
   u_ctrl/u_aes/rkeys_reg_1107_/D                         -277.0495 (VIOLATED)
   u_ctrl/u_aes/rkeys_reg_1118_/D                         -277.0495 (VIOLATED)
   u_ctrl/u_aes/rkeys_reg_1229_/D                         -277.0495 (VIOLATED)
   u_ctrl/u_aes/rkeys_reg_1230_/D                         -277.0495 (VIOLATED)
   u_ctrl/u_aes/rkeys_reg_1235_/D                         -277.0495 (VIOLATED)
   u_ctrl/u_aes/rkeys_reg_180_/D                          -272.7208 (VIOLATED)
   u_ctrl/u_aes/rkeys_reg_183_/D                          -272.7208 (VIOLATED)
   u_ctrl/u_aes/rkeys_reg_338_/D                          -272.7208 (VIOLATED)
   u_ctrl/u_aes/rkeys_reg_419_/D                          -272.7208 (VIOLATED)
   u_ctrl/u_aes/rkeys_reg_450_/D                          -272.7208 (VIOLATED)
   u_ctrl/u_aes/rkeys_reg_560_/D                          -272.7208 (VIOLATED)
   u_ctrl/u_aes/rkeys_reg_569_/D                          -272.7208 (VIOLATED)
   u_ctrl/u_aes/rkeys_reg_570_/D                          -272.7208 (VIOLATED)
   u_ctrl/u_aes/rkeys_reg_578_/D                          -272.7208 (VIOLATED)
   u_ctrl/u_aes/rkeys_reg_601_/D                          -272.7208 (VIOLATED)
   u_ctrl/u_aes/rkeys_reg_688_/D                          -272.7208 (VIOLATED)
   u_ctrl/u_aes/rkeys_reg_695_/D                          -272.7208 (VIOLATED)
   u_ctrl/u_aes/rkeys_reg_700_/D                          -272.7208 (VIOLATED)
   u_ctrl/u_aes/rkeys_reg_720_/D                          -272.7208 (VIOLATED)
   u_ctrl/u_aes/rkeys_reg_824_/D                          -272.7208 (VIOLATED)
   u_ctrl/u_aes/rkeys_reg_832_/D                          -272.7208 (VIOLATED)
   u_ctrl/u_aes/rkeys_reg_848_/D                          -272.7208 (VIOLATED)
   u_ctrl/u_aes/rkeys_reg_850_/D                          -272.7208 (VIOLATED)
   u_ctrl/u_aes/rkeys_reg_944_/D                          -272.7208 (VIOLATED)
   u_ctrl/u_aes/rkeys_reg_948_/D                          -272.7208 (VIOLATED)
   u_ctrl/u_aes/rkeys_reg_1072_/D                         -272.7208 (VIOLATED)
   u_ctrl/u_aes/rkeys_reg_1209_/D                         -272.7208 (VIOLATED)
   u_ctrl/u_aes/rkeys_reg_1215_/D                         -272.7208 (VIOLATED)
   u_ctrl/u_aes/rkeys_reg_1239_/D                         -272.7208 (VIOLATED)
   u_ctrl/u_aes/rkeys_reg_1344_/D                         -272.7208 (VIOLATED)
   u_ctrl/u_aes/rkeys_reg_1345_/D                         -272.7208 (VIOLATED)
   u_ctrl/u_aes/rkeys_reg_1290_/D                         -264.5557 (VIOLATED)
   u_ctrl/u_aes/rkeys_reg_170_/D                          -264.5518 (VIOLATED)
   u_ctrl/u_aes/rkeys_reg_539_/D                          -264.5518 (VIOLATED)
   u_ctrl/u_aes/rkeys_reg_597_/D                          -264.5518 (VIOLATED)
   u_ctrl/u_aes/rkeys_reg_608_/D                          -264.5518 (VIOLATED)
   u_ctrl/u_aes/rkeys_reg_753_/D                          -264.5518 (VIOLATED)
   u_ctrl/u_aes/rkeys_reg_853_/D                          -264.5518 (VIOLATED)
   u_ctrl/u_aes/rkeys_reg_896_/D                          -264.5518 (VIOLATED)
   u_ctrl/u_aes/rkeys_reg_912_/D                          -264.5518 (VIOLATED)
   u_ctrl/u_aes/rkeys_reg_915_/D                          -264.5518 (VIOLATED)
   u_ctrl/u_aes/rkeys_reg_922_/D                          -264.5518 (VIOLATED)
   u_ctrl/u_aes/rkeys_reg_1051_/D                         -264.5518 (VIOLATED)
   u_ctrl/u_aes/rkeys_reg_1178_/D                         -264.5518 (VIOLATED)
   u_ctrl/u_aes/rkeys_reg_1184_/D                         -264.5518 (VIOLATED)
   u_ctrl/u_aes/rkeys_reg_1248_/D                         -264.5518 (VIOLATED)
   u_ctrl/u_aes/rkeys_reg_1265_/D                         -264.5518 (VIOLATED)
   u_ctrl/u_aes/rkeys_reg_1280_/D                         -264.5518 (VIOLATED)
   u_ctrl/u_aes/rkeys_reg_1291_/D                         -264.5518 (VIOLATED)
   u_ctrl/u_aes/rkeys_reg_1296_/D                         -264.5518 (VIOLATED)
   u_ctrl/u_aes/rkeys_reg_755_/D                          -264.5482 (VIOLATED)
   u_ctrl/u_aes/rkeys_reg_990_/D                          -264.5482 (VIOLATED)
   u_ctrl/u_aes/rkeys_reg_1037_/D                         -264.5482 (VIOLATED)
   u_ctrl/u_aes/rkeys_reg_1246_/D                         -264.5482 (VIOLATED)
   u_ctrl/u_aes/rkeys_reg_320_/D                          -264.3098 (VIOLATED)
   u_ctrl/u_aes/rkeys_reg_330_/D                          -264.3098 (VIOLATED)
   u_ctrl/u_aes/rkeys_reg_435_/D                          -264.3098 (VIOLATED)
   u_ctrl/u_aes/rkeys_reg_468_/D                          -264.3098 (VIOLATED)
   u_ctrl/u_aes/rkeys_reg_710_/D                          -264.3098 (VIOLATED)
   u_ctrl/u_aes/rkeys_reg_819_/D                          -264.3098 (VIOLATED)
   u_ctrl/u_aes/rkeys_reg_938_/D                          -264.3098 (VIOLATED)
   u_ctrl/u_aes/rkeys_reg_947_/D                          -264.3098 (VIOLATED)
   u_ctrl/u_aes/rkeys_reg_950_/D                          -264.3098 (VIOLATED)
   u_ctrl/u_aes/rkeys_reg_955_/D                          -264.3098 (VIOLATED)
   u_ctrl/u_aes/rkeys_reg_960_/D                          -264.3098 (VIOLATED)
   u_ctrl/u_aes/rkeys_reg_961_/D                          -264.3098 (VIOLATED)
   u_ctrl/u_aes/rkeys_reg_962_/D                          -264.3098 (VIOLATED)
   u_ctrl/u_aes/rkeys_reg_964_/D                          -264.3098 (VIOLATED)
   u_ctrl/u_aes/rkeys_reg_965_/D                          -264.3098 (VIOLATED)
   u_ctrl/u_aes/rkeys_reg_1081_/D                         -264.3098 (VIOLATED)
   u_ctrl/u_aes/rkeys_reg_1082_/D                         -264.3098 (VIOLATED)
   u_ctrl/u_aes/rkeys_reg_1093_/D                         -264.3098 (VIOLATED)
   u_ctrl/u_aes/rkeys_reg_1096_/D                         -264.3098 (VIOLATED)
   u_ctrl/u_aes/rkeys_reg_1222_/D                         -264.3098 (VIOLATED)
   u_ctrl/u_aes/rkeys_reg_1339_/D                         -264.3098 (VIOLATED)
   u_ctrl/u_aes/rkeys_reg_1346_/D                         -264.3098 (VIOLATED)
   u_ctrl/u_aes/rkeys_reg_1360_/D                         -264.3098 (VIOLATED)
   u_ctrl/u_aes/rkeys_reg_197_/D                          -259.7258 (VIOLATED)
   u_ctrl/u_aes/rkeys_reg_198_/D                          -259.7258 (VIOLATED)
   u_ctrl/u_aes/rkeys_reg_465_/D                          -259.7258 (VIOLATED)
   u_ctrl/u_aes/rkeys_reg_721_/D                          -259.7258 (VIOLATED)
   u_ctrl/u_aes/rkeys_reg_833_/D                          -259.7258 (VIOLATED)
   u_ctrl/u_aes/rkeys_reg_954_/D                          -259.7258 (VIOLATED)
   u_ctrl/u_aes/rkeys_reg_968_/D                          -259.7258 (VIOLATED)
   u_ctrl/u_aes/rkeys_reg_977_/D                          -259.7258 (VIOLATED)
   u_ctrl/u_aes/rkeys_reg_993_/D                          -259.7258 (VIOLATED)
   u_ctrl/u_aes/rkeys_reg_1092_/D                         -259.7258 (VIOLATED)
   u_ctrl/u_aes/rkeys_reg_1104_/D                         -259.7258 (VIOLATED)
   u_ctrl/u_aes/rkeys_reg_1106_/D                         -259.7258 (VIOLATED)
   u_ctrl/u_aes/rkeys_reg_1221_/D                         -259.7258 (VIOLATED)
   u_ctrl/u_aes/rkeys_reg_1353_/D                         -259.7258 (VIOLATED)
   u_ctrl/u_aes/rkeys_reg_1354_/D                         -259.7258 (VIOLATED)
   u_ctrl/u_aes/rkeys_reg_1362_/D                         -259.7258 (VIOLATED)
   u_ctrl/u_aes/rkeys_reg_467_/D                          -259.7223 (VIOLATED)
   u_ctrl/u_aes/rkeys_reg_715_/D                          -259.7223 (VIOLATED)
   u_ctrl/u_aes/rkeys_reg_843_/D                          -259.7223 (VIOLATED)
   u_ctrl/u_aes/rkeys_reg_971_/D                          -259.7223 (VIOLATED)
   u_ctrl/u_aes/rkeys_reg_1099_/D                         -259.7223 (VIOLATED)
   u_ctrl/u_aes/rkeys_reg_33_/D                           -245.6055 (VIOLATED)
   u_ctrl/u_aes/rkeys_reg_35_/D                           -245.6055 (VIOLATED)
   u_ctrl/u_aes/rkeys_reg_215_/D                          -245.6017 (VIOLATED)
   u_ctrl/u_aes/rkeys_reg_422_/D                          -245.6017 (VIOLATED)
   u_ctrl/u_aes/rkeys_reg_472_/D                          -245.6017 (VIOLATED)
   u_ctrl/u_aes/rkeys_reg_602_/D                          -245.6017 (VIOLATED)
   u_ctrl/u_aes/rkeys_reg_666_/D                          -245.6017 (VIOLATED)
   u_ctrl/u_aes/rkeys_reg_673_/D                          -245.6017 (VIOLATED)
   u_ctrl/u_aes/rkeys_reg_678_/D                          -245.6017 (VIOLATED)
   u_ctrl/u_aes/rkeys_reg_803_/D                          -245.6017 (VIOLATED)
   u_ctrl/u_aes/rkeys_reg_1385_/D                         -245.6017 (VIOLATED)
   u_ctrl/u_aes/state_reg_36_/D                           -242.8501 (VIOLATED)
   u_ctrl/u_aes/state_reg_70_/D                           -242.8459 (VIOLATED)
   u_ctrl/u_aes/round_reg_0_/D                            -242.8423 (VIOLATED)
   u_ctrl/u_aes/busy_reg/D                                -242.8073 (VIOLATED)
   u_ctrl/u_aes/round_reg_1_/D                            -242.7811 (VIOLATED)
   u_ctrl/u_aes/rkeys_reg_32_/D                           -242.7577 (VIOLATED)
   u_ctrl/u_aes/rkeys_reg_39_/D                           -242.7577 (VIOLATED)
   u_ctrl/u_aes/rkeys_reg_40_/D                           -242.7577 (VIOLATED)
   u_ctrl/u_aes/rkeys_reg_41_/D                           -242.7577 (VIOLATED)
   u_ctrl/u_aes/rkeys_reg_42_/D                           -242.7577 (VIOLATED)
   u_ctrl/u_aes/rkeys_reg_45_/D                           -242.7577 (VIOLATED)
   u_ctrl/u_aes/rkeys_reg_47_/D                           -242.7577 (VIOLATED)
   u_ctrl/u_aes/rkeys_reg_48_/D                           -242.7577 (VIOLATED)
   u_ctrl/u_aes/rkeys_reg_49_/D                           -242.7577 (VIOLATED)
   u_ctrl/u_aes/rkeys_reg_50_/D                           -242.7577 (VIOLATED)
   u_ctrl/u_aes/rkeys_reg_56_/D                           -242.7577 (VIOLATED)
   u_ctrl/u_aes/rkeys_reg_57_/D                           -242.7577 (VIOLATED)
   u_ctrl/u_aes/rkeys_reg_60_/D                           -242.7577 (VIOLATED)
   u_ctrl/u_aes/rkeys_reg_61_/D                           -242.7577 (VIOLATED)
   u_ctrl/u_aes/rkeys_reg_62_/D                           -242.7577 (VIOLATED)
   u_ctrl/u_aes/rkeys_reg_63_/D                           -242.7577 (VIOLATED)
   u_ctrl/u_aes/state_reg_52_/D                           -242.7572 (VIOLATED)
   u_ctrl/u_aes/round_reg_2_/D                            -242.7563 (VIOLATED)
   u_ctrl/u_aes/state_reg_55_/D                           -242.7561 (VIOLATED)
   u_ctrl/u_aes/round_reg_3_/D                            -242.7494 (VIOLATED)
   u_ctrl/u_aes/ct_out_reg_27_/D                          -100.7088 (VIOLATED)
   u_ctrl/u_aes/ct_out_reg_87_/D                          -100.7088 (VIOLATED)
   u_ctrl/u_aes/ct_out_reg_89_/D                          -100.7088 (VIOLATED)
   u_ctrl/u_aes/ct_out_reg_102_/D                         -100.7088 (VIOLATED)
   u_ctrl/u_aes/ct_out_reg_33_/D                          -100.7054 (VIOLATED)
   u_ctrl/u_aes/ct_out_reg_0_/D                           -100.7049 (VIOLATED)
   u_ctrl/u_aes/ct_out_reg_2_/D                           -100.7049 (VIOLATED)
   u_ctrl/u_aes/ct_out_reg_17_/D                          -100.7049 (VIOLATED)
   u_ctrl/u_aes/ct_out_reg_40_/D                          -100.7049 (VIOLATED)
   u_ctrl/u_aes/ct_out_reg_65_/D                          -100.7049 (VIOLATED)
   u_ctrl/u_aes/ct_out_reg_66_/D                          -100.7049 (VIOLATED)
   u_ctrl/u_aes/ct_out_reg_75_/D                          -100.7049 (VIOLATED)
   u_ctrl/u_aes/ct_out_reg_82_/D                          -100.7049 (VIOLATED)
   u_ctrl/u_aes/ct_out_reg_88_/D                          -100.7049 (VIOLATED)
   u_ctrl/u_aes/ct_out_reg_95_/D                          -100.7049 (VIOLATED)
   u_ctrl/u_aes/ct_out_reg_96_/D                          -100.7049 (VIOLATED)
   u_ctrl/u_aes/ct_out_reg_97_/D                          -100.7049 (VIOLATED)
   u_ctrl/u_aes/ct_out_reg_98_/D                          -100.7049 (VIOLATED)
   u_ctrl/u_aes/ct_out_reg_99_/D                          -100.7049 (VIOLATED)
   u_ctrl/u_aes/ct_out_reg_104_/D                         -100.7049 (VIOLATED)
   u_ctrl/u_aes/ct_out_reg_106_/D                         -100.7049 (VIOLATED)
   u_ctrl/u_aes/ct_out_reg_107_/D                         -100.7049 (VIOLATED)
   u_ctrl/u_aes/ct_out_reg_108_/D                         -100.7049 (VIOLATED)
   u_ctrl/u_aes/ct_out_reg_112_/D                         -100.7049 (VIOLATED)
   u_ctrl/u_aes/ct_out_reg_120_/D                         -100.7049 (VIOLATED)
   u_ctrl/u_aes/ct_out_reg_121_/D                         -100.7049 (VIOLATED)
   u_ctrl/u_aes/ct_out_reg_124_/D                         -100.7049 (VIOLATED)
   u_ctrl/u_aes/ct_out_reg_100_/D                         -100.6976 (VIOLATED)
   u_ctrl/u_aes/ct_out_reg_109_/D                         -100.6955 (VIOLATED)
   u_ctrl/u_aes/ct_out_reg_30_/D                          -100.6937 (VIOLATED)
   u_ctrl/u_aes/ct_out_reg_39_/D                          -100.6937 (VIOLATED)
   u_ctrl/u_aes/ct_out_reg_77_/D                          -100.6937 (VIOLATED)
   u_ctrl/u_aes/ct_out_reg_78_/D                          -100.6937 (VIOLATED)
   u_ctrl/u_aes/ct_out_reg_84_/D                          -100.6937 (VIOLATED)
   u_ctrl/u_aes/ct_out_reg_94_/D                          -100.6937 (VIOLATED)
   u_ctrl/u_aes/ct_out_reg_101_/D                         -100.6937 (VIOLATED)
   u_ctrl/u_aes/ct_out_reg_116_/D                         -100.6937 (VIOLATED)
   u_ctrl/u_aes/rkeys_reg_147_/D                          -96.6476  (VIOLATED)
   u_ctrl/u_aes/rkeys_reg_154_/D                          -96.6476  (VIOLATED)
   u_ctrl/u_aes/rkeys_reg_159_/D                          -96.6476  (VIOLATED)
   u_ctrl/u_aes/rkeys_reg_163_/D                          -96.6476  (VIOLATED)
   u_ctrl/u_aes/rkeys_reg_168_/D                          -96.6476  (VIOLATED)
   u_ctrl/u_aes/rkeys_reg_223_/D                          -96.6476  (VIOLATED)
   u_ctrl/u_aes/rkeys_reg_224_/D                          -96.6476  (VIOLATED)
   u_ctrl/u_aes/rkeys_reg_240_/D                          -96.6476  (VIOLATED)
   u_ctrl/u_aes/rkeys_reg_244_/D                          -96.6476  (VIOLATED)
   u_ctrl/u_aes/rkeys_reg_369_/D                          -96.6476  (VIOLATED)
   u_ctrl/u_aes/rkeys_reg_376_/D                          -96.6476  (VIOLATED)
   u_ctrl/u_aes/rkeys_reg_377_/D                          -96.6476  (VIOLATED)
   u_ctrl/u_aes/rkeys_reg_411_/D                          -96.6476  (VIOLATED)
   u_ctrl/u_aes/rkeys_reg_500_/D                          -96.6476  (VIOLATED)
   u_ctrl/u_aes/rkeys_reg_502_/D                          -96.6476  (VIOLATED)
   u_ctrl/u_aes/rkeys_reg_633_/D                          -96.6476  (VIOLATED)
   u_ctrl/u_aes/rkeys_reg_735_/D                          -96.6476  (VIOLATED)
   u_ctrl/u_aes/rkeys_reg_779_/D                          -96.6476  (VIOLATED)
   u_ctrl/u_aes/rkeys_reg_786_/D                          -96.6476  (VIOLATED)
   u_ctrl/u_aes/rkeys_reg_792_/D                          -96.6476  (VIOLATED)
   u_ctrl/u_aes/rkeys_reg_863_/D                          -96.6476  (VIOLATED)
   u_ctrl/u_aes/rkeys_reg_872_/D                          -96.6476  (VIOLATED)
   u_ctrl/u_aes/rkeys_reg_879_/D                          -96.6476  (VIOLATED)
   u_ctrl/u_aes/rkeys_reg_880_/D                          -96.6476  (VIOLATED)
   u_ctrl/u_aes/rkeys_reg_882_/D                          -96.6476  (VIOLATED)
   u_ctrl/u_aes/rkeys_reg_888_/D                          -96.6476  (VIOLATED)
   u_ctrl/u_aes/rkeys_reg_889_/D                          -96.6476  (VIOLATED)
   u_ctrl/u_aes/rkeys_reg_1008_/D                         -96.6476  (VIOLATED)
   u_ctrl/u_aes/rkeys_reg_1009_/D                         -96.6476  (VIOLATED)
   u_ctrl/u_aes/rkeys_reg_1010_/D                         -96.6476  (VIOLATED)
   u_ctrl/u_aes/rkeys_reg_1014_/D                         -96.6476  (VIOLATED)
   u_ctrl/u_aes/rkeys_reg_1017_/D                         -96.6476  (VIOLATED)
   u_ctrl/u_aes/rkeys_reg_65_/D                           -96.6476  (VIOLATED)
   u_ctrl/u_aes/rkeys_reg_257_/D                          -96.6456  (VIOLATED)
   u_ctrl/u_aes/rkeys_reg_513_/D                          -96.6456  (VIOLATED)
   u_ctrl/u_aes/rkeys_reg_171_/D                          -96.6434  (VIOLATED)
   u_ctrl/u_aes/rkeys_reg_176_/D                          -96.6434  (VIOLATED)
   u_ctrl/u_aes/state_reg_43_/D                           -82.9838  (VIOLATED)
   u_ctrl/u_aes/state_reg_1_/D                            -82.9815  (VIOLATED)
   u_ctrl/u_aes/state_reg_29_/D                           -82.9799  (VIOLATED)
   u_ctrl/u_aes/state_reg_12_/D                           -82.9795  (VIOLATED)
   u_ctrl/u_aes/state_reg_40_/D                           -82.9794  (VIOLATED)
   u_ctrl/u_aes/state_reg_41_/D                           -82.9794  (VIOLATED)
   u_ctrl/u_aes/state_reg_93_/D                           -82.9757  (VIOLATED)
   u_ctrl/u_aes/state_reg_11_/D                           -82.9757  (VIOLATED)
   u_ctrl/u_aes/state_reg_2_/D                            -82.9756  (VIOLATED)
   u_ctrl/u_aes/state_reg_46_/D                           -82.9755  (VIOLATED)
   u_ctrl/u_aes/state_reg_9_/D                            -82.9725  (VIOLATED)
   u_ctrl/u_aes/state_reg_25_/D                           -82.9719  (VIOLATED)
   u_ctrl/u_aes/state_reg_28_/D                           -82.9608  (VIOLATED)
   u_ctrl/u_aes/state_reg_74_/D                           -82.9604  (VIOLATED)
   u_ctrl/u_aes/state_reg_88_/D                           -82.9604  (VIOLATED)
   u_ctrl/u_aes/state_reg_95_/D                           -82.9601  (VIOLATED)
   u_ctrl/u_aes/state_reg_10_/D                           -82.9599  (VIOLATED)
   u_ctrl/u_aes/state_reg_18_/D                           -82.9599  (VIOLATED)
   u_ctrl/u_aes/state_reg_27_/D                           -82.9598  (VIOLATED)
   u_ctrl/u_aes/state_reg_26_/D                           -82.9597  (VIOLATED)
   u_ctrl/u_aes/state_reg_0_/D                            -82.9596  (VIOLATED)
   u_ctrl/u_aes/state_reg_17_/D                           -82.9590  (VIOLATED)
   u_ctrl/u_aes/state_reg_19_/D                           -82.9590  (VIOLATED)
   u_ctrl/u_aes/state_reg_92_/D                           -82.9585  (VIOLATED)
   u_ctrl/u_aes/state_reg_66_/D                           -82.9581  (VIOLATED)
   u_ctrl/u_aes/state_reg_3_/D                            -82.9565  (VIOLATED)
   u_ctrl/u_aes/state_reg_8_/D                            -82.9564  (VIOLATED)
   u_ctrl/u_aes/state_reg_90_/D                           -82.9563  (VIOLATED)
   u_ctrl/u_aes/state_reg_91_/D                           -82.9561  (VIOLATED)
   u_ctrl/u_aes/state_reg_44_/D                           -82.9553  (VIOLATED)
   u_ctrl/u_aes/state_reg_21_/D                           -82.9546  (VIOLATED)
   u_ctrl/u_aes/state_reg_89_/D                           -82.9543  (VIOLATED)
   u_ctrl/u_aes/state_reg_24_/D                           -82.9531  (VIOLATED)
   u_ctrl/u_aes/state_reg_15_/D                           -82.9474  (VIOLATED)
   u_ctrl/u_aes/state_reg_47_/D                           -82.9448  (VIOLATED)
   u_ctrl/u_aes/state_reg_7_/D                            -82.9393  (VIOLATED)
   u_ctrl/u_aes/state_reg_30_/D                           -82.9392  (VIOLATED)
   u_ctrl/u_aes/state_reg_94_/D                           -82.9143  (VIOLATED)
   u_ctrl/u_aes/state_reg_6_/D                            -82.9115  (VIOLATED)
   u_ctrl/u_aes/state_reg_13_/D                           -82.9110  (VIOLATED)
   u_ctrl/u_aes/state_reg_59_/D                           -81.9749  (VIOLATED)
   u_ctrl/u_aes/state_reg_98_/D                           -81.9697  (VIOLATED)
   u_ctrl/u_aes/state_reg_61_/D                           -81.9685  (VIOLATED)
   u_ctrl/u_aes/state_reg_67_/D                           -81.9645  (VIOLATED)
   u_ctrl/u_aes/state_reg_69_/D                           -81.9592  (VIOLATED)
   u_ctrl/u_aes/state_reg_65_/D                           -81.9578  (VIOLATED)
   u_ctrl/u_aes/state_reg_79_/D                           -81.9436  (VIOLATED)
   u_ctrl/u_aes/state_reg_110_/D                          -81.9405  (VIOLATED)
   u_ctrl/u_aes/state_reg_64_/D                           -81.9398  (VIOLATED)
   u_ctrl/u_aes/state_reg_51_/D                           -81.9388  (VIOLATED)
   u_ctrl/u_aes/state_reg_42_/D                           -81.9388  (VIOLATED)
   u_ctrl/u_aes/state_reg_58_/D                           -81.9379  (VIOLATED)
   u_ctrl/u_aes/state_reg_54_/D                           -81.9329  (VIOLATED)
   u_ctrl/u_aes/state_reg_75_/D                           -81.9286  (VIOLATED)
   u_ctrl/u_aes/state_reg_78_/D                           -81.9255  (VIOLATED)
   u_ctrl/u_aes/state_reg_102_/D                          -81.9219  (VIOLATED)
   u_ctrl/u_aes/state_reg_48_/D                           -81.9213  (VIOLATED)
   u_ctrl/u_aes/state_reg_35_/D                           -81.9116  (VIOLATED)
   u_ctrl/u_aes/state_reg_115_/D                          -81.9101  (VIOLATED)
   u_ctrl/u_aes/state_reg_16_/D                           -81.9092  (VIOLATED)
   u_ctrl/u_aes/state_reg_81_/D                           -81.9090  (VIOLATED)
   u_ctrl/u_aes/state_reg_68_/D                           -81.9068  (VIOLATED)
   u_ctrl/u_aes/state_reg_71_/D                           -81.9008  (VIOLATED)
   u_ctrl/u_aes/state_reg_127_/D                          -81.8980  (VIOLATED)
   u_ctrl/u_aes/state_reg_99_/D                           -81.8980  (VIOLATED)
   u_ctrl/u_aes/state_reg_97_/D                           -81.8970  (VIOLATED)
   u_ctrl/u_aes/state_reg_62_/D                           -81.8627  (VIOLATED)
   u_ctrl/u_aes/state_reg_32_/D                           -81.8556  (VIOLATED)
   u_ctrl/u_aes/state_reg_125_/D                          -81.8524  (VIOLATED)
   u_ctrl/u_aes/state_reg_72_/D                           -81.8496  (VIOLATED)
   u_ctrl/u_aes/state_reg_39_/D                           -81.8185  (VIOLATED)
   u_ctrl/u_aes/state_reg_124_/D                          -73.7020  (VIOLATED)
   u_ctrl/u_aes/state_reg_37_/D                           -73.6496  (VIOLATED)
   u_ctrl/u_aes/state_reg_119_/D                          -73.6265  (VIOLATED)
   u_ctrl/u_aes/state_reg_101_/D                          -73.6261  (VIOLATED)
   u_ctrl/u_aes/state_reg_108_/D                          -73.6179  (VIOLATED)
   u_ctrl/u_aes/state_reg_38_/D                           -73.6127  (VIOLATED)
   u_ctrl/u_aes/state_reg_4_/D                            -73.6100  (VIOLATED)
   u_ctrl/u_aes/state_reg_122_/D                          -73.6084  (VIOLATED)
   u_ctrl/u_aes/state_reg_121_/D                          -73.6011  (VIOLATED)
   u_ctrl/u_aes/state_reg_5_/D                            -73.5984  (VIOLATED)
   u_ctrl/u_aes/state_reg_117_/D                          -73.5964  (VIOLATED)
   u_ctrl/u_aes/state_reg_23_/D                           -73.5845  (VIOLATED)
   u_ctrl/u_aes/state_reg_14_/D                           -73.5682  (VIOLATED)
   u_ctrl/u_aes/state_reg_103_/D                          -73.5676  (VIOLATED)
   u_ctrl/u_aes/state_reg_109_/D                          -73.5628  (VIOLATED)
   u_ctrl/u_aes/state_reg_31_/D                           -73.5590  (VIOLATED)
   u_ctrl/u_aes/state_reg_105_/D                          -67.9196  (VIOLATED)
   u_ctrl/u_aes/state_reg_112_/D                          -67.8904  (VIOLATED)
   u_ctrl/u_aes/state_reg_100_/D                          -67.8662  (VIOLATED)
   u_ctrl/u_aes/state_reg_123_/D                          -67.8621  (VIOLATED)
   u_ctrl/u_aes/state_reg_116_/D                          -67.8516  (VIOLATED)
   u_ctrl/u_aes/state_reg_107_/D                          -67.8425  (VIOLATED)
   u_ctrl/u_aes/state_reg_104_/D                          -67.8404  (VIOLATED)
   u_ctrl/u_aes/state_reg_126_/D                          -67.8266  (VIOLATED)
   u_ctrl/u_aes/state_reg_87_/D                           -67.8210  (VIOLATED)
   u_ctrl/u_aes/state_reg_106_/D                          -67.8040  (VIOLATED)
   u_ctrl/u_aes/state_reg_63_/D                           -59.1033  (VIOLATED)
   u_ctrl/u_aes/state_reg_45_/D                           -59.0991  (VIOLATED)
   u_ctrl/u_aes/ct_out_reg_63_/D                          -59.0588  (VIOLATED)
   u_ctrl/u_aes/ct_out_reg_45_/D                          -59.0587  (VIOLATED)
   u_ctrl/u_aes/ct_out_reg_35_/D                          -59.0489  (VIOLATED)
   u_ctrl/u_aes/ct_out_reg_37_/D                          -59.0414  (VIOLATED)
   u_ctrl/u_aes/state_reg_53_/D                           -59.0038  (VIOLATED)
   u_ctrl/u_aes/ct_out_reg_36_/D                          -58.9972  (VIOLATED)
   u_ctrl/u_aes/ct_out_reg_38_/D                          -58.9972  (VIOLATED)
   u_ctrl/u_aes/ct_out_reg_46_/D                          -58.9972  (VIOLATED)
   u_ctrl/u_aes/ct_out_reg_54_/D                          -58.9972  (VIOLATED)
   u_ctrl/u_aes/ct_out_reg_55_/D                          -58.9972  (VIOLATED)
   u_ctrl/u_aes/ct_out_reg_44_/D                          -58.9934  (VIOLATED)
   u_ctrl/u_aes/ct_out_reg_52_/D                          -58.9934  (VIOLATED)
   u_ctrl/u_aes/ct_out_reg_53_/D                          -58.9934  (VIOLATED)
   u_ctrl/u_aes/ct_out_reg_58_/D                          -58.9934  (VIOLATED)
   u_ctrl/u_aes/ct_out_reg_59_/D                          -58.9934  (VIOLATED)
   u_ctrl/u_aes/state_reg_113_/D                          -56.3995  (VIOLATED)
   u_ctrl/u_aes/ct_out_reg_113_/D                         -56.3549  (VIOLATED)
   u_ctrl/u_aes/ct_out_reg_115_/D                         -56.3546  (VIOLATED)
   u_ctrl/u_aes/ct_out_reg_117_/D                         -56.3546  (VIOLATED)
   u_ctrl/u_aes/ct_out_reg_122_/D                         -56.3546  (VIOLATED)
   u_ctrl/u_aes/ct_out_reg_123_/D                         -56.3546  (VIOLATED)
   u_ctrl/u_aes/ct_out_reg_125_/D                         -56.3546  (VIOLATED)
   u_ctrl/u_aes/ct_out_reg_126_/D                         -56.3546  (VIOLATED)
   u_ctrl/u_aes/ct_out_reg_127_/D                         -56.3546  (VIOLATED)
   u_ctrl/u_aes/ct_out_reg_86_/D                          -56.3507  (VIOLATED)
   u_ctrl/u_aes/state_reg_82_/D                           -56.3045  (VIOLATED)
   u_ctrl/u_aes/state_reg_49_/D                           -56.2973  (VIOLATED)
   u_ctrl/u_aes/state_reg_77_/D                           -56.2941  (VIOLATED)
   u_ctrl/u_aes/state_reg_73_/D                           -56.2824  (VIOLATED)
   u_ctrl/u_aes/state_reg_83_/D                           -56.2688  (VIOLATED)
   u_ctrl/u_aes/state_reg_84_/D                           -56.2475  (VIOLATED)
   u_ctrl/u_aes/state_reg_80_/D                           -56.2182  (VIOLATED)
   u_ctrl/u_aes/state_reg_34_/D                           -48.5477  (VIOLATED)
   u_ctrl/u_aes/state_reg_20_/D                           -48.4833  (VIOLATED)
   u_ctrl/u_aes/state_reg_33_/D                           -48.4798  (VIOLATED)
   u_ctrl/u_aes/state_reg_22_/D                           -48.4667  (VIOLATED)
   u_ctrl/u_aes/state_reg_76_/D                           -47.9576  (VIOLATED)
   u_ctrl/u_aes/ct_out_reg_91_/D                          -47.9460  (VIOLATED)
   u_ctrl/u_aes/ct_out_reg_72_/D                          -47.9460  (VIOLATED)
   u_ctrl/u_aes/ct_out_reg_90_/D                          -47.9459  (VIOLATED)
   u_ctrl/u_aes/state_reg_85_/D                           -47.4311  (VIOLATED)
   u_ctrl/u_aes/state_reg_57_/D                           -47.4290  (VIOLATED)
   u_ctrl/u_aes/state_reg_56_/D                           -47.3574  (VIOLATED)
   u_ctrl/u_aes/state_reg_96_/D                           -47.3556  (VIOLATED)
   u_ctrl/u_aes/state_reg_50_/D                           -47.3209  (VIOLATED)
   u_ctrl/u_aes/state_reg_60_/D                           -46.8337  (VIOLATED)
   u_ctrl/u_aes/ct_out_reg_10_/D                          -45.3532  (VIOLATED)
   u_ctrl/u_aes/ct_out_reg_8_/D                           -45.3497  (VIOLATED)
   u_ctrl/u_aes/ct_out_reg_11_/D                          -45.3494  (VIOLATED)
   u_ctrl/u_aes/ct_out_reg_14_/D                          -45.3494  (VIOLATED)
   u_ctrl/u_aes/ct_out_reg_15_/D                          -45.3494  (VIOLATED)
   u_ctrl/u_aes/ct_out_reg_28_/D                          -45.3494  (VIOLATED)
   u_ctrl/u_aes/done_reg/D                                -45.3028  (VIOLATED)
   u_ctrl/u_aes/ct_out_reg_64_/D                          -45.2820  (VIOLATED)
   u_ctrl/u_aes/ct_out_reg_41_/D                          -45.2819  (VIOLATED)
   u_ctrl/u_aes/ct_out_reg_48_/D                          -45.2819  (VIOLATED)
   u_ctrl/u_aes/ct_out_reg_49_/D                          -45.2819  (VIOLATED)
   u_ctrl/u_aes/ct_out_reg_50_/D                          -45.2819  (VIOLATED)
   u_ctrl/u_aes/ct_out_reg_56_/D                          -45.2819  (VIOLATED)
   u_ctrl/u_aes/ct_out_reg_57_/D                          -45.2819  (VIOLATED)
   u_ctrl/u_aes/ct_out_reg_60_/D                          -45.2819  (VIOLATED)
   u_ctrl/u_aes/ct_out_reg_62_/D                          -45.2819  (VIOLATED)
   u_ctrl/u_aes/ct_out_reg_32_/D                          -45.2819  (VIOLATED)
   u_ctrl/u_aes/ct_out_reg_42_/D                          -45.2819  (VIOLATED)
   u_ctrl/u_aes/ct_out_reg_61_/D                          -45.2819  (VIOLATED)
   u_ctrl/u_aes/ct_out_reg_68_/D                          -45.2635  (VIOLATED)
   u_ctrl/u_aes/ct_out_reg_47_/D                          -45.2635  (VIOLATED)
   u_ctrl/u_aes/ct_out_reg_7_/D                           -44.5598  (VIOLATED)
   u_ctrl/u_aes/ct_out_reg_6_/D                           -44.5490  (VIOLATED)
   u_ctrl/u_aes/ct_out_reg_13_/D                          -44.5452  (VIOLATED)
   u_ctrl/u_aes/ct_out_reg_31_/D                          -44.4949  (VIOLATED)
   u_ctrl/u_aes/ct_out_reg_29_/D                          -44.4874  (VIOLATED)
   u_ctrl/u_aes/ct_out_reg_9_/D                           -44.4873  (VIOLATED)
   u_ctrl/u_aes/ct_out_reg_18_/D                          -44.4873  (VIOLATED)
   u_ctrl/u_aes/state_reg_118_/D                          -41.6187  (VIOLATED)
   u_ctrl/u_aes/state_reg_111_/D                          -41.5463  (VIOLATED)
   u_ctrl/u_aes/state_reg_120_/D                          -41.4882  (VIOLATED)
   u_ctrl/u_aes/state_reg_114_/D                          -41.0310  (VIOLATED)
   u_ctrl/u_aes/state_reg_86_/D                           -41.0025  (VIOLATED)
   u_ctrl/u_aes/ct_out_reg_93_/D                          -40.8953  (VIOLATED)
   u_ctrl/u_aes/ct_out_reg_73_/D                          -40.8952  (VIOLATED)
   u_ctrl/u_aes/ct_out_reg_67_/D                          -40.7290  (VIOLATED)
   u_ctrl/u_aes/ct_out_reg_71_/D                          -40.7216  (VIOLATED)
   u_ctrl/u_aes/ct_out_reg_26_/D                          -39.5918  (VIOLATED)
   u_ctrl/u_aes/ct_out_reg_24_/D                          -39.5880  (VIOLATED)
   u_ctrl/u_aes/ct_out_reg_16_/D                          -39.5719  (VIOLATED)
   u_ctrl/u_aes/ct_out_reg_21_/D                          -39.5620  (VIOLATED)
   u_ctrl/u_aes/ct_out_reg_70_/D                          -38.7425  (VIOLATED)
   u_ctrl/u_aes/ct_out_reg_76_/D                          -38.7425  (VIOLATED)
   u_ctrl/u_aes/ct_out_reg_74_/D                          -38.7425  (VIOLATED)
   u_ctrl/u_aes/ct_out_reg_69_/D                          -38.7424  (VIOLATED)
   u_ctrl/u_aes/ct_out_reg_92_/D                          -38.3984  (VIOLATED)
   u_ctrl/u_aes/ct_out_reg_23_/D                          -38.3984  (VIOLATED)
   u_ctrl/u_aes/ct_out_reg_25_/D                          -38.3984  (VIOLATED)
   u_ctrl/u_aes/ct_out_reg_20_/D                          -38.3983  (VIOLATED)
   u_ctrl/u_aes/ct_out_reg_4_/D                           -38.3983  (VIOLATED)
   u_ctrl/u_aes/ct_out_reg_3_/D                           -38.3983  (VIOLATED)
   u_ctrl/u_aes/ct_out_reg_5_/D                           -38.3983  (VIOLATED)
   u_ctrl/u_aes/ct_out_reg_22_/D                          -38.3983  (VIOLATED)
   u_ctrl/u_aes/ct_out_reg_79_/D                          -38.3983  (VIOLATED)
   u_ctrl/u_aes/ct_out_reg_1_/D                           -38.3945  (VIOLATED)
   u_ctrl/u_aes/ct_out_reg_103_/D                         -38.3945  (VIOLATED)
   u_ctrl/u_aes/ct_out_reg_19_/D                          -38.2882  (VIOLATED)
   u_ctrl/u_aes/ct_out_reg_12_/D                          -38.2881  (VIOLATED)
   u_ctrl/u_aes/ct_out_reg_110_/D                         -38.1352  (VIOLATED)
   u_ctrl/u_aes/ct_out_reg_119_/D                         -38.1319  (VIOLATED)
   u_ctrl/u_aes/ct_out_reg_80_/D                          -38.1316  (VIOLATED)
   u_ctrl/u_aes/ct_out_reg_81_/D                          -38.1316  (VIOLATED)
   u_ctrl/u_aes/ct_out_reg_83_/D                          -37.8119  (VIOLATED)
   u_ctrl/u_aes/ct_out_reg_85_/D                          -37.8117  (VIOLATED)
   u_ctrl/u_aes/rkeys_reg_68_/D                           -25.6262  (VIOLATED)
   u_ctrl/u_aes/rkeys_reg_82_/D                           -25.6262  (VIOLATED)
   u_ctrl/u_aes/rkeys_reg_84_/D                           -25.6262  (VIOLATED)
   u_ctrl/u_aes/rkeys_reg_101_/D                          -25.6262  (VIOLATED)
   u_ctrl/u_aes/rkeys_reg_112_/D                          -25.6262  (VIOLATED)
   u_ctrl/u_aes/rkeys_reg_116_/D                          -25.6262  (VIOLATED)
   u_ctrl/u_aes/rkeys_reg_120_/D                          -25.6262  (VIOLATED)
   u_ctrl/u_aes/rkeys_reg_121_/D                          -25.6262  (VIOLATED)
   u_ctrl/u_aes/rkeys_reg_124_/D                          -25.6262  (VIOLATED)
   u_ctrl/u_aes/rkeys_reg_94_/D                           -25.6091  (VIOLATED)
   u_ctrl/u_aes/rkeys_reg_99_/D                           -25.6073  (VIOLATED)
   u_ctrl/u_aes/rkeys_reg_108_/D                          -25.6073  (VIOLATED)
   u_ctrl/u_aes/rkeys_reg_73_/D                           -25.6034  (VIOLATED)
   u_ctrl/u_aes/rkeys_reg_87_/D                           -25.6034  (VIOLATED)
   u_ctrl/u_aes/rkeys_reg_88_/D                           -25.6034  (VIOLATED)
   u_ctrl/u_aes/rkeys_reg_89_/D                           -25.6034  (VIOLATED)
   u_ctrl/u_aes/rkeys_reg_93_/D                           -25.6034  (VIOLATED)
   u_ctrl/u_aes/rkeys_reg_95_/D                           -25.6034  (VIOLATED)
   u_ctrl/u_aes/rkeys_reg_104_/D                          -25.6034  (VIOLATED)
   u_ctrl/u_aes/rkeys_reg_98_/D                           -23.6804  (VIOLATED)
   u_ctrl/u_aes/rkeys_reg_75_/D                           -23.6777  (VIOLATED)
   u_ctrl/u_aes/rkeys_reg_78_/D                           -23.6777  (VIOLATED)
   u_ctrl/u_aes/rkeys_reg_107_/D                          -23.5153  (VIOLATED)
   u_ctrl/u_aes/rkeys_reg_66_/D                           -23.5114  (VIOLATED)
   u_ctrl/u_aes/rkeys_reg_106_/D                          -23.5114  (VIOLATED)
   u_ctrl/u_aes/rkeys_reg_96_/D                           -23.5114  (VIOLATED)
   u_ctrl/u_aes/rkeys_reg_97_/D                           -23.5114  (VIOLATED)
   u_ctrl/u_aes/rkeys_reg_731_/D                          -17.9875  (VIOLATED)
   u_ctrl/u_aes/rkeys_reg_664_/D                          -17.9875  (VIOLATED)
   u_ctrl/u_aes/rkeys_reg_873_/D                          -17.9875  (VIOLATED)
   u_ctrl/u_aes/rkeys_reg_918_/D                          -17.9875  (VIOLATED)
   u_ctrl/u_aes/rkeys_reg_1044_/D                         -17.9875  (VIOLATED)
   u_ctrl/u_aes/rkeys_reg_660_/D                          -17.9875  (VIOLATED)
   u_ctrl/u_aes/rkeys_reg_64_/D                           -17.9875  (VIOLATED)
   u_ctrl/u_aes/rkeys_reg_100_/D                          -17.9875  (VIOLATED)
   u_ctrl/u_aes/rkeys_reg_102_/D                          -17.9875  (VIOLATED)
   u_ctrl/u_aes/rkeys_reg_1027_/D                         -17.9855  (VIOLATED)
   u_ctrl/u_aes/ct_out_reg_43_/D                          -17.9567  (VIOLATED)
   u_ctrl/u_aes/ct_out_reg_51_/D                          -17.9567  (VIOLATED)
   u_ctrl/u_aes/ct_out_reg_34_/D                          -17.9566  (VIOLATED)
   u_ctrl/u_aes/ct_out_reg_105_/D                         -17.9566  (VIOLATED)
   u_ctrl/u_aes/ct_out_reg_111_/D                         -17.9566  (VIOLATED)
   u_ctrl/u_aes/ct_out_reg_114_/D                         -17.9566  (VIOLATED)
   u_ctrl/u_aes/ct_out_reg_118_/D                         -17.9566  (VIOLATED)
   u_ctrl/u_aes/rkeys_reg_0_/D                            -15.1009  (VIOLATED)
   u_ctrl/u_aes/rkeys_reg_7_/D                            -15.1009  (VIOLATED)
   u_ctrl/u_aes/rkeys_reg_12_/D                           -15.1009  (VIOLATED)
   u_ctrl/u_aes/rkeys_reg_16_/D                           -15.1009  (VIOLATED)
   u_ctrl/u_aes/rkeys_reg_17_/D                           -15.1009  (VIOLATED)
   u_ctrl/u_aes/rkeys_reg_19_/D                           -15.1009  (VIOLATED)
   u_ctrl/u_aes/rkeys_reg_21_/D                           -15.1009  (VIOLATED)
   u_ctrl/u_aes/rkeys_reg_24_/D                           -15.1009  (VIOLATED)
   u_ctrl/u_aes/rkeys_reg_26_/D                           -15.1009  (VIOLATED)
   u_ctrl/u_aes/rkeys_reg_27_/D                           -15.1009  (VIOLATED)
   u_ctrl/u_aes/rkeys_reg_30_/D                           -15.1009  (VIOLATED)





   max_capacitance

                             Required        Actual
   Pin                      Capacitance    Capacitance       Slack
   -----------------------------------------------------------------
   u_ctrl/u_aes/U2482/Y      32.0000        41.8024        -9.8024  (VIOLATED)
   u_ctrl/u_aes/state_reg_47_/Q   8.0000    16.3336        -8.3336  (VIOLATED)
   u_ctrl/U28/Y              32.0000        40.3138        -8.3138  (VIOLATED)
   u_ctrl/u_aes/U3008/Y      32.0000        39.6356        -7.6356  (VIOLATED)
   u_ctrl/u_aes/U2287/Y      32.0000        39.3455        -7.3455  (VIOLATED)
   u_ctrl/DFTC_13/Y          32.0000        38.3802        -6.3802  (VIOLATED)
   u_ctrl/u_aes/U2508/Y      32.0000        37.7257        -5.7257  (VIOLATED)
   u_ctrl/u_aes/U2101/Y      32.0000        37.4105        -5.4105  (VIOLATED)
   u_ctrl/u_tx/U42/Y         16.0000        21.1905        -5.1905  (VIOLATED)
   u_ctrl/u_aes/U2927/Y      16.0000        21.1087        -5.1087  (VIOLATED)
   u_ctrl/U16/Y              32.0000        37.0323        -5.0323  (VIOLATED)
   u_ctrl/u_aes/state_reg_65_/Q   8.0000    12.8902        -4.8902  (VIOLATED)
   u_ctrl/DFTC_15/Y          32.0000        36.6105        -4.6105  (VIOLATED)
   u_ctrl/u_aes/U2472/Y      32.0000        36.3668        -4.3668  (VIOLATED)
   u_ctrl/u_aes/U2478/Y      32.0000        36.3668        -4.3668  (VIOLATED)
   u_ctrl/u_aes/state_reg_31_/Q   8.0000    12.3527        -4.3527  (VIOLATED)
   u_ctrl/u_aes/state_reg_110_/Q  16.0000   20.2222        -4.2222  (VIOLATED)
   u_ctrl/U42/Y              32.0000        35.8633        -3.8633  (VIOLATED)
   u_ctrl/U8/Y               64.0000        67.8315        -3.8315  (VIOLATED)
   u_ctrl/u_aes/state_reg_24_/Q   8.0000    11.8205        -3.8205  (VIOLATED)
   u_ctrl/u_aes/state_reg_92_/QN   8.0000   11.7853        -3.7853  (VIOLATED)
   u_ctrl/u_aes/state_reg_56_/QN   8.0000   11.7541        -3.7541  (VIOLATED)
   u_ctrl/U678/Y             16.0000        19.6387        -3.6387  (VIOLATED)
   u_ctrl/U691/Y             16.0000        19.6387        -3.6387  (VIOLATED)
   u_ctrl/U786/Y             16.0000        19.6387        -3.6387  (VIOLATED)
   u_ctrl/u_aes/U2475/Y      32.0000        35.5298        -3.5298  (VIOLATED)
   u_ctrl/DFTC_12/Y          64.0000        67.5065        -3.5065  (VIOLATED)
   u_ctrl/u_aes/state_reg_127_/Q   8.0000   11.4784        -3.4784  (VIOLATED)
   u_ctrl/u_aes/state_reg_86_/Q   8.0000    11.3630        -3.3630  (VIOLATED)
   u_ctrl/U47/Y              32.0000        35.3242        -3.3242  (VIOLATED)
   u_ctrl/u_aes/state_reg_43_/Q  16.0000    19.3194        -3.3194  (VIOLATED)
   u_ctrl/u_aes/state_reg_78_/Q  16.0000    19.2744        -3.2744  (VIOLATED)
   u_ctrl/u_aes/state_reg_12_/Q   8.0000    11.2652        -3.2652  (VIOLATED)
   u_ctrl/u_aes/state_reg_121_/Q   8.0000   11.1282        -3.1282  (VIOLATED)
   u_ctrl/u_aes/state_reg_126_/Q   8.0000   11.0705        -3.0705  (VIOLATED)
   u_ctrl/u_aes/state_reg_92_/Q   8.0000    11.0175        -3.0175  (VIOLATED)
   u_ctrl/u_aes/U2289/Y      32.0000        35.0079        -3.0079  (VIOLATED)
   u_ctrl/u_aes/U2469/Y      32.0000        35.0079        -3.0079  (VIOLATED)
   u_ctrl/u_aes/state_reg_94_/Q   8.0000    10.9999        -2.9999  (VIOLATED)
   u_ctrl/u_crc/U9/Y         16.0000        18.9465        -2.9465  (VIOLATED)
   u_ctrl/u_aes/U618/Y        8.0000        10.8842        -2.8842  (VIOLATED)
   u_ctrl/u_aes/state_reg_72_/QN  16.0000   18.8473        -2.8473  (VIOLATED)
   u_ctrl/u_aes/state_reg_50_/Q   8.0000    10.8394        -2.8394  (VIOLATED)
   u_ctrl/u_aes/state_reg_108_/Q   8.0000   10.7871        -2.7871  (VIOLATED)
   u_ctrl/byte_idx_reg_3_/Q   8.0000        10.7843        -2.7843  (VIOLATED)
   u_ctrl/u_aes/U2048/Y       8.0000        10.6985        -2.6985  (VIOLATED)
   u_ctrl/u_aes/state_reg_32_/QN   8.0000   10.6140        -2.6140  (VIOLATED)
   u_ctrl/u_aes/state_reg_46_/Q  16.0000    18.5802        -2.5802  (VIOLATED)
   u_ctrl/u_aes/U242/Y        8.0000        10.5399        -2.5399  (VIOLATED)
   u_ctrl/u_aes/U1386/Y       8.0000        10.4462        -2.4462  (VIOLATED)
   u_ctrl/u_aes/state_reg_87_/Q   8.0000    10.4336        -2.4336  (VIOLATED)
   u_ctrl/U807/Y             16.0000        18.3995        -2.3995  (VIOLATED)
   u_ctrl/u_crc/U11/Y        16.0000        18.3872        -2.3872  (VIOLATED)
   u_ctrl/u_aes/state_reg_81_/Q   8.0000    10.3689        -2.3689  (VIOLATED)
   u_ctrl/u_crc/U28/Y         8.0000        10.3640        -2.3640  (VIOLATED)
   u_ctrl/u_aes/state_reg_83_/Q  16.0000    18.3375        -2.3375  (VIOLATED)
   u_ctrl/u_aes/U1619/Y       8.0000        10.1626        -2.1626  (VIOLATED)
   u_ctrl/u_aes/U299/Y        8.0000         9.9670        -1.9670  (VIOLATED)
   u_ctrl/u_aes/U1237/Y       8.0000         9.9133        -1.9133  (VIOLATED)
   u_ctrl/u_aes/state_reg_64_/QN   8.0000    9.8920        -1.8920  (VIOLATED)
   u_ctrl/U378/Y              8.0000         9.8903        -1.8903  (VIOLATED)
   u_ctrl/u_aes/U2311/Y      32.0000        33.8447        -1.8447  (VIOLATED)
   u_ctrl/u_crc/U7/Y         16.0000        17.8040        -1.8040  (VIOLATED)
   u_ctrl/u_aes/state_reg_122_/Q   8.0000    9.7802        -1.7802  (VIOLATED)
   u_ctrl/tx_idx_div2_reg_3_/Q   8.0000      9.7788        -1.7788  (VIOLATED)
   u_ctrl/u_aes/state_reg_117_/QN   8.0000   9.7777        -1.7777  (VIOLATED)
   u_ctrl/u_aes/state_reg_8_/Q  16.0000     17.7634        -1.7634  (VIOLATED)
   u_ctrl/u_aes/state_reg_96_/Q   8.0000     9.7122        -1.7122  (VIOLATED)
   u_ctrl/u_aes/U1020/Y       8.0000         9.7020        -1.7020  (VIOLATED)
   u_ctrl/u_aes/state_reg_50_/QN   8.0000    9.7000        -1.7000  (VIOLATED)
   u_ctrl/u_aes/state_reg_100_/Q  16.0000   17.6969        -1.6969  (VIOLATED)
   u_ctrl/U468/Y              8.0000         9.6873        -1.6873  (VIOLATED)
   u_ctrl/u_aes/U2474/Y      32.0000        33.6490        -1.6490  (VIOLATED)
   u_ctrl/u_aes/U1898/Y       8.0000         9.6457        -1.6457  (VIOLATED)
   u_ctrl/u_aes/U1205/Y       8.0000         9.6161        -1.6161  (VIOLATED)
   u_ctrl/u_aes/state_reg_39_/Q  16.0000    17.5837        -1.5837  (VIOLATED)
   u_ctrl/u_aes/state_reg_59_/QN   8.0000    9.5823        -1.5823  (VIOLATED)
   u_ctrl/u_aes/state_reg_118_/Q  16.0000   17.5334        -1.5334  (VIOLATED)
   u_ctrl/u_aes/U1002/Y       8.0000         9.5145        -1.5145  (VIOLATED)
   u_ctrl/u_aes/U1882/Y       8.0000         9.4185        -1.4185  (VIOLATED)
   u_ctrl/u_aes/U1228/Y       8.0000         9.3963        -1.3963  (VIOLATED)
   u_ctrl/u_aes/state_reg_16_/QN  16.0000   17.3216        -1.3216  (VIOLATED)
   u_ctrl/u_aes/state_reg_103_/Q  16.0000   17.3093        -1.3093  (VIOLATED)
   u_ctrl/u_aes/U1583/Y       8.0000         9.2771        -1.2771  (VIOLATED)
   u_ctrl/u_aes/U1935/Y       8.0000         9.1939        -1.1939  (VIOLATED)
   u_ctrl/U717/Y             16.0000        17.1725        -1.1725  (VIOLATED)
   u_ctrl/u_aes/U3332/Y       8.0000         9.1342        -1.1342  (VIOLATED)
   u_ctrl/u_aes/state_reg_3_/Q   8.0000      9.0903        -1.0903  (VIOLATED)
   u_ctrl/U690/Y             16.0000        17.0794        -1.0794  (VIOLATED)
   u_ctrl/U704/Y             16.0000        17.0794        -1.0794  (VIOLATED)
   u_ctrl/U804/Y             16.0000        17.0794        -1.0794  (VIOLATED)
   u_ctrl/u_crc/U12/Y        16.0000        17.0494        -1.0494  (VIOLATED)
   u_ctrl/u_aes/state_reg_123_/Q   8.0000    9.0310        -1.0310  (VIOLATED)
   u_ctrl/u_aes/U534/Y        8.0000         8.8892        -0.8892  (VIOLATED)
   u_ctrl/u_aes/U912/Y        8.0000         8.8445        -0.8445  (VIOLATED)
   u_ctrl/U423/Y             16.0000        16.8404        -0.8404  (VIOLATED)
   u_ctrl/U29/Y               8.0000         8.8252        -0.8252  (VIOLATED)
   u_ctrl/u_aes/state_reg_40_/Q   8.0000     8.8119        -0.8119  (VIOLATED)
   u_ctrl/u_aes/U3549/Y       8.0000         8.7875        -0.7875  (VIOLATED)
   u_ctrl/u_aes/state_reg_6_/Q  16.0000     16.7854        -0.7854  (VIOLATED)
   u_ctrl/u_aes/state_reg_70_/QN   8.0000    8.7400        -0.7400  (VIOLATED)
   u_ctrl/u_aes/U2484/Y       8.0000         8.7246        -0.7246  (VIOLATED)
   u_ctrl/u_aes/U3365/Y       8.0000         8.7162        -0.7162  (VIOLATED)
   u_ctrl/u_aes/U2517/Y       8.0000         8.6930        -0.6930  (VIOLATED)
   u_ctrl/U421/Y              8.0000         8.6929        -0.6929  (VIOLATED)
   u_ctrl/u_aes/U1441/Y       8.0000         8.6784        -0.6784  (VIOLATED)
   u_ctrl/u_aes/U1017/Y       8.0000         8.6119        -0.6119  (VIOLATED)
   u_ctrl/u_aes/U1600/Y       8.0000         8.5994        -0.5994  (VIOLATED)
   u_ctrl/u_aes/U1897/Y       8.0000         8.5940        -0.5940  (VIOLATED)
   u_ctrl/u_aes/U1374/Y       8.0000         8.5897        -0.5897  (VIOLATED)
   u_ctrl/u_aes/state_reg_7_/Q  16.0000     16.5654        -0.5654  (VIOLATED)
   u_ctrl/u_aes/U1440/Y       8.0000         8.5461        -0.5461  (VIOLATED)
   u_ctrl/u_aes/U300/Y        8.0000         8.5136        -0.5136  (VIOLATED)
   u_ctrl/U635/Y              8.0000         8.5100        -0.5100  (VIOLATED)
   u_ctrl/u_aes/U3100/Y      16.0000        16.5068        -0.5068  (VIOLATED)
   u_ctrl/u_aes/U732/Y        8.0000         8.4952        -0.4952  (VIOLATED)
   u_ctrl/u_aes/state_reg_76_/Q  16.0000    16.4681        -0.4681  (VIOLATED)
   u_ctrl/u_aes/state_reg_108_/QN   8.0000   8.4322        -0.4322  (VIOLATED)
   u_ctrl/u_aes/U536/Y        8.0000         8.4185        -0.4185  (VIOLATED)
   u_ctrl/u_aes/U500/Y        8.0000         8.3879        -0.3879  (VIOLATED)
   u_ctrl/u_aes/U1679/Y       8.0000         8.3652        -0.3652  (VIOLATED)
   u_ctrl/u_aes/state_reg_70_/Q   8.0000     8.3555        -0.3555  (VIOLATED)
   u_ctrl/u_aes/U1427/Y       8.0000         8.3124        -0.3124  (VIOLATED)
   u_ctrl/U34/Y              64.0000        64.2715        -0.2715  (VIOLATED)
   u_ctrl/u_aes/U150/Y        8.0000         8.2396        -0.2396  (VIOLATED)
   u_ctrl/u_aes/state_reg_15_/Q   8.0000     8.1485        -0.1485  (VIOLATED)
   u_ctrl/u_aes/U2762/Y      16.0000        16.1288        -0.1288  (VIOLATED)
   u_ctrl/u_aes/U730/Y        8.0000         8.0503        -0.0503  (VIOLATED)
   u_ctrl/u_aes/U1224/Y       8.0000         8.0163        -0.0163  (VIOLATED)
   u_ctrl/u_aes/state_reg_32_/Q   8.0000     8.0154        -0.0154  (VIOLATED)
   u_ctrl/u_aes/U3548/Y       8.0000         8.0066        -0.0066  (VIOLATED)
   u_ctrl/u_aes/state_reg_112_/Q  16.0000   16.0015        -0.0015  (VIOLATED)


1
