****************************************
Report : constraint
	-all_violators
	-path slack_only
Design : top_mcu_pll_sram_multiclk_soc
Version: W-2024.09-SP5-3
Date   : Mon Apr 13 15:15:04 2026
****************************************


   max_delay/setup ('INS' group)

   Endpoint                                                  Slack
   -----------------------------------------------------------------
   u_ctrl/u_rx_divcnt_reg_31_/D                           -100.0914 (VIOLATED)
   u_ctrl/u_rx_divcnt_reg_30_/D                           -99.9702  (VIOLATED)
   u_ctrl/u_rx_divcnt_reg_29_/D                           -99.5331  (VIOLATED)
   u_ctrl/u_rx_divcnt_reg_4_/D                            -99.2106  (VIOLATED)
   u_ctrl/u_rx_divcnt_reg_6_/D                            -99.2106  (VIOLATED)
   u_ctrl/u_rx_divcnt_reg_10_/D                           -99.2106  (VIOLATED)
   u_ctrl/u_rx_divcnt_reg_12_/D                           -99.2000  (VIOLATED)
   u_ctrl/u_rx_divcnt_reg_14_/D                           -99.2000  (VIOLATED)
   u_ctrl/u_rx_divcnt_reg_16_/D                           -99.2000  (VIOLATED)
   u_ctrl/u_rx_divcnt_reg_18_/D                           -99.2000  (VIOLATED)
   u_ctrl/u_rx_divcnt_reg_20_/D                           -99.2000  (VIOLATED)
   u_ctrl/u_rx_divcnt_reg_22_/D                           -99.2000  (VIOLATED)
   u_ctrl/u_rx_divcnt_reg_24_/D                           -99.2000  (VIOLATED)
   u_ctrl/u_rx_divcnt_reg_26_/D                           -99.2000  (VIOLATED)
   u_ctrl/u_rx_divcnt_reg_28_/D                           -99.2000  (VIOLATED)
   u_ctrl/u_rx_divcnt_reg_1_/D                            -99.1886  (VIOLATED)
   u_ctrl/u_rx_divcnt_reg_2_/D                            -99.1778  (VIOLATED)
   u_ctrl/u_rx_divcnt_reg_0_/D                            -99.0695  (VIOLATED)
   u_ctrl/u_rx_busy_reg/D                                 -99.0481  (VIOLATED)
   u_ctrl/u_rx_bitpos_reg_2_/D                             -2.9765  (VIOLATED)
   u_ctrl/u_rx_bitpos_reg_3_/D                             -2.9765  (VIOLATED)
   u_ctrl/crc_done_hold_reg/D                              -2.8458  (VIOLATED)
   u_ctrl/done_reg/D                                       -2.7766  (VIOLATED)
   u_ctrl/pass_reg/D                                       -2.7675  (VIOLATED)
   u_ctrl/aes_start_reg/D                                  -2.7599  (VIOLATED)
   u_ctrl/u_rx_bitpos_reg_0_/D                             -2.5502  (VIOLATED)
   u_ctrl/u_rx_bitpos_reg_1_/D                             -2.5492  (VIOLATED)
   u_ctrl/u_rx_divcnt_reg_8_/D                             -1.5113  (VIOLATED)
   u_ctrl/u_rx_divcnt_reg_7_/D                             -1.5099  (VIOLATED)
   u_ctrl/u_rx_divcnt_reg_13_/D                            -1.1812  (VIOLATED)
   u_ctrl/u_rx_divcnt_reg_15_/D                            -1.1812  (VIOLATED)
   u_ctrl/u_rx_divcnt_reg_17_/D                            -1.1812  (VIOLATED)
   u_ctrl/u_rx_divcnt_reg_19_/D                            -1.1812  (VIOLATED)
   u_ctrl/u_rx_divcnt_reg_23_/D                            -1.1812  (VIOLATED)
   u_ctrl/u_rx_divcnt_reg_25_/D                            -1.1812  (VIOLATED)
   u_ctrl/u_rx_divcnt_reg_27_/D                            -1.1812  (VIOLATED)
   u_ctrl/u_rx_divcnt_reg_5_/D                             -1.1812  (VIOLATED)
   u_ctrl/u_rx_divcnt_reg_3_/D                             -1.1812  (VIOLATED)
   u_ctrl/u_rx_divcnt_reg_9_/D                             -1.1812  (VIOLATED)
   u_ctrl/u_rx_divcnt_reg_11_/D                            -1.1812  (VIOLATED)
   u_ctrl/u_rx_divcnt_reg_21_/D                            -1.1812  (VIOLATED)
   u_ctrl/u_rx_data_shift_reg_7_/D                         -1.0505  (VIOLATED)
   u_ctrl/start_seen_reg/D                                 -0.7115  (VIOLATED)

   max_delay/setup ('clk_div2' group)

   Endpoint                                                  Slack
   -----------------------------------------------------------------
   u_ctrl/ct_hold_div2_reg_6_/D                           -2913.7942 (VIOLATED)
   u_ctrl/ct_hold_div2_reg_7_/D                           -2913.7942 (VIOLATED)
   u_ctrl/ct_hold_div2_reg_8_/D                           -2913.7942 (VIOLATED)
   u_ctrl/ct_hold_div2_reg_10_/D                          -2913.7942 (VIOLATED)
   u_ctrl/ct_hold_div2_reg_11_/D                          -2913.7942 (VIOLATED)
   u_ctrl/ct_hold_div2_reg_12_/D                          -2913.7942 (VIOLATED)
   u_ctrl/ct_hold_div2_reg_13_/D                          -2913.7942 (VIOLATED)
   u_ctrl/ct_hold_div2_reg_14_/D                          -2913.7942 (VIOLATED)
   u_ctrl/ct_hold_div2_reg_15_/D                          -2913.7942 (VIOLATED)
   u_ctrl/ct_hold_div2_reg_16_/D                          -2913.7942 (VIOLATED)
   u_ctrl/ct_hold_div2_reg_17_/D                          -2913.7942 (VIOLATED)
   u_ctrl/ct_hold_div2_reg_73_/D                          -2913.7939 (VIOLATED)
   u_ctrl/ct_hold_div2_reg_74_/D                          -2913.7939 (VIOLATED)
   u_ctrl/ct_hold_div2_reg_75_/D                          -2913.7939 (VIOLATED)
   u_ctrl/ct_hold_div2_reg_76_/D                          -2913.7939 (VIOLATED)
   u_ctrl/ct_hold_div2_reg_77_/D                          -2913.7939 (VIOLATED)
   u_ctrl/ct_hold_div2_reg_78_/D                          -2913.7939 (VIOLATED)
   u_ctrl/ct_hold_div2_reg_79_/D                          -2913.7939 (VIOLATED)
   u_ctrl/ct_hold_div2_reg_80_/D                          -2913.7939 (VIOLATED)
   u_ctrl/ct_hold_div2_reg_81_/D                          -2913.7939 (VIOLATED)
   u_ctrl/ct_hold_div2_reg_82_/D                          -2913.7939 (VIOLATED)
   u_ctrl/ct_hold_div2_reg_83_/D                          -2913.7939 (VIOLATED)
   u_ctrl/ct_hold_div2_reg_84_/D                          -2913.7939 (VIOLATED)
   u_ctrl/ct_hold_div2_reg_9_/D                           -2913.7937 (VIOLATED)
   u_ctrl/ct_hold_div2_reg_50_/D                          -2668.6013 (VIOLATED)
   u_ctrl/ct_hold_div2_reg_53_/D                          -2668.6013 (VIOLATED)
   u_ctrl/ct_hold_div2_reg_55_/D                          -2668.6013 (VIOLATED)
   u_ctrl/ct_hold_div2_reg_57_/D                          -2668.6013 (VIOLATED)
   u_ctrl/ct_hold_div2_reg_60_/D                          -2668.6013 (VIOLATED)
   u_ctrl/ct_hold_div2_reg_49_/D                          -2668.6011 (VIOLATED)
   u_ctrl/ct_hold_div2_reg_51_/D                          -2668.6011 (VIOLATED)
   u_ctrl/ct_hold_div2_reg_52_/D                          -2668.6011 (VIOLATED)
   u_ctrl/ct_hold_div2_reg_54_/D                          -2668.6011 (VIOLATED)
   u_ctrl/ct_hold_div2_reg_56_/D                          -2668.6011 (VIOLATED)
   u_ctrl/ct_hold_div2_reg_58_/D                          -2668.6011 (VIOLATED)
   u_ctrl/ct_hold_div2_reg_59_/D                          -2668.6011 (VIOLATED)
   u_ctrl/ct_hold_div2_reg_33_/D                          -2634.2083 (VIOLATED)
   u_ctrl/ct_hold_div2_reg_34_/D                          -2634.2083 (VIOLATED)
   u_ctrl/ct_hold_div2_reg_35_/D                          -2634.2083 (VIOLATED)
   u_ctrl/ct_hold_div2_reg_37_/D                          -2634.2083 (VIOLATED)
   u_ctrl/ct_hold_div2_reg_40_/D                          -2634.2083 (VIOLATED)
   u_ctrl/ct_hold_div2_reg_42_/D                          -2634.2083 (VIOLATED)
   u_ctrl/ct_hold_div2_reg_44_/D                          -2634.2083 (VIOLATED)
   u_ctrl/ct_hold_div2_reg_46_/D                          -2634.2083 (VIOLATED)
   u_ctrl/ct_hold_div2_reg_48_/D                          -2634.2083 (VIOLATED)
   u_ctrl/ct_hold_div2_reg_62_/D                          -2634.2083 (VIOLATED)
   u_ctrl/ct_hold_div2_reg_64_/D                          -2634.2083 (VIOLATED)
   u_ctrl/ct_hold_div2_reg_65_/D                          -2634.2083 (VIOLATED)
   u_ctrl/ct_hold_div2_reg_66_/D                          -2634.2083 (VIOLATED)
   u_ctrl/ct_hold_div2_reg_67_/D                          -2634.2083 (VIOLATED)
   u_ctrl/ct_hold_div2_reg_68_/D                          -2634.2083 (VIOLATED)
   u_ctrl/ct_hold_div2_reg_69_/D                          -2634.2083 (VIOLATED)
   u_ctrl/ct_hold_div2_reg_70_/D                          -2634.2083 (VIOLATED)
   u_ctrl/ct_hold_div2_reg_71_/D                          -2634.2083 (VIOLATED)
   u_ctrl/ct_hold_div2_reg_72_/D                          -2634.2083 (VIOLATED)
   u_ctrl/ct_hold_div2_reg_85_/D                          -2634.2083 (VIOLATED)
   u_ctrl/ct_hold_div2_reg_86_/D                          -2634.2083 (VIOLATED)
   u_ctrl/ct_hold_div2_reg_99_/D                          -2634.2083 (VIOLATED)
   u_ctrl/ct_hold_div2_reg_100_/D                         -2634.2083 (VIOLATED)
   u_ctrl/ct_hold_div2_reg_101_/D                         -2634.2083 (VIOLATED)
   u_ctrl/ct_hold_div2_reg_102_/D                         -2634.2083 (VIOLATED)
   u_ctrl/ct_hold_div2_reg_103_/D                         -2634.2083 (VIOLATED)
   u_ctrl/ct_hold_div2_reg_104_/D                         -2634.2083 (VIOLATED)
   u_ctrl/ct_hold_div2_reg_105_/D                         -2634.2083 (VIOLATED)
   u_ctrl/ct_hold_div2_reg_106_/D                         -2634.2083 (VIOLATED)
   u_ctrl/ct_hold_div2_reg_107_/D                         -2634.2083 (VIOLATED)
   u_ctrl/ct_hold_div2_reg_108_/D                         -2634.2083 (VIOLATED)
   u_ctrl/ct_hold_div2_reg_109_/D                         -2634.2083 (VIOLATED)
   u_ctrl/ct_hold_div2_reg_110_/D                         -2634.2083 (VIOLATED)
   u_ctrl/ct_hold_div2_reg_111_/D                         -2634.2083 (VIOLATED)
   u_ctrl/ct_hold_div2_reg_112_/D                         -2634.2083 (VIOLATED)
   u_ctrl/ct_hold_div2_reg_113_/D                         -2634.2083 (VIOLATED)
   u_ctrl/ct_hold_div2_reg_114_/D                         -2634.2083 (VIOLATED)
   u_ctrl/ct_hold_div2_reg_115_/D                         -2634.2083 (VIOLATED)
   u_ctrl/ct_hold_div2_reg_116_/D                         -2634.2083 (VIOLATED)
   u_ctrl/ct_hold_div2_reg_117_/D                         -2634.2083 (VIOLATED)
   u_ctrl/u_crc_crc_out_reg_0_/D                          -1381.9463 (VIOLATED)
   u_ctrl/u_crc_crc_out_reg_1_/D                          -1381.9463 (VIOLATED)
   u_ctrl/u_crc_crc_out_reg_2_/D                          -1381.9463 (VIOLATED)
   u_ctrl/u_crc_crc_out_reg_3_/D                          -1381.9463 (VIOLATED)
   u_ctrl/u_crc_crc_out_reg_4_/D                          -1381.9463 (VIOLATED)
   u_ctrl/u_crc_crc_out_reg_5_/D                          -1381.9463 (VIOLATED)
   u_ctrl/u_crc_crc_out_reg_6_/D                          -1381.9463 (VIOLATED)
   u_ctrl/u_crc_crc_out_reg_7_/D                          -1381.9463 (VIOLATED)
   u_ctrl/u_crc_crc_out_reg_8_/D                          -1381.9463 (VIOLATED)
   u_ctrl/u_crc_crc_out_reg_9_/D                          -1381.9463 (VIOLATED)
   u_ctrl/u_crc_crc_out_reg_10_/D                         -1381.9463 (VIOLATED)
   u_ctrl/u_crc_crc_out_reg_11_/D                         -1381.9463 (VIOLATED)
   u_ctrl/u_crc_crc_out_reg_12_/D                         -1381.9463 (VIOLATED)
   u_ctrl/u_crc_crc_out_reg_13_/D                         -1381.9463 (VIOLATED)
   u_ctrl/u_crc_crc_out_reg_14_/D                         -1381.9463 (VIOLATED)
   u_ctrl/u_crc_crc_out_reg_15_/D                         -1381.9463 (VIOLATED)
   u_ctrl/u_crc_crc_out_reg_16_/D                         -1381.9463 (VIOLATED)
   u_ctrl/u_crc_crc_out_reg_17_/D                         -1381.9463 (VIOLATED)
   u_ctrl/u_crc_crc_out_reg_18_/D                         -1381.9463 (VIOLATED)
   u_ctrl/u_crc_crc_out_reg_19_/D                         -1381.9463 (VIOLATED)
   u_ctrl/u_crc_crc_out_reg_20_/D                         -1381.9463 (VIOLATED)
   u_ctrl/u_crc_crc_out_reg_21_/D                         -1381.9463 (VIOLATED)
   u_ctrl/u_crc_crc_out_reg_22_/D                         -1381.9463 (VIOLATED)
   u_ctrl/u_crc_crc_out_reg_26_/D                         -1381.9463 (VIOLATED)
   u_ctrl/u_crc_crc_out_reg_27_/D                         -1381.9463 (VIOLATED)
   u_ctrl/u_crc_crc_out_reg_28_/D                         -1381.9463 (VIOLATED)
   u_ctrl/u_crc_crc_out_reg_29_/D                         -1381.9463 (VIOLATED)
   u_ctrl/u_crc_crc_out_reg_30_/D                         -1381.9463 (VIOLATED)
   u_ctrl/u_crc_crc_out_reg_31_/D                         -1381.9463 (VIOLATED)
   u_ctrl/tx_idx_div2_reg_2_/D                            -950.3323 (VIOLATED)
   u_ctrl/tx_idx_div2_reg_3_/D                            -950.3056 (VIOLATED)
   u_ctrl/tx_idx_div2_reg_4_/D                            -950.3055 (VIOLATED)
   u_ctrl/tx_idx_div2_reg_0_/D                            -950.1981 (VIOLATED)
   u_ctrl/tx_idx_div2_reg_1_/D                            -948.2480 (VIOLATED)
   u_ctrl/stream_sent_div2_reg/D                          -948.1270 (VIOLATED)
   u_ctrl/crc_start_reg/D                                 -947.9896 (VIOLATED)
   u_ctrl/stream_ready_div2_reg/D                         -947.7064 (VIOLATED)
   u_ctrl/ct_hold_div2_reg_1_/D                           -946.6353 (VIOLATED)
   u_ctrl/ct_hold_div2_reg_18_/D                          -946.6353 (VIOLATED)
   u_ctrl/ct_hold_div2_reg_19_/D                          -946.6353 (VIOLATED)
   u_ctrl/ct_hold_div2_reg_20_/D                          -946.6353 (VIOLATED)
   u_ctrl/ct_hold_div2_reg_21_/D                          -946.6353 (VIOLATED)
   u_ctrl/ct_hold_div2_reg_22_/D                          -946.6353 (VIOLATED)
   u_ctrl/ct_hold_div2_reg_23_/D                          -946.6353 (VIOLATED)
   u_ctrl/ct_hold_div2_reg_24_/D                          -946.6353 (VIOLATED)
   u_ctrl/ct_hold_div2_reg_25_/D                          -946.6353 (VIOLATED)
   u_ctrl/ct_hold_div2_reg_26_/D                          -946.6353 (VIOLATED)
   u_ctrl/ct_hold_div2_reg_27_/D                          -946.6353 (VIOLATED)
   u_ctrl/ct_hold_div2_reg_28_/D                          -946.6353 (VIOLATED)
   u_ctrl/ct_hold_div2_reg_29_/D                          -946.6353 (VIOLATED)
   u_ctrl/ct_hold_div2_reg_87_/D                          -946.6353 (VIOLATED)
   u_ctrl/ct_hold_div2_reg_88_/D                          -946.6353 (VIOLATED)
   u_ctrl/ct_hold_div2_reg_89_/D                          -946.6353 (VIOLATED)
   u_ctrl/ct_hold_div2_reg_90_/D                          -946.6353 (VIOLATED)
   u_ctrl/ct_hold_div2_reg_91_/D                          -946.6353 (VIOLATED)
   u_ctrl/ct_hold_div2_reg_92_/D                          -946.6353 (VIOLATED)
   u_ctrl/ct_hold_div2_reg_93_/D                          -946.6353 (VIOLATED)
   u_ctrl/ct_hold_div2_reg_94_/D                          -946.6353 (VIOLATED)
   u_ctrl/ct_hold_div2_reg_95_/D                          -946.6353 (VIOLATED)
   u_ctrl/ct_hold_div2_reg_96_/D                          -946.6353 (VIOLATED)
   u_ctrl/ct_hold_div2_reg_97_/D                          -946.6353 (VIOLATED)
   u_ctrl/ct_hold_div2_reg_98_/D                          -946.6353 (VIOLATED)
   u_ctrl/u_crc_crc_out_reg_23_/D                         -916.9193 (VIOLATED)
   u_ctrl/u_crc_crc_out_reg_24_/D                         -916.9193 (VIOLATED)
   u_ctrl/u_crc_crc_out_reg_25_/D                         -916.9193 (VIOLATED)
   u_ctrl/u_crc_done_reg/D                                -916.8199 (VIOLATED)
   u_ctrl/ct_hold_div2_reg_61_/D                          -785.4841 (VIOLATED)
   u_ctrl/ct_hold_div2_reg_63_/D                          -785.4841 (VIOLATED)
   u_ctrl/ct_hold_div2_reg_30_/D                          -668.9084 (VIOLATED)
   u_ctrl/ct_hold_div2_reg_31_/D                          -668.9084 (VIOLATED)
   u_ctrl/ct_hold_div2_reg_32_/D                          -668.9084 (VIOLATED)
   u_ctrl/ct_hold_div2_reg_36_/D                          -668.9082 (VIOLATED)
   u_ctrl/ct_hold_div2_reg_38_/D                          -540.2898 (VIOLATED)
   u_ctrl/ct_hold_div2_reg_39_/D                          -540.2898 (VIOLATED)
   u_ctrl/ct_hold_div2_reg_41_/D                          -540.2898 (VIOLATED)
   u_ctrl/ct_hold_div2_reg_43_/D                          -540.2898 (VIOLATED)
   u_ctrl/ct_hold_div2_reg_45_/D                          -540.2898 (VIOLATED)
   u_ctrl/ct_hold_div2_reg_47_/D                          -540.2898 (VIOLATED)
   u_ctrl/ct_hold_div2_reg_118_/D                         -540.2898 (VIOLATED)
   u_ctrl/ct_hold_div2_reg_119_/D                         -540.2898 (VIOLATED)
   u_ctrl/ct_hold_div2_reg_120_/D                         -540.2898 (VIOLATED)
   u_ctrl/sst_reg_0_/D                                    -506.1245 (VIOLATED)
   u_ctrl/ct_hold_div2_reg_121_/D                         -505.9020 (VIOLATED)
   u_ctrl/u_crc_crc_reg_11_/D                             -245.9799 (VIOLATED)
   u_ctrl/u_crc_crc_reg_8_/D                              -245.9799 (VIOLATED)
   u_ctrl/u_crc_crc_reg_12_/D                             -245.9798 (VIOLATED)
   u_ctrl/u_crc_crc_reg_5_/D                              -245.9677 (VIOLATED)
   u_ctrl/u_crc_crc_reg_2_/D                              -245.8496 (VIOLATED)
   u_ctrl/u_crc_crc_reg_1_/D                              -245.8346 (VIOLATED)
   u_ctrl/u_crc_crc_reg_7_/D                              -230.5770 (VIOLATED)
   u_ctrl/u_crc_crc_reg_10_/D                             -230.5769 (VIOLATED)
   u_ctrl/u_crc_crc_reg_23_/D                             -230.5769 (VIOLATED)
   u_ctrl/u_crc_crc_reg_4_/D                              -230.5643 (VIOLATED)
   u_ctrl/u_crc_crc_reg_26_/D                             -230.5643 (VIOLATED)
   u_ctrl/u_crc_crc_reg_0_/D                              -230.4316 (VIOLATED)
   u_ctrl/u_crc_crc_reg_27_/D                             -203.8911 (VIOLATED)
   u_ctrl/u_crc_crc_reg_9_/D                              -203.8892 (VIOLATED)
   u_ctrl/u_crc_crc_reg_13_/D                             -203.8892 (VIOLATED)
   u_ctrl/u_crc_crc_reg_6_/D                              -203.7961 (VIOLATED)
   u_ctrl/u_crc_crc_reg_14_/D                             -203.7961 (VIOLATED)
   u_ctrl/u_crc_crc_reg_15_/D                             -203.7961 (VIOLATED)
   u_ctrl/u_crc_crc_reg_3_/D                              -203.7857 (VIOLATED)
   u_ctrl/u_crc_crc_reg_18_/D                             -150.6691 (VIOLATED)
   u_ctrl/u_crc_crc_reg_19_/D                             -150.6691 (VIOLATED)
   u_ctrl/u_crc_crc_reg_20_/D                             -150.6691 (VIOLATED)
   u_ctrl/u_crc_crc_reg_21_/D                             -150.6691 (VIOLATED)
   u_ctrl/u_crc_crc_reg_22_/D                             -150.6691 (VIOLATED)
   u_ctrl/u_crc_crc_reg_24_/D                             -150.6691 (VIOLATED)
   u_ctrl/u_crc_crc_reg_25_/D                             -150.6691 (VIOLATED)
   u_ctrl/u_crc_crc_reg_28_/D                             -150.6691 (VIOLATED)
   u_ctrl/u_crc_crc_reg_29_/D                             -150.6691 (VIOLATED)
   u_ctrl/u_crc_crc_reg_30_/D                             -150.6691 (VIOLATED)
   u_ctrl/u_crc_crc_reg_31_/D                             -150.6691 (VIOLATED)
   u_ctrl/ct_hold_div2_reg_0_/D                           -115.6823 (VIOLATED)
   u_ctrl/ct_hold_div2_reg_2_/D                           -115.6823 (VIOLATED)
   u_ctrl/ct_hold_div2_reg_3_/D                           -115.6823 (VIOLATED)
   u_ctrl/ct_hold_div2_reg_4_/D                           -115.6823 (VIOLATED)
   u_ctrl/ct_hold_div2_reg_5_/D                           -115.6823 (VIOLATED)
   u_ctrl/ct_hold_div2_reg_124_/D                         -115.6823 (VIOLATED)
   u_ctrl/ct_hold_div2_reg_125_/D                         -115.6823 (VIOLATED)
   u_ctrl/ct_hold_div2_reg_126_/D                         -115.6823 (VIOLATED)
   u_ctrl/ct_hold_div2_reg_127_/D                         -115.6823 (VIOLATED)
   u_ctrl/ct_hold_div2_reg_122_/D                         -115.6823 (VIOLATED)
   u_ctrl/ct_hold_div2_reg_123_/D                         -115.6823 (VIOLATED)
   u_ctrl/fail_reg/D                                      -78.5371  (VIOLATED)
   u_ctrl/mem_wdata_reg_7_/D                              -77.7128  (VIOLATED)
   u_ctrl/mem_wdata_reg_0_/D                              -77.7088  (VIOLATED)
   u_ctrl/mem_wdata_reg_1_/D                              -77.7088  (VIOLATED)
   u_ctrl/mem_wdata_reg_2_/D                              -77.7088  (VIOLATED)
   u_ctrl/mem_wdata_reg_3_/D                              -77.7088  (VIOLATED)
   u_ctrl/mem_wdata_reg_4_/D                              -77.7088  (VIOLATED)
   u_ctrl/mem_wdata_reg_5_/D                              -77.7088  (VIOLATED)
   u_ctrl/mem_wdata_reg_6_/D                              -77.7088  (VIOLATED)
   u_ctrl/sst_reg_2_/D                                    -77.1345  (VIOLATED)
   u_ctrl/sst_reg_1_/D                                    -77.0421  (VIOLATED)
   u_ctrl/byte_idx_reg_2_/D                               -71.2777  (VIOLATED)
   u_ctrl/byte_idx_reg_3_/D                               -71.2652  (VIOLATED)
   u_ctrl/byte_idx_reg_0_/D                               -71.1568  (VIOLATED)
   u_ctrl/tx_byte_div2_reg_0_/D                           -70.2633  (VIOLATED)
   u_ctrl/tx_byte_div2_reg_1_/D                           -70.2633  (VIOLATED)
   u_ctrl/tx_byte_div2_reg_2_/D                           -70.2633  (VIOLATED)
   u_ctrl/tx_byte_div2_reg_3_/D                           -70.2633  (VIOLATED)
   u_ctrl/tx_byte_div2_reg_4_/D                           -70.2633  (VIOLATED)
   u_ctrl/tx_byte_div2_reg_5_/D                           -70.2633  (VIOLATED)
   u_ctrl/tx_byte_div2_reg_6_/D                           -70.2633  (VIOLATED)
   u_ctrl/tx_byte_div2_reg_7_/D                           -70.2633  (VIOLATED)
   u_ctrl/byte_idx_reg_1_/D                               -70.1912  (VIOLATED)
   u_ctrl/crc_byte_reg_0_/D                               -69.5913  (VIOLATED)
   u_ctrl/crc_byte_reg_1_/D                               -69.5913  (VIOLATED)
   u_ctrl/crc_byte_reg_2_/D                               -69.5913  (VIOLATED)
   u_ctrl/crc_byte_reg_3_/D                               -69.5913  (VIOLATED)
   u_ctrl/crc_byte_reg_4_/D                               -69.5913  (VIOLATED)
   u_ctrl/crc_byte_reg_5_/D                               -69.5913  (VIOLATED)
   u_ctrl/crc_byte_reg_6_/D                               -69.5913  (VIOLATED)
   u_ctrl/crc_byte_reg_7_/D                               -69.5902  (VIOLATED)
   u_ctrl/crc_dv_reg/D                                    -69.4940  (VIOLATED)
   u_ctrl/u_crc_crc_reg_16_/D                             -61.6987  (VIOLATED)
   u_ctrl/u_crc_crc_reg_17_/D                             -61.6987  (VIOLATED)
   u_ctrl/mem_we_reg/D                                    -53.2193  (VIOLATED)
   u_ctrl/mem_addr_reg_0_/D                               -40.7868  (VIOLATED)
   u_ctrl/mem_addr_reg_1_/D                               -40.7868  (VIOLATED)
   u_ctrl/mem_addr_reg_2_/D                               -40.7868  (VIOLATED)
   u_ctrl/mem_addr_reg_3_/D                               -40.7868  (VIOLATED)
   u_ctrl/mem_cs_reg/D                                    -38.7772  (VIOLATED)
   u_ctrl/send_go_div2_reg/D                              -25.1333  (VIOLATED)
   u_ctrl/u_ct_cdc_pulse_dst_reg/D                         -8.3235  (VIOLATED)
   u_ctrl/u_ct_cdc_ack_tog_dst_reg/D                       -8.3232  (VIOLATED)
   u_ctrl/mem_oe_reg/D                                     -7.1424  (VIOLATED)
   u_ctrl/crc_finish_reg/D                                 -6.4838  (VIOLATED)

   max_delay/setup ('clk_div4' group)

   Endpoint                                                  Slack
   -----------------------------------------------------------------
   u_ctrl/u_rx_divcnt_reg_31_/D                           -1278.7795 (VIOLATED)
   u_ctrl/u_rx_divcnt_reg_30_/D                           -1278.6545 (VIOLATED)
   u_ctrl/u_rx_divcnt_reg_29_/D                           -1278.2312 (VIOLATED)
   u_ctrl/u_rx_divcnt_reg_4_/D                            -1277.9106 (VIOLATED)
   u_ctrl/u_rx_divcnt_reg_6_/D                            -1277.9106 (VIOLATED)
   u_ctrl/u_rx_divcnt_reg_10_/D                           -1277.9106 (VIOLATED)
   u_ctrl/u_rx_divcnt_reg_12_/D                           -1277.8993 (VIOLATED)
   u_ctrl/u_rx_divcnt_reg_14_/D                           -1277.8993 (VIOLATED)
   u_ctrl/u_rx_divcnt_reg_16_/D                           -1277.8993 (VIOLATED)
   u_ctrl/u_rx_divcnt_reg_18_/D                           -1277.8993 (VIOLATED)
   u_ctrl/u_rx_divcnt_reg_20_/D                           -1277.8993 (VIOLATED)
   u_ctrl/u_rx_divcnt_reg_22_/D                           -1277.8993 (VIOLATED)
   u_ctrl/u_rx_divcnt_reg_24_/D                           -1277.8993 (VIOLATED)
   u_ctrl/u_rx_divcnt_reg_26_/D                           -1277.8993 (VIOLATED)
   u_ctrl/u_rx_divcnt_reg_28_/D                           -1277.8993 (VIOLATED)
   u_ctrl/u_rx_divcnt_reg_1_/D                            -1277.8868 (VIOLATED)
   u_ctrl/u_rx_divcnt_reg_0_/D                            -1277.7662 (VIOLATED)
   u_ctrl/u_tx_divcnt_reg_31_/D                           -1024.1200 (VIOLATED)
   u_ctrl/u_tx_divcnt_reg_30_/D                           -1023.9951 (VIOLATED)
   u_ctrl/u_tx_divcnt_reg_2_/D                            -1023.6675 (VIOLATED)
   u_ctrl/u_tx_divcnt_reg_8_/D                            -1023.5773 (VIOLATED)
   u_ctrl/u_tx_divcnt_reg_12_/D                           -1023.5773 (VIOLATED)
   u_ctrl/u_tx_divcnt_reg_29_/D                           -1023.5749 (VIOLATED)
   u_ctrl/u_tx_divcnt_reg_7_/D                            -1023.5679 (VIOLATED)
   u_ctrl/u_tx_divcnt_reg_11_/D                           -1023.5679 (VIOLATED)
   u_ctrl/u_tx_divcnt_reg_6_/D                            -1023.5645 (VIOLATED)
   u_ctrl/u_tx_divcnt_reg_10_/D                           -1023.5645 (VIOLATED)
   u_ctrl/u_tx_divcnt_reg_5_/D                            -1023.5629 (VIOLATED)
   u_ctrl/u_tx_divcnt_reg_9_/D                            -1023.5629 (VIOLATED)
   u_ctrl/u_tx_divcnt_reg_1_/D                            -1023.5533 (VIOLATED)
   u_ctrl/u_tx_divcnt_reg_4_/D                            -1023.1859 (VIOLATED)
   u_ctrl/u_tx_divcnt_reg_14_/D                           -1023.1859 (VIOLATED)
   u_ctrl/u_tx_divcnt_reg_16_/D                           -1023.1859 (VIOLATED)
   u_ctrl/u_tx_divcnt_reg_18_/D                           -1023.1859 (VIOLATED)
   u_ctrl/u_tx_divcnt_reg_20_/D                           -1023.1859 (VIOLATED)
   u_ctrl/u_tx_divcnt_reg_22_/D                           -1023.1859 (VIOLATED)
   u_ctrl/u_tx_divcnt_reg_24_/D                           -1023.1859 (VIOLATED)
   u_ctrl/u_tx_divcnt_reg_26_/D                           -1023.1859 (VIOLATED)
   u_ctrl/u_tx_divcnt_reg_28_/D                           -1023.1859 (VIOLATED)
   u_ctrl/u_tx_divcnt_reg_3_/D                            -1023.1167 (VIOLATED)
   u_ctrl/u_tx_divcnt_reg_13_/D                           -1023.1167 (VIOLATED)
   u_ctrl/u_tx_divcnt_reg_15_/D                           -1023.1167 (VIOLATED)
   u_ctrl/u_tx_divcnt_reg_17_/D                           -1023.1167 (VIOLATED)
   u_ctrl/u_tx_divcnt_reg_19_/D                           -1023.1167 (VIOLATED)
   u_ctrl/u_tx_divcnt_reg_21_/D                           -1023.1167 (VIOLATED)
   u_ctrl/u_tx_divcnt_reg_23_/D                           -1023.1167 (VIOLATED)
   u_ctrl/u_tx_divcnt_reg_25_/D                           -1023.1167 (VIOLATED)
   u_ctrl/u_tx_divcnt_reg_27_/D                           -1023.1167 (VIOLATED)
   u_ctrl/u_tx_divcnt_reg_0_/D                            -1023.0983 (VIOLATED)
   u_ctrl/u_rx_divcnt_reg_2_/D                            -321.9832 (VIOLATED)
   u_ctrl/u_rx_divcnt_reg_8_/D                            -321.5013 (VIOLATED)
   u_ctrl/u_rx_divcnt_reg_3_/D                            -321.3820 (VIOLATED)
   u_ctrl/u_rx_divcnt_reg_5_/D                            -321.3820 (VIOLATED)
   u_ctrl/u_rx_divcnt_reg_11_/D                           -321.3820 (VIOLATED)
   u_ctrl/u_rx_divcnt_reg_13_/D                           -321.3820 (VIOLATED)
   u_ctrl/u_rx_divcnt_reg_15_/D                           -321.3820 (VIOLATED)
   u_ctrl/u_rx_divcnt_reg_17_/D                           -321.3820 (VIOLATED)
   u_ctrl/u_rx_divcnt_reg_19_/D                           -321.3820 (VIOLATED)
   u_ctrl/u_rx_divcnt_reg_21_/D                           -321.3820 (VIOLATED)
   u_ctrl/u_rx_divcnt_reg_23_/D                           -321.3820 (VIOLATED)
   u_ctrl/u_rx_divcnt_reg_25_/D                           -321.3820 (VIOLATED)
   u_ctrl/u_rx_divcnt_reg_27_/D                           -321.3820 (VIOLATED)
   u_ctrl/u_tx_shifter_reg_8_/D                           -192.9628 (VIOLATED)
   u_ctrl/u_tx_shifter_reg_1_/D                           -192.9485 (VIOLATED)
   u_ctrl/u_tx_shifter_reg_2_/D                           -192.9485 (VIOLATED)
   u_ctrl/u_tx_shifter_reg_3_/D                           -192.9485 (VIOLATED)
   u_ctrl/u_tx_shifter_reg_4_/D                           -192.9485 (VIOLATED)
   u_ctrl/u_tx_shifter_reg_5_/D                           -192.9485 (VIOLATED)
   u_ctrl/u_tx_shifter_reg_6_/D                           -192.9485 (VIOLATED)
   u_ctrl/u_tx_shifter_reg_7_/D                           -192.9485 (VIOLATED)
   u_ctrl/u_tx_tx_busy_reg/D                              -192.9404 (VIOLATED)
   u_ctrl/u_rx_divcnt_reg_7_/D                            -187.8334 (VIOLATED)
   u_ctrl/u_tx_shifter_reg_0_/D                           -187.6958 (VIOLATED)
   u_ctrl/u_rx_divcnt_reg_9_/D                            -187.4921 (VIOLATED)
   u_ctrl/u_rx_busy_reg/D                                 -186.3445 (VIOLATED)
   u_ctrl/u_tx_bitpos_reg_3_/D                            -177.8565 (VIOLATED)
   u_ctrl/u_tx_bitpos_reg_2_/D                            -177.7302 (VIOLATED)
   u_ctrl/u_tx_bitpos_reg_1_/D                            -177.2995 (VIOLATED)
   u_ctrl/u_tx_bitpos_reg_0_/D                            -176.8356 (VIOLATED)
   u_ctrl/tx_done_div4_reg/D                              -174.4283 (VIOLATED)
   u_ctrl/tx_cnt_div4_reg_4_/D                            -174.3898 (VIOLATED)
   u_ctrl/tx_cnt_div4_reg_0_/D                            -174.2959 (VIOLATED)
   u_ctrl/tx_all_started_div4_reg/D                       -174.2693 (VIOLATED)
   u_ctrl/tx_cnt_div4_reg_1_/D                            -174.2693 (VIOLATED)
   u_ctrl/tx_cnt_div4_reg_2_/D                            -174.2693 (VIOLATED)
   u_ctrl/tx_cnt_div4_reg_3_/D                            -174.2693 (VIOLATED)
   u_ctrl/tx_active_div4_reg/D                            -174.2631 (VIOLATED)
   u_ctrl/u_rx_rx_data_reg_0_/D                           -124.3519 (VIOLATED)
   u_ctrl/u_rx_rx_data_reg_1_/D                           -124.3519 (VIOLATED)
   u_ctrl/u_rx_rx_data_reg_2_/D                           -124.3519 (VIOLATED)
   u_ctrl/u_rx_rx_data_reg_3_/D                           -124.3519 (VIOLATED)
   u_ctrl/u_rx_rx_data_reg_4_/D                           -124.3519 (VIOLATED)
   u_ctrl/u_rx_rx_data_reg_5_/D                           -124.3519 (VIOLATED)
   u_ctrl/u_rx_rx_data_reg_6_/D                           -124.3519 (VIOLATED)
   u_ctrl/u_rx_rx_data_reg_7_/D                           -124.3519 (VIOLATED)
   u_ctrl/u_rx_rx_valid_reg/D                             -124.2331 (VIOLATED)
   u_ctrl/u_rx_bitpos_reg_2_/D                            -91.3866  (VIOLATED)
   u_ctrl/u_rx_bitpos_reg_3_/D                            -91.3866  (VIOLATED)
   u_ctrl/u_rx_bitpos_reg_0_/D                            -90.9604  (VIOLATED)
   u_ctrl/u_rx_bitpos_reg_1_/D                            -90.9593  (VIOLATED)
   u_ctrl/u_tx_txd_reg/D                                  -78.1049  (VIOLATED)
   u_ctrl/tx_busy_d_reg/D                                 -56.3104  (VIOLATED)
   u_ctrl/tx_data_reg_0_/D                                -44.2014  (VIOLATED)
   u_ctrl/tx_data_reg_1_/D                                -44.2014  (VIOLATED)
   u_ctrl/tx_data_reg_2_/D                                -44.2014  (VIOLATED)
   u_ctrl/tx_data_reg_3_/D                                -44.2014  (VIOLATED)
   u_ctrl/tx_data_reg_4_/D                                -44.2014  (VIOLATED)
   u_ctrl/tx_data_reg_5_/D                                -44.2014  (VIOLATED)
   u_ctrl/tx_data_reg_6_/D                                -44.2014  (VIOLATED)
   u_ctrl/tx_data_reg_7_/D                                -44.2014  (VIOLATED)
   u_ctrl/tx_start_reg/D                                  -44.1009  (VIOLATED)
   u_ctrl/u_rx_data_shift_reg_7_/D                        -33.8615  (VIOLATED)
   u_ctrl/u_rx_data_shift_reg_0_/D                        -33.8594  (VIOLATED)
   u_ctrl/u_rx_data_shift_reg_1_/D                        -33.8594  (VIOLATED)
   u_ctrl/u_rx_data_shift_reg_2_/D                        -33.8594  (VIOLATED)
   u_ctrl/u_rx_data_shift_reg_3_/D                        -33.8594  (VIOLATED)
   u_ctrl/u_rx_data_shift_reg_4_/D                        -33.8594  (VIOLATED)
   u_ctrl/u_rx_data_shift_reg_5_/D                        -33.8594  (VIOLATED)
   u_ctrl/u_rx_data_shift_reg_6_/D                        -33.8594  (VIOLATED)
   u_ctrl/tx_buf_valid_reg/D                              -29.4075  (VIOLATED)
   u_ctrl/tx_buf_data_reg_2_/D                             -8.2874  (VIOLATED)
   u_ctrl/tx_buf_data_reg_0_/D                             -8.2874  (VIOLATED)
   u_ctrl/tx_buf_data_reg_1_/D                             -8.2874  (VIOLATED)
   u_ctrl/tx_buf_data_reg_3_/D                             -8.2874  (VIOLATED)
   u_ctrl/tx_buf_data_reg_4_/D                             -8.2874  (VIOLATED)
   u_ctrl/tx_buf_data_reg_5_/D                             -8.2874  (VIOLATED)
   u_ctrl/tx_buf_data_reg_6_/D                             -8.2874  (VIOLATED)
   u_ctrl/tx_buf_data_reg_7_/D                             -8.2874  (VIOLATED)
   u_ctrl/start_uart_cmd_reg/D                             -0.7248  (VIOLATED)

   max_delay/setup ('clk_fast' group)

   Endpoint                                                  Slack
   -----------------------------------------------------------------
   u_ctrl/ct_hold_fast_reg_0_/D                           -9006.9590 (VIOLATED)
   u_ctrl/ct_hold_fast_reg_2_/D                           -9006.9590 (VIOLATED)
   u_ctrl/ct_hold_fast_reg_3_/D                           -9006.9590 (VIOLATED)
   u_ctrl/ct_hold_fast_reg_4_/D                           -9006.9590 (VIOLATED)
   u_ctrl/ct_hold_fast_reg_33_/D                          -9006.9590 (VIOLATED)
   u_ctrl/ct_hold_fast_reg_35_/D                          -9006.9590 (VIOLATED)
   u_ctrl/ct_hold_fast_reg_71_/D                          -9006.9590 (VIOLATED)
   u_ctrl/ct_hold_fast_reg_75_/D                          -9006.9590 (VIOLATED)
   u_ctrl/ct_hold_fast_reg_119_/D                         -9006.9590 (VIOLATED)
   u_ctrl/ct_hold_fast_reg_120_/D                         -9006.9590 (VIOLATED)
   u_ctrl/ct_hold_fast_reg_121_/D                         -9006.9590 (VIOLATED)
   u_ctrl/ct_hold_fast_reg_122_/D                         -9006.9590 (VIOLATED)
   u_ctrl/ct_hold_fast_reg_123_/D                         -9006.9590 (VIOLATED)
   u_ctrl/ct_hold_fast_reg_124_/D                         -9006.9590 (VIOLATED)
   u_ctrl/ct_hold_fast_reg_125_/D                         -9006.9590 (VIOLATED)
   u_ctrl/ct_hold_fast_reg_126_/D                         -9006.9590 (VIOLATED)
   u_ctrl/ct_hold_fast_reg_127_/D                         -9006.9590 (VIOLATED)
   u_ctrl/ct_hold_fast_reg_32_/D                          -9006.9443 (VIOLATED)
   u_ctrl/ct_hold_fast_reg_34_/D                          -9006.9443 (VIOLATED)
   u_ctrl/ct_hold_fast_reg_70_/D                          -9006.9443 (VIOLATED)
   u_ctrl/ct_hold_fast_reg_74_/D                          -9006.9443 (VIOLATED)
   u_ctrl/ct_hold_fast_reg_106_/D                         -9006.9443 (VIOLATED)
   u_ctrl/ct_hold_fast_reg_107_/D                         -9006.9443 (VIOLATED)
   u_ctrl/ct_hold_fast_reg_108_/D                         -9006.9443 (VIOLATED)
   u_ctrl/ct_hold_fast_reg_109_/D                         -9006.9443 (VIOLATED)
   u_ctrl/ct_hold_fast_reg_110_/D                         -9006.9443 (VIOLATED)
   u_ctrl/ct_hold_fast_reg_111_/D                         -9006.9443 (VIOLATED)
   u_ctrl/ct_hold_fast_reg_112_/D                         -9006.9443 (VIOLATED)
   u_ctrl/ct_hold_fast_reg_113_/D                         -9006.9443 (VIOLATED)
   u_ctrl/ct_hold_fast_reg_114_/D                         -9006.9443 (VIOLATED)
   u_ctrl/ct_hold_fast_reg_115_/D                         -9006.9443 (VIOLATED)
   u_ctrl/ct_hold_fast_reg_116_/D                         -9006.9443 (VIOLATED)
   u_ctrl/ct_hold_fast_reg_117_/D                         -9006.9443 (VIOLATED)
   u_ctrl/ct_hold_fast_reg_118_/D                         -9006.9443 (VIOLATED)
   u_ctrl/ct_hold_fast_reg_36_/D                          -8990.3145 (VIOLATED)
   u_ctrl/ct_hold_fast_reg_40_/D                          -8990.3145 (VIOLATED)
   u_ctrl/ct_hold_fast_reg_54_/D                          -8990.3145 (VIOLATED)
   u_ctrl/ct_hold_fast_reg_55_/D                          -8990.3145 (VIOLATED)
   u_ctrl/ct_hold_fast_reg_56_/D                          -8990.3145 (VIOLATED)
   u_ctrl/ct_hold_fast_reg_57_/D                          -8990.3145 (VIOLATED)
   u_ctrl/ct_hold_fast_reg_58_/D                          -8990.3145 (VIOLATED)
   u_ctrl/ct_hold_fast_reg_59_/D                          -8990.3145 (VIOLATED)
   u_ctrl/ct_hold_fast_reg_60_/D                          -8990.3145 (VIOLATED)
   u_ctrl/ct_hold_fast_reg_61_/D                          -8990.3145 (VIOLATED)
   u_ctrl/ct_hold_fast_reg_62_/D                          -8990.3145 (VIOLATED)
   u_ctrl/ct_hold_fast_reg_63_/D                          -8990.3145 (VIOLATED)
   u_ctrl/ct_hold_fast_reg_64_/D                          -8990.3145 (VIOLATED)
   u_ctrl/ct_hold_fast_reg_65_/D                          -8990.3145 (VIOLATED)
   u_ctrl/ct_hold_fast_reg_66_/D                          -8990.3145 (VIOLATED)
   u_ctrl/ct_hold_fast_reg_76_/D                          -8990.3145 (VIOLATED)
   u_ctrl/ct_hold_fast_reg_5_/D                           -8990.3018 (VIOLATED)
   u_ctrl/ct_hold_fast_reg_6_/D                           -8990.3018 (VIOLATED)
   u_ctrl/ct_hold_fast_reg_7_/D                           -8990.3018 (VIOLATED)
   u_ctrl/ct_hold_fast_reg_8_/D                           -8990.3018 (VIOLATED)
   u_ctrl/ct_hold_fast_reg_9_/D                           -8990.3018 (VIOLATED)
   u_ctrl/ct_hold_fast_reg_10_/D                          -8990.3018 (VIOLATED)
   u_ctrl/ct_hold_fast_reg_11_/D                          -8990.3018 (VIOLATED)
   u_ctrl/ct_hold_fast_reg_12_/D                          -8990.3018 (VIOLATED)
   u_ctrl/ct_hold_fast_reg_13_/D                          -8990.3018 (VIOLATED)
   u_ctrl/ct_hold_fast_reg_14_/D                          -8990.3018 (VIOLATED)
   u_ctrl/ct_hold_fast_reg_15_/D                          -8990.3018 (VIOLATED)
   u_ctrl/ct_hold_fast_reg_16_/D                          -8990.3018 (VIOLATED)
   u_ctrl/ct_hold_fast_reg_17_/D                          -8990.3018 (VIOLATED)
   u_ctrl/ct_hold_fast_reg_37_/D                          -8990.3018 (VIOLATED)
   u_ctrl/ct_hold_fast_reg_38_/D                          -8990.3018 (VIOLATED)
   u_ctrl/ct_hold_fast_reg_39_/D                          -8990.3018 (VIOLATED)
   u_ctrl/ct_hold_fast_reg_41_/D                          -8990.3018 (VIOLATED)
   u_ctrl/ct_hold_fast_reg_42_/D                          -8990.3018 (VIOLATED)
   u_ctrl/ct_hold_fast_reg_43_/D                          -8990.3018 (VIOLATED)
   u_ctrl/ct_hold_fast_reg_44_/D                          -8990.3018 (VIOLATED)
   u_ctrl/ct_hold_fast_reg_45_/D                          -8990.3018 (VIOLATED)
   u_ctrl/ct_hold_fast_reg_46_/D                          -8990.3018 (VIOLATED)
   u_ctrl/ct_hold_fast_reg_47_/D                          -8990.3018 (VIOLATED)
   u_ctrl/ct_hold_fast_reg_48_/D                          -8990.3018 (VIOLATED)
   u_ctrl/ct_hold_fast_reg_49_/D                          -8990.3018 (VIOLATED)
   u_ctrl/ct_hold_fast_reg_50_/D                          -8990.3018 (VIOLATED)
   u_ctrl/ct_hold_fast_reg_51_/D                          -8990.3018 (VIOLATED)
   u_ctrl/ct_hold_fast_reg_52_/D                          -8990.3018 (VIOLATED)
   u_ctrl/ct_hold_fast_reg_53_/D                          -8990.3018 (VIOLATED)
   u_ctrl/ct_hold_fast_reg_67_/D                          -8990.3018 (VIOLATED)
   u_ctrl/ct_hold_fast_reg_68_/D                          -8990.3018 (VIOLATED)
   u_ctrl/ct_hold_fast_reg_72_/D                          -8990.3018 (VIOLATED)
   u_ctrl/ct_hold_fast_reg_77_/D                          -8990.3018 (VIOLATED)
   u_ctrl/ct_hold_fast_reg_78_/D                          -8990.3018 (VIOLATED)
   u_ctrl/ct_hold_fast_reg_79_/D                          -8990.3018 (VIOLATED)
   u_ctrl/ct_hold_fast_reg_80_/D                          -8990.3018 (VIOLATED)
   u_ctrl/ct_hold_fast_reg_81_/D                          -8990.3018 (VIOLATED)
   u_ctrl/ct_hold_fast_reg_82_/D                          -8990.3018 (VIOLATED)
   u_ctrl/ct_hold_fast_reg_83_/D                          -8990.3018 (VIOLATED)
   u_ctrl/ct_hold_fast_reg_84_/D                          -8990.3018 (VIOLATED)
   u_ctrl/ct_hold_fast_reg_85_/D                          -8990.3018 (VIOLATED)
   u_ctrl/ct_hold_fast_reg_86_/D                          -8990.3018 (VIOLATED)
   u_ctrl/ct_hold_fast_reg_87_/D                          -8990.3018 (VIOLATED)
   u_ctrl/ct_hold_fast_reg_88_/D                          -8990.3018 (VIOLATED)
   u_ctrl/ct_hold_fast_reg_89_/D                          -8990.3018 (VIOLATED)
   u_ctrl/ct_hold_fast_reg_90_/D                          -8990.3018 (VIOLATED)
   u_ctrl/ct_hold_fast_reg_91_/D                          -8990.3018 (VIOLATED)
   u_ctrl/ct_hold_fast_reg_92_/D                          -8990.3018 (VIOLATED)
   u_ctrl/ct_hold_fast_reg_69_/D                          -8975.8848 (VIOLATED)
   u_ctrl/ct_hold_fast_reg_73_/D                          -8975.8848 (VIOLATED)
   u_ctrl/ct_hold_fast_reg_93_/D                          -8975.8848 (VIOLATED)
   u_ctrl/ct_hold_fast_reg_94_/D                          -8975.8848 (VIOLATED)
   u_ctrl/ct_hold_fast_reg_95_/D                          -8975.8848 (VIOLATED)
   u_ctrl/ct_hold_fast_reg_96_/D                          -8975.8848 (VIOLATED)
   u_ctrl/ct_hold_fast_reg_97_/D                          -8975.8848 (VIOLATED)
   u_ctrl/ct_hold_fast_reg_98_/D                          -8975.8848 (VIOLATED)
   u_ctrl/ct_hold_fast_reg_99_/D                          -8975.8848 (VIOLATED)
   u_ctrl/ct_hold_fast_reg_100_/D                         -8975.8848 (VIOLATED)
   u_ctrl/ct_hold_fast_reg_101_/D                         -8975.8848 (VIOLATED)
   u_ctrl/ct_hold_fast_reg_102_/D                         -8975.8848 (VIOLATED)
   u_ctrl/ct_hold_fast_reg_103_/D                         -8975.8848 (VIOLATED)
   u_ctrl/ct_hold_fast_reg_104_/D                         -8975.8848 (VIOLATED)
   u_ctrl/ct_hold_fast_reg_105_/D                         -8975.8848 (VIOLATED)
   u_ctrl/ct_hold_fast_reg_18_/D                          -8909.5361 (VIOLATED)
   u_ctrl/ct_hold_fast_reg_19_/D                          -8909.5361 (VIOLATED)
   u_ctrl/ct_hold_fast_reg_20_/D                          -8909.5361 (VIOLATED)
   u_ctrl/ct_hold_fast_reg_21_/D                          -8909.5361 (VIOLATED)
   u_ctrl/ct_hold_fast_reg_22_/D                          -8909.5361 (VIOLATED)
   u_ctrl/ct_hold_fast_reg_23_/D                          -8909.5361 (VIOLATED)
   u_ctrl/ct_hold_fast_reg_24_/D                          -8909.5361 (VIOLATED)
   u_ctrl/ct_hold_fast_reg_25_/D                          -8909.5361 (VIOLATED)
   u_ctrl/ct_hold_fast_reg_26_/D                          -8909.5361 (VIOLATED)
   u_ctrl/ct_hold_fast_reg_27_/D                          -8909.5361 (VIOLATED)
   u_ctrl/aes_clk_req_reg/D                               -977.9367 (VIOLATED)
   u_ctrl/ct_hold_fast_reg_1_/D                           -977.9367 (VIOLATED)
   u_ctrl/ct_hold_fast_reg_28_/D                          -977.9344 (VIOLATED)
   u_ctrl/ct_hold_fast_reg_29_/D                          -977.9344 (VIOLATED)
   u_ctrl/ct_hold_fast_reg_30_/D                          -977.9344 (VIOLATED)
   u_ctrl/ct_hold_fast_reg_31_/D                          -977.9344 (VIOLATED)
   u_ctrl/ct_ok_reg/D                                     -977.9316 (VIOLATED)
   u_ctrl/ct_req_pulse_fast_reg/D                         -881.0908 (VIOLATED)
   u_ctrl/crc_done_hold_reg/D                             -873.9671 (VIOLATED)
   u_ctrl/done_reg/D                                      -873.8978 (VIOLATED)
   u_ctrl/pass_reg/D                                      -873.8887 (VIOLATED)
   u_ctrl/aes_start_reg/D                                 -873.8640 (VIOLATED)
   u_ctrl/start_seen_reg/D                                -871.6560 (VIOLATED)

   max_delay/setup ('clk_fast_aes' group)

   Endpoint                                                  Slack
   -----------------------------------------------------------------
   u_ctrl/u_aes/ct_out_reg_2_/D                           -1992.2628 (VIOLATED)
   u_ctrl/u_aes/ct_out_reg_16_/D                          -1992.2628 (VIOLATED)
   u_ctrl/u_aes/ct_out_reg_21_/D                          -1992.2628 (VIOLATED)
   u_ctrl/u_aes/ct_out_reg_27_/D                          -1992.2628 (VIOLATED)
   u_ctrl/u_aes/ct_out_reg_32_/D                          -1992.2628 (VIOLATED)
   u_ctrl/u_aes/ct_out_reg_33_/D                          -1992.2628 (VIOLATED)
   u_ctrl/u_aes/ct_out_reg_35_/D                          -1992.2628 (VIOLATED)
   u_ctrl/u_aes/ct_out_reg_39_/D                          -1992.2628 (VIOLATED)
   u_ctrl/u_aes/ct_out_reg_40_/D                          -1992.2628 (VIOLATED)
   u_ctrl/u_aes/ct_out_reg_41_/D                          -1992.2628 (VIOLATED)
   u_ctrl/u_aes/ct_out_reg_42_/D                          -1992.2628 (VIOLATED)
   u_ctrl/u_aes/ct_out_reg_47_/D                          -1992.2628 (VIOLATED)
   u_ctrl/u_aes/ct_out_reg_49_/D                          -1992.2628 (VIOLATED)
   u_ctrl/u_aes/ct_out_reg_50_/D                          -1992.2628 (VIOLATED)
   u_ctrl/u_aes/ct_out_reg_95_/D                          -1992.2628 (VIOLATED)
   u_ctrl/u_aes/ct_out_reg_112_/D                         -1992.2628 (VIOLATED)
   u_ctrl/u_aes/ct_out_reg_120_/D                         -1992.2628 (VIOLATED)
   u_ctrl/u_aes/ct_out_reg_121_/D                         -1992.2628 (VIOLATED)
   u_ctrl/u_aes/ct_out_reg_124_/D                         -1992.2628 (VIOLATED)
   u_ctrl/u_aes/ct_out_reg_108_/D                         -1992.2499 (VIOLATED)
   u_ctrl/u_aes/ct_out_reg_48_/D                          -1992.2498 (VIOLATED)
   u_ctrl/u_aes/ct_out_reg_56_/D                          -1992.2498 (VIOLATED)
   u_ctrl/u_aes/ct_out_reg_57_/D                          -1992.2498 (VIOLATED)
   u_ctrl/u_aes/ct_out_reg_60_/D                          -1992.2498 (VIOLATED)
   u_ctrl/u_aes/ct_out_reg_61_/D                          -1992.2498 (VIOLATED)
   u_ctrl/u_aes/ct_out_reg_82_/D                          -1992.2498 (VIOLATED)
   u_ctrl/u_aes/ct_out_reg_87_/D                          -1992.2498 (VIOLATED)
   u_ctrl/u_aes/ct_out_reg_89_/D                          -1992.2498 (VIOLATED)
   u_ctrl/u_aes/ct_out_reg_93_/D                          -1992.2498 (VIOLATED)
   u_ctrl/u_aes/ct_out_reg_94_/D                          -1992.2498 (VIOLATED)
   u_ctrl/u_aes/ct_out_reg_96_/D                          -1992.2498 (VIOLATED)
   u_ctrl/u_aes/ct_out_reg_97_/D                          -1992.2498 (VIOLATED)
   u_ctrl/u_aes/ct_out_reg_98_/D                          -1992.2498 (VIOLATED)
   u_ctrl/u_aes/ct_out_reg_99_/D                          -1992.2498 (VIOLATED)
   u_ctrl/u_aes/ct_out_reg_102_/D                         -1992.2498 (VIOLATED)
   u_ctrl/u_aes/ct_out_reg_104_/D                         -1992.2498 (VIOLATED)
   u_ctrl/u_aes/ct_out_reg_106_/D                         -1992.2498 (VIOLATED)
   u_ctrl/u_aes/ct_out_reg_107_/D                         -1992.2498 (VIOLATED)
   u_ctrl/u_aes/state_reg_25_/D                           -1990.5803 (VIOLATED)
   u_ctrl/u_aes/state_reg_127_/D                          -1990.5803 (VIOLATED)
   u_ctrl/u_aes/state_reg_71_/D                           -1990.5792 (VIOLATED)
   u_ctrl/u_aes/ct_out_reg_0_/D                           -1990.5781 (VIOLATED)
   u_ctrl/u_aes/ct_out_reg_12_/D                          -1990.5781 (VIOLATED)
   u_ctrl/u_aes/ct_out_reg_17_/D                          -1990.5781 (VIOLATED)
   u_ctrl/u_aes/ct_out_reg_19_/D                          -1990.5781 (VIOLATED)
   u_ctrl/u_aes/ct_out_reg_24_/D                          -1990.5781 (VIOLATED)
   u_ctrl/u_aes/ct_out_reg_26_/D                          -1990.5781 (VIOLATED)
   u_ctrl/u_aes/ct_out_reg_62_/D                          -1990.5781 (VIOLATED)
   u_ctrl/u_aes/ct_out_reg_73_/D                          -1990.5781 (VIOLATED)
   u_ctrl/u_aes/ct_out_reg_13_/D                          -1990.5731 (VIOLATED)
   u_ctrl/u_aes/ct_out_reg_22_/D                          -1990.5731 (VIOLATED)
   u_ctrl/u_aes/ct_out_reg_30_/D                          -1990.5731 (VIOLATED)
   u_ctrl/u_aes/ct_out_reg_45_/D                          -1990.5731 (VIOLATED)
   u_ctrl/u_aes/ct_out_reg_84_/D                          -1990.5731 (VIOLATED)
   u_ctrl/u_aes/ct_out_reg_91_/D                          -1990.5731 (VIOLATED)
   u_ctrl/u_aes/ct_out_reg_116_/D                         -1990.5731 (VIOLATED)
   u_ctrl/u_aes/ct_out_reg_8_/D                           -1989.8134 (VIOLATED)
   u_ctrl/u_aes/ct_out_reg_9_/D                           -1989.8134 (VIOLATED)
   u_ctrl/u_aes/ct_out_reg_11_/D                          -1989.8134 (VIOLATED)
   u_ctrl/u_aes/ct_out_reg_14_/D                          -1989.8134 (VIOLATED)
   u_ctrl/u_aes/ct_out_reg_15_/D                          -1989.8134 (VIOLATED)
   u_ctrl/u_aes/ct_out_reg_18_/D                          -1989.8134 (VIOLATED)
   u_ctrl/u_aes/ct_out_reg_25_/D                          -1989.8134 (VIOLATED)
   u_ctrl/u_aes/ct_out_reg_29_/D                          -1989.8134 (VIOLATED)
   u_ctrl/u_aes/ct_out_reg_53_/D                          -1989.8134 (VIOLATED)
   u_ctrl/u_aes/ct_out_reg_54_/D                          -1989.8134 (VIOLATED)
   u_ctrl/u_aes/ct_out_reg_55_/D                          -1989.8134 (VIOLATED)
   u_ctrl/u_aes/ct_out_reg_59_/D                          -1989.8134 (VIOLATED)
   u_ctrl/u_aes/ct_out_reg_81_/D                          -1989.8134 (VIOLATED)
   u_ctrl/u_aes/ct_out_reg_83_/D                          -1989.8134 (VIOLATED)
   u_ctrl/u_aes/ct_out_reg_85_/D                          -1989.8134 (VIOLATED)
   u_ctrl/u_aes/ct_out_reg_86_/D                          -1989.8134 (VIOLATED)
   u_ctrl/u_aes/ct_out_reg_90_/D                          -1989.8134 (VIOLATED)
   u_ctrl/u_aes/ct_out_reg_122_/D                         -1989.7991 (VIOLATED)
   u_ctrl/u_aes/ct_out_reg_4_/D                           -1989.7990 (VIOLATED)
   u_ctrl/u_aes/ct_out_reg_5_/D                           -1989.7990 (VIOLATED)
   u_ctrl/u_aes/ct_out_reg_44_/D                          -1989.7990 (VIOLATED)
   u_ctrl/u_aes/ct_out_reg_1_/D                           -1989.7988 (VIOLATED)
   u_ctrl/u_aes/ct_out_reg_3_/D                           -1989.7988 (VIOLATED)
   u_ctrl/u_aes/ct_out_reg_10_/D                          -1989.7988 (VIOLATED)
   u_ctrl/u_aes/ct_out_reg_20_/D                          -1989.7988 (VIOLATED)
   u_ctrl/u_aes/ct_out_reg_23_/D                          -1989.7988 (VIOLATED)
   u_ctrl/u_aes/ct_out_reg_28_/D                          -1989.7988 (VIOLATED)
   u_ctrl/u_aes/ct_out_reg_31_/D                          -1989.7988 (VIOLATED)
   u_ctrl/u_aes/ct_out_reg_34_/D                          -1989.7988 (VIOLATED)
   u_ctrl/u_aes/ct_out_reg_36_/D                          -1989.7988 (VIOLATED)
   u_ctrl/u_aes/ct_out_reg_37_/D                          -1989.7988 (VIOLATED)
   u_ctrl/u_aes/ct_out_reg_38_/D                          -1989.7988 (VIOLATED)
   u_ctrl/u_aes/ct_out_reg_43_/D                          -1989.7988 (VIOLATED)
   u_ctrl/u_aes/ct_out_reg_46_/D                          -1989.7988 (VIOLATED)
   u_ctrl/u_aes/ct_out_reg_51_/D                          -1989.7988 (VIOLATED)
   u_ctrl/u_aes/ct_out_reg_52_/D                          -1989.7988 (VIOLATED)
   u_ctrl/u_aes/ct_out_reg_58_/D                          -1989.7988 (VIOLATED)
   u_ctrl/u_aes/ct_out_reg_69_/D                          -1989.7988 (VIOLATED)
   u_ctrl/u_aes/ct_out_reg_70_/D                          -1989.7988 (VIOLATED)
   u_ctrl/u_aes/ct_out_reg_71_/D                          -1989.7988 (VIOLATED)
   u_ctrl/u_aes/ct_out_reg_72_/D                          -1989.7988 (VIOLATED)
   u_ctrl/u_aes/ct_out_reg_74_/D                          -1989.7988 (VIOLATED)
   u_ctrl/u_aes/ct_out_reg_76_/D                          -1989.7988 (VIOLATED)
   u_ctrl/u_aes/ct_out_reg_77_/D                          -1989.7988 (VIOLATED)
   u_ctrl/u_aes/ct_out_reg_79_/D                          -1989.7988 (VIOLATED)
   u_ctrl/u_aes/ct_out_reg_80_/D                          -1989.7988 (VIOLATED)
   u_ctrl/u_aes/ct_out_reg_92_/D                          -1989.7988 (VIOLATED)
   u_ctrl/u_aes/ct_out_reg_123_/D                         -1989.7988 (VIOLATED)
   u_ctrl/u_aes/ct_out_reg_125_/D                         -1989.7988 (VIOLATED)
   u_ctrl/u_aes/ct_out_reg_126_/D                         -1989.7988 (VIOLATED)
   u_ctrl/u_aes/ct_out_reg_127_/D                         -1989.7988 (VIOLATED)
   u_ctrl/u_aes/ct_out_reg_6_/D                           -1989.5256 (VIOLATED)
   u_ctrl/u_aes/ct_out_reg_7_/D                           -1989.5256 (VIOLATED)
   u_ctrl/u_aes/ct_out_reg_63_/D                          -1989.5256 (VIOLATED)
   u_ctrl/u_aes/ct_out_reg_68_/D                          -1989.5256 (VIOLATED)
   u_ctrl/u_aes/ct_out_reg_100_/D                         -1989.5256 (VIOLATED)
   u_ctrl/u_aes/ct_out_reg_101_/D                         -1989.5256 (VIOLATED)
   u_ctrl/u_aes/ct_out_reg_103_/D                         -1989.5234 (VIOLATED)
   u_ctrl/u_aes/ct_out_reg_105_/D                         -1989.5234 (VIOLATED)
   u_ctrl/u_aes/ct_out_reg_109_/D                         -1989.5234 (VIOLATED)
   u_ctrl/u_aes/ct_out_reg_110_/D                         -1989.5234 (VIOLATED)
   u_ctrl/u_aes/ct_out_reg_111_/D                         -1989.5234 (VIOLATED)
   u_ctrl/u_aes/ct_out_reg_113_/D                         -1989.5234 (VIOLATED)
   u_ctrl/u_aes/ct_out_reg_114_/D                         -1989.5234 (VIOLATED)
   u_ctrl/u_aes/ct_out_reg_115_/D                         -1989.5234 (VIOLATED)
   u_ctrl/u_aes/ct_out_reg_117_/D                         -1989.5234 (VIOLATED)
   u_ctrl/u_aes/ct_out_reg_118_/D                         -1989.5234 (VIOLATED)
   u_ctrl/u_aes/ct_out_reg_119_/D                         -1989.5234 (VIOLATED)
   u_ctrl/u_aes/state_reg_78_/D                           -1987.0963 (VIOLATED)
   u_ctrl/u_aes/state_reg_47_/D                           -1987.0962 (VIOLATED)
   u_ctrl/u_aes/state_reg_39_/D                           -1987.0955 (VIOLATED)
   u_ctrl/u_aes/state_reg_0_/D                            -1987.0935 (VIOLATED)
   u_ctrl/u_aes/state_reg_124_/D                          -1987.0935 (VIOLATED)
   u_ctrl/u_aes/ct_out_reg_78_/D                          -1987.0911 (VIOLATED)
   u_ctrl/u_aes/state_reg_2_/D                            -1987.0863 (VIOLATED)
   u_ctrl/u_aes/state_reg_12_/D                           -1987.0863 (VIOLATED)
   u_ctrl/u_aes/state_reg_16_/D                           -1987.0863 (VIOLATED)
   u_ctrl/u_aes/state_reg_17_/D                           -1987.0863 (VIOLATED)
   u_ctrl/u_aes/state_reg_19_/D                           -1987.0863 (VIOLATED)
   u_ctrl/u_aes/state_reg_21_/D                           -1987.0863 (VIOLATED)
   u_ctrl/u_aes/state_reg_24_/D                           -1987.0863 (VIOLATED)
   u_ctrl/u_aes/state_reg_26_/D                           -1987.0863 (VIOLATED)
   u_ctrl/u_aes/state_reg_27_/D                           -1987.0863 (VIOLATED)
   u_ctrl/u_aes/state_reg_32_/D                           -1987.0836 (VIOLATED)
   u_ctrl/u_aes/ct_out_reg_64_/D                          -1980.4117 (VIOLATED)
   u_ctrl/u_aes/ct_out_reg_65_/D                          -1980.4117 (VIOLATED)
   u_ctrl/u_aes/ct_out_reg_66_/D                          -1980.4110 (VIOLATED)
   u_ctrl/u_aes/ct_out_reg_75_/D                          -1980.4110 (VIOLATED)
   u_ctrl/u_aes/ct_out_reg_88_/D                          -1980.4110 (VIOLATED)
   u_ctrl/u_aes/state_reg_100_/D                          -1980.0006 (VIOLATED)
   u_ctrl/u_aes/state_reg_101_/D                          -1980.0006 (VIOLATED)
   u_ctrl/u_aes/state_reg_13_/D                           -1979.9713 (VIOLATED)
   u_ctrl/u_aes/state_reg_30_/D                           -1979.9685 (VIOLATED)
   u_ctrl/u_aes/state_reg_45_/D                           -1979.9685 (VIOLATED)
   u_ctrl/u_aes/state_reg_116_/D                          -1979.9685 (VIOLATED)
   u_ctrl/u_aes/state_reg_6_/D                            -1979.9684 (VIOLATED)
   u_ctrl/u_aes/state_reg_63_/D                           -1979.9684 (VIOLATED)
   u_ctrl/u_aes/state_reg_84_/D                           -1979.9684 (VIOLATED)
   u_ctrl/u_aes/state_reg_68_/D                           -1979.9641 (VIOLATED)
   u_ctrl/u_aes/state_reg_7_/D                            -1979.9640 (VIOLATED)
   u_ctrl/u_aes/state_reg_22_/D                           -1979.9598 (VIOLATED)
   u_ctrl/u_aes/state_reg_49_/D                           -1979.9165 (VIOLATED)
   u_ctrl/u_aes/state_reg_35_/D                           -1979.9142 (VIOLATED)
   u_ctrl/u_aes/state_reg_15_/D                           -1979.8965 (VIOLATED)
   u_ctrl/u_aes/state_reg_36_/D                           -1979.8960 (VIOLATED)
   u_ctrl/u_aes/state_reg_55_/D                           -1979.8960 (VIOLATED)
   u_ctrl/u_aes/state_reg_4_/D                            -1979.8942 (VIOLATED)
   u_ctrl/u_aes/state_reg_5_/D                            -1979.8942 (VIOLATED)
   u_ctrl/u_aes/state_reg_14_/D                           -1979.8942 (VIOLATED)
   u_ctrl/u_aes/state_reg_31_/D                           -1979.8942 (VIOLATED)
   u_ctrl/u_aes/state_reg_52_/D                           -1979.8942 (VIOLATED)
   u_ctrl/u_aes/state_reg_69_/D                           -1979.8942 (VIOLATED)
   u_ctrl/u_aes/state_reg_77_/D                           -1979.8942 (VIOLATED)
   u_ctrl/u_aes/state_reg_109_/D                          -1979.8942 (VIOLATED)
   u_ctrl/u_aes/state_reg_20_/D                           -1979.8917 (VIOLATED)
   u_ctrl/u_aes/state_reg_23_/D                           -1979.8916 (VIOLATED)
   u_ctrl/u_aes/state_reg_119_/D                          -1979.8906 (VIOLATED)
   u_ctrl/u_aes/state_reg_18_/D                           -1979.8905 (VIOLATED)
   u_ctrl/u_aes/state_reg_34_/D                           -1979.8767 (VIOLATED)
   u_ctrl/u_aes/state_reg_38_/D                           -1979.8767 (VIOLATED)
   u_ctrl/u_aes/state_reg_44_/D                           -1979.8767 (VIOLATED)
   u_ctrl/u_aes/state_reg_58_/D                           -1979.8767 (VIOLATED)
   u_ctrl/u_aes/state_reg_85_/D                           -1979.8767 (VIOLATED)
   u_ctrl/u_aes/state_reg_115_/D                          -1979.8767 (VIOLATED)
   u_ctrl/u_aes/state_reg_117_/D                          -1979.8767 (VIOLATED)
   u_ctrl/u_aes/state_reg_125_/D                          -1979.8767 (VIOLATED)
   u_ctrl/u_aes/state_reg_43_/D                           -1979.8741 (VIOLATED)
   u_ctrl/u_aes/state_reg_59_/D                           -1979.8741 (VIOLATED)
   u_ctrl/u_aes/state_reg_103_/D                          -1979.8572 (VIOLATED)
   u_ctrl/u_aes/done_reg/D                                -1979.8352 (VIOLATED)
   u_ctrl/u_aes/rkeys_reg_108_/D                          -1108.0265 (VIOLATED)
   u_ctrl/u_aes/rkeys_reg_195_/D                          -1108.0265 (VIOLATED)
   u_ctrl/u_aes/rkeys_reg_197_/D                          -1108.0265 (VIOLATED)
   u_ctrl/u_aes/rkeys_reg_198_/D                          -1108.0265 (VIOLATED)
   u_ctrl/u_aes/rkeys_reg_200_/D                          -1108.0265 (VIOLATED)
   u_ctrl/u_aes/rkeys_reg_201_/D                          -1108.0265 (VIOLATED)
   u_ctrl/u_aes/rkeys_reg_204_/D                          -1108.0265 (VIOLATED)
   u_ctrl/u_aes/rkeys_reg_206_/D                          -1108.0265 (VIOLATED)
   u_ctrl/u_aes/rkeys_reg_464_/D                          -1108.0265 (VIOLATED)
   u_ctrl/u_aes/rkeys_reg_465_/D                          -1108.0265 (VIOLATED)
   u_ctrl/u_aes/rkeys_reg_466_/D                          -1108.0265 (VIOLATED)
   u_ctrl/u_aes/rkeys_reg_470_/D                          -1108.0265 (VIOLATED)
   u_ctrl/u_aes/rkeys_reg_560_/D                          -1108.0265 (VIOLATED)
   u_ctrl/u_aes/rkeys_reg_562_/D                          -1108.0265 (VIOLATED)
   u_ctrl/u_aes/rkeys_reg_588_/D                          -1108.0265 (VIOLATED)
   u_ctrl/u_aes/rkeys_reg_594_/D                          -1108.0265 (VIOLATED)
   u_ctrl/u_aes/rkeys_reg_657_/D                          -1108.0265 (VIOLATED)
   u_ctrl/u_aes/rkeys_reg_658_/D                          -1108.0265 (VIOLATED)
   u_ctrl/u_aes/rkeys_reg_682_/D                          -1108.0265 (VIOLATED)
   u_ctrl/u_aes/rkeys_reg_683_/D                          -1108.0265 (VIOLATED)
   u_ctrl/u_aes/rkeys_reg_685_/D                          -1108.0265 (VIOLATED)
   u_ctrl/u_aes/rkeys_reg_704_/D                          -1108.0265 (VIOLATED)
   u_ctrl/u_aes/rkeys_reg_705_/D                          -1108.0265 (VIOLATED)
   u_ctrl/u_aes/rkeys_reg_707_/D                          -1108.0265 (VIOLATED)
   u_ctrl/u_aes/rkeys_reg_710_/D                          -1108.0265 (VIOLATED)
   u_ctrl/u_aes/rkeys_reg_715_/D                          -1108.0265 (VIOLATED)
   u_ctrl/u_aes/rkeys_reg_720_/D                          -1108.0265 (VIOLATED)
   u_ctrl/u_aes/rkeys_reg_721_/D                          -1108.0265 (VIOLATED)
   u_ctrl/u_aes/rkeys_reg_722_/D                          -1108.0265 (VIOLATED)
   u_ctrl/u_aes/rkeys_reg_741_/D                          -1108.0265 (VIOLATED)
   u_ctrl/u_aes/rkeys_reg_755_/D                          -1108.0265 (VIOLATED)
   u_ctrl/u_aes/rkeys_reg_764_/D                          -1108.0265 (VIOLATED)
   u_ctrl/u_aes/rkeys_reg_778_/D                          -1108.0265 (VIOLATED)
   u_ctrl/u_aes/rkeys_reg_779_/D                          -1108.0265 (VIOLATED)
   u_ctrl/u_aes/rkeys_reg_783_/D                          -1108.0265 (VIOLATED)
   u_ctrl/u_aes/rkeys_reg_802_/D                          -1108.0265 (VIOLATED)
   u_ctrl/u_aes/rkeys_reg_803_/D                          -1108.0265 (VIOLATED)
   u_ctrl/u_aes/rkeys_reg_842_/D                          -1108.0265 (VIOLATED)
   u_ctrl/u_aes/rkeys_reg_843_/D                          -1108.0265 (VIOLATED)
   u_ctrl/u_aes/rkeys_reg_845_/D                          -1108.0265 (VIOLATED)
   u_ctrl/u_aes/rkeys_reg_856_/D                          -1108.0265 (VIOLATED)
   u_ctrl/u_aes/rkeys_reg_863_/D                          -1108.0265 (VIOLATED)
   u_ctrl/u_aes/rkeys_reg_866_/D                          -1108.0265 (VIOLATED)
   u_ctrl/u_aes/rkeys_reg_867_/D                          -1108.0265 (VIOLATED)
   u_ctrl/u_aes/rkeys_reg_871_/D                          -1108.0265 (VIOLATED)
   u_ctrl/u_aes/rkeys_reg_881_/D                          -1108.0265 (VIOLATED)
   u_ctrl/u_aes/rkeys_reg_888_/D                          -1108.0265 (VIOLATED)
   u_ctrl/u_aes/rkeys_reg_889_/D                          -1108.0265 (VIOLATED)
   u_ctrl/u_aes/rkeys_reg_896_/D                          -1108.0265 (VIOLATED)
   u_ctrl/u_aes/rkeys_reg_902_/D                          -1108.0265 (VIOLATED)
   u_ctrl/u_aes/rkeys_reg_958_/D                          -1108.0265 (VIOLATED)
   u_ctrl/u_aes/rkeys_reg_960_/D                          -1108.0265 (VIOLATED)
   u_ctrl/u_aes/rkeys_reg_961_/D                          -1108.0265 (VIOLATED)
   u_ctrl/u_aes/rkeys_reg_962_/D                          -1108.0265 (VIOLATED)
   u_ctrl/u_aes/rkeys_reg_963_/D                          -1108.0265 (VIOLATED)
   u_ctrl/u_aes/rkeys_reg_964_/D                          -1108.0265 (VIOLATED)
   u_ctrl/u_aes/rkeys_reg_965_/D                          -1108.0265 (VIOLATED)
   u_ctrl/u_aes/rkeys_reg_967_/D                          -1108.0265 (VIOLATED)
   u_ctrl/u_aes/rkeys_reg_975_/D                          -1108.0265 (VIOLATED)
   u_ctrl/u_aes/rkeys_reg_982_/D                          -1108.0265 (VIOLATED)
   u_ctrl/u_aes/rkeys_reg_985_/D                          -1108.0265 (VIOLATED)
   u_ctrl/u_aes/rkeys_reg_988_/D                          -1108.0265 (VIOLATED)
   u_ctrl/u_aes/rkeys_reg_991_/D                          -1108.0265 (VIOLATED)
   u_ctrl/u_aes/rkeys_reg_1054_/D                         -1108.0265 (VIOLATED)
   u_ctrl/u_aes/rkeys_reg_1081_/D                         -1108.0265 (VIOLATED)
   u_ctrl/u_aes/rkeys_reg_1084_/D                         -1108.0265 (VIOLATED)
   u_ctrl/u_aes/rkeys_reg_1164_/D                         -1108.0265 (VIOLATED)
   u_ctrl/u_aes/rkeys_reg_1191_/D                         -1108.0265 (VIOLATED)
   u_ctrl/u_aes/rkeys_reg_1196_/D                         -1108.0265 (VIOLATED)
   u_ctrl/u_aes/rkeys_reg_1197_/D                         -1108.0265 (VIOLATED)
   u_ctrl/u_aes/rkeys_reg_1228_/D                         -1108.0265 (VIOLATED)
   u_ctrl/u_aes/rkeys_reg_1248_/D                         -1108.0265 (VIOLATED)
   u_ctrl/u_aes/rkeys_reg_1260_/D                         -1108.0265 (VIOLATED)
   u_ctrl/u_aes/rkeys_reg_1261_/D                         -1108.0265 (VIOLATED)
   u_ctrl/u_aes/rkeys_reg_1280_/D                         -1108.0265 (VIOLATED)
   u_ctrl/u_aes/rkeys_reg_1281_/D                         -1108.0265 (VIOLATED)
   u_ctrl/u_aes/rkeys_reg_1282_/D                         -1108.0265 (VIOLATED)
   u_ctrl/u_aes/rkeys_reg_1283_/D                         -1108.0265 (VIOLATED)
   u_ctrl/u_aes/rkeys_reg_1289_/D                         -1108.0265 (VIOLATED)
   u_ctrl/u_aes/rkeys_reg_1290_/D                         -1108.0265 (VIOLATED)
   u_ctrl/u_aes/rkeys_reg_1291_/D                         -1108.0265 (VIOLATED)
   u_ctrl/u_aes/rkeys_reg_1296_/D                         -1108.0265 (VIOLATED)
   u_ctrl/u_aes/rkeys_reg_1298_/D                         -1108.0265 (VIOLATED)
   u_ctrl/u_aes/rkeys_reg_1299_/D                         -1108.0265 (VIOLATED)
   u_ctrl/u_aes/rkeys_reg_1306_/D                         -1108.0265 (VIOLATED)
   u_ctrl/u_aes/rkeys_reg_1307_/D                         -1108.0265 (VIOLATED)
   u_ctrl/u_aes/rkeys_reg_1312_/D                         -1108.0265 (VIOLATED)
   u_ctrl/u_aes/rkeys_reg_1313_/D                         -1108.0265 (VIOLATED)
   u_ctrl/u_aes/rkeys_reg_1315_/D                         -1108.0265 (VIOLATED)
   u_ctrl/u_aes/rkeys_reg_1321_/D                         -1108.0265 (VIOLATED)
   u_ctrl/u_aes/rkeys_reg_1323_/D                         -1108.0265 (VIOLATED)
   u_ctrl/u_aes/rkeys_reg_1328_/D                         -1108.0265 (VIOLATED)
   u_ctrl/u_aes/rkeys_reg_1331_/D                         -1108.0265 (VIOLATED)
   u_ctrl/u_aes/rkeys_reg_1339_/D                         -1108.0265 (VIOLATED)
   u_ctrl/u_aes/rkeys_reg_1344_/D                         -1108.0265 (VIOLATED)
   u_ctrl/u_aes/rkeys_reg_1345_/D                         -1108.0265 (VIOLATED)
   u_ctrl/u_aes/rkeys_reg_1346_/D                         -1108.0265 (VIOLATED)
   u_ctrl/u_aes/rkeys_reg_1353_/D                         -1108.0265 (VIOLATED)
   u_ctrl/u_aes/rkeys_reg_1354_/D                         -1108.0265 (VIOLATED)
   u_ctrl/u_aes/state_reg_67_/D                           -1030.3711 (VIOLATED)
   u_ctrl/u_aes/state_reg_91_/D                           -1030.3619 (VIOLATED)
   u_ctrl/u_aes/state_reg_75_/D                           -1030.3450 (VIOLATED)
   u_ctrl/u_aes/state_reg_94_/D                           -1030.3417 (VIOLATED)
   u_ctrl/u_aes/ct_out_reg_67_/D                          -1030.3334 (VIOLATED)
   u_ctrl/u_aes/state_reg_40_/D                           -1030.3151 (VIOLATED)
   u_ctrl/u_aes/state_reg_60_/D                           -1030.3142 (VIOLATED)
   u_ctrl/u_aes/state_reg_56_/D                           -1030.3113 (VIOLATED)
   u_ctrl/u_aes/state_reg_33_/D                           -1030.3103 (VIOLATED)
   u_ctrl/u_aes/state_reg_41_/D                           -1030.3103 (VIOLATED)
   u_ctrl/u_aes/state_reg_42_/D                           -1030.3103 (VIOLATED)
   u_ctrl/u_aes/state_reg_48_/D                           -1030.3103 (VIOLATED)
   u_ctrl/u_aes/state_reg_50_/D                           -1030.3103 (VIOLATED)
   u_ctrl/u_aes/state_reg_57_/D                           -1030.3103 (VIOLATED)
   u_ctrl/u_aes/state_reg_61_/D                           -1030.3103 (VIOLATED)
   u_ctrl/u_aes/state_reg_53_/D                           -1030.2843 (VIOLATED)
   u_ctrl/u_aes/state_reg_87_/D                           -1030.1162 (VIOLATED)
   u_ctrl/u_aes/state_reg_88_/D                           -1030.1162 (VIOLATED)
   u_ctrl/u_aes/state_reg_62_/D                           -1030.1155 (VIOLATED)
   u_ctrl/u_aes/state_reg_66_/D                           -1030.1124 (VIOLATED)
   u_ctrl/u_aes/state_reg_102_/D                          -1030.1124 (VIOLATED)
   u_ctrl/u_aes/state_reg_112_/D                          -1030.1124 (VIOLATED)
   u_ctrl/u_aes/state_reg_73_/D                           -1030.1116 (VIOLATED)
   u_ctrl/u_aes/state_reg_82_/D                           -1030.1116 (VIOLATED)
   u_ctrl/u_aes/state_reg_93_/D                           -1030.1116 (VIOLATED)
   u_ctrl/u_aes/state_reg_95_/D                           -1030.1116 (VIOLATED)
   u_ctrl/u_aes/state_reg_104_/D                          -1030.1116 (VIOLATED)
   u_ctrl/u_aes/state_reg_106_/D                          -1030.1116 (VIOLATED)
   u_ctrl/u_aes/state_reg_107_/D                          -1030.1116 (VIOLATED)
   u_ctrl/u_aes/state_reg_120_/D                          -1030.1116 (VIOLATED)
   u_ctrl/u_aes/state_reg_121_/D                          -1030.1116 (VIOLATED)
   u_ctrl/u_aes/state_reg_97_/D                           -1022.9099 (VIOLATED)
   u_ctrl/u_aes/state_reg_96_/D                           -1022.9084 (VIOLATED)
   u_ctrl/u_aes/state_reg_99_/D                           -1022.9047 (VIOLATED)
   u_ctrl/u_aes/state_reg_98_/D                           -1022.9045 (VIOLATED)
   u_ctrl/u_aes/state_reg_89_/D                           -1022.8740 (VIOLATED)
   u_ctrl/u_aes/state_reg_64_/D                           -1022.8598 (VIOLATED)
   u_ctrl/u_aes/state_reg_65_/D                           -1022.8598 (VIOLATED)
   u_ctrl/u_aes/state_reg_108_/D                          -1022.8598 (VIOLATED)
   u_ctrl/u_aes/state_reg_79_/D                           -1022.8442 (VIOLATED)
   u_ctrl/u_aes/state_reg_11_/D                           -1022.8440 (VIOLATED)
   u_ctrl/u_aes/state_reg_111_/D                          -1022.8438 (VIOLATED)
   u_ctrl/u_aes/state_reg_90_/D                           -1022.8370 (VIOLATED)
   u_ctrl/u_aes/state_reg_92_/D                           -1022.8370 (VIOLATED)
   u_ctrl/u_aes/state_reg_51_/D                           -1022.8207 (VIOLATED)
   u_ctrl/u_aes/state_reg_76_/D                           -1022.8207 (VIOLATED)
   u_ctrl/u_aes/state_reg_83_/D                           -1022.8207 (VIOLATED)
   u_ctrl/u_aes/state_reg_122_/D                          -1022.8171 (VIOLATED)
   u_ctrl/u_aes/state_reg_1_/D                            -1022.8168 (VIOLATED)
   u_ctrl/u_aes/state_reg_3_/D                            -1022.8168 (VIOLATED)
   u_ctrl/u_aes/state_reg_8_/D                            -1022.8168 (VIOLATED)
   u_ctrl/u_aes/state_reg_9_/D                            -1022.8168 (VIOLATED)
   u_ctrl/u_aes/state_reg_10_/D                           -1022.8168 (VIOLATED)
   u_ctrl/u_aes/state_reg_28_/D                           -1022.8168 (VIOLATED)
   u_ctrl/u_aes/state_reg_46_/D                           -1022.8168 (VIOLATED)
   u_ctrl/u_aes/state_reg_72_/D                           -1022.8168 (VIOLATED)
   u_ctrl/u_aes/state_reg_74_/D                           -1022.8168 (VIOLATED)
   u_ctrl/u_aes/state_reg_80_/D                           -1022.8168 (VIOLATED)
   u_ctrl/u_aes/state_reg_81_/D                           -1022.8168 (VIOLATED)
   u_ctrl/u_aes/state_reg_105_/D                          -1022.8168 (VIOLATED)
   u_ctrl/u_aes/state_reg_113_/D                          -1022.8168 (VIOLATED)
   u_ctrl/u_aes/state_reg_114_/D                          -1022.8168 (VIOLATED)
   u_ctrl/u_aes/state_reg_118_/D                          -1022.8168 (VIOLATED)
   u_ctrl/u_aes/state_reg_123_/D                          -1022.8168 (VIOLATED)
   u_ctrl/u_aes/state_reg_126_/D                          -1022.8168 (VIOLATED)
   u_ctrl/u_aes/state_reg_29_/D                           -1022.8164 (VIOLATED)
   u_ctrl/u_aes/state_reg_54_/D                           -1022.8164 (VIOLATED)
   u_ctrl/u_aes/state_reg_110_/D                          -1022.8164 (VIOLATED)
   u_ctrl/u_aes/state_reg_37_/D                           -1022.8163 (VIOLATED)
   u_ctrl/u_aes/state_reg_70_/D                           -1022.8163 (VIOLATED)
   u_ctrl/u_aes/state_reg_86_/D                           -1022.8163 (VIOLATED)
   u_ctrl/u_aes/rkeys_reg_64_/D                           -372.5800 (VIOLATED)
   u_ctrl/u_aes/rkeys_reg_134_/D                          -372.5800 (VIOLATED)
   u_ctrl/u_aes/rkeys_reg_382_/D                          -372.5800 (VIOLATED)
   u_ctrl/u_aes/rkeys_reg_435_/D                          -372.5800 (VIOLATED)
   u_ctrl/u_aes/rkeys_reg_477_/D                          -372.5800 (VIOLATED)
   u_ctrl/u_aes/rkeys_reg_478_/D                          -372.5800 (VIOLATED)
   u_ctrl/u_aes/rkeys_reg_496_/D                          -372.5800 (VIOLATED)
   u_ctrl/u_aes/rkeys_reg_500_/D                          -372.5800 (VIOLATED)
   u_ctrl/u_aes/rkeys_reg_501_/D                          -372.5800 (VIOLATED)
   u_ctrl/u_aes/rkeys_reg_502_/D                          -372.5800 (VIOLATED)
   u_ctrl/u_aes/rkeys_reg_508_/D                          -372.5800 (VIOLATED)
   u_ctrl/u_aes/rkeys_reg_523_/D                          -372.5800 (VIOLATED)
   u_ctrl/u_aes/rkeys_reg_552_/D                          -372.5800 (VIOLATED)
   u_ctrl/u_aes/rkeys_reg_554_/D                          -372.5800 (VIOLATED)
   u_ctrl/u_aes/rkeys_reg_555_/D                          -372.5800 (VIOLATED)
   u_ctrl/u_aes/rkeys_reg_557_/D                          -372.5800 (VIOLATED)
   u_ctrl/u_aes/rkeys_reg_573_/D                          -372.5800 (VIOLATED)
   u_ctrl/u_aes/rkeys_reg_597_/D                          -372.5800 (VIOLATED)
   u_ctrl/u_aes/rkeys_reg_624_/D                          -372.5800 (VIOLATED)
   u_ctrl/u_aes/rkeys_reg_628_/D                          -372.5800 (VIOLATED)
   u_ctrl/u_aes/rkeys_reg_629_/D                          -372.5800 (VIOLATED)
   u_ctrl/u_aes/rkeys_reg_636_/D                          -372.5800 (VIOLATED)
   u_ctrl/u_aes/rkeys_reg_638_/D                          -372.5800 (VIOLATED)
   u_ctrl/u_aes/rkeys_reg_643_/D                          -372.5800 (VIOLATED)
   u_ctrl/u_aes/rkeys_reg_647_/D                          -372.5800 (VIOLATED)
   u_ctrl/u_aes/rkeys_reg_649_/D                          -372.5800 (VIOLATED)
   u_ctrl/u_aes/rkeys_reg_653_/D                          -372.5800 (VIOLATED)
   u_ctrl/u_aes/rkeys_reg_667_/D                          -372.5800 (VIOLATED)
   u_ctrl/u_aes/rkeys_reg_669_/D                          -372.5800 (VIOLATED)
   u_ctrl/u_aes/rkeys_reg_673_/D                          -372.5800 (VIOLATED)
   u_ctrl/u_aes/rkeys_reg_678_/D                          -372.5800 (VIOLATED)
   u_ctrl/u_aes/rkeys_reg_688_/D                          -372.5800 (VIOLATED)
   u_ctrl/u_aes/rkeys_reg_692_/D                          -372.5800 (VIOLATED)
   u_ctrl/u_aes/rkeys_reg_693_/D                          -372.5800 (VIOLATED)
   u_ctrl/u_aes/rkeys_reg_700_/D                          -372.5800 (VIOLATED)
   u_ctrl/u_aes/rkeys_reg_733_/D                          -372.5800 (VIOLATED)
   u_ctrl/u_aes/rkeys_reg_757_/D                          -372.5800 (VIOLATED)
   u_ctrl/u_aes/rkeys_reg_765_/D                          -372.5800 (VIOLATED)
   u_ctrl/u_aes/rkeys_reg_773_/D                          -372.5800 (VIOLATED)
   u_ctrl/u_aes/rkeys_reg_774_/D                          -372.5800 (VIOLATED)
   u_ctrl/u_aes/rkeys_reg_775_/D                          -372.5800 (VIOLATED)
   u_ctrl/u_aes/rkeys_reg_784_/D                          -372.5800 (VIOLATED)
   u_ctrl/u_aes/rkeys_reg_786_/D                          -372.5800 (VIOLATED)
   u_ctrl/u_aes/rkeys_reg_812_/D                          -372.5800 (VIOLATED)
   u_ctrl/u_aes/rkeys_reg_821_/D                          -372.5800 (VIOLATED)
   u_ctrl/u_aes/rkeys_reg_848_/D                          -372.5800 (VIOLATED)
   u_ctrl/u_aes/rkeys_reg_850_/D                          -372.5800 (VIOLATED)
   u_ctrl/u_aes/rkeys_reg_852_/D                          -372.5800 (VIOLATED)
   u_ctrl/u_aes/rkeys_reg_853_/D                          -372.5800 (VIOLATED)
   u_ctrl/u_aes/rkeys_reg_880_/D                          -372.5800 (VIOLATED)
   u_ctrl/u_aes/rkeys_reg_884_/D                          -372.5800 (VIOLATED)
   u_ctrl/u_aes/rkeys_reg_885_/D                          -372.5800 (VIOLATED)
   u_ctrl/u_aes/rkeys_reg_35_/D                           -368.7076 (VIOLATED)
   u_ctrl/u_aes/rkeys_reg_176_/D                          -368.7076 (VIOLATED)
   u_ctrl/u_aes/rkeys_reg_177_/D                          -368.7076 (VIOLATED)
   u_ctrl/u_aes/rkeys_reg_228_/D                          -368.7076 (VIOLATED)
   u_ctrl/u_aes/rkeys_reg_230_/D                          -368.7076 (VIOLATED)
   u_ctrl/u_aes/rkeys_reg_231_/D                          -368.7076 (VIOLATED)
   u_ctrl/u_aes/rkeys_reg_233_/D                          -368.7076 (VIOLATED)
   u_ctrl/u_aes/rkeys_reg_240_/D                          -368.7076 (VIOLATED)
   u_ctrl/u_aes/rkeys_reg_272_/D                          -368.7076 (VIOLATED)
   u_ctrl/u_aes/rkeys_reg_273_/D                          -368.7076 (VIOLATED)
   u_ctrl/u_aes/rkeys_reg_274_/D                          -368.7076 (VIOLATED)
   u_ctrl/u_aes/rkeys_reg_299_/D                          -368.7076 (VIOLATED)
   u_ctrl/u_aes/rkeys_reg_303_/D                          -368.7076 (VIOLATED)
   u_ctrl/u_aes/rkeys_reg_305_/D                          -368.7076 (VIOLATED)
   u_ctrl/u_aes/rkeys_reg_306_/D                          -368.7076 (VIOLATED)
   u_ctrl/u_aes/rkeys_reg_323_/D                          -368.7076 (VIOLATED)
   u_ctrl/u_aes/rkeys_reg_324_/D                          -368.7076 (VIOLATED)
   u_ctrl/u_aes/rkeys_reg_325_/D                          -368.7076 (VIOLATED)
   u_ctrl/u_aes/rkeys_reg_327_/D                          -368.7076 (VIOLATED)
   u_ctrl/u_aes/rkeys_reg_338_/D                          -368.7076 (VIOLATED)
   u_ctrl/u_aes/rkeys_reg_356_/D                          -368.7076 (VIOLATED)
   u_ctrl/u_aes/rkeys_reg_357_/D                          -368.7076 (VIOLATED)
   u_ctrl/u_aes/rkeys_reg_360_/D                          -368.7076 (VIOLATED)
   u_ctrl/u_aes/rkeys_reg_361_/D                          -368.7076 (VIOLATED)
   u_ctrl/u_aes/rkeys_reg_362_/D                          -368.7076 (VIOLATED)
   u_ctrl/u_aes/rkeys_reg_367_/D                          -368.7076 (VIOLATED)
   u_ctrl/u_aes/rkeys_reg_368_/D                          -368.7076 (VIOLATED)
   u_ctrl/u_aes/rkeys_reg_369_/D                          -368.7076 (VIOLATED)
   u_ctrl/u_aes/rkeys_reg_399_/D                          -368.7076 (VIOLATED)
   u_ctrl/u_aes/rkeys_reg_419_/D                          -368.7076 (VIOLATED)
   u_ctrl/u_aes/rkeys_reg_422_/D                          -368.7076 (VIOLATED)
   u_ctrl/u_aes/rkeys_reg_424_/D                          -368.7076 (VIOLATED)
   u_ctrl/u_aes/rkeys_reg_425_/D                          -368.7076 (VIOLATED)
   u_ctrl/u_aes/rkeys_reg_427_/D                          -368.7076 (VIOLATED)
   u_ctrl/u_aes/rkeys_reg_431_/D                          -368.7076 (VIOLATED)
   u_ctrl/u_aes/rkeys_reg_457_/D                          -368.7076 (VIOLATED)
   u_ctrl/u_aes/rkeys_reg_461_/D                          -368.7076 (VIOLATED)
   u_ctrl/u_aes/rkeys_reg_463_/D                          -368.7076 (VIOLATED)
   u_ctrl/u_aes/rkeys_reg_483_/D                          -368.7076 (VIOLATED)
   u_ctrl/u_aes/rkeys_reg_484_/D                          -368.7076 (VIOLATED)
   u_ctrl/u_aes/rkeys_reg_515_/D                          -368.7076 (VIOLATED)
   u_ctrl/u_aes/rkeys_reg_517_/D                          -368.7076 (VIOLATED)
   u_ctrl/u_aes/rkeys_reg_518_/D                          -368.7076 (VIOLATED)
   u_ctrl/u_aes/rkeys_reg_550_/D                          -368.7076 (VIOLATED)
   u_ctrl/u_aes/rkeys_reg_551_/D                          -368.7076 (VIOLATED)
   u_ctrl/u_aes/rkeys_reg_580_/D                          -368.7076 (VIOLATED)
   u_ctrl/u_aes/rkeys_reg_611_/D                          -368.7076 (VIOLATED)
   u_ctrl/u_aes/rkeys_reg_612_/D                          -368.7076 (VIOLATED)
   u_ctrl/u_aes/rkeys_reg_613_/D                          -368.7076 (VIOLATED)
   u_ctrl/u_aes/rkeys_reg_614_/D                          -368.7076 (VIOLATED)
   u_ctrl/u_aes/rkeys_reg_797_/D                          -368.7076 (VIOLATED)
   u_ctrl/u_aes/rkeys_reg_798_/D                          -368.7076 (VIOLATED)
   u_ctrl/u_aes/rkeys_reg_65_/D                           -361.2607 (VIOLATED)
   u_ctrl/u_aes/rkeys_reg_94_/D                           -361.2607 (VIOLATED)
   u_ctrl/u_aes/rkeys_reg_99_/D                           -361.2607 (VIOLATED)
   u_ctrl/u_aes/rkeys_reg_208_/D                          -361.2607 (VIOLATED)
   u_ctrl/u_aes/rkeys_reg_210_/D                          -361.2607 (VIOLATED)
   u_ctrl/u_aes/rkeys_reg_215_/D                          -361.2607 (VIOLATED)
   u_ctrl/u_aes/rkeys_reg_220_/D                          -361.2607 (VIOLATED)
   u_ctrl/u_aes/rkeys_reg_221_/D                          -361.2607 (VIOLATED)
   u_ctrl/u_aes/rkeys_reg_222_/D                          -361.2607 (VIOLATED)
   u_ctrl/u_aes/rkeys_reg_749_/D                          -361.2607 (VIOLATED)
   u_ctrl/u_aes/rkeys_reg_776_/D                          -361.2607 (VIOLATED)
   u_ctrl/u_aes/rkeys_reg_807_/D                          -361.2607 (VIOLATED)
   u_ctrl/u_aes/rkeys_reg_844_/D                          -361.2607 (VIOLATED)
   u_ctrl/u_aes/rkeys_reg_858_/D                          -361.2607 (VIOLATED)
   u_ctrl/u_aes/rkeys_reg_860_/D                          -361.2607 (VIOLATED)
   u_ctrl/u_aes/rkeys_reg_874_/D                          -361.2607 (VIOLATED)
   u_ctrl/u_aes/rkeys_reg_876_/D                          -361.2607 (VIOLATED)
   u_ctrl/u_aes/rkeys_reg_877_/D                          -361.2607 (VIOLATED)
   u_ctrl/u_aes/rkeys_reg_879_/D                          -361.2607 (VIOLATED)
   u_ctrl/u_aes/rkeys_reg_882_/D                          -361.2607 (VIOLATED)
   u_ctrl/u_aes/rkeys_reg_886_/D                          -361.2607 (VIOLATED)
   u_ctrl/u_aes/rkeys_reg_890_/D                          -361.2607 (VIOLATED)
   u_ctrl/u_aes/rkeys_reg_954_/D                          -361.2607 (VIOLATED)
   u_ctrl/u_aes/rkeys_reg_955_/D                          -361.2607 (VIOLATED)
   u_ctrl/u_aes/rkeys_reg_957_/D                          -361.2607 (VIOLATED)
   u_ctrl/u_aes/rkeys_reg_1012_/D                         -361.2607 (VIOLATED)
   u_ctrl/u_aes/rkeys_reg_1013_/D                         -361.2607 (VIOLATED)
   u_ctrl/u_aes/rkeys_reg_1018_/D                         -361.2607 (VIOLATED)
   u_ctrl/u_aes/rkeys_reg_1051_/D                         -361.2607 (VIOLATED)
   u_ctrl/u_aes/rkeys_reg_1053_/D                         -361.2607 (VIOLATED)
   u_ctrl/u_aes/rkeys_reg_1076_/D                         -361.2607 (VIOLATED)
   u_ctrl/u_aes/rkeys_reg_1082_/D                         -361.2607 (VIOLATED)
   u_ctrl/u_aes/rkeys_reg_1114_/D                         -361.2607 (VIOLATED)
   u_ctrl/u_aes/rkeys_reg_1117_/D                         -361.2607 (VIOLATED)
   u_ctrl/u_aes/rkeys_reg_1118_/D                         -361.2607 (VIOLATED)
   u_ctrl/u_aes/rkeys_reg_1140_/D                         -361.2607 (VIOLATED)
   u_ctrl/u_aes/rkeys_reg_1146_/D                         -361.2607 (VIOLATED)
   u_ctrl/u_aes/rkeys_reg_1161_/D                         -361.2607 (VIOLATED)
   u_ctrl/u_aes/rkeys_reg_1173_/D                         -361.2607 (VIOLATED)
   u_ctrl/u_aes/rkeys_reg_1175_/D                         -361.2607 (VIOLATED)
   u_ctrl/u_aes/rkeys_reg_1205_/D                         -361.2607 (VIOLATED)
   u_ctrl/u_aes/rkeys_reg_1225_/D                         -361.2607 (VIOLATED)
   u_ctrl/u_aes/rkeys_reg_1235_/D                         -361.2607 (VIOLATED)
   u_ctrl/u_aes/rkeys_reg_1237_/D                         -361.2607 (VIOLATED)
   u_ctrl/u_aes/rkeys_reg_1269_/D                         -361.2607 (VIOLATED)
   u_ctrl/u_aes/rkeys_reg_1360_/D                         -361.2607 (VIOLATED)
   u_ctrl/u_aes/rkeys_reg_1362_/D                         -361.2607 (VIOLATED)
   u_ctrl/u_aes/rkeys_reg_1370_/D                         -361.2607 (VIOLATED)
   u_ctrl/u_aes/rkeys_reg_1376_/D                         -361.2607 (VIOLATED)
   u_ctrl/u_aes/rkeys_reg_1377_/D                         -361.2607 (VIOLATED)
   u_ctrl/u_aes/rkeys_reg_1385_/D                         -361.2607 (VIOLATED)
   u_ctrl/u_aes/rkeys_reg_1392_/D                         -361.2607 (VIOLATED)
   u_ctrl/u_aes/round_reg_3_/D                            -360.3109 (VIOLATED)
   u_ctrl/u_aes/round_reg_0_/D                            -360.2843 (VIOLATED)
   u_ctrl/u_aes/rkeys_reg_75_/D                           -360.2830 (VIOLATED)
   u_ctrl/u_aes/rkeys_reg_731_/D                          -360.2830 (VIOLATED)
   u_ctrl/u_aes/busy_reg/D                                -360.2829 (VIOLATED)
   u_ctrl/u_aes/rkeys_reg_202_/D                          -360.2806 (VIOLATED)
   u_ctrl/u_aes/rkeys_reg_376_/D                          -360.2806 (VIOLATED)
   u_ctrl/u_aes/rkeys_reg_377_/D                          -360.2806 (VIOLATED)
   u_ctrl/u_aes/rkeys_reg_426_/D                          -360.2806 (VIOLATED)
   u_ctrl/u_aes/rkeys_reg_472_/D                          -360.2806 (VIOLATED)
   u_ctrl/u_aes/rkeys_reg_473_/D                          -360.2806 (VIOLATED)
   u_ctrl/u_aes/rkeys_reg_512_/D                          -360.2806 (VIOLATED)
   u_ctrl/u_aes/rkeys_reg_544_/D                          -360.2806 (VIOLATED)
   u_ctrl/u_aes/rkeys_reg_568_/D                          -360.2806 (VIOLATED)
   u_ctrl/u_aes/rkeys_reg_569_/D                          -360.2806 (VIOLATED)
   u_ctrl/u_aes/rkeys_reg_633_/D                          -360.2806 (VIOLATED)
   u_ctrl/u_aes/rkeys_reg_635_/D                          -360.2806 (VIOLATED)
   u_ctrl/u_aes/rkeys_reg_664_/D                          -360.2806 (VIOLATED)
   u_ctrl/u_aes/rkeys_reg_666_/D                          -360.2806 (VIOLATED)
   u_ctrl/u_aes/rkeys_reg_728_/D                          -360.2806 (VIOLATED)
   u_ctrl/u_aes/rkeys_reg_763_/D                          -360.2806 (VIOLATED)
   u_ctrl/u_aes/rkeys_reg_1064_/D                         -360.2806 (VIOLATED)
   u_ctrl/u_aes/rkeys_reg_1128_/D                         -360.2806 (VIOLATED)
   u_ctrl/u_aes/rkeys_reg_1130_/D                         -360.2806 (VIOLATED)
   u_ctrl/u_aes/rkeys_reg_1162_/D                         -360.2806 (VIOLATED)
   u_ctrl/u_aes/rkeys_reg_1223_/D                         -360.2806 (VIOLATED)
   u_ctrl/u_aes/rkeys_reg_354_/D                          -334.5177 (VIOLATED)
   u_ctrl/u_aes/rkeys_reg_378_/D                          -334.5177 (VIOLATED)
   u_ctrl/u_aes/rkeys_reg_418_/D                          -334.5177 (VIOLATED)
   u_ctrl/u_aes/rkeys_reg_479_/D                          -334.5177 (VIOLATED)
   u_ctrl/u_aes/rkeys_reg_481_/D                          -334.5177 (VIOLATED)
   u_ctrl/u_aes/rkeys_reg_503_/D                          -334.5177 (VIOLATED)
   u_ctrl/u_aes/rkeys_reg_506_/D                          -334.5177 (VIOLATED)
   u_ctrl/u_aes/rkeys_reg_513_/D                          -334.5177 (VIOLATED)
   u_ctrl/u_aes/rkeys_reg_570_/D                          -334.5177 (VIOLATED)
   u_ctrl/u_aes/rkeys_reg_575_/D                          -334.5177 (VIOLATED)
   u_ctrl/u_aes/rkeys_reg_577_/D                          -334.5177 (VIOLATED)
   u_ctrl/u_aes/rkeys_reg_578_/D                          -334.5177 (VIOLATED)
   u_ctrl/u_aes/rkeys_reg_599_/D                          -334.5177 (VIOLATED)
   u_ctrl/u_aes/rkeys_reg_610_/D                          -334.5177 (VIOLATED)
   u_ctrl/u_aes/rkeys_reg_617_/D                          -334.5177 (VIOLATED)
   u_ctrl/u_aes/rkeys_reg_634_/D                          -334.5177 (VIOLATED)
   u_ctrl/u_aes/rkeys_reg_641_/D                          -334.5177 (VIOLATED)
   u_ctrl/u_aes/rkeys_reg_645_/D                          -334.5177 (VIOLATED)
   u_ctrl/u_aes/rkeys_reg_671_/D                          -334.5177 (VIOLATED)
   u_ctrl/u_aes/rkeys_reg_672_/D                          -334.5177 (VIOLATED)
   u_ctrl/u_aes/rkeys_reg_674_/D                          -334.5177 (VIOLATED)
   u_ctrl/u_aes/rkeys_reg_676_/D                          -334.5177 (VIOLATED)
   u_ctrl/u_aes/rkeys_reg_694_/D                          -334.5177 (VIOLATED)
   u_ctrl/u_aes/rkeys_reg_695_/D                          -334.5177 (VIOLATED)
   u_ctrl/u_aes/rkeys_reg_702_/D                          -334.5177 (VIOLATED)
   u_ctrl/u_aes/rkeys_reg_735_/D                          -334.5177 (VIOLATED)
   u_ctrl/u_aes/rkeys_reg_759_/D                          -334.5177 (VIOLATED)
   u_ctrl/u_aes/rkeys_reg_762_/D                          -334.5177 (VIOLATED)
   u_ctrl/u_aes/rkeys_reg_768_/D                          -334.5177 (VIOLATED)
   u_ctrl/u_aes/rkeys_reg_770_/D                          -334.5177 (VIOLATED)
   u_ctrl/u_aes/rkeys_reg_771_/D                          -334.5177 (VIOLATED)
   u_ctrl/u_aes/rkeys_reg_772_/D                          -334.5177 (VIOLATED)
   u_ctrl/u_aes/rkeys_reg_822_/D                          -334.5177 (VIOLATED)
   u_ctrl/u_aes/rkeys_reg_828_/D                          -334.5177 (VIOLATED)
   u_ctrl/u_aes/rkeys_reg_829_/D                          -334.5177 (VIOLATED)
   u_ctrl/u_aes/rkeys_reg_830_/D                          -334.5177 (VIOLATED)
   u_ctrl/u_aes/rkeys_reg_831_/D                          -334.5177 (VIOLATED)
   u_ctrl/u_aes/rkeys_reg_887_/D                          -334.5177 (VIOLATED)
   u_ctrl/u_aes/rkeys_reg_908_/D                          -334.5177 (VIOLATED)
   u_ctrl/u_aes/rkeys_reg_944_/D                          -334.5177 (VIOLATED)
   u_ctrl/u_aes/rkeys_reg_1066_/D                         -334.5177 (VIOLATED)
   u_ctrl/u_aes/rkeys_reg_1070_/D                         -334.5177 (VIOLATED)
   u_ctrl/u_aes/rkeys_reg_1104_/D                         -334.5177 (VIOLATED)
   u_ctrl/u_aes/rkeys_reg_1109_/D                         -334.5177 (VIOLATED)
   u_ctrl/u_aes/rkeys_reg_1131_/D                         -334.5177 (VIOLATED)
   u_ctrl/u_aes/rkeys_reg_1134_/D                         -334.5177 (VIOLATED)
   u_ctrl/u_aes/rkeys_reg_1166_/D                         -334.5177 (VIOLATED)
   u_ctrl/u_aes/rkeys_reg_1195_/D                         -334.5177 (VIOLATED)
   u_ctrl/u_aes/rkeys_reg_1198_/D                         -334.5177 (VIOLATED)
   u_ctrl/u_aes/rkeys_reg_1230_/D                         -334.5177 (VIOLATED)
   u_ctrl/u_aes/rkeys_reg_1258_/D                         -334.5177 (VIOLATED)
   u_ctrl/u_aes/rkeys_reg_1262_/D                         -334.5177 (VIOLATED)
   u_ctrl/u_aes/rkeys_reg_24_/D                           -328.8775 (VIOLATED)
   u_ctrl/u_aes/rkeys_reg_40_/D                           -328.8775 (VIOLATED)
   u_ctrl/u_aes/rkeys_reg_42_/D                           -328.8775 (VIOLATED)
   u_ctrl/u_aes/rkeys_reg_47_/D                           -328.8775 (VIOLATED)
   u_ctrl/u_aes/rkeys_reg_48_/D                           -328.8775 (VIOLATED)
   u_ctrl/u_aes/rkeys_reg_95_/D                           -328.8775 (VIOLATED)
   u_ctrl/u_aes/rkeys_reg_107_/D                          -328.8775 (VIOLATED)
   u_ctrl/u_aes/rkeys_reg_56_/D                           -325.0039 (VIOLATED)
   u_ctrl/u_aes/rkeys_reg_57_/D                           -325.0039 (VIOLATED)
   u_ctrl/u_aes/rkeys_reg_89_/D                           -325.0039 (VIOLATED)
   u_ctrl/u_aes/rkeys_reg_106_/D                          -325.0039 (VIOLATED)
   u_ctrl/u_aes/rkeys_reg_120_/D                          -325.0039 (VIOLATED)
   u_ctrl/u_aes/rkeys_reg_121_/D                          -325.0039 (VIOLATED)
   u_ctrl/u_aes/rkeys_reg_124_/D                          -325.0039 (VIOLATED)
   u_ctrl/u_aes/rkeys_reg_129_/D                          -323.1990 (VIOLATED)
   u_ctrl/u_aes/rkeys_reg_130_/D                          -323.1990 (VIOLATED)
   u_ctrl/u_aes/rkeys_reg_131_/D                          -323.1990 (VIOLATED)
   u_ctrl/u_aes/rkeys_reg_236_/D                          -323.1990 (VIOLATED)
   u_ctrl/u_aes/rkeys_reg_237_/D                          -323.1990 (VIOLATED)
   u_ctrl/u_aes/rkeys_reg_281_/D                          -323.1990 (VIOLATED)
   u_ctrl/u_aes/rkeys_reg_282_/D                          -323.1990 (VIOLATED)
   u_ctrl/u_aes/rkeys_reg_283_/D                          -323.1990 (VIOLATED)
   u_ctrl/u_aes/rkeys_reg_285_/D                          -323.1990 (VIOLATED)
   u_ctrl/u_aes/rkeys_reg_287_/D                          -323.1990 (VIOLATED)
   u_ctrl/u_aes/rkeys_reg_297_/D                          -323.1990 (VIOLATED)
   u_ctrl/u_aes/rkeys_reg_300_/D                          -323.1990 (VIOLATED)
   u_ctrl/u_aes/rkeys_reg_301_/D                          -323.1990 (VIOLATED)
   u_ctrl/u_aes/rkeys_reg_352_/D                          -323.1990 (VIOLATED)
   u_ctrl/u_aes/rkeys_reg_398_/D                          -323.1990 (VIOLATED)
   u_ctrl/u_aes/rkeys_reg_400_/D                          -323.1990 (VIOLATED)
   u_ctrl/u_aes/rkeys_reg_403_/D                          -323.1990 (VIOLATED)
   u_ctrl/u_aes/rkeys_reg_405_/D                          -323.1990 (VIOLATED)
   u_ctrl/u_aes/rkeys_reg_407_/D                          -323.1990 (VIOLATED)
   u_ctrl/u_aes/rkeys_reg_416_/D                          -323.1990 (VIOLATED)
   u_ctrl/u_aes/rkeys_reg_428_/D                          -323.1990 (VIOLATED)
   u_ctrl/u_aes/rkeys_reg_430_/D                          -323.1990 (VIOLATED)
   u_ctrl/u_aes/rkeys_reg_462_/D                          -323.1990 (VIOLATED)
   u_ctrl/u_aes/rkeys_reg_492_/D                          -323.1990 (VIOLATED)
   u_ctrl/u_aes/rkeys_reg_493_/D                          -323.1990 (VIOLATED)
   u_ctrl/u_aes/rkeys_reg_494_/D                          -323.1990 (VIOLATED)
   u_ctrl/u_aes/rkeys_reg_583_/D                          -323.1990 (VIOLATED)
   u_ctrl/u_aes/rkeys_reg_608_/D                          -323.1990 (VIOLATED)
   u_ctrl/u_aes/rkeys_reg_1032_/D                         -323.1990 (VIOLATED)
   u_ctrl/u_aes/rkeys_reg_1033_/D                         -323.1990 (VIOLATED)
   u_ctrl/u_aes/rkeys_reg_1036_/D                         -323.1990 (VIOLATED)
   u_ctrl/u_aes/rkeys_reg_1096_/D                         -323.1990 (VIOLATED)
   u_ctrl/u_aes/rkeys_reg_1098_/D                         -323.1990 (VIOLATED)
   u_ctrl/u_aes/rkeys_reg_1099_/D                         -323.1990 (VIOLATED)
   u_ctrl/u_aes/rkeys_reg_1100_/D                         -323.1990 (VIOLATED)
   u_ctrl/u_aes/rkeys_reg_1129_/D                         -323.1990 (VIOLATED)
   u_ctrl/u_aes/rkeys_reg_1156_/D                         -323.1990 (VIOLATED)
   u_ctrl/u_aes/rkeys_reg_1157_/D                         -323.1990 (VIOLATED)
   u_ctrl/u_aes/rkeys_reg_1158_/D                         -323.1990 (VIOLATED)
   u_ctrl/u_aes/rkeys_reg_1159_/D                         -323.1990 (VIOLATED)
   u_ctrl/u_aes/rkeys_reg_1188_/D                         -323.1990 (VIOLATED)
   u_ctrl/u_aes/rkeys_reg_1189_/D                         -323.1990 (VIOLATED)
   u_ctrl/u_aes/rkeys_reg_1190_/D                         -323.1990 (VIOLATED)
   u_ctrl/u_aes/rkeys_reg_1219_/D                         -323.1990 (VIOLATED)
   u_ctrl/u_aes/rkeys_reg_1220_/D                         -323.1990 (VIOLATED)
   u_ctrl/u_aes/rkeys_reg_1221_/D                         -323.1990 (VIOLATED)
   u_ctrl/u_aes/rkeys_reg_1222_/D                         -323.1990 (VIOLATED)
   u_ctrl/u_aes/rkeys_reg_1251_/D                         -323.1990 (VIOLATED)
   u_ctrl/u_aes/rkeys_reg_1252_/D                         -323.1990 (VIOLATED)
   u_ctrl/u_aes/rkeys_reg_1253_/D                         -323.1990 (VIOLATED)
   u_ctrl/u_aes/rkeys_reg_1254_/D                         -323.1990 (VIOLATED)
   u_ctrl/u_aes/rkeys_reg_1255_/D                         -323.1990 (VIOLATED)
   u_ctrl/u_aes/rkeys_reg_224_/D                          -322.0873 (VIOLATED)
   u_ctrl/u_aes/rkeys_reg_521_/D                          -322.0873 (VIOLATED)
   u_ctrl/u_aes/rkeys_reg_524_/D                          -322.0873 (VIOLATED)
   u_ctrl/u_aes/rkeys_reg_566_/D                          -322.0873 (VIOLATED)
   u_ctrl/u_aes/rkeys_reg_619_/D                          -322.0873 (VIOLATED)
   u_ctrl/u_aes/rkeys_reg_792_/D                          -322.0873 (VIOLATED)
   u_ctrl/u_aes/rkeys_reg_795_/D                          -322.0873 (VIOLATED)
   u_ctrl/u_aes/rkeys_reg_799_/D                          -322.0873 (VIOLATED)
   u_ctrl/u_aes/rkeys_reg_873_/D                          -322.0873 (VIOLATED)
   u_ctrl/u_aes/rkeys_reg_1037_/D                         -322.0873 (VIOLATED)
   u_ctrl/u_aes/rkeys_reg_1101_/D                         -322.0873 (VIOLATED)
   u_ctrl/u_aes/rkeys_reg_97_/D                           -321.4225 (VIOLATED)
   u_ctrl/u_aes/rkeys_reg_320_/D                          -321.4225 (VIOLATED)
   u_ctrl/u_aes/rkeys_reg_520_/D                          -321.4225 (VIOLATED)
   u_ctrl/u_aes/rkeys_reg_522_/D                          -321.4225 (VIOLATED)
   u_ctrl/u_aes/rkeys_reg_794_/D                          -321.4225 (VIOLATED)
   u_ctrl/u_aes/rkeys_reg_796_/D                          -321.4225 (VIOLATED)
   u_ctrl/u_aes/rkeys_reg_809_/D                          -321.4225 (VIOLATED)
   u_ctrl/u_aes/rkeys_reg_905_/D                          -321.4225 (VIOLATED)
   u_ctrl/u_aes/rkeys_reg_918_/D                          -321.4225 (VIOLATED)
   u_ctrl/u_aes/rkeys_reg_939_/D                          -321.4225 (VIOLATED)
   u_ctrl/u_aes/round_reg_2_/D                            -317.6641 (VIOLATED)
   u_ctrl/u_aes/round_reg_1_/D                            -317.6572 (VIOLATED)
   u_ctrl/u_aes/rkeys_reg_0_/D                            -317.5570 (VIOLATED)
   u_ctrl/u_aes/rkeys_reg_2_/D                            -317.5570 (VIOLATED)
   u_ctrl/u_aes/rkeys_reg_6_/D                            -317.5570 (VIOLATED)
   u_ctrl/u_aes/rkeys_reg_7_/D                            -317.5570 (VIOLATED)
   u_ctrl/u_aes/rkeys_reg_12_/D                           -317.5570 (VIOLATED)
   u_ctrl/u_aes/rkeys_reg_13_/D                           -317.5570 (VIOLATED)
   u_ctrl/u_aes/rkeys_reg_16_/D                           -317.5570 (VIOLATED)
   u_ctrl/u_aes/rkeys_reg_17_/D                           -317.5570 (VIOLATED)
   u_ctrl/u_aes/rkeys_reg_21_/D                           -317.5570 (VIOLATED)
   u_ctrl/u_aes/rkeys_reg_26_/D                           -317.5570 (VIOLATED)
   u_ctrl/u_aes/rkeys_reg_27_/D                           -317.5570 (VIOLATED)
   u_ctrl/u_aes/rkeys_reg_30_/D                           -317.5570 (VIOLATED)
   u_ctrl/u_aes/rkeys_reg_32_/D                           -317.5570 (VIOLATED)
   u_ctrl/u_aes/rkeys_reg_33_/D                           -317.5570 (VIOLATED)
   u_ctrl/u_aes/rkeys_reg_39_/D                           -317.5570 (VIOLATED)
   u_ctrl/u_aes/rkeys_reg_41_/D                           -317.5570 (VIOLATED)
   u_ctrl/u_aes/rkeys_reg_45_/D                           -317.5570 (VIOLATED)
   u_ctrl/u_aes/rkeys_reg_50_/D                           -317.5570 (VIOLATED)
   u_ctrl/u_aes/rkeys_reg_62_/D                           -317.5570 (VIOLATED)
   u_ctrl/u_aes/rkeys_reg_63_/D                           -317.5570 (VIOLATED)
   u_ctrl/u_aes/rkeys_reg_66_/D                           -317.5570 (VIOLATED)
   u_ctrl/u_aes/rkeys_reg_68_/D                           -317.5570 (VIOLATED)
   u_ctrl/u_aes/rkeys_reg_73_/D                           -317.5570 (VIOLATED)
   u_ctrl/u_aes/rkeys_reg_78_/D                           -317.5570 (VIOLATED)
   u_ctrl/u_aes/rkeys_reg_82_/D                           -317.5570 (VIOLATED)
   u_ctrl/u_aes/rkeys_reg_84_/D                           -317.5570 (VIOLATED)
   u_ctrl/u_aes/rkeys_reg_88_/D                           -317.5570 (VIOLATED)
   u_ctrl/u_aes/rkeys_reg_93_/D                           -317.5570 (VIOLATED)
   u_ctrl/u_aes/rkeys_reg_96_/D                           -317.5570 (VIOLATED)
   u_ctrl/u_aes/rkeys_reg_98_/D                           -317.5570 (VIOLATED)
   u_ctrl/u_aes/rkeys_reg_100_/D                          -317.5570 (VIOLATED)
   u_ctrl/u_aes/rkeys_reg_101_/D                          -317.5570 (VIOLATED)
   u_ctrl/u_aes/rkeys_reg_102_/D                          -317.5570 (VIOLATED)
   u_ctrl/u_aes/rkeys_reg_104_/D                          -317.5570 (VIOLATED)
   u_ctrl/u_aes/rkeys_reg_112_/D                          -317.5570 (VIOLATED)
   u_ctrl/u_aes/rkeys_reg_616_/D                          -152.5542 (VIOLATED)
   u_ctrl/u_aes/rkeys_reg_618_/D                          -152.5542 (VIOLATED)
   u_ctrl/u_aes/rkeys_reg_661_/D                          -152.5542 (VIOLATED)
   u_ctrl/u_aes/rkeys_reg_662_/D                          -152.5542 (VIOLATED)
   u_ctrl/u_aes/rkeys_reg_709_/D                          -152.5542 (VIOLATED)
   u_ctrl/u_aes/rkeys_reg_712_/D                          -152.5542 (VIOLATED)
   u_ctrl/u_aes/rkeys_reg_714_/D                          -152.5542 (VIOLATED)
   u_ctrl/u_aes/rkeys_reg_716_/D                          -152.5542 (VIOLATED)
   u_ctrl/u_aes/rkeys_reg_744_/D                          -152.5542 (VIOLATED)
   u_ctrl/u_aes/rkeys_reg_804_/D                          -152.5542 (VIOLATED)
   u_ctrl/u_aes/rkeys_reg_805_/D                          -152.5542 (VIOLATED)
   u_ctrl/u_aes/rkeys_reg_813_/D                          -152.5542 (VIOLATED)
   u_ctrl/u_aes/rkeys_reg_832_/D                          -152.5542 (VIOLATED)
   u_ctrl/u_aes/rkeys_reg_872_/D                          -152.5542 (VIOLATED)
   u_ctrl/u_aes/rkeys_reg_878_/D                          -152.5542 (VIOLATED)
   u_ctrl/u_aes/rkeys_reg_904_/D                          -152.5542 (VIOLATED)
   u_ctrl/u_aes/rkeys_reg_906_/D                          -152.5542 (VIOLATED)
   u_ctrl/u_aes/rkeys_reg_909_/D                          -152.5542 (VIOLATED)
   u_ctrl/u_aes/rkeys_reg_912_/D                          -152.5542 (VIOLATED)
   u_ctrl/u_aes/rkeys_reg_915_/D                          -152.5542 (VIOLATED)
   u_ctrl/u_aes/rkeys_reg_917_/D                          -152.5542 (VIOLATED)
   u_ctrl/u_aes/rkeys_reg_928_/D                          -152.5542 (VIOLATED)
   u_ctrl/u_aes/rkeys_reg_938_/D                          -152.5542 (VIOLATED)
   u_ctrl/u_aes/rkeys_reg_968_/D                          -152.5542 (VIOLATED)
   u_ctrl/u_aes/rkeys_reg_974_/D                          -152.5542 (VIOLATED)
   u_ctrl/u_aes/rkeys_reg_1002_/D                         -152.5542 (VIOLATED)
   u_ctrl/u_aes/rkeys_reg_1004_/D                         -152.5542 (VIOLATED)
   u_ctrl/u_aes/rkeys_reg_1005_/D                         -152.5542 (VIOLATED)
   u_ctrl/u_aes/rkeys_reg_1006_/D                         -152.5542 (VIOLATED)
   u_ctrl/u_aes/rkeys_reg_1029_/D                         -152.5542 (VIOLATED)
   u_ctrl/u_aes/rkeys_reg_1039_/D                         -152.5542 (VIOLATED)
   u_ctrl/u_aes/rkeys_reg_1088_/D                         -152.5542 (VIOLATED)
   u_ctrl/u_aes/rkeys_reg_1103_/D                         -152.5542 (VIOLATED)
   u_ctrl/u_aes/rkeys_reg_1120_/D                         -152.5542 (VIOLATED)
   u_ctrl/u_aes/rkeys_reg_1165_/D                         -152.5542 (VIOLATED)
   u_ctrl/u_aes/rkeys_reg_146_/D                          -104.3220 (VIOLATED)
   u_ctrl/u_aes/rkeys_reg_147_/D                          -104.3220 (VIOLATED)
   u_ctrl/u_aes/rkeys_reg_149_/D                          -104.3220 (VIOLATED)
   u_ctrl/u_aes/rkeys_reg_168_/D                          -104.3220 (VIOLATED)
   u_ctrl/u_aes/rkeys_reg_170_/D                          -104.3220 (VIOLATED)
   u_ctrl/u_aes/rkeys_reg_171_/D                          -104.3220 (VIOLATED)
   u_ctrl/u_aes/rkeys_reg_173_/D                          -104.3220 (VIOLATED)
   u_ctrl/u_aes/rkeys_reg_174_/D                          -104.3220 (VIOLATED)
   u_ctrl/u_aes/rkeys_reg_175_/D                          -104.3220 (VIOLATED)
   u_ctrl/u_aes/rkeys_reg_265_/D                          -104.3220 (VIOLATED)
   u_ctrl/u_aes/rkeys_reg_267_/D                          -104.3220 (VIOLATED)
   u_ctrl/u_aes/rkeys_reg_268_/D                          -104.3220 (VIOLATED)
   u_ctrl/u_aes/rkeys_reg_269_/D                          -104.3220 (VIOLATED)
   u_ctrl/u_aes/rkeys_reg_270_/D                          -104.3220 (VIOLATED)
   u_ctrl/u_aes/rkeys_reg_290_/D                          -104.3220 (VIOLATED)
   u_ctrl/u_aes/rkeys_reg_292_/D                          -104.3220 (VIOLATED)
   u_ctrl/u_aes/rkeys_reg_293_/D                          -104.3220 (VIOLATED)
   u_ctrl/u_aes/rkeys_reg_294_/D                          -104.3220 (VIOLATED)
   u_ctrl/u_aes/rkeys_reg_295_/D                          -104.3220 (VIOLATED)
   u_ctrl/u_aes/rkeys_reg_328_/D                          -104.3220 (VIOLATED)
   u_ctrl/u_aes/rkeys_reg_330_/D                          -104.3220 (VIOLATED)
   u_ctrl/u_aes/rkeys_reg_333_/D                          -104.3220 (VIOLATED)
   u_ctrl/u_aes/rkeys_reg_334_/D                          -104.3220 (VIOLATED)
   u_ctrl/u_aes/rkeys_reg_385_/D                          -104.3220 (VIOLATED)
   u_ctrl/u_aes/rkeys_reg_386_/D                          -104.3220 (VIOLATED)
   u_ctrl/u_aes/rkeys_reg_389_/D                          -104.3220 (VIOLATED)
   u_ctrl/u_aes/rkeys_reg_442_/D                          -104.3220 (VIOLATED)
   u_ctrl/u_aes/rkeys_reg_446_/D                          -104.3220 (VIOLATED)
   u_ctrl/u_aes/rkeys_reg_450_/D                          -104.3220 (VIOLATED)
   u_ctrl/u_aes/rkeys_reg_451_/D                          -104.3220 (VIOLATED)
   u_ctrl/u_aes/rkeys_reg_455_/D                          -104.3220 (VIOLATED)
   u_ctrl/u_aes/rkeys_reg_539_/D                          -104.3220 (VIOLATED)
   u_ctrl/u_aes/rkeys_reg_564_/D                          -104.3220 (VIOLATED)
   u_ctrl/u_aes/rkeys_reg_602_/D                          -104.3220 (VIOLATED)
   u_ctrl/u_aes/rkeys_reg_604_/D                          -104.3220 (VIOLATED)
   u_ctrl/u_aes/rkeys_reg_606_/D                          -104.3220 (VIOLATED)
   u_ctrl/u_aes/rkeys_reg_660_/D                          -104.3220 (VIOLATED)
   u_ctrl/u_aes/rkeys_reg_687_/D                          -104.3220 (VIOLATED)
   u_ctrl/u_aes/rkeys_reg_739_/D                          -104.3220 (VIOLATED)
   u_ctrl/u_aes/rkeys_reg_742_/D                          -104.3220 (VIOLATED)
   u_ctrl/u_aes/rkeys_reg_751_/D                          -104.3220 (VIOLATED)
   u_ctrl/u_aes/rkeys_reg_930_/D                          -104.3220 (VIOLATED)
   u_ctrl/u_aes/rkeys_reg_931_/D                          -104.3220 (VIOLATED)
   u_ctrl/u_aes/rkeys_reg_994_/D                          -104.3220 (VIOLATED)
   u_ctrl/u_aes/rkeys_reg_995_/D                          -104.3220 (VIOLATED)
   u_ctrl/u_aes/rkeys_reg_998_/D                          -104.3220 (VIOLATED)
   u_ctrl/u_aes/rkeys_reg_1025_/D                         -104.3220 (VIOLATED)
   u_ctrl/u_aes/rkeys_reg_1026_/D                         -104.3220 (VIOLATED)
   u_ctrl/u_aes/rkeys_reg_1030_/D                         -104.3220 (VIOLATED)
   u_ctrl/u_aes/rkeys_reg_1094_/D                         -104.3220 (VIOLATED)
   u_ctrl/u_aes/rkeys_reg_1123_/D                         -104.3220 (VIOLATED)
   u_ctrl/u_aes/rkeys_reg_49_/D                           -104.3220 (VIOLATED)
   u_ctrl/u_aes/rkeys_reg_260_/D                          -66.2752  (VIOLATED)
   u_ctrl/u_aes/rkeys_reg_317_/D                          -66.2752  (VIOLATED)
   u_ctrl/u_aes/rkeys_reg_318_/D                          -66.2752  (VIOLATED)
   u_ctrl/u_aes/rkeys_reg_410_/D                          -66.2752  (VIOLATED)
   u_ctrl/u_aes/rkeys_reg_411_/D                          -66.2752  (VIOLATED)
   u_ctrl/u_aes/rkeys_reg_414_/D                          -66.2752  (VIOLATED)
   u_ctrl/u_aes/rkeys_reg_433_/D                          -66.2752  (VIOLATED)
   u_ctrl/u_aes/rkeys_reg_528_/D                          -66.2752  (VIOLATED)
   u_ctrl/u_aes/rkeys_reg_529_/D                          -66.2752  (VIOLATED)
   u_ctrl/u_aes/rkeys_reg_533_/D                          -66.2752  (VIOLATED)
   u_ctrl/u_aes/rkeys_reg_535_/D                          -66.2752  (VIOLATED)
   u_ctrl/u_aes/rkeys_reg_556_/D                          -66.2752  (VIOLATED)
   u_ctrl/u_aes/rkeys_reg_681_/D                          -66.2752  (VIOLATED)
   u_ctrl/u_aes/rkeys_reg_719_/D                          -66.2752  (VIOLATED)
   u_ctrl/u_aes/rkeys_reg_818_/D                          -66.2752  (VIOLATED)
   u_ctrl/u_aes/rkeys_reg_833_/D                          -66.2752  (VIOLATED)
   u_ctrl/u_aes/rkeys_reg_929_/D                          -66.2752  (VIOLATED)
   u_ctrl/u_aes/rkeys_reg_993_/D                          -66.2752  (VIOLATED)
   u_ctrl/u_aes/rkeys_reg_1017_/D                         -66.2752  (VIOLATED)
   u_ctrl/u_aes/rkeys_reg_1085_/D                         -66.2752  (VIOLATED)
   u_ctrl/u_aes/rkeys_reg_1121_/D                         -66.2752  (VIOLATED)
   u_ctrl/u_aes/rkeys_reg_1145_/D                         -66.2752  (VIOLATED)
   u_ctrl/u_aes/rkeys_reg_1153_/D                         -66.2752  (VIOLATED)
   u_ctrl/u_aes/rkeys_reg_1154_/D                         -66.2752  (VIOLATED)
   u_ctrl/u_aes/rkeys_reg_1155_/D                         -66.2752  (VIOLATED)
   u_ctrl/u_aes/rkeys_reg_1177_/D                         -66.2752  (VIOLATED)
   u_ctrl/u_aes/rkeys_reg_1178_/D                         -66.2752  (VIOLATED)
   u_ctrl/u_aes/rkeys_reg_1183_/D                         -66.2752  (VIOLATED)
   u_ctrl/u_aes/rkeys_reg_1184_/D                         -66.2752  (VIOLATED)
   u_ctrl/u_aes/rkeys_reg_1209_/D                         -66.2752  (VIOLATED)
   u_ctrl/u_aes/rkeys_reg_1215_/D                         -66.2752  (VIOLATED)
   u_ctrl/u_aes/rkeys_reg_1217_/D                         -66.2752  (VIOLATED)
   u_ctrl/u_aes/rkeys_reg_1229_/D                         -66.2752  (VIOLATED)
   u_ctrl/u_aes/rkeys_reg_1241_/D                         -66.2752  (VIOLATED)
   u_ctrl/u_aes/rkeys_reg_1247_/D                         -66.2752  (VIOLATED)
   u_ctrl/u_aes/rkeys_reg_1250_/D                         -66.2752  (VIOLATED)
   u_ctrl/u_aes/rkeys_reg_1273_/D                         -66.2752  (VIOLATED)
   u_ctrl/u_aes/rkeys_reg_1274_/D                         -66.2752  (VIOLATED)
   u_ctrl/u_aes/rkeys_reg_1279_/D                         -66.2752  (VIOLATED)
   u_ctrl/u_aes/rkeys_reg_136_/D                          -66.2600  (VIOLATED)
   u_ctrl/u_aes/rkeys_reg_137_/D                          -66.2600  (VIOLATED)
   u_ctrl/u_aes/rkeys_reg_138_/D                          -66.2600  (VIOLATED)
   u_ctrl/u_aes/rkeys_reg_140_/D                          -66.2600  (VIOLATED)
   u_ctrl/u_aes/rkeys_reg_143_/D                          -66.2600  (VIOLATED)
   u_ctrl/u_aes/rkeys_reg_153_/D                          -66.2600  (VIOLATED)
   u_ctrl/u_aes/rkeys_reg_154_/D                          -66.2600  (VIOLATED)
   u_ctrl/u_aes/rkeys_reg_155_/D                          -66.2600  (VIOLATED)
   u_ctrl/u_aes/rkeys_reg_156_/D                          -66.2600  (VIOLATED)
   u_ctrl/u_aes/rkeys_reg_157_/D                          -66.2600  (VIOLATED)
   u_ctrl/u_aes/rkeys_reg_159_/D                          -66.2600  (VIOLATED)
   u_ctrl/u_aes/rkeys_reg_162_/D                          -66.2600  (VIOLATED)
   u_ctrl/u_aes/rkeys_reg_163_/D                          -66.2600  (VIOLATED)
   u_ctrl/u_aes/rkeys_reg_164_/D                          -66.2600  (VIOLATED)
   u_ctrl/u_aes/rkeys_reg_167_/D                          -66.2600  (VIOLATED)
   u_ctrl/u_aes/rkeys_reg_180_/D                          -66.2600  (VIOLATED)
   u_ctrl/u_aes/rkeys_reg_183_/D                          -66.2600  (VIOLATED)
   u_ctrl/u_aes/rkeys_reg_188_/D                          -66.2600  (VIOLATED)
   u_ctrl/u_aes/rkeys_reg_223_/D                          -66.2600  (VIOLATED)
   u_ctrl/u_aes/rkeys_reg_243_/D                          -66.2600  (VIOLATED)
   u_ctrl/u_aes/rkeys_reg_244_/D                          -66.2600  (VIOLATED)
   u_ctrl/u_aes/rkeys_reg_247_/D                          -66.2600  (VIOLATED)
   u_ctrl/u_aes/rkeys_reg_250_/D                          -66.2600  (VIOLATED)
   u_ctrl/u_aes/rkeys_reg_252_/D                          -66.2600  (VIOLATED)
   u_ctrl/u_aes/rkeys_reg_254_/D                          -66.2600  (VIOLATED)
   u_ctrl/u_aes/rkeys_reg_257_/D                          -66.2600  (VIOLATED)
   u_ctrl/u_aes/rkeys_reg_262_/D                          -66.2600  (VIOLATED)
   u_ctrl/u_aes/rkeys_reg_263_/D                          -66.2600  (VIOLATED)
   u_ctrl/u_aes/rkeys_reg_275_/D                          -66.2600  (VIOLATED)
   u_ctrl/u_aes/rkeys_reg_276_/D                          -66.2600  (VIOLATED)
   u_ctrl/u_aes/rkeys_reg_277_/D                          -66.2600  (VIOLATED)
   u_ctrl/u_aes/rkeys_reg_279_/D                          -66.2600  (VIOLATED)
   u_ctrl/u_aes/rkeys_reg_308_/D                          -66.2600  (VIOLATED)
   u_ctrl/u_aes/rkeys_reg_319_/D                          -66.2600  (VIOLATED)
   u_ctrl/u_aes/rkeys_reg_339_/D                          -66.2600  (VIOLATED)
   u_ctrl/u_aes/rkeys_reg_340_/D                          -66.2600  (VIOLATED)
   u_ctrl/u_aes/rkeys_reg_346_/D                          -66.2600  (VIOLATED)
   u_ctrl/u_aes/rkeys_reg_349_/D                          -66.2600  (VIOLATED)
   u_ctrl/u_aes/rkeys_reg_351_/D                          -66.2600  (VIOLATED)
   u_ctrl/u_aes/rkeys_reg_374_/D                          -66.2600  (VIOLATED)
   u_ctrl/u_aes/rkeys_reg_409_/D                          -66.2600  (VIOLATED)
   u_ctrl/u_aes/rkeys_reg_467_/D                          -66.2600  (VIOLATED)
   u_ctrl/u_aes/rkeys_reg_468_/D                          -66.2600  (VIOLATED)
   u_ctrl/u_aes/rkeys_reg_537_/D                          -66.2600  (VIOLATED)
   u_ctrl/u_aes/rkeys_reg_585_/D                          -66.2600  (VIOLATED)
   u_ctrl/u_aes/rkeys_reg_591_/D                          -66.2600  (VIOLATED)
   u_ctrl/u_aes/rkeys_reg_600_/D                          -66.2600  (VIOLATED)
   u_ctrl/u_aes/rkeys_reg_601_/D                          -66.2600  (VIOLATED)
   u_ctrl/u_aes/rkeys_reg_605_/D                          -66.2600  (VIOLATED)
   u_ctrl/u_aes/rkeys_reg_607_/D                          -66.2600  (VIOLATED)
   u_ctrl/u_aes/rkeys_reg_663_/D                          -66.2600  (VIOLATED)
   u_ctrl/u_aes/rkeys_reg_680_/D                          -66.2600  (VIOLATED)
   u_ctrl/u_aes/rkeys_reg_711_/D                          -66.2600  (VIOLATED)
   u_ctrl/u_aes/rkeys_reg_723_/D                          -66.2600  (VIOLATED)
   u_ctrl/u_aes/rkeys_reg_724_/D                          -66.2600  (VIOLATED)
   u_ctrl/u_aes/rkeys_reg_727_/D                          -66.2600  (VIOLATED)
   u_ctrl/u_aes/rkeys_reg_743_/D                          -66.2600  (VIOLATED)
   u_ctrl/u_aes/rkeys_reg_745_/D                          -66.2600  (VIOLATED)
   u_ctrl/u_aes/rkeys_reg_824_/D                          -66.2600  (VIOLATED)
   u_ctrl/u_aes/rkeys_reg_827_/D                          -66.2600  (VIOLATED)
   u_ctrl/u_aes/rkeys_reg_841_/D                          -66.2600  (VIOLATED)
   u_ctrl/u_aes/rkeys_reg_868_/D                          -66.2600  (VIOLATED)
   u_ctrl/u_aes/rkeys_reg_869_/D                          -66.2600  (VIOLATED)
   u_ctrl/u_aes/rkeys_reg_894_/D                          -66.2600  (VIOLATED)
   u_ctrl/u_aes/rkeys_reg_911_/D                          -66.2600  (VIOLATED)
   u_ctrl/u_aes/rkeys_reg_922_/D                          -66.2600  (VIOLATED)
   u_ctrl/u_aes/rkeys_reg_932_/D                          -66.2600  (VIOLATED)
   u_ctrl/u_aes/rkeys_reg_933_/D                          -66.2600  (VIOLATED)
   u_ctrl/u_aes/rkeys_reg_935_/D                          -66.2600  (VIOLATED)
   u_ctrl/u_aes/rkeys_reg_947_/D                          -66.2600  (VIOLATED)
   u_ctrl/u_aes/rkeys_reg_948_/D                          -66.2600  (VIOLATED)
   u_ctrl/u_aes/rkeys_reg_950_/D                          -66.2600  (VIOLATED)
   u_ctrl/u_aes/rkeys_reg_977_/D                          -66.2600  (VIOLATED)
   u_ctrl/u_aes/rkeys_reg_983_/D                          -66.2600  (VIOLATED)
   u_ctrl/u_aes/rkeys_reg_990_/D                          -66.2600  (VIOLATED)
   u_ctrl/u_aes/rkeys_reg_1008_/D                         -66.2600  (VIOLATED)
   u_ctrl/u_aes/rkeys_reg_1009_/D                         -66.2600  (VIOLATED)
   u_ctrl/u_aes/rkeys_reg_1010_/D                         -66.2600  (VIOLATED)
   u_ctrl/u_aes/rkeys_reg_1011_/D                         -66.2600  (VIOLATED)
   u_ctrl/u_aes/rkeys_reg_1014_/D                         -66.2600  (VIOLATED)
   u_ctrl/u_aes/rkeys_reg_1015_/D                         -66.2600  (VIOLATED)
   u_ctrl/u_aes/rkeys_reg_1020_/D                         -66.2600  (VIOLATED)
   u_ctrl/u_aes/rkeys_reg_1021_/D                         -66.2600  (VIOLATED)
   u_ctrl/u_aes/rkeys_reg_1023_/D                         -66.2600  (VIOLATED)
   u_ctrl/u_aes/rkeys_reg_1027_/D                         -66.2600  (VIOLATED)
   u_ctrl/u_aes/rkeys_reg_1028_/D                         -66.2600  (VIOLATED)
   u_ctrl/u_aes/rkeys_reg_1031_/D                         -66.2600  (VIOLATED)
   u_ctrl/u_aes/rkeys_reg_1044_/D                         -66.2600  (VIOLATED)
   u_ctrl/u_aes/rkeys_reg_1045_/D                         -66.2600  (VIOLATED)
   u_ctrl/u_aes/rkeys_reg_1071_/D                         -66.2600  (VIOLATED)
   u_ctrl/u_aes/rkeys_reg_1072_/D                         -66.2600  (VIOLATED)
   u_ctrl/u_aes/rkeys_reg_1073_/D                         -66.2600  (VIOLATED)
   u_ctrl/u_aes/rkeys_reg_1075_/D                         -66.2600  (VIOLATED)
   u_ctrl/u_aes/rkeys_reg_1079_/D                         -66.2600  (VIOLATED)
   u_ctrl/u_aes/rkeys_reg_1083_/D                         -66.2600  (VIOLATED)
   u_ctrl/u_aes/rkeys_reg_1087_/D                         -66.2600  (VIOLATED)
   u_ctrl/u_aes/rkeys_reg_1092_/D                         -66.2600  (VIOLATED)
   u_ctrl/u_aes/rkeys_reg_1093_/D                         -66.2600  (VIOLATED)
   u_ctrl/u_aes/rkeys_reg_1095_/D                         -66.2600  (VIOLATED)
   u_ctrl/u_aes/rkeys_reg_1106_/D                         -66.2600  (VIOLATED)
   u_ctrl/u_aes/rkeys_reg_1107_/D                         -66.2600  (VIOLATED)
   u_ctrl/u_aes/rkeys_reg_1108_/D                         -66.2600  (VIOLATED)
   u_ctrl/u_aes/rkeys_reg_1135_/D                         -66.2600  (VIOLATED)
   u_ctrl/u_aes/rkeys_reg_1137_/D                         -66.2600  (VIOLATED)
   u_ctrl/u_aes/rkeys_reg_1143_/D                         -66.2600  (VIOLATED)
   u_ctrl/u_aes/rkeys_reg_1148_/D                         -66.2600  (VIOLATED)
   u_ctrl/u_aes/rkeys_reg_1149_/D                         -66.2600  (VIOLATED)
   u_ctrl/u_aes/rkeys_reg_1151_/D                         -66.2600  (VIOLATED)
   u_ctrl/u_aes/rkeys_reg_1168_/D                         -66.2600  (VIOLATED)
   u_ctrl/u_aes/rkeys_reg_1169_/D                         -66.2600  (VIOLATED)
   u_ctrl/u_aes/rkeys_reg_1171_/D                         -66.2600  (VIOLATED)
   u_ctrl/u_aes/rkeys_reg_1180_/D                         -66.2600  (VIOLATED)
   u_ctrl/u_aes/rkeys_reg_1182_/D                         -66.2600  (VIOLATED)
   u_ctrl/u_aes/rkeys_reg_1201_/D                         -66.2600  (VIOLATED)
   u_ctrl/u_aes/rkeys_reg_1202_/D                         -66.2600  (VIOLATED)
   u_ctrl/u_aes/rkeys_reg_1207_/D                         -66.2600  (VIOLATED)
   u_ctrl/u_aes/rkeys_reg_1211_/D                         -66.2600  (VIOLATED)
   u_ctrl/u_aes/rkeys_reg_1212_/D                         -66.2600  (VIOLATED)
   u_ctrl/u_aes/rkeys_reg_1214_/D                         -66.2600  (VIOLATED)
   u_ctrl/u_aes/rkeys_reg_1232_/D                         -66.2600  (VIOLATED)
   u_ctrl/u_aes/rkeys_reg_1233_/D                         -66.2600  (VIOLATED)
   u_ctrl/u_aes/rkeys_reg_1234_/D                         -66.2600  (VIOLATED)
   u_ctrl/u_aes/rkeys_reg_1239_/D                         -66.2600  (VIOLATED)
   u_ctrl/u_aes/rkeys_reg_1244_/D                         -66.2600  (VIOLATED)
   u_ctrl/u_aes/rkeys_reg_1246_/D                         -66.2600  (VIOLATED)
   u_ctrl/u_aes/rkeys_reg_1265_/D                         -66.2600  (VIOLATED)
   u_ctrl/u_aes/rkeys_reg_1267_/D                         -66.2600  (VIOLATED)
   u_ctrl/u_aes/rkeys_reg_1271_/D                         -66.2600  (VIOLATED)
   u_ctrl/u_aes/rkeys_reg_1276_/D                         -66.2600  (VIOLATED)
   u_ctrl/u_aes/rkeys_reg_1278_/D                         -66.2600  (VIOLATED)
   u_ctrl/u_aes/rkeys_reg_19_/D                           -60.6452  (VIOLATED)
   u_ctrl/u_aes/rkeys_reg_60_/D                           -60.6452  (VIOLATED)
   u_ctrl/u_aes/rkeys_reg_61_/D                           -60.6452  (VIOLATED)
   u_ctrl/u_aes/rkeys_reg_87_/D                           -60.6452  (VIOLATED)
   u_ctrl/u_aes/rkeys_reg_116_/D                          -60.6452  (VIOLATED)
   u_ctrl/u_aes/rkeys_reg_499_/D                          -34.7190  (VIOLATED)
   u_ctrl/u_aes/rkeys_reg_593_/D                          -34.7190  (VIOLATED)
   u_ctrl/u_aes/rkeys_reg_627_/D                          -34.7190  (VIOLATED)
   u_ctrl/u_aes/rkeys_reg_689_/D                          -34.7190  (VIOLATED)
   u_ctrl/u_aes/rkeys_reg_753_/D                          -34.7190  (VIOLATED)
   u_ctrl/u_aes/rkeys_reg_819_/D                          -34.7190  (VIOLATED)
   u_ctrl/u_aes/rkeys_reg_907_/D                          -34.7190  (VIOLATED)
   u_ctrl/u_aes/rkeys_reg_971_/D                          -34.7190  (VIOLATED)


   min_delay/hold ('clock_gating_default' group)

   Endpoint                                                  Slack
   -----------------------------------------------------------------
   u_ctrl/u_icg_aes/U3/A2                                  -0.0105  (VIOLATED)

   min_delay/hold ('clk_div2' group)

   Endpoint                                                  Slack
   -----------------------------------------------------------------
   u_mem_u_sram/A[0]                                       -0.0148  (VIOLATED)
   u_mem_u_sram/A[1]                                       -0.0148  (VIOLATED)
   u_mem_u_sram/A[2]                                       -0.0148  (VIOLATED)
   u_mem_u_sram/A[3]                                       -0.0148  (VIOLATED)
   u_mem_u_sram/I[0]                                       -0.0145  (VIOLATED)
   u_mem_u_sram/I[1]                                       -0.0145  (VIOLATED)
   u_mem_u_sram/I[2]                                       -0.0145  (VIOLATED)
   u_mem_u_sram/I[3]                                       -0.0145  (VIOLATED)
   u_mem_u_sram/I[4]                                       -0.0145  (VIOLATED)
   u_mem_u_sram/I[5]                                       -0.0145  (VIOLATED)
   u_mem_u_sram/I[6]                                       -0.0145  (VIOLATED)
   u_mem_u_sram/I[7]                                       -0.0145  (VIOLATED)



   clock_gating_hold

   Endpoint                                                  Slack
   -----------------------------------------------------------------
   u_ctrl/u_icg_aes/U3/A2                                  -0.0105  (VIOLATED)


   max_capacitance

                             Required        Actual
   Pin                      Capacitance    Capacitance       Slack
   -----------------------------------------------------------------
   u_ctrl/u_aes/U276/Y       64.0000        71.9006        -7.9006  (VIOLATED)
   u_ctrl/U5/Y               64.0000        71.0095        -7.0095  (VIOLATED)
   u_ctrl/U39/Y               8.0000        13.8552        -5.8552  (VIOLATED)
   u_ctrl/u_aes/U964/Y       16.0000        20.5611        -4.5611  (VIOLATED)
   u_ctrl/U628/Y             16.0000        20.4338        -4.4338  (VIOLATED)
   u_ctrl/U38/Y              32.0000        36.2680        -4.2680  (VIOLATED)
   u_ctrl/u_aes/U892/Y       16.0000        19.9889        -3.9889  (VIOLATED)
   u_ctrl/u_aes/U1782/Y      16.0000        19.8391        -3.8391  (VIOLATED)
   u_ctrl/U32/Y              16.0000        19.7020        -3.7020  (VIOLATED)
   u_ctrl/U31/Y              16.0000        19.3545        -3.3545  (VIOLATED)
   u_ctrl/u_aes/U983/Y       32.0000        35.2539        -3.2539  (VIOLATED)
   u_ctrl/u_aes/U985/Y       32.0000        35.2539        -3.2539  (VIOLATED)
   u_ctrl/u_aes/U977/Y       32.0000        35.2331        -3.2331  (VIOLATED)
   u_ctrl/u_aes/U978/Y       32.0000        35.2122        -3.2122  (VIOLATED)
   u_ctrl/u_aes/U953/Y       32.0000        35.1530        -3.1530  (VIOLATED)
   u_ctrl/u_aes/U398/Y       16.0000        19.1491        -3.1491  (VIOLATED)
   u_ctrl/u_aes/U2985/Y      16.0000        19.0209        -3.0209  (VIOLATED)
   u_ctrl/u_aes/U984/Y       32.0000        34.7125        -2.7125  (VIOLATED)
   u_ctrl/u_aes/U2511/Y      16.0000        18.5607        -2.5607  (VIOLATED)
   u_ctrl/u_aes/U274/Y       16.0000        18.5280        -2.5280  (VIOLATED)
   u_ctrl/u_aes/U932/Y       32.0000        34.4528        -2.4528  (VIOLATED)
   u_ctrl/u_aes/U1169/Y       8.0000        10.4424        -2.4424  (VIOLATED)
   u_ctrl/u_aes/U4402/Y      16.0000        18.3696        -2.3696  (VIOLATED)
   u_ctrl/u_aes/U4404/Y      16.0000        18.3696        -2.3696  (VIOLATED)
   u_ctrl/u_aes/U4408/Y      16.0000        18.3696        -2.3696  (VIOLATED)
   u_ctrl/U143/Y             16.0000        18.3647        -2.3647  (VIOLATED)
   u_ctrl/u_aes/U1167/Y       8.0000        10.3442        -2.3442  (VIOLATED)
   u_ctrl/u_aes/U950/Y        8.0000        10.2027        -2.2027  (VIOLATED)
   u_ctrl/u_aes/U739/Y       16.0000        18.1976        -2.1976  (VIOLATED)
   u_ctrl/U234/Y             16.0000        18.1357        -2.1357  (VIOLATED)
   u_ctrl/u_aes/state_reg_0_/Q   8.0000     10.1230        -2.1230  (VIOLATED)
   u_ctrl/u_aes/U5585/Y       8.0000        10.1062        -2.1062  (VIOLATED)
   u_ctrl/u_aes/U979/Y       32.0000        34.1053        -2.1053  (VIOLATED)
   u_ctrl/u_aes/U980/Y       32.0000        34.1053        -2.1053  (VIOLATED)
   u_ctrl/u_aes/U981/Y       32.0000        34.1053        -2.1053  (VIOLATED)
   u_ctrl/u_aes/U982/Y       32.0000        34.1053        -2.1053  (VIOLATED)
   u_ctrl/u_aes/U336/Y        8.0000        10.0754        -2.0754  (VIOLATED)
   u_ctrl/u_aes/U970/Y        8.0000        10.0585        -2.0585  (VIOLATED)
   u_ctrl/u_aes/U4400/Y      16.0000        18.0391        -2.0391  (VIOLATED)
   u_ctrl/u_aes/U4405/Y      16.0000        18.0391        -2.0391  (VIOLATED)
   u_ctrl/u_aes/U4406/Y      16.0000        18.0391        -2.0391  (VIOLATED)
   u_ctrl/u_aes/U4407/Y      16.0000        18.0391        -2.0391  (VIOLATED)
   u_ctrl/u_aes/U4410/Y      16.0000        18.0391        -2.0391  (VIOLATED)
   u_ctrl/u_aes/U4411/Y      16.0000        18.0391        -2.0391  (VIOLATED)
   u_ctrl/u_aes/U4412/Y      16.0000        18.0391        -2.0391  (VIOLATED)
   u_ctrl/u_aes/U4418/Y      16.0000        18.0391        -2.0391  (VIOLATED)
   u_ctrl/u_aes/U4420/Y      16.0000        18.0391        -2.0391  (VIOLATED)
   u_ctrl/u_aes/U4417/Y      16.0000        18.0287        -2.0287  (VIOLATED)
   u_ctrl/u_aes/U4413/Y      16.0000        18.0182        -2.0182  (VIOLATED)
   u_ctrl/u_aes/U4419/Y      16.0000        18.0182        -2.0182  (VIOLATED)
   u_ctrl/u_aes/U4415/Y      16.0000        18.0078        -2.0078  (VIOLATED)
   u_ctrl/u_aes/U4416/Y      16.0000        18.0078        -2.0078  (VIOLATED)
   u_ctrl/U135/Y             16.0000        17.9603        -1.9603  (VIOLATED)
   u_ctrl/U136/Y             16.0000        17.9603        -1.9603  (VIOLATED)
   u_ctrl/U137/Y             16.0000        17.9603        -1.9603  (VIOLATED)
   u_ctrl/U138/Y             16.0000        17.9603        -1.9603  (VIOLATED)
   u_ctrl/U139/Y             16.0000        17.9603        -1.9603  (VIOLATED)
   u_ctrl/U140/Y             16.0000        17.9603        -1.9603  (VIOLATED)
   u_ctrl/U141/Y             16.0000        17.9603        -1.9603  (VIOLATED)
   u_ctrl/U142/Y             16.0000        17.9603        -1.9603  (VIOLATED)
   u_ctrl/U144/Y             16.0000        17.9603        -1.9603  (VIOLATED)
   u_ctrl/U145/Y             16.0000        17.9603        -1.9603  (VIOLATED)
   u_ctrl/U146/Y             16.0000        17.9499        -1.9499  (VIOLATED)
   u_ctrl/u_aes/U1330/Y       8.0000         9.9346        -1.9346  (VIOLATED)
   u_ctrl/u_aes/U8981/Y      16.0000        17.9232        -1.9232  (VIOLATED)
   u_ctrl/u_aes/U342/Y       16.0000        17.8883        -1.8883  (VIOLATED)
   u_ctrl/u_aes/U1000/Y       8.0000         9.8505        -1.8505  (VIOLATED)
   u_ctrl/u_aes/U4401/Y      16.0000        17.8282        -1.8282  (VIOLATED)
   u_ctrl/u_aes/U3867/Y       8.0000         9.8018        -1.8018  (VIOLATED)
   u_ctrl/U34/Y              32.0000        33.7959        -1.7959  (VIOLATED)
   u_ctrl/u_aes/U351/Y        8.0000         9.7908        -1.7908  (VIOLATED)
   u_ctrl/u_aes/state_reg_47_/Q   8.0000     9.7831        -1.7831  (VIOLATED)
   u_ctrl/u_aes/state_reg_108_/QN   8.0000   9.7792        -1.7792  (VIOLATED)
   u_ctrl/u_aes/U696/Y        8.0000         9.7746        -1.7746  (VIOLATED)
   u_ctrl/u_aes/U713/Y        8.0000         9.7746        -1.7746  (VIOLATED)
   u_ctrl/u_aes/U1938/Y       8.0000         9.7746        -1.7746  (VIOLATED)
   u_ctrl/u_aes/U1755/Y       8.0000         9.7201        -1.7201  (VIOLATED)
   u_ctrl/u_aes/U324/Y        8.0000         9.7150        -1.7150  (VIOLATED)
   u_ctrl/u_aes/U1235/Y       8.0000         9.6994        -1.6994  (VIOLATED)
   u_ctrl/u_aes/U1546/Y      16.0000        17.6897        -1.6897  (VIOLATED)
   u_ctrl/U21/Y               8.0000         9.6861        -1.6861  (VIOLATED)
   u_ctrl/U28/Y               8.0000         9.6861        -1.6861  (VIOLATED)
   u_ctrl/u_aes/U166/Y        8.0000         9.6488        -1.6488  (VIOLATED)
   u_ctrl/u_aes/U1440/Y       8.0000         9.6202        -1.6202  (VIOLATED)
   u_ctrl/u_aes/U1381/Y       8.0000         9.6007        -1.6007  (VIOLATED)
   u_ctrl/u_aes/U427/Y        8.0000         9.6006        -1.6006  (VIOLATED)
   u_ctrl/U262/Y              8.0000         9.5992        -1.5992  (VIOLATED)
   u_ctrl/U29/Y               8.0000         9.5975        -1.5975  (VIOLATED)
   u_ctrl/u_aes/state_reg_31_/Q   8.0000     9.5926        -1.5926  (VIOLATED)
   u_ctrl/U235/Y              8.0000         9.5824        -1.5824  (VIOLATED)
   u_ctrl/u_aes/U247/Y        8.0000         9.5753        -1.5753  (VIOLATED)
   u_ctrl/u_aes/U1125/Y       8.0000         9.5608        -1.5608  (VIOLATED)
   u_ctrl/u_aes/state_reg_15_/Q   8.0000     9.5422        -1.5422  (VIOLATED)
   u_ctrl/U583/Y              8.0000         9.5415        -1.5415  (VIOLATED)
   u_ctrl/u_aes/state_reg_118_/QN   8.0000   9.5207        -1.5207  (VIOLATED)
   u_ctrl/u_aes/state_reg_8_/QN   8.0000     9.5203        -1.5203  (VIOLATED)
   u_ctrl/u_aes/U681/Y        8.0000         9.5124        -1.5124  (VIOLATED)
   u_ctrl/u_aes/U1580/Y       8.0000         9.5124        -1.5124  (VIOLATED)
   u_ctrl/u_aes/U4409/Y      16.0000        17.4977        -1.4977  (VIOLATED)
   u_ctrl/u_aes/U4414/Y      16.0000        17.4977        -1.4977  (VIOLATED)
   u_ctrl/u_aes/U4403/Y      16.0000        17.4977        -1.4977  (VIOLATED)
   u_ctrl/u_aes/U1249/Y       8.0000         9.4974        -1.4974  (VIOLATED)
   u_ctrl/u_aes/state_reg_70_/Q   8.0000     9.4768        -1.4768  (VIOLATED)
   u_ctrl/u_aes/U1329/Y       8.0000         9.4719        -1.4719  (VIOLATED)
   u_ctrl/u_aes/U1597/Y       8.0000         9.4660        -1.4660  (VIOLATED)
   u_ctrl/u_aes/state_reg_73_/QN   8.0000    9.4363        -1.4363  (VIOLATED)
   u_ctrl/u_aes/U859/Y       32.0000        33.4188        -1.4188  (VIOLATED)
   u_ctrl/u_aes/state_reg_72_/QN   8.0000    9.4146        -1.4146  (VIOLATED)
   u_ctrl/u_aes/U410/Y        8.0000         9.4060        -1.4060  (VIOLATED)
   u_ctrl/u_aes/U5374/Y       8.0000         9.3916        -1.3916  (VIOLATED)
   u_ctrl/u_aes/U976/Y        8.0000         9.3540        -1.3540  (VIOLATED)
   u_ctrl/u_rx_busy_reg/QN    8.0000         9.3332        -1.3332  (VIOLATED)
   u_ctrl/u_aes/U2260/Y       8.0000         9.3198        -1.3198  (VIOLATED)
   u_ctrl/u_aes/U822/Y        8.0000         9.2542        -1.2542  (VIOLATED)
   u_ctrl/u_aes/state_reg_27_/QN   8.0000    9.2521        -1.2521  (VIOLATED)
   u_ctrl/u_aes/state_reg_25_/QN  16.0000   17.2389        -1.2389  (VIOLATED)
   u_ctrl/u_aes/state_reg_40_/Q  16.0000    17.2378        -1.2378  (VIOLATED)
   u_ctrl/u_aes/state_reg_9_/QN   8.0000     9.2301        -1.2301  (VIOLATED)
   u_ctrl/u_aes/U967/Y       32.0000        33.2051        -1.2051  (VIOLATED)
   u_ctrl/u_aes/U1970/Y       8.0000         9.2004        -1.2004  (VIOLATED)
   u_ctrl/u_aes/U1322/Y       8.0000         9.1853        -1.1853  (VIOLATED)
   u_ctrl/u_aes/U1765/Y      16.0000        17.1838        -1.1838  (VIOLATED)
   u_ctrl/u_aes/U659/Y        8.0000         9.1831        -1.1831  (VIOLATED)
   u_ctrl/u_aes/U660/Y        8.0000         9.1831        -1.1831  (VIOLATED)
   u_ctrl/u_aes/U661/Y        8.0000         9.1831        -1.1831  (VIOLATED)
   u_ctrl/u_aes/U662/Y        8.0000         9.1831        -1.1831  (VIOLATED)
   u_ctrl/u_aes/U663/Y        8.0000         9.1831        -1.1831  (VIOLATED)
   u_ctrl/u_aes/U664/Y        8.0000         9.1831        -1.1831  (VIOLATED)
   u_ctrl/u_aes/U666/Y        8.0000         9.1831        -1.1831  (VIOLATED)
   u_ctrl/u_aes/U787/Y        8.0000         9.1831        -1.1831  (VIOLATED)
   u_ctrl/u_aes/U791/Y        8.0000         9.1831        -1.1831  (VIOLATED)
   u_ctrl/u_aes/U794/Y        8.0000         9.1831        -1.1831  (VIOLATED)
   u_ctrl/u_aes/U797/Y        8.0000         9.1831        -1.1831  (VIOLATED)
   u_ctrl/u_aes/U806/Y        8.0000         9.1831        -1.1831  (VIOLATED)
   u_ctrl/u_aes/U841/Y        8.0000         9.1831        -1.1831  (VIOLATED)
   u_ctrl/u_aes/U842/Y        8.0000         9.1831        -1.1831  (VIOLATED)
   u_ctrl/u_aes/U1696/Y       8.0000         9.1831        -1.1831  (VIOLATED)
   u_ctrl/u_aes/U1769/Y       8.0000         9.1831        -1.1831  (VIOLATED)
   u_ctrl/u_aes/U1796/Y       8.0000         9.1831        -1.1831  (VIOLATED)
   u_ctrl/u_aes/U9043/Y       8.0000         9.1831        -1.1831  (VIOLATED)
   u_ctrl/u_aes/U9064/Y       8.0000         9.1831        -1.1831  (VIOLATED)
   u_ctrl/u_aes/U9066/Y       8.0000         9.1831        -1.1831  (VIOLATED)
   u_ctrl/u_aes/U9070/Y       8.0000         9.1831        -1.1831  (VIOLATED)
   u_ctrl/u_aes/state_reg_116_/Q   8.0000    9.1757        -1.1757  (VIOLATED)
   u_ctrl/u_aes/U895/Y        8.0000         9.1379        -1.1379  (VIOLATED)
   u_ctrl/u_aes/state_reg_70_/QN   8.0000    9.1123        -1.1123  (VIOLATED)
   u_ctrl/U23/Y               8.0000         9.1077        -1.1077  (VIOLATED)
   u_ctrl/U24/Y               8.0000         9.1077        -1.1077  (VIOLATED)
   u_ctrl/U26/Y               8.0000         9.1077        -1.1077  (VIOLATED)
   u_ctrl/U27/Y               8.0000         9.1077        -1.1077  (VIOLATED)
   u_ctrl/u_aes/U2134/Y       8.0000         9.0715        -1.0715  (VIOLATED)
   u_ctrl/u_aes/state_reg_31_/QN   8.0000    9.0580        -1.0580  (VIOLATED)
   u_ctrl/u_aes/U1306/Y       8.0000         9.0187        -1.0187  (VIOLATED)
   u_ctrl/u_aes/state_reg_28_/QN   8.0000    9.0109        -1.0109  (VIOLATED)
   u_ctrl/u_aes/U692/Y        8.0000         9.0071        -1.0071  (VIOLATED)
   u_ctrl/u_aes/U812/Y        8.0000         9.0071        -1.0071  (VIOLATED)
   u_ctrl/u_aes/state_reg_123_/Q   8.0000    9.0005        -1.0005  (VIOLATED)
   u_ctrl/u_aes/state_reg_125_/QN   8.0000   8.9750        -0.9750  (VIOLATED)
   u_ctrl/u_aes/state_reg_57_/QN   8.0000    8.9381        -0.9381  (VIOLATED)
   u_ctrl/u_aes/U1059/Y       8.0000         8.8908        -0.8908  (VIOLATED)
   u_ctrl/u_aes/U387/Y        8.0000         8.8807        -0.8807  (VIOLATED)
   u_ctrl/u_aes/U1042/Y      16.0000        16.8671        -0.8671  (VIOLATED)
   u_ctrl/u_aes/U396/Y       64.0000        64.8572        -0.8572  (VIOLATED)
   u_ctrl/u_aes/state_reg_6_/Q   8.0000      8.8503        -0.8503  (VIOLATED)
   u_ctrl/u_aes/U1318/Y       8.0000         8.8060        -0.8060  (VIOLATED)
   u_ctrl/u_aes/U987/Y        8.0000         8.8022        -0.8022  (VIOLATED)
   u_ctrl/U68/Y               8.0000         8.7546        -0.7546  (VIOLATED)
   u_ctrl/crc_start_reg/QN    8.0000         8.7168        -0.7168  (VIOLATED)
   u_ctrl/u_aes/state_reg_48_/Q   8.0000     8.6854        -0.6854  (VIOLATED)
   u_ctrl/U10/Y              16.0000        16.6785        -0.6785  (VIOLATED)
   u_ctrl/u_aes/state_reg_78_/QN   8.0000    8.6761        -0.6761  (VIOLATED)
   u_ctrl/u_aes/U265/Y       16.0000        16.6595        -0.6595  (VIOLATED)
   u_ctrl/u_aes/state_reg_113_/QN   8.0000   8.6060        -0.6060  (VIOLATED)
   u_ctrl/U57/Y               8.0000         8.5829        -0.5829  (VIOLATED)
   u_ctrl/u_aes/U674/Y        8.0000         8.5420        -0.5420  (VIOLATED)
   u_ctrl/U22/Y               8.0000         8.5307        -0.5307  (VIOLATED)
   u_ctrl/u_aes/U393/Y       16.0000        16.5204        -0.5204  (VIOLATED)
   u_ctrl/u_aes/state_reg_107_/QN   8.0000   8.4782        -0.4782  (VIOLATED)
   u_ctrl/u_aes/state_reg_61_/QN   8.0000    8.4768        -0.4768  (VIOLATED)
   u_ctrl/U4/Y                8.0000         8.4356        -0.4356  (VIOLATED)
   u_ctrl/u_aes/U279/Y       16.0000        16.4175        -0.4175  (VIOLATED)
   u_ctrl/u_aes/U2770/Y       8.0000         8.4060        -0.4060  (VIOLATED)
   u_ctrl/u_aes/state_reg_86_/QN   8.0000    8.3839        -0.3839  (VIOLATED)
   u_ctrl/u_aes/state_reg_107_/Q   8.0000    8.3751        -0.3751  (VIOLATED)
   u_ctrl/u_aes/U1682/Y       8.0000         8.3736        -0.3736  (VIOLATED)
   u_ctrl/u_aes/busy_reg/QN   8.0000         8.3090        -0.3090  (VIOLATED)
   u_ctrl/u_aes/state_reg_62_/Q  16.0000    16.3012        -0.3012  (VIOLATED)
   u_ctrl/u_aes/U2292/Y       8.0000         8.2945        -0.2945  (VIOLATED)
   u_ctrl/u_aes/U956/Y        8.0000         8.2587        -0.2587  (VIOLATED)
   u_ctrl/u_aes/state_reg_103_/QN   8.0000   8.2538        -0.2538  (VIOLATED)
   u_ctrl/u_aes/state_reg_0_/QN   8.0000     8.2415        -0.2415  (VIOLATED)
   u_ctrl/u_aes/state_reg_53_/Q   8.0000     8.2292        -0.2292  (VIOLATED)
   u_ctrl/crc_dv_reg/QN       8.0000         8.2119        -0.2119  (VIOLATED)
   u_ctrl/u_aes/U934/Y       32.0000        32.1737        -0.1737  (VIOLATED)
   u_ctrl/u_aes/state_reg_100_/QN   8.0000   8.1580        -0.1580  (VIOLATED)
   u_ctrl/crc_dv_reg/Q        8.0000         8.1472        -0.1472  (VIOLATED)
   u_ctrl/u_aes/U2397/Y       8.0000         8.1397        -0.1397  (VIOLATED)
   u_ctrl/u_aes/U95/Y         8.0000         8.1165        -0.1165  (VIOLATED)
   u_ctrl/u_aes/state_reg_39_/QN  16.0000   16.0962        -0.0962  (VIOLATED)
   u_ctrl/u_aes/state_reg_29_/Q   8.0000     8.0901        -0.0901  (VIOLATED)
   u_ctrl/u_aes/U332/Y        8.0000         8.0889        -0.0889  (VIOLATED)
   u_ctrl/u_aes/state_reg_33_/QN   8.0000    8.0659        -0.0659  (VIOLATED)
   u_ctrl/u_aes/U289/Y        8.0000         8.0606        -0.0606  (VIOLATED)
   u_ctrl/u_aes/state_reg_127_/QN  16.0000  16.0572        -0.0572  (VIOLATED)
   u_ctrl/u_aes/state_reg_117_/QN   8.0000   8.0094        -0.0094  (VIOLATED)
   u_ctrl/u_tx_tx_busy_reg/Q   8.0000        8.0069        -0.0069  (VIOLATED)


1
