 
****************************************
Report : constraint
        -all_violators
Design : top_mcu_pll_sram_multiclk_soc
Version: W-2024.09-SP5-5
Date   : Sat Apr 11 10:33:04 2026
****************************************


   max_delay/setup ('INS' group)

                             Required        Actual
   Endpoint                 Path Delay     Path Delay        Slack
   -----------------------------------------------------------------
   u_ctrl/aes_start_reg/next_state
                                0.80           1.00 r        -0.20  (VIOLATED)
   u_ctrl/aes_start_reg/synch_enable
                                0.80           1.00 r        -0.20  (VIOLATED)
   u_ctrl/crc_done_hold_reg/next_state
                                0.80           1.00 r        -0.20  (VIOLATED)
   u_ctrl/crc_done_hold_reg/synch_enable
                                0.80           1.00 r        -0.20  (VIOLATED)
   u_ctrl/done_reg/synch_enable
                                0.80           1.00 r        -0.20  (VIOLATED)
   u_ctrl/pass_reg/synch_enable
                                0.80           1.00 r        -0.20  (VIOLATED)
   u_ctrl/start_seen_reg/next_state
                                0.80           1.00 r        -0.20  (VIOLATED)
   u_ctrl/start_seen_reg/synch_enable
                                0.80           1.00 r        -0.20  (VIOLATED)


   max_delay/setup ('OUTS' group)

                             Required        Actual
   Endpoint                 Path Delay     Path Delay        Slack
   -----------------------------------------------------------------
   done                        -0.20           0.00 r        -0.20  (VIOLATED)
   pass                        -0.20           0.00 r        -0.20  (VIOLATED)


   min_delay/hold ('clk_div2' group)

                             Required        Actual
   Endpoint                 Path Delay     Path Delay        Slack
   -----------------------------------------------------------------
   u_mem/u_sram/A[0]            0.19           0.00 f        -0.19  (VIOLATED)
   u_mem/u_sram/A[1]            0.19           0.00 f        -0.19  (VIOLATED)
   u_mem/u_sram/A[2]            0.19           0.00 f        -0.19  (VIOLATED)
   u_mem/u_sram/A[3]            0.19           0.00 f        -0.19  (VIOLATED)
   u_mem/u_sram/A[4]            0.19           0.00 f        -0.19  (VIOLATED)
   u_mem/u_sram/A[5]            0.19           0.00 f        -0.19  (VIOLATED)
   u_mem/u_sram/A[6]            0.19           0.00 f        -0.19  (VIOLATED)
   u_mem/u_sram/A[7]            0.19           0.00 f        -0.19  (VIOLATED)
   u_mem/u_sram/A[8]            0.19           0.00 f        -0.19  (VIOLATED)
   u_mem/u_sram/A[9]            0.19           0.00 f        -0.19  (VIOLATED)
   u_mem/u_sram/I[0]            0.19           0.00 f        -0.19  (VIOLATED)
   u_mem/u_sram/I[1]            0.19           0.00 f        -0.19  (VIOLATED)
   u_mem/u_sram/I[2]            0.19           0.00 f        -0.19  (VIOLATED)
   u_mem/u_sram/I[3]            0.19           0.00 f        -0.19  (VIOLATED)
   u_mem/u_sram/I[4]            0.19           0.00 f        -0.19  (VIOLATED)
   u_mem/u_sram/I[5]            0.19           0.00 f        -0.19  (VIOLATED)
   u_mem/u_sram/I[6]            0.19           0.00 f        -0.19  (VIOLATED)
   u_mem/u_sram/I[7]            0.19           0.00 f        -0.19  (VIOLATED)
   u_ctrl/allow_send_div2_d_reg/next_state
                                0.05           0.00 r        -0.05  (VIOLATED)
   u_ctrl/byte_idx_reg[0]/next_state
                                0.05           0.00 r        -0.05  (VIOLATED)
   u_ctrl/byte_idx_reg[0]/synch_enable
                                0.05           0.00 r        -0.05  (VIOLATED)
   u_ctrl/byte_idx_reg[1]/next_state
                                0.05           0.00 r        -0.05  (VIOLATED)
   u_ctrl/byte_idx_reg[1]/synch_enable
                                0.05           0.00 r        -0.05  (VIOLATED)
   u_ctrl/byte_idx_reg[2]/next_state
                                0.05           0.00 r        -0.05  (VIOLATED)
   u_ctrl/byte_idx_reg[2]/synch_enable
                                0.05           0.00 r        -0.05  (VIOLATED)
   u_ctrl/byte_idx_reg[3]/next_state
                                0.05           0.00 r        -0.05  (VIOLATED)
   u_ctrl/byte_idx_reg[3]/synch_enable
                                0.05           0.00 r        -0.05  (VIOLATED)
   u_ctrl/byte_idx_reg[4]/next_state
                                0.05           0.00 r        -0.05  (VIOLATED)
   u_ctrl/byte_idx_reg[4]/synch_enable
                                0.05           0.00 r        -0.05  (VIOLATED)
   u_ctrl/crc_byte_reg[0]/synch_enable
                                0.05           0.00 r        -0.05  (VIOLATED)
   u_ctrl/crc_byte_reg[1]/synch_enable
                                0.05           0.00 r        -0.05  (VIOLATED)
   u_ctrl/crc_byte_reg[2]/synch_enable
                                0.05           0.00 r        -0.05  (VIOLATED)
   u_ctrl/crc_byte_reg[3]/synch_enable
                                0.05           0.00 r        -0.05  (VIOLATED)
   u_ctrl/crc_byte_reg[4]/synch_enable
                                0.05           0.00 r        -0.05  (VIOLATED)
   u_ctrl/crc_byte_reg[5]/synch_enable
                                0.05           0.00 r        -0.05  (VIOLATED)
   u_ctrl/crc_byte_reg[6]/synch_enable
                                0.05           0.00 r        -0.05  (VIOLATED)
   u_ctrl/crc_byte_reg[7]/synch_enable
                                0.05           0.00 r        -0.05  (VIOLATED)
   u_ctrl/crc_dv_reg/next_state
                                0.05           0.00 r        -0.05  (VIOLATED)
   u_ctrl/crc_finish_reg/next_state
                                0.05           0.00 r        -0.05  (VIOLATED)
   u_ctrl/crc_start_reg/next_state
                                0.05           0.00 r        -0.05  (VIOLATED)
   u_ctrl/ct_hold_div2_reg[0]/next_state
                                0.05           0.00 r        -0.05  (VIOLATED)
   u_ctrl/ct_hold_div2_reg[0]/synch_enable
                                0.05           0.00 r        -0.05  (VIOLATED)
   u_ctrl/ct_hold_div2_reg[1]/next_state
                                0.05           0.00 r        -0.05  (VIOLATED)
   u_ctrl/ct_hold_div2_reg[1]/synch_enable
                                0.05           0.00 r        -0.05  (VIOLATED)
   u_ctrl/ct_hold_div2_reg[2]/next_state
                                0.05           0.00 r        -0.05  (VIOLATED)
   u_ctrl/ct_hold_div2_reg[2]/synch_enable
                                0.05           0.00 r        -0.05  (VIOLATED)
   u_ctrl/ct_hold_div2_reg[3]/next_state
                                0.05           0.00 r        -0.05  (VIOLATED)
   u_ctrl/ct_hold_div2_reg[3]/synch_enable
                                0.05           0.00 r        -0.05  (VIOLATED)
   u_ctrl/ct_hold_div2_reg[4]/next_state
                                0.05           0.00 r        -0.05  (VIOLATED)
   u_ctrl/ct_hold_div2_reg[4]/synch_enable
                                0.05           0.00 r        -0.05  (VIOLATED)
   u_ctrl/ct_hold_div2_reg[5]/next_state
                                0.05           0.00 r        -0.05  (VIOLATED)
   u_ctrl/ct_hold_div2_reg[5]/synch_enable
                                0.05           0.00 r        -0.05  (VIOLATED)
   u_ctrl/ct_hold_div2_reg[6]/next_state
                                0.05           0.00 r        -0.05  (VIOLATED)
   u_ctrl/ct_hold_div2_reg[6]/synch_enable
                                0.05           0.00 r        -0.05  (VIOLATED)
   u_ctrl/ct_hold_div2_reg[7]/next_state
                                0.05           0.00 r        -0.05  (VIOLATED)
   u_ctrl/ct_hold_div2_reg[7]/synch_enable
                                0.05           0.00 r        -0.05  (VIOLATED)
   u_ctrl/ct_hold_div2_reg[8]/next_state
                                0.05           0.00 r        -0.05  (VIOLATED)
   u_ctrl/ct_hold_div2_reg[8]/synch_enable
                                0.05           0.00 r        -0.05  (VIOLATED)
   u_ctrl/ct_hold_div2_reg[9]/next_state
                                0.05           0.00 r        -0.05  (VIOLATED)
   u_ctrl/ct_hold_div2_reg[9]/synch_enable
                                0.05           0.00 r        -0.05  (VIOLATED)
   u_ctrl/ct_hold_div2_reg[10]/next_state
                                0.05           0.00 r        -0.05  (VIOLATED)
   u_ctrl/ct_hold_div2_reg[10]/synch_enable
                                0.05           0.00 r        -0.05  (VIOLATED)
   u_ctrl/ct_hold_div2_reg[11]/next_state
                                0.05           0.00 r        -0.05  (VIOLATED)
   u_ctrl/ct_hold_div2_reg[11]/synch_enable
                                0.05           0.00 r        -0.05  (VIOLATED)
   u_ctrl/ct_hold_div2_reg[12]/next_state
                                0.05           0.00 r        -0.05  (VIOLATED)
   u_ctrl/ct_hold_div2_reg[12]/synch_enable
                                0.05           0.00 r        -0.05  (VIOLATED)
   u_ctrl/ct_hold_div2_reg[13]/next_state
                                0.05           0.00 r        -0.05  (VIOLATED)
   u_ctrl/ct_hold_div2_reg[13]/synch_enable
                                0.05           0.00 r        -0.05  (VIOLATED)
   u_ctrl/ct_hold_div2_reg[14]/next_state
                                0.05           0.00 r        -0.05  (VIOLATED)
   u_ctrl/ct_hold_div2_reg[14]/synch_enable
                                0.05           0.00 r        -0.05  (VIOLATED)
   u_ctrl/ct_hold_div2_reg[15]/next_state
                                0.05           0.00 r        -0.05  (VIOLATED)
   u_ctrl/ct_hold_div2_reg[15]/synch_enable
                                0.05           0.00 r        -0.05  (VIOLATED)
   u_ctrl/ct_hold_div2_reg[16]/next_state
                                0.05           0.00 r        -0.05  (VIOLATED)
   u_ctrl/ct_hold_div2_reg[16]/synch_enable
                                0.05           0.00 r        -0.05  (VIOLATED)
   u_ctrl/ct_hold_div2_reg[17]/next_state
                                0.05           0.00 r        -0.05  (VIOLATED)
   u_ctrl/ct_hold_div2_reg[17]/synch_enable
                                0.05           0.00 r        -0.05  (VIOLATED)
   u_ctrl/ct_hold_div2_reg[18]/next_state
                                0.05           0.00 r        -0.05  (VIOLATED)
   u_ctrl/ct_hold_div2_reg[18]/synch_enable
                                0.05           0.00 r        -0.05  (VIOLATED)
   u_ctrl/ct_hold_div2_reg[19]/next_state
                                0.05           0.00 r        -0.05  (VIOLATED)
   u_ctrl/ct_hold_div2_reg[19]/synch_enable
                                0.05           0.00 r        -0.05  (VIOLATED)
   u_ctrl/ct_hold_div2_reg[20]/next_state
                                0.05           0.00 r        -0.05  (VIOLATED)
   u_ctrl/ct_hold_div2_reg[20]/synch_enable
                                0.05           0.00 r        -0.05  (VIOLATED)
   u_ctrl/ct_hold_div2_reg[21]/next_state
                                0.05           0.00 r        -0.05  (VIOLATED)
   u_ctrl/ct_hold_div2_reg[21]/synch_enable
                                0.05           0.00 r        -0.05  (VIOLATED)
   u_ctrl/ct_hold_div2_reg[22]/next_state
                                0.05           0.00 r        -0.05  (VIOLATED)
   u_ctrl/ct_hold_div2_reg[22]/synch_enable
                                0.05           0.00 r        -0.05  (VIOLATED)
   u_ctrl/ct_hold_div2_reg[23]/next_state
                                0.05           0.00 r        -0.05  (VIOLATED)
   u_ctrl/ct_hold_div2_reg[23]/synch_enable
                                0.05           0.00 r        -0.05  (VIOLATED)
   u_ctrl/ct_hold_div2_reg[24]/next_state
                                0.05           0.00 r        -0.05  (VIOLATED)
   u_ctrl/ct_hold_div2_reg[24]/synch_enable
                                0.05           0.00 r        -0.05  (VIOLATED)
   u_ctrl/ct_hold_div2_reg[25]/next_state
                                0.05           0.00 r        -0.05  (VIOLATED)
   u_ctrl/ct_hold_div2_reg[25]/synch_enable
                                0.05           0.00 r        -0.05  (VIOLATED)
   u_ctrl/ct_hold_div2_reg[26]/next_state
                                0.05           0.00 r        -0.05  (VIOLATED)
   u_ctrl/ct_hold_div2_reg[26]/synch_enable
                                0.05           0.00 r        -0.05  (VIOLATED)
   u_ctrl/ct_hold_div2_reg[27]/next_state
                                0.05           0.00 r        -0.05  (VIOLATED)
   u_ctrl/ct_hold_div2_reg[27]/synch_enable
                                0.05           0.00 r        -0.05  (VIOLATED)
   u_ctrl/ct_hold_div2_reg[28]/next_state
                                0.05           0.00 r        -0.05  (VIOLATED)
   u_ctrl/ct_hold_div2_reg[28]/synch_enable
                                0.05           0.00 r        -0.05  (VIOLATED)
   u_ctrl/ct_hold_div2_reg[29]/next_state
                                0.05           0.00 r        -0.05  (VIOLATED)
   u_ctrl/ct_hold_div2_reg[29]/synch_enable
                                0.05           0.00 r        -0.05  (VIOLATED)
   u_ctrl/ct_hold_div2_reg[30]/next_state
                                0.05           0.00 r        -0.05  (VIOLATED)
   u_ctrl/ct_hold_div2_reg[30]/synch_enable
                                0.05           0.00 r        -0.05  (VIOLATED)
   u_ctrl/ct_hold_div2_reg[31]/next_state
                                0.05           0.00 r        -0.05  (VIOLATED)
   u_ctrl/ct_hold_div2_reg[31]/synch_enable
                                0.05           0.00 r        -0.05  (VIOLATED)
   u_ctrl/ct_hold_div2_reg[32]/next_state
                                0.05           0.00 r        -0.05  (VIOLATED)
   u_ctrl/ct_hold_div2_reg[32]/synch_enable
                                0.05           0.00 r        -0.05  (VIOLATED)
   u_ctrl/ct_hold_div2_reg[33]/next_state
                                0.05           0.00 r        -0.05  (VIOLATED)
   u_ctrl/ct_hold_div2_reg[33]/synch_enable
                                0.05           0.00 r        -0.05  (VIOLATED)
   u_ctrl/ct_hold_div2_reg[34]/next_state
                                0.05           0.00 r        -0.05  (VIOLATED)
   u_ctrl/ct_hold_div2_reg[34]/synch_enable
                                0.05           0.00 r        -0.05  (VIOLATED)
   u_ctrl/ct_hold_div2_reg[35]/next_state
                                0.05           0.00 r        -0.05  (VIOLATED)
   u_ctrl/ct_hold_div2_reg[35]/synch_enable
                                0.05           0.00 r        -0.05  (VIOLATED)
   u_ctrl/ct_hold_div2_reg[36]/next_state
                                0.05           0.00 r        -0.05  (VIOLATED)
   u_ctrl/ct_hold_div2_reg[36]/synch_enable
                                0.05           0.00 r        -0.05  (VIOLATED)
   u_ctrl/ct_hold_div2_reg[37]/next_state
                                0.05           0.00 r        -0.05  (VIOLATED)
   u_ctrl/ct_hold_div2_reg[37]/synch_enable
                                0.05           0.00 r        -0.05  (VIOLATED)
   u_ctrl/ct_hold_div2_reg[38]/next_state
                                0.05           0.00 r        -0.05  (VIOLATED)
   u_ctrl/ct_hold_div2_reg[38]/synch_enable
                                0.05           0.00 r        -0.05  (VIOLATED)
   u_ctrl/ct_hold_div2_reg[39]/next_state
                                0.05           0.00 r        -0.05  (VIOLATED)
   u_ctrl/ct_hold_div2_reg[39]/synch_enable
                                0.05           0.00 r        -0.05  (VIOLATED)
   u_ctrl/ct_hold_div2_reg[40]/next_state
                                0.05           0.00 r        -0.05  (VIOLATED)
   u_ctrl/ct_hold_div2_reg[40]/synch_enable
                                0.05           0.00 r        -0.05  (VIOLATED)
   u_ctrl/ct_hold_div2_reg[41]/next_state
                                0.05           0.00 r        -0.05  (VIOLATED)
   u_ctrl/ct_hold_div2_reg[41]/synch_enable
                                0.05           0.00 r        -0.05  (VIOLATED)
   u_ctrl/ct_hold_div2_reg[42]/next_state
                                0.05           0.00 r        -0.05  (VIOLATED)
   u_ctrl/ct_hold_div2_reg[42]/synch_enable
                                0.05           0.00 r        -0.05  (VIOLATED)
   u_ctrl/ct_hold_div2_reg[43]/next_state
                                0.05           0.00 r        -0.05  (VIOLATED)
   u_ctrl/ct_hold_div2_reg[43]/synch_enable
                                0.05           0.00 r        -0.05  (VIOLATED)
   u_ctrl/ct_hold_div2_reg[44]/next_state
                                0.05           0.00 r        -0.05  (VIOLATED)
   u_ctrl/ct_hold_div2_reg[44]/synch_enable
                                0.05           0.00 r        -0.05  (VIOLATED)
   u_ctrl/ct_hold_div2_reg[45]/next_state
                                0.05           0.00 r        -0.05  (VIOLATED)
   u_ctrl/ct_hold_div2_reg[45]/synch_enable
                                0.05           0.00 r        -0.05  (VIOLATED)
   u_ctrl/ct_hold_div2_reg[46]/next_state
                                0.05           0.00 r        -0.05  (VIOLATED)
   u_ctrl/ct_hold_div2_reg[46]/synch_enable
                                0.05           0.00 r        -0.05  (VIOLATED)
   u_ctrl/ct_hold_div2_reg[47]/next_state
                                0.05           0.00 r        -0.05  (VIOLATED)
   u_ctrl/ct_hold_div2_reg[47]/synch_enable
                                0.05           0.00 r        -0.05  (VIOLATED)
   u_ctrl/ct_hold_div2_reg[48]/next_state
                                0.05           0.00 r        -0.05  (VIOLATED)
   u_ctrl/ct_hold_div2_reg[48]/synch_enable
                                0.05           0.00 r        -0.05  (VIOLATED)
   u_ctrl/ct_hold_div2_reg[49]/next_state
                                0.05           0.00 r        -0.05  (VIOLATED)
   u_ctrl/ct_hold_div2_reg[49]/synch_enable
                                0.05           0.00 r        -0.05  (VIOLATED)
   u_ctrl/ct_hold_div2_reg[50]/next_state
                                0.05           0.00 r        -0.05  (VIOLATED)
   u_ctrl/ct_hold_div2_reg[50]/synch_enable
                                0.05           0.00 r        -0.05  (VIOLATED)
   u_ctrl/ct_hold_div2_reg[51]/next_state
                                0.05           0.00 r        -0.05  (VIOLATED)
   u_ctrl/ct_hold_div2_reg[51]/synch_enable
                                0.05           0.00 r        -0.05  (VIOLATED)
   u_ctrl/ct_hold_div2_reg[52]/next_state
                                0.05           0.00 r        -0.05  (VIOLATED)
   u_ctrl/ct_hold_div2_reg[52]/synch_enable
                                0.05           0.00 r        -0.05  (VIOLATED)
   u_ctrl/ct_hold_div2_reg[53]/next_state
                                0.05           0.00 r        -0.05  (VIOLATED)
   u_ctrl/ct_hold_div2_reg[53]/synch_enable
                                0.05           0.00 r        -0.05  (VIOLATED)
   u_ctrl/ct_hold_div2_reg[54]/next_state
                                0.05           0.00 r        -0.05  (VIOLATED)
   u_ctrl/ct_hold_div2_reg[54]/synch_enable
                                0.05           0.00 r        -0.05  (VIOLATED)
   u_ctrl/ct_hold_div2_reg[55]/next_state
                                0.05           0.00 r        -0.05  (VIOLATED)
   u_ctrl/ct_hold_div2_reg[55]/synch_enable
                                0.05           0.00 r        -0.05  (VIOLATED)
   u_ctrl/ct_hold_div2_reg[56]/next_state
                                0.05           0.00 r        -0.05  (VIOLATED)
   u_ctrl/ct_hold_div2_reg[56]/synch_enable
                                0.05           0.00 r        -0.05  (VIOLATED)
   u_ctrl/ct_hold_div2_reg[57]/next_state
                                0.05           0.00 r        -0.05  (VIOLATED)
   u_ctrl/ct_hold_div2_reg[57]/synch_enable
                                0.05           0.00 r        -0.05  (VIOLATED)
   u_ctrl/ct_hold_div2_reg[58]/next_state
                                0.05           0.00 r        -0.05  (VIOLATED)
   u_ctrl/ct_hold_div2_reg[58]/synch_enable
                                0.05           0.00 r        -0.05  (VIOLATED)
   u_ctrl/ct_hold_div2_reg[59]/next_state
                                0.05           0.00 r        -0.05  (VIOLATED)
   u_ctrl/ct_hold_div2_reg[59]/synch_enable
                                0.05           0.00 r        -0.05  (VIOLATED)
   u_ctrl/ct_hold_div2_reg[60]/next_state
                                0.05           0.00 r        -0.05  (VIOLATED)
   u_ctrl/ct_hold_div2_reg[60]/synch_enable
                                0.05           0.00 r        -0.05  (VIOLATED)
   u_ctrl/ct_hold_div2_reg[61]/next_state
                                0.05           0.00 r        -0.05  (VIOLATED)
   u_ctrl/ct_hold_div2_reg[61]/synch_enable
                                0.05           0.00 r        -0.05  (VIOLATED)
   u_ctrl/ct_hold_div2_reg[62]/next_state
                                0.05           0.00 r        -0.05  (VIOLATED)
   u_ctrl/ct_hold_div2_reg[62]/synch_enable
                                0.05           0.00 r        -0.05  (VIOLATED)
   u_ctrl/ct_hold_div2_reg[63]/next_state
                                0.05           0.00 r        -0.05  (VIOLATED)
   u_ctrl/ct_hold_div2_reg[63]/synch_enable
                                0.05           0.00 r        -0.05  (VIOLATED)
   u_ctrl/ct_hold_div2_reg[64]/next_state
                                0.05           0.00 r        -0.05  (VIOLATED)
   u_ctrl/ct_hold_div2_reg[64]/synch_enable
                                0.05           0.00 r        -0.05  (VIOLATED)
   u_ctrl/ct_hold_div2_reg[65]/next_state
                                0.05           0.00 r        -0.05  (VIOLATED)
   u_ctrl/ct_hold_div2_reg[65]/synch_enable
                                0.05           0.00 r        -0.05  (VIOLATED)
   u_ctrl/ct_hold_div2_reg[66]/next_state
                                0.05           0.00 r        -0.05  (VIOLATED)
   u_ctrl/ct_hold_div2_reg[66]/synch_enable
                                0.05           0.00 r        -0.05  (VIOLATED)
   u_ctrl/ct_hold_div2_reg[67]/next_state
                                0.05           0.00 r        -0.05  (VIOLATED)
   u_ctrl/ct_hold_div2_reg[67]/synch_enable
                                0.05           0.00 r        -0.05  (VIOLATED)
   u_ctrl/ct_hold_div2_reg[68]/next_state
                                0.05           0.00 r        -0.05  (VIOLATED)
   u_ctrl/ct_hold_div2_reg[68]/synch_enable
                                0.05           0.00 r        -0.05  (VIOLATED)
   u_ctrl/ct_hold_div2_reg[69]/next_state
                                0.05           0.00 r        -0.05  (VIOLATED)
   u_ctrl/ct_hold_div2_reg[69]/synch_enable
                                0.05           0.00 r        -0.05  (VIOLATED)
   u_ctrl/ct_hold_div2_reg[70]/next_state
                                0.05           0.00 r        -0.05  (VIOLATED)
   u_ctrl/ct_hold_div2_reg[70]/synch_enable
                                0.05           0.00 r        -0.05  (VIOLATED)
   u_ctrl/ct_hold_div2_reg[71]/next_state
                                0.05           0.00 r        -0.05  (VIOLATED)
   u_ctrl/ct_hold_div2_reg[71]/synch_enable
                                0.05           0.00 r        -0.05  (VIOLATED)
   u_ctrl/ct_hold_div2_reg[72]/next_state
                                0.05           0.00 r        -0.05  (VIOLATED)
   u_ctrl/ct_hold_div2_reg[72]/synch_enable
                                0.05           0.00 r        -0.05  (VIOLATED)
   u_ctrl/ct_hold_div2_reg[73]/next_state
                                0.05           0.00 r        -0.05  (VIOLATED)
   u_ctrl/ct_hold_div2_reg[73]/synch_enable
                                0.05           0.00 r        -0.05  (VIOLATED)
   u_ctrl/ct_hold_div2_reg[74]/next_state
                                0.05           0.00 r        -0.05  (VIOLATED)
   u_ctrl/ct_hold_div2_reg[74]/synch_enable
                                0.05           0.00 r        -0.05  (VIOLATED)
   u_ctrl/ct_hold_div2_reg[75]/next_state
                                0.05           0.00 r        -0.05  (VIOLATED)
   u_ctrl/ct_hold_div2_reg[75]/synch_enable
                                0.05           0.00 r        -0.05  (VIOLATED)
   u_ctrl/ct_hold_div2_reg[76]/next_state
                                0.05           0.00 r        -0.05  (VIOLATED)
   u_ctrl/ct_hold_div2_reg[76]/synch_enable
                                0.05           0.00 r        -0.05  (VIOLATED)
   u_ctrl/ct_hold_div2_reg[77]/next_state
                                0.05           0.00 r        -0.05  (VIOLATED)
   u_ctrl/ct_hold_div2_reg[77]/synch_enable
                                0.05           0.00 r        -0.05  (VIOLATED)
   u_ctrl/ct_hold_div2_reg[78]/next_state
                                0.05           0.00 r        -0.05  (VIOLATED)
   u_ctrl/ct_hold_div2_reg[78]/synch_enable
                                0.05           0.00 r        -0.05  (VIOLATED)
   u_ctrl/ct_hold_div2_reg[79]/next_state
                                0.05           0.00 r        -0.05  (VIOLATED)
   u_ctrl/ct_hold_div2_reg[79]/synch_enable
                                0.05           0.00 r        -0.05  (VIOLATED)
   u_ctrl/ct_hold_div2_reg[80]/next_state
                                0.05           0.00 r        -0.05  (VIOLATED)
   u_ctrl/ct_hold_div2_reg[80]/synch_enable
                                0.05           0.00 r        -0.05  (VIOLATED)
   u_ctrl/ct_hold_div2_reg[81]/next_state
                                0.05           0.00 r        -0.05  (VIOLATED)
   u_ctrl/ct_hold_div2_reg[81]/synch_enable
                                0.05           0.00 r        -0.05  (VIOLATED)
   u_ctrl/ct_hold_div2_reg[82]/next_state
                                0.05           0.00 r        -0.05  (VIOLATED)
   u_ctrl/ct_hold_div2_reg[82]/synch_enable
                                0.05           0.00 r        -0.05  (VIOLATED)
   u_ctrl/ct_hold_div2_reg[83]/next_state
                                0.05           0.00 r        -0.05  (VIOLATED)
   u_ctrl/ct_hold_div2_reg[83]/synch_enable
                                0.05           0.00 r        -0.05  (VIOLATED)
   u_ctrl/ct_hold_div2_reg[84]/next_state
                                0.05           0.00 r        -0.05  (VIOLATED)
   u_ctrl/ct_hold_div2_reg[84]/synch_enable
                                0.05           0.00 r        -0.05  (VIOLATED)
   u_ctrl/ct_hold_div2_reg[85]/next_state
                                0.05           0.00 r        -0.05  (VIOLATED)
   u_ctrl/ct_hold_div2_reg[85]/synch_enable
                                0.05           0.00 r        -0.05  (VIOLATED)
   u_ctrl/ct_hold_div2_reg[86]/next_state
                                0.05           0.00 r        -0.05  (VIOLATED)
   u_ctrl/ct_hold_div2_reg[86]/synch_enable
                                0.05           0.00 r        -0.05  (VIOLATED)
   u_ctrl/ct_hold_div2_reg[87]/next_state
                                0.05           0.00 r        -0.05  (VIOLATED)
   u_ctrl/ct_hold_div2_reg[87]/synch_enable
                                0.05           0.00 r        -0.05  (VIOLATED)
   u_ctrl/ct_hold_div2_reg[88]/next_state
                                0.05           0.00 r        -0.05  (VIOLATED)
   u_ctrl/ct_hold_div2_reg[88]/synch_enable
                                0.05           0.00 r        -0.05  (VIOLATED)
   u_ctrl/ct_hold_div2_reg[89]/next_state
                                0.05           0.00 r        -0.05  (VIOLATED)
   u_ctrl/ct_hold_div2_reg[89]/synch_enable
                                0.05           0.00 r        -0.05  (VIOLATED)
   u_ctrl/ct_hold_div2_reg[90]/next_state
                                0.05           0.00 r        -0.05  (VIOLATED)
   u_ctrl/ct_hold_div2_reg[90]/synch_enable
                                0.05           0.00 r        -0.05  (VIOLATED)
   u_ctrl/ct_hold_div2_reg[91]/next_state
                                0.05           0.00 r        -0.05  (VIOLATED)
   u_ctrl/ct_hold_div2_reg[91]/synch_enable
                                0.05           0.00 r        -0.05  (VIOLATED)
   u_ctrl/ct_hold_div2_reg[92]/next_state
                                0.05           0.00 r        -0.05  (VIOLATED)
   u_ctrl/ct_hold_div2_reg[92]/synch_enable
                                0.05           0.00 r        -0.05  (VIOLATED)
   u_ctrl/ct_hold_div2_reg[93]/next_state
                                0.05           0.00 r        -0.05  (VIOLATED)
   u_ctrl/ct_hold_div2_reg[93]/synch_enable
                                0.05           0.00 r        -0.05  (VIOLATED)
   u_ctrl/ct_hold_div2_reg[94]/next_state
                                0.05           0.00 r        -0.05  (VIOLATED)
   u_ctrl/ct_hold_div2_reg[94]/synch_enable
                                0.05           0.00 r        -0.05  (VIOLATED)
   u_ctrl/ct_hold_div2_reg[95]/next_state
                                0.05           0.00 r        -0.05  (VIOLATED)
   u_ctrl/ct_hold_div2_reg[95]/synch_enable
                                0.05           0.00 r        -0.05  (VIOLATED)
   u_ctrl/ct_hold_div2_reg[96]/next_state
                                0.05           0.00 r        -0.05  (VIOLATED)
   u_ctrl/ct_hold_div2_reg[96]/synch_enable
                                0.05           0.00 r        -0.05  (VIOLATED)
   u_ctrl/ct_hold_div2_reg[97]/next_state
                                0.05           0.00 r        -0.05  (VIOLATED)
   u_ctrl/ct_hold_div2_reg[97]/synch_enable
                                0.05           0.00 r        -0.05  (VIOLATED)
   u_ctrl/ct_hold_div2_reg[98]/next_state
                                0.05           0.00 r        -0.05  (VIOLATED)
   u_ctrl/ct_hold_div2_reg[98]/synch_enable
                                0.05           0.00 r        -0.05  (VIOLATED)
   u_ctrl/ct_hold_div2_reg[99]/next_state
                                0.05           0.00 r        -0.05  (VIOLATED)
   u_ctrl/ct_hold_div2_reg[99]/synch_enable
                                0.05           0.00 r        -0.05  (VIOLATED)
   u_ctrl/ct_hold_div2_reg[100]/next_state
                                0.05           0.00 r        -0.05  (VIOLATED)
   u_ctrl/ct_hold_div2_reg[100]/synch_enable
                                0.05           0.00 r        -0.05  (VIOLATED)
   u_ctrl/ct_hold_div2_reg[101]/next_state
                                0.05           0.00 r        -0.05  (VIOLATED)
   u_ctrl/ct_hold_div2_reg[101]/synch_enable
                                0.05           0.00 r        -0.05  (VIOLATED)
   u_ctrl/ct_hold_div2_reg[102]/next_state
                                0.05           0.00 r        -0.05  (VIOLATED)
   u_ctrl/ct_hold_div2_reg[102]/synch_enable
                                0.05           0.00 r        -0.05  (VIOLATED)
   u_ctrl/ct_hold_div2_reg[103]/next_state
                                0.05           0.00 r        -0.05  (VIOLATED)
   u_ctrl/ct_hold_div2_reg[103]/synch_enable
                                0.05           0.00 r        -0.05  (VIOLATED)
   u_ctrl/ct_hold_div2_reg[104]/next_state
                                0.05           0.00 r        -0.05  (VIOLATED)
   u_ctrl/ct_hold_div2_reg[104]/synch_enable
                                0.05           0.00 r        -0.05  (VIOLATED)
   u_ctrl/ct_hold_div2_reg[105]/next_state
                                0.05           0.00 r        -0.05  (VIOLATED)
   u_ctrl/ct_hold_div2_reg[105]/synch_enable
                                0.05           0.00 r        -0.05  (VIOLATED)
   u_ctrl/ct_hold_div2_reg[106]/next_state
                                0.05           0.00 r        -0.05  (VIOLATED)
   u_ctrl/ct_hold_div2_reg[106]/synch_enable
                                0.05           0.00 r        -0.05  (VIOLATED)
   u_ctrl/ct_hold_div2_reg[107]/next_state
                                0.05           0.00 r        -0.05  (VIOLATED)
   u_ctrl/ct_hold_div2_reg[107]/synch_enable
                                0.05           0.00 r        -0.05  (VIOLATED)
   u_ctrl/ct_hold_div2_reg[108]/next_state
                                0.05           0.00 r        -0.05  (VIOLATED)
   u_ctrl/ct_hold_div2_reg[108]/synch_enable
                                0.05           0.00 r        -0.05  (VIOLATED)
   u_ctrl/ct_hold_div2_reg[109]/next_state
                                0.05           0.00 r        -0.05  (VIOLATED)
   u_ctrl/ct_hold_div2_reg[109]/synch_enable
                                0.05           0.00 r        -0.05  (VIOLATED)
   u_ctrl/ct_hold_div2_reg[110]/next_state
                                0.05           0.00 r        -0.05  (VIOLATED)
   u_ctrl/ct_hold_div2_reg[110]/synch_enable
                                0.05           0.00 r        -0.05  (VIOLATED)
   u_ctrl/ct_hold_div2_reg[111]/next_state
                                0.05           0.00 r        -0.05  (VIOLATED)
   u_ctrl/ct_hold_div2_reg[111]/synch_enable
                                0.05           0.00 r        -0.05  (VIOLATED)
   u_ctrl/ct_hold_div2_reg[112]/next_state
                                0.05           0.00 r        -0.05  (VIOLATED)
   u_ctrl/ct_hold_div2_reg[112]/synch_enable
                                0.05           0.00 r        -0.05  (VIOLATED)
   u_ctrl/ct_hold_div2_reg[113]/next_state
                                0.05           0.00 r        -0.05  (VIOLATED)
   u_ctrl/ct_hold_div2_reg[113]/synch_enable
                                0.05           0.00 r        -0.05  (VIOLATED)
   u_ctrl/ct_hold_div2_reg[114]/next_state
                                0.05           0.00 r        -0.05  (VIOLATED)
   u_ctrl/ct_hold_div2_reg[114]/synch_enable
                                0.05           0.00 r        -0.05  (VIOLATED)
   u_ctrl/ct_hold_div2_reg[115]/next_state
                                0.05           0.00 r        -0.05  (VIOLATED)
   u_ctrl/ct_hold_div2_reg[115]/synch_enable
                                0.05           0.00 r        -0.05  (VIOLATED)
   u_ctrl/ct_hold_div2_reg[116]/next_state
                                0.05           0.00 r        -0.05  (VIOLATED)
   u_ctrl/ct_hold_div2_reg[116]/synch_enable
                                0.05           0.00 r        -0.05  (VIOLATED)
   u_ctrl/ct_hold_div2_reg[117]/next_state
                                0.05           0.00 r        -0.05  (VIOLATED)
   u_ctrl/ct_hold_div2_reg[117]/synch_enable
                                0.05           0.00 r        -0.05  (VIOLATED)
   u_ctrl/ct_hold_div2_reg[118]/next_state
                                0.05           0.00 r        -0.05  (VIOLATED)
   u_ctrl/ct_hold_div2_reg[118]/synch_enable
                                0.05           0.00 r        -0.05  (VIOLATED)
   u_ctrl/ct_hold_div2_reg[119]/next_state
                                0.05           0.00 r        -0.05  (VIOLATED)
   u_ctrl/ct_hold_div2_reg[119]/synch_enable
                                0.05           0.00 r        -0.05  (VIOLATED)
   u_ctrl/ct_hold_div2_reg[120]/next_state
                                0.05           0.00 r        -0.05  (VIOLATED)
   u_ctrl/ct_hold_div2_reg[120]/synch_enable
                                0.05           0.00 r        -0.05  (VIOLATED)
   u_ctrl/ct_hold_div2_reg[121]/next_state
                                0.05           0.00 r        -0.05  (VIOLATED)
   u_ctrl/ct_hold_div2_reg[121]/synch_enable
                                0.05           0.00 r        -0.05  (VIOLATED)
   u_ctrl/ct_hold_div2_reg[122]/next_state
                                0.05           0.00 r        -0.05  (VIOLATED)
   u_ctrl/ct_hold_div2_reg[122]/synch_enable
                                0.05           0.00 r        -0.05  (VIOLATED)
   u_ctrl/ct_hold_div2_reg[123]/next_state
                                0.05           0.00 r        -0.05  (VIOLATED)
   u_ctrl/ct_hold_div2_reg[123]/synch_enable
                                0.05           0.00 r        -0.05  (VIOLATED)
   u_ctrl/ct_hold_div2_reg[124]/next_state
                                0.05           0.00 r        -0.05  (VIOLATED)
   u_ctrl/ct_hold_div2_reg[124]/synch_enable
                                0.05           0.00 r        -0.05  (VIOLATED)
   u_ctrl/ct_hold_div2_reg[125]/next_state
                                0.05           0.00 r        -0.05  (VIOLATED)
   u_ctrl/ct_hold_div2_reg[125]/synch_enable
                                0.05           0.00 r        -0.05  (VIOLATED)
   u_ctrl/ct_hold_div2_reg[126]/next_state
                                0.05           0.00 r        -0.05  (VIOLATED)
   u_ctrl/ct_hold_div2_reg[126]/synch_enable
                                0.05           0.00 r        -0.05  (VIOLATED)
   u_ctrl/ct_hold_div2_reg[127]/next_state
                                0.05           0.00 r        -0.05  (VIOLATED)
   u_ctrl/ct_hold_div2_reg[127]/synch_enable
                                0.05           0.00 r        -0.05  (VIOLATED)
   u_ctrl/fail_reg/next_state
                                0.05           0.00 r        -0.05  (VIOLATED)
   u_ctrl/fail_reg/synch_enable
                                0.05           0.00 r        -0.05  (VIOLATED)
   u_ctrl/mem_addr_reg[0]/next_state
                                0.05           0.00 r        -0.05  (VIOLATED)
   u_ctrl/mem_addr_reg[0]/synch_enable
                                0.05           0.00 r        -0.05  (VIOLATED)
   u_ctrl/mem_addr_reg[1]/next_state
                                0.05           0.00 r        -0.05  (VIOLATED)
   u_ctrl/mem_addr_reg[1]/synch_enable
                                0.05           0.00 r        -0.05  (VIOLATED)
   u_ctrl/mem_addr_reg[2]/next_state
                                0.05           0.00 r        -0.05  (VIOLATED)
   u_ctrl/mem_addr_reg[2]/synch_enable
                                0.05           0.00 r        -0.05  (VIOLATED)
   u_ctrl/mem_addr_reg[3]/next_state
                                0.05           0.00 r        -0.05  (VIOLATED)
   u_ctrl/mem_addr_reg[3]/synch_enable
                                0.05           0.00 r        -0.05  (VIOLATED)
   u_ctrl/mem_addr_reg[4]/next_state
                                0.05           0.00 r        -0.05  (VIOLATED)
   u_ctrl/mem_addr_reg[4]/synch_enable
                                0.05           0.00 r        -0.05  (VIOLATED)
   u_ctrl/mem_addr_reg[5]/synch_enable
                                0.05           0.00 r        -0.05  (VIOLATED)
   u_ctrl/mem_addr_reg[6]/synch_enable
                                0.05           0.00 r        -0.05  (VIOLATED)
   u_ctrl/mem_addr_reg[7]/synch_enable
                                0.05           0.00 r        -0.05  (VIOLATED)
   u_ctrl/mem_addr_reg[8]/synch_enable
                                0.05           0.00 r        -0.05  (VIOLATED)
   u_ctrl/mem_addr_reg[9]/synch_enable
                                0.05           0.00 r        -0.05  (VIOLATED)
   u_ctrl/mem_cs_reg/next_state
                                0.05           0.00 r        -0.05  (VIOLATED)
   u_ctrl/mem_cs_reg/synch_enable
                                0.05           0.00 r        -0.05  (VIOLATED)
   u_ctrl/mem_oe_reg/next_state
                                0.05           0.00 r        -0.05  (VIOLATED)
   u_ctrl/mem_oe_reg/synch_enable
                                0.05           0.00 r        -0.05  (VIOLATED)
   u_ctrl/mem_wdata_reg[0]/next_state
                                0.05           0.00 r        -0.05  (VIOLATED)
   u_ctrl/mem_wdata_reg[0]/synch_enable
                                0.05           0.00 r        -0.05  (VIOLATED)
   u_ctrl/mem_wdata_reg[1]/next_state
                                0.05           0.00 r        -0.05  (VIOLATED)
   u_ctrl/mem_wdata_reg[1]/synch_enable
                                0.05           0.00 r        -0.05  (VIOLATED)
   u_ctrl/mem_wdata_reg[2]/next_state
                                0.05           0.00 r        -0.05  (VIOLATED)
   u_ctrl/mem_wdata_reg[2]/synch_enable
                                0.05           0.00 r        -0.05  (VIOLATED)
   u_ctrl/mem_wdata_reg[3]/next_state
                                0.05           0.00 r        -0.05  (VIOLATED)
   u_ctrl/mem_wdata_reg[3]/synch_enable
                                0.05           0.00 r        -0.05  (VIOLATED)
   u_ctrl/mem_wdata_reg[4]/next_state
                                0.05           0.00 r        -0.05  (VIOLATED)
   u_ctrl/mem_wdata_reg[4]/synch_enable
                                0.05           0.00 r        -0.05  (VIOLATED)
   u_ctrl/mem_wdata_reg[5]/next_state
                                0.05           0.00 r        -0.05  (VIOLATED)
   u_ctrl/mem_wdata_reg[5]/synch_enable
                                0.05           0.00 r        -0.05  (VIOLATED)
   u_ctrl/mem_wdata_reg[6]/next_state
                                0.05           0.00 r        -0.05  (VIOLATED)
   u_ctrl/mem_wdata_reg[6]/synch_enable
                                0.05           0.00 r        -0.05  (VIOLATED)
   u_ctrl/mem_wdata_reg[7]/next_state
                                0.05           0.00 r        -0.05  (VIOLATED)
   u_ctrl/mem_wdata_reg[7]/synch_enable
                                0.05           0.00 r        -0.05  (VIOLATED)
   u_ctrl/mem_we_reg/next_state
                                0.05           0.00 r        -0.05  (VIOLATED)
   u_ctrl/mem_we_reg/synch_enable
                                0.05           0.00 r        -0.05  (VIOLATED)
   u_ctrl/send_go_div2_reg/next_state
                                0.05           0.00 r        -0.05  (VIOLATED)
   u_ctrl/sst_reg[0]/next_state
                                0.05           0.00 r        -0.05  (VIOLATED)
   u_ctrl/sst_reg[0]/synch_enable
                                0.05           0.00 r        -0.05  (VIOLATED)
   u_ctrl/sst_reg[1]/next_state
                                0.05           0.00 r        -0.05  (VIOLATED)
   u_ctrl/sst_reg[1]/synch_enable
                                0.05           0.00 r        -0.05  (VIOLATED)
   u_ctrl/sst_reg[2]/next_state
                                0.05           0.00 r        -0.05  (VIOLATED)
   u_ctrl/sst_reg[2]/synch_enable
                                0.05           0.00 r        -0.05  (VIOLATED)
   u_ctrl/stream_ready_div2_reg/next_state
                                0.05           0.00 r        -0.05  (VIOLATED)
   u_ctrl/stream_ready_div2_reg/synch_enable
                                0.05           0.00 r        -0.05  (VIOLATED)
   u_ctrl/stream_sent_div2_reg/next_state
                                0.05           0.00 r        -0.05  (VIOLATED)
   u_ctrl/stream_sent_div2_reg/synch_enable
                                0.05           0.00 r        -0.05  (VIOLATED)
   u_ctrl/tx_byte_div2_reg[0]/next_state
                                0.05           0.00 r        -0.05  (VIOLATED)
   u_ctrl/tx_byte_div2_reg[0]/synch_enable
                                0.05           0.00 r        -0.05  (VIOLATED)
   u_ctrl/tx_byte_div2_reg[1]/next_state
                                0.05           0.00 r        -0.05  (VIOLATED)
   u_ctrl/tx_byte_div2_reg[1]/synch_enable
                                0.05           0.00 r        -0.05  (VIOLATED)
   u_ctrl/tx_byte_div2_reg[2]/next_state
                                0.05           0.00 r        -0.05  (VIOLATED)
   u_ctrl/tx_byte_div2_reg[2]/synch_enable
                                0.05           0.00 r        -0.05  (VIOLATED)
   u_ctrl/tx_byte_div2_reg[3]/next_state
                                0.05           0.00 r        -0.05  (VIOLATED)
   u_ctrl/tx_byte_div2_reg[3]/synch_enable
                                0.05           0.00 r        -0.05  (VIOLATED)
   u_ctrl/tx_byte_div2_reg[4]/next_state
                                0.05           0.00 r        -0.05  (VIOLATED)
   u_ctrl/tx_byte_div2_reg[4]/synch_enable
                                0.05           0.00 r        -0.05  (VIOLATED)
   u_ctrl/tx_byte_div2_reg[5]/next_state
                                0.05           0.00 r        -0.05  (VIOLATED)
   u_ctrl/tx_byte_div2_reg[5]/synch_enable
                                0.05           0.00 r        -0.05  (VIOLATED)
   u_ctrl/tx_byte_div2_reg[6]/next_state
                                0.05           0.00 r        -0.05  (VIOLATED)
   u_ctrl/tx_byte_div2_reg[6]/synch_enable
                                0.05           0.00 r        -0.05  (VIOLATED)
   u_ctrl/tx_byte_div2_reg[7]/next_state
                                0.05           0.00 r        -0.05  (VIOLATED)
   u_ctrl/tx_byte_div2_reg[7]/synch_enable
                                0.05           0.00 r        -0.05  (VIOLATED)
   u_ctrl/tx_idx_div2_reg[0]/next_state
                                0.05           0.00 r        -0.05  (VIOLATED)
   u_ctrl/tx_idx_div2_reg[0]/synch_enable
                                0.05           0.00 r        -0.05  (VIOLATED)
   u_ctrl/tx_idx_div2_reg[1]/next_state
                                0.05           0.00 r        -0.05  (VIOLATED)
   u_ctrl/tx_idx_div2_reg[1]/synch_enable
                                0.05           0.00 r        -0.05  (VIOLATED)
   u_ctrl/tx_idx_div2_reg[2]/next_state
                                0.05           0.00 r        -0.05  (VIOLATED)
   u_ctrl/tx_idx_div2_reg[2]/synch_enable
                                0.05           0.00 r        -0.05  (VIOLATED)
   u_ctrl/tx_idx_div2_reg[3]/next_state
                                0.05           0.00 r        -0.05  (VIOLATED)
   u_ctrl/tx_idx_div2_reg[3]/synch_enable
                                0.05           0.00 r        -0.05  (VIOLATED)
   u_ctrl/tx_idx_div2_reg[4]/next_state
                                0.05           0.00 r        -0.05  (VIOLATED)
   u_ctrl/tx_idx_div2_reg[4]/synch_enable
                                0.05           0.00 r        -0.05  (VIOLATED)
   u_ctrl/u_crc/crc_out_reg[0]/next_state
                                0.05           0.00 r        -0.05  (VIOLATED)
   u_ctrl/u_crc/crc_out_reg[0]/synch_enable
                                0.05           0.00 r        -0.05  (VIOLATED)
   u_ctrl/u_crc/crc_out_reg[1]/next_state
                                0.05           0.00 r        -0.05  (VIOLATED)
   u_ctrl/u_crc/crc_out_reg[1]/synch_enable
                                0.05           0.00 r        -0.05  (VIOLATED)
   u_ctrl/u_crc/crc_out_reg[2]/next_state
                                0.05           0.00 r        -0.05  (VIOLATED)
   u_ctrl/u_crc/crc_out_reg[2]/synch_enable
                                0.05           0.00 r        -0.05  (VIOLATED)
   u_ctrl/u_crc/crc_out_reg[3]/next_state
                                0.05           0.00 r        -0.05  (VIOLATED)
   u_ctrl/u_crc/crc_out_reg[3]/synch_enable
                                0.05           0.00 r        -0.05  (VIOLATED)
   u_ctrl/u_crc/crc_out_reg[4]/next_state
                                0.05           0.00 r        -0.05  (VIOLATED)
   u_ctrl/u_crc/crc_out_reg[4]/synch_enable
                                0.05           0.00 r        -0.05  (VIOLATED)
   u_ctrl/u_crc/crc_out_reg[5]/next_state
                                0.05           0.00 r        -0.05  (VIOLATED)
   u_ctrl/u_crc/crc_out_reg[5]/synch_enable
                                0.05           0.00 r        -0.05  (VIOLATED)
   u_ctrl/u_crc/crc_out_reg[6]/next_state
                                0.05           0.00 r        -0.05  (VIOLATED)
   u_ctrl/u_crc/crc_out_reg[6]/synch_enable
                                0.05           0.00 r        -0.05  (VIOLATED)
   u_ctrl/u_crc/crc_out_reg[7]/next_state
                                0.05           0.00 r        -0.05  (VIOLATED)
   u_ctrl/u_crc/crc_out_reg[7]/synch_enable
                                0.05           0.00 r        -0.05  (VIOLATED)
   u_ctrl/u_crc/crc_out_reg[8]/next_state
                                0.05           0.00 r        -0.05  (VIOLATED)
   u_ctrl/u_crc/crc_out_reg[8]/synch_enable
                                0.05           0.00 r        -0.05  (VIOLATED)
   u_ctrl/u_crc/crc_out_reg[9]/next_state
                                0.05           0.00 r        -0.05  (VIOLATED)
   u_ctrl/u_crc/crc_out_reg[9]/synch_enable
                                0.05           0.00 r        -0.05  (VIOLATED)
   u_ctrl/u_crc/crc_out_reg[10]/next_state
                                0.05           0.00 r        -0.05  (VIOLATED)
   u_ctrl/u_crc/crc_out_reg[10]/synch_enable
                                0.05           0.00 r        -0.05  (VIOLATED)
   u_ctrl/u_crc/crc_out_reg[11]/next_state
                                0.05           0.00 r        -0.05  (VIOLATED)
   u_ctrl/u_crc/crc_out_reg[11]/synch_enable
                                0.05           0.00 r        -0.05  (VIOLATED)
   u_ctrl/u_crc/crc_out_reg[12]/next_state
                                0.05           0.00 r        -0.05  (VIOLATED)
   u_ctrl/u_crc/crc_out_reg[12]/synch_enable
                                0.05           0.00 r        -0.05  (VIOLATED)
   u_ctrl/u_crc/crc_out_reg[13]/next_state
                                0.05           0.00 r        -0.05  (VIOLATED)
   u_ctrl/u_crc/crc_out_reg[13]/synch_enable
                                0.05           0.00 r        -0.05  (VIOLATED)
   u_ctrl/u_crc/crc_out_reg[14]/next_state
                                0.05           0.00 r        -0.05  (VIOLATED)
   u_ctrl/u_crc/crc_out_reg[14]/synch_enable
                                0.05           0.00 r        -0.05  (VIOLATED)
   u_ctrl/u_crc/crc_out_reg[15]/next_state
                                0.05           0.00 r        -0.05  (VIOLATED)
   u_ctrl/u_crc/crc_out_reg[15]/synch_enable
                                0.05           0.00 r        -0.05  (VIOLATED)
   u_ctrl/u_crc/crc_out_reg[16]/next_state
                                0.05           0.00 r        -0.05  (VIOLATED)
   u_ctrl/u_crc/crc_out_reg[16]/synch_enable
                                0.05           0.00 r        -0.05  (VIOLATED)
   u_ctrl/u_crc/crc_out_reg[17]/next_state
                                0.05           0.00 r        -0.05  (VIOLATED)
   u_ctrl/u_crc/crc_out_reg[17]/synch_enable
                                0.05           0.00 r        -0.05  (VIOLATED)
   u_ctrl/u_crc/crc_out_reg[18]/next_state
                                0.05           0.00 r        -0.05  (VIOLATED)
   u_ctrl/u_crc/crc_out_reg[18]/synch_enable
                                0.05           0.00 r        -0.05  (VIOLATED)
   u_ctrl/u_crc/crc_out_reg[19]/next_state
                                0.05           0.00 r        -0.05  (VIOLATED)
   u_ctrl/u_crc/crc_out_reg[19]/synch_enable
                                0.05           0.00 r        -0.05  (VIOLATED)
   u_ctrl/u_crc/crc_out_reg[20]/next_state
                                0.05           0.00 r        -0.05  (VIOLATED)
   u_ctrl/u_crc/crc_out_reg[20]/synch_enable
                                0.05           0.00 r        -0.05  (VIOLATED)
   u_ctrl/u_crc/crc_out_reg[21]/next_state
                                0.05           0.00 r        -0.05  (VIOLATED)
   u_ctrl/u_crc/crc_out_reg[21]/synch_enable
                                0.05           0.00 r        -0.05  (VIOLATED)
   u_ctrl/u_crc/crc_out_reg[22]/next_state
                                0.05           0.00 r        -0.05  (VIOLATED)
   u_ctrl/u_crc/crc_out_reg[22]/synch_enable
                                0.05           0.00 r        -0.05  (VIOLATED)
   u_ctrl/u_crc/crc_out_reg[23]/next_state
                                0.05           0.00 r        -0.05  (VIOLATED)
   u_ctrl/u_crc/crc_out_reg[23]/synch_enable
                                0.05           0.00 r        -0.05  (VIOLATED)
   u_ctrl/u_crc/crc_out_reg[24]/next_state
                                0.05           0.00 r        -0.05  (VIOLATED)
   u_ctrl/u_crc/crc_out_reg[24]/synch_enable
                                0.05           0.00 r        -0.05  (VIOLATED)
   u_ctrl/u_crc/crc_out_reg[25]/next_state
                                0.05           0.00 r        -0.05  (VIOLATED)
   u_ctrl/u_crc/crc_out_reg[25]/synch_enable
                                0.05           0.00 r        -0.05  (VIOLATED)
   u_ctrl/u_crc/crc_out_reg[26]/next_state
                                0.05           0.00 r        -0.05  (VIOLATED)
   u_ctrl/u_crc/crc_out_reg[26]/synch_enable
                                0.05           0.00 r        -0.05  (VIOLATED)
   u_ctrl/u_crc/crc_out_reg[27]/next_state
                                0.05           0.00 r        -0.05  (VIOLATED)
   u_ctrl/u_crc/crc_out_reg[27]/synch_enable
                                0.05           0.00 r        -0.05  (VIOLATED)
   u_ctrl/u_crc/crc_out_reg[28]/next_state
                                0.05           0.00 r        -0.05  (VIOLATED)
   u_ctrl/u_crc/crc_out_reg[28]/synch_enable
                                0.05           0.00 r        -0.05  (VIOLATED)
   u_ctrl/u_crc/crc_out_reg[29]/next_state
                                0.05           0.00 r        -0.05  (VIOLATED)
   u_ctrl/u_crc/crc_out_reg[29]/synch_enable
                                0.05           0.00 r        -0.05  (VIOLATED)
   u_ctrl/u_crc/crc_out_reg[30]/next_state
                                0.05           0.00 r        -0.05  (VIOLATED)
   u_ctrl/u_crc/crc_out_reg[30]/synch_enable
                                0.05           0.00 r        -0.05  (VIOLATED)
   u_ctrl/u_crc/crc_out_reg[31]/next_state
                                0.05           0.00 r        -0.05  (VIOLATED)
   u_ctrl/u_crc/crc_out_reg[31]/synch_enable
                                0.05           0.00 r        -0.05  (VIOLATED)
   u_ctrl/u_crc/crc_reg[0]/next_state
                                0.05           0.00 r        -0.05  (VIOLATED)
   u_ctrl/u_crc/crc_reg[0]/synch_enable
                                0.05           0.00 r        -0.05  (VIOLATED)
   u_ctrl/u_crc/crc_reg[1]/next_state
                                0.05           0.00 r        -0.05  (VIOLATED)
   u_ctrl/u_crc/crc_reg[1]/synch_enable
                                0.05           0.00 r        -0.05  (VIOLATED)
   u_ctrl/u_crc/crc_reg[2]/next_state
                                0.05           0.00 r        -0.05  (VIOLATED)
   u_ctrl/u_crc/crc_reg[2]/synch_enable
                                0.05           0.00 r        -0.05  (VIOLATED)
   u_ctrl/u_crc/crc_reg[3]/next_state
                                0.05           0.00 r        -0.05  (VIOLATED)
   u_ctrl/u_crc/crc_reg[3]/synch_enable
                                0.05           0.00 r        -0.05  (VIOLATED)
   u_ctrl/u_crc/crc_reg[4]/next_state
                                0.05           0.00 r        -0.05  (VIOLATED)
   u_ctrl/u_crc/crc_reg[4]/synch_enable
                                0.05           0.00 r        -0.05  (VIOLATED)
   u_ctrl/u_crc/crc_reg[5]/next_state
                                0.05           0.00 r        -0.05  (VIOLATED)
   u_ctrl/u_crc/crc_reg[5]/synch_enable
                                0.05           0.00 r        -0.05  (VIOLATED)
   u_ctrl/u_crc/crc_reg[6]/next_state
                                0.05           0.00 r        -0.05  (VIOLATED)
   u_ctrl/u_crc/crc_reg[6]/synch_enable
                                0.05           0.00 r        -0.05  (VIOLATED)
   u_ctrl/u_crc/crc_reg[7]/next_state
                                0.05           0.00 r        -0.05  (VIOLATED)
   u_ctrl/u_crc/crc_reg[7]/synch_enable
                                0.05           0.00 r        -0.05  (VIOLATED)
   u_ctrl/u_crc/crc_reg[8]/next_state
                                0.05           0.00 r        -0.05  (VIOLATED)
   u_ctrl/u_crc/crc_reg[8]/synch_enable
                                0.05           0.00 r        -0.05  (VIOLATED)
   u_ctrl/u_crc/crc_reg[9]/next_state
                                0.05           0.00 r        -0.05  (VIOLATED)
   u_ctrl/u_crc/crc_reg[9]/synch_enable
                                0.05           0.00 r        -0.05  (VIOLATED)
   u_ctrl/u_crc/crc_reg[10]/next_state
                                0.05           0.00 r        -0.05  (VIOLATED)
   u_ctrl/u_crc/crc_reg[10]/synch_enable
                                0.05           0.00 r        -0.05  (VIOLATED)
   u_ctrl/u_crc/crc_reg[11]/next_state
                                0.05           0.00 r        -0.05  (VIOLATED)
   u_ctrl/u_crc/crc_reg[11]/synch_enable
                                0.05           0.00 r        -0.05  (VIOLATED)
   u_ctrl/u_crc/crc_reg[12]/next_state
                                0.05           0.00 r        -0.05  (VIOLATED)
   u_ctrl/u_crc/crc_reg[12]/synch_enable
                                0.05           0.00 r        -0.05  (VIOLATED)
   u_ctrl/u_crc/crc_reg[13]/next_state
                                0.05           0.00 r        -0.05  (VIOLATED)
   u_ctrl/u_crc/crc_reg[13]/synch_enable
                                0.05           0.00 r        -0.05  (VIOLATED)
   u_ctrl/u_crc/crc_reg[14]/next_state
                                0.05           0.00 r        -0.05  (VIOLATED)
   u_ctrl/u_crc/crc_reg[14]/synch_enable
                                0.05           0.00 r        -0.05  (VIOLATED)
   u_ctrl/u_crc/crc_reg[15]/next_state
                                0.05           0.00 r        -0.05  (VIOLATED)
   u_ctrl/u_crc/crc_reg[15]/synch_enable
                                0.05           0.00 r        -0.05  (VIOLATED)
   u_ctrl/u_crc/crc_reg[16]/next_state
                                0.05           0.00 r        -0.05  (VIOLATED)
   u_ctrl/u_crc/crc_reg[16]/synch_enable
                                0.05           0.00 r        -0.05  (VIOLATED)
   u_ctrl/u_crc/crc_reg[17]/next_state
                                0.05           0.00 r        -0.05  (VIOLATED)
   u_ctrl/u_crc/crc_reg[17]/synch_enable
                                0.05           0.00 r        -0.05  (VIOLATED)
   u_ctrl/u_crc/crc_reg[18]/next_state
                                0.05           0.00 r        -0.05  (VIOLATED)
   u_ctrl/u_crc/crc_reg[18]/synch_enable
                                0.05           0.00 r        -0.05  (VIOLATED)
   u_ctrl/u_crc/crc_reg[19]/next_state
                                0.05           0.00 r        -0.05  (VIOLATED)
   u_ctrl/u_crc/crc_reg[19]/synch_enable
                                0.05           0.00 r        -0.05  (VIOLATED)
   u_ctrl/u_crc/crc_reg[20]/next_state
                                0.05           0.00 r        -0.05  (VIOLATED)
   u_ctrl/u_crc/crc_reg[20]/synch_enable
                                0.05           0.00 r        -0.05  (VIOLATED)
   u_ctrl/u_crc/crc_reg[21]/next_state
                                0.05           0.00 r        -0.05  (VIOLATED)
   u_ctrl/u_crc/crc_reg[21]/synch_enable
                                0.05           0.00 r        -0.05  (VIOLATED)
   u_ctrl/u_crc/crc_reg[22]/next_state
                                0.05           0.00 r        -0.05  (VIOLATED)
   u_ctrl/u_crc/crc_reg[22]/synch_enable
                                0.05           0.00 r        -0.05  (VIOLATED)
   u_ctrl/u_crc/crc_reg[23]/next_state
                                0.05           0.00 r        -0.05  (VIOLATED)
   u_ctrl/u_crc/crc_reg[23]/synch_enable
                                0.05           0.00 r        -0.05  (VIOLATED)
   u_ctrl/u_crc/crc_reg[24]/next_state
                                0.05           0.00 r        -0.05  (VIOLATED)
   u_ctrl/u_crc/crc_reg[24]/synch_enable
                                0.05           0.00 r        -0.05  (VIOLATED)
   u_ctrl/u_crc/crc_reg[25]/next_state
                                0.05           0.00 r        -0.05  (VIOLATED)
   u_ctrl/u_crc/crc_reg[25]/synch_enable
                                0.05           0.00 r        -0.05  (VIOLATED)
   u_ctrl/u_crc/crc_reg[26]/next_state
                                0.05           0.00 r        -0.05  (VIOLATED)
   u_ctrl/u_crc/crc_reg[26]/synch_enable
                                0.05           0.00 r        -0.05  (VIOLATED)
   u_ctrl/u_crc/crc_reg[27]/next_state
                                0.05           0.00 r        -0.05  (VIOLATED)
   u_ctrl/u_crc/crc_reg[27]/synch_enable
                                0.05           0.00 r        -0.05  (VIOLATED)
   u_ctrl/u_crc/crc_reg[28]/next_state
                                0.05           0.00 r        -0.05  (VIOLATED)
   u_ctrl/u_crc/crc_reg[28]/synch_enable
                                0.05           0.00 r        -0.05  (VIOLATED)
   u_ctrl/u_crc/crc_reg[29]/next_state
                                0.05           0.00 r        -0.05  (VIOLATED)
   u_ctrl/u_crc/crc_reg[29]/synch_enable
                                0.05           0.00 r        -0.05  (VIOLATED)
   u_ctrl/u_crc/crc_reg[30]/next_state
                                0.05           0.00 r        -0.05  (VIOLATED)
   u_ctrl/u_crc/crc_reg[30]/synch_enable
                                0.05           0.00 r        -0.05  (VIOLATED)
   u_ctrl/u_crc/crc_reg[31]/next_state
                                0.05           0.00 r        -0.05  (VIOLATED)
   u_ctrl/u_crc/crc_reg[31]/synch_enable
                                0.05           0.00 r        -0.05  (VIOLATED)
   u_ctrl/u_crc/done_reg/next_state
                                0.05           0.00 r        -0.05  (VIOLATED)
   u_ctrl/u_ct_cdc/ack_tog_dst_reg/next_state
                                0.05           0.00 r        -0.05  (VIOLATED)
   u_ctrl/u_ct_cdc/ack_tog_dst_reg/synch_enable
                                0.05           0.00 r        -0.05  (VIOLATED)
   u_ctrl/u_ct_cdc/pulse_dst_reg/next_state
                                0.05           0.00 r        -0.05  (VIOLATED)
   u_ctrl/u_ct_cdc/req_ff1_reg/next_state
                                0.05           0.00 r        -0.05  (VIOLATED)
   u_ctrl/u_ct_cdc/req_ff2_reg/next_state
                                0.05           0.00 r        -0.05  (VIOLATED)
   u_ctrl/u_ct_cdc/seen_dst_reg/next_state
                                0.05           0.00 r        -0.05  (VIOLATED)
   u_ctrl/u_ct_cdc/seen_dst_reg/synch_enable
                                0.05           0.00 r        -0.05  (VIOLATED)
   u_ctrl/u_send_cdc/ack_ff1_reg/next_state
                                0.05           0.00 r        -0.05  (VIOLATED)
   u_ctrl/u_send_cdc/ack_ff2_reg/next_state
                                0.05           0.00 r        -0.05  (VIOLATED)
   u_ctrl/u_send_cdc/req_tog_src_reg/next_state
                                0.05           0.00 r        -0.05  (VIOLATED)
   u_ctrl/u_send_cdc/req_tog_src_reg/synch_enable
                                0.05           0.00 r        -0.05  (VIOLATED)
   u_ctrl/crc_byte_reg[0]/next_state
                                0.05           0.04 r        -0.01  (VIOLATED)
   u_ctrl/crc_byte_reg[7]/next_state
                                0.05           0.04 r        -0.01  (VIOLATED)
   u_ctrl/crc_byte_reg[1]/next_state
                                0.05           0.04 r        -0.01  (VIOLATED)
   u_ctrl/crc_byte_reg[2]/next_state
                                0.05           0.04 r        -0.01  (VIOLATED)
   u_ctrl/crc_byte_reg[3]/next_state
                                0.05           0.04 r        -0.01  (VIOLATED)
   u_ctrl/crc_byte_reg[4]/next_state
                                0.05           0.04 r        -0.01  (VIOLATED)
   u_ctrl/crc_byte_reg[5]/next_state
                                0.05           0.04 r        -0.01  (VIOLATED)
   u_ctrl/crc_byte_reg[6]/next_state
                                0.05           0.04 r        -0.01  (VIOLATED)


   min_delay/hold ('clk_div4' group)

                             Required        Actual
   Endpoint                 Path Delay     Path Delay        Slack
   -----------------------------------------------------------------
   u_ctrl/start_uart_cmd_reg/next_state
                                0.05           0.00 r        -0.05  (VIOLATED)
   u_ctrl/start_uart_cmd_reg/synch_enable
                                0.05           0.00 r        -0.05  (VIOLATED)
   u_ctrl/tx_active_div4_reg/next_state
                                0.05           0.00 r        -0.05  (VIOLATED)
   u_ctrl/tx_active_div4_reg/synch_enable
                                0.05           0.00 r        -0.05  (VIOLATED)
   u_ctrl/tx_all_started_div4_reg/next_state
                                0.05           0.00 r        -0.05  (VIOLATED)
   u_ctrl/tx_all_started_div4_reg/synch_enable
                                0.05           0.00 r        -0.05  (VIOLATED)
   u_ctrl/tx_buf_data_reg[0]/next_state
                                0.05           0.00 r        -0.05  (VIOLATED)
   u_ctrl/tx_buf_data_reg[0]/synch_enable
                                0.05           0.00 r        -0.05  (VIOLATED)
   u_ctrl/tx_buf_data_reg[1]/next_state
                                0.05           0.00 r        -0.05  (VIOLATED)
   u_ctrl/tx_buf_data_reg[1]/synch_enable
                                0.05           0.00 r        -0.05  (VIOLATED)
   u_ctrl/tx_buf_data_reg[2]/next_state
                                0.05           0.00 r        -0.05  (VIOLATED)
   u_ctrl/tx_buf_data_reg[2]/synch_enable
                                0.05           0.00 r        -0.05  (VIOLATED)
   u_ctrl/tx_buf_data_reg[3]/next_state
                                0.05           0.00 r        -0.05  (VIOLATED)
   u_ctrl/tx_buf_data_reg[3]/synch_enable
                                0.05           0.00 r        -0.05  (VIOLATED)
   u_ctrl/tx_buf_data_reg[4]/next_state
                                0.05           0.00 r        -0.05  (VIOLATED)
   u_ctrl/tx_buf_data_reg[4]/synch_enable
                                0.05           0.00 r        -0.05  (VIOLATED)
   u_ctrl/tx_buf_data_reg[5]/next_state
                                0.05           0.00 r        -0.05  (VIOLATED)
   u_ctrl/tx_buf_data_reg[5]/synch_enable
                                0.05           0.00 r        -0.05  (VIOLATED)
   u_ctrl/tx_buf_data_reg[6]/next_state
                                0.05           0.00 r        -0.05  (VIOLATED)
   u_ctrl/tx_buf_data_reg[6]/synch_enable
                                0.05           0.00 r        -0.05  (VIOLATED)
   u_ctrl/tx_buf_data_reg[7]/next_state
                                0.05           0.00 r        -0.05  (VIOLATED)
   u_ctrl/tx_buf_data_reg[7]/synch_enable
                                0.05           0.00 r        -0.05  (VIOLATED)
   u_ctrl/tx_buf_valid_reg/next_state
                                0.05           0.00 r        -0.05  (VIOLATED)
   u_ctrl/tx_buf_valid_reg/synch_enable
                                0.05           0.00 r        -0.05  (VIOLATED)
   u_ctrl/tx_busy_d_reg/next_state
                                0.05           0.00 r        -0.05  (VIOLATED)
   u_ctrl/tx_byte_ff1_reg[0]/next_state
                                0.05           0.00 r        -0.05  (VIOLATED)
   u_ctrl/tx_byte_ff1_reg[1]/next_state
                                0.05           0.00 r        -0.05  (VIOLATED)
   u_ctrl/tx_byte_ff1_reg[2]/next_state
                                0.05           0.00 r        -0.05  (VIOLATED)
   u_ctrl/tx_byte_ff1_reg[3]/next_state
                                0.05           0.00 r        -0.05  (VIOLATED)
   u_ctrl/tx_byte_ff1_reg[4]/next_state
                                0.05           0.00 r        -0.05  (VIOLATED)
   u_ctrl/tx_byte_ff1_reg[5]/next_state
                                0.05           0.00 r        -0.05  (VIOLATED)
   u_ctrl/tx_byte_ff1_reg[6]/next_state
                                0.05           0.00 r        -0.05  (VIOLATED)
   u_ctrl/tx_byte_ff1_reg[7]/next_state
                                0.05           0.00 r        -0.05  (VIOLATED)
   u_ctrl/tx_byte_ff2_reg[0]/next_state
                                0.05           0.00 r        -0.05  (VIOLATED)
   u_ctrl/tx_byte_ff2_reg[1]/next_state
                                0.05           0.00 r        -0.05  (VIOLATED)
   u_ctrl/tx_byte_ff2_reg[2]/next_state
                                0.05           0.00 r        -0.05  (VIOLATED)
   u_ctrl/tx_byte_ff2_reg[3]/next_state
                                0.05           0.00 r        -0.05  (VIOLATED)
   u_ctrl/tx_byte_ff2_reg[4]/next_state
                                0.05           0.00 r        -0.05  (VIOLATED)
   u_ctrl/tx_byte_ff2_reg[5]/next_state
                                0.05           0.00 r        -0.05  (VIOLATED)
   u_ctrl/tx_byte_ff2_reg[6]/next_state
                                0.05           0.00 r        -0.05  (VIOLATED)
   u_ctrl/tx_byte_ff2_reg[7]/next_state
                                0.05           0.00 r        -0.05  (VIOLATED)
   u_ctrl/tx_cnt_div4_reg[0]/next_state
                                0.05           0.00 r        -0.05  (VIOLATED)
   u_ctrl/tx_cnt_div4_reg[0]/synch_enable
                                0.05           0.00 r        -0.05  (VIOLATED)
   u_ctrl/tx_cnt_div4_reg[1]/next_state
                                0.05           0.00 r        -0.05  (VIOLATED)
   u_ctrl/tx_cnt_div4_reg[1]/synch_enable
                                0.05           0.00 r        -0.05  (VIOLATED)
   u_ctrl/tx_cnt_div4_reg[2]/next_state
                                0.05           0.00 r        -0.05  (VIOLATED)
   u_ctrl/tx_cnt_div4_reg[2]/synch_enable
                                0.05           0.00 r        -0.05  (VIOLATED)
   u_ctrl/tx_cnt_div4_reg[3]/next_state
                                0.05           0.00 r        -0.05  (VIOLATED)
   u_ctrl/tx_cnt_div4_reg[3]/synch_enable
                                0.05           0.00 r        -0.05  (VIOLATED)
   u_ctrl/tx_cnt_div4_reg[4]/next_state
                                0.05           0.00 r        -0.05  (VIOLATED)
   u_ctrl/tx_cnt_div4_reg[4]/synch_enable
                                0.05           0.00 r        -0.05  (VIOLATED)
   u_ctrl/tx_data_reg[0]/next_state
                                0.05           0.00 r        -0.05  (VIOLATED)
   u_ctrl/tx_data_reg[0]/synch_enable
                                0.05           0.00 r        -0.05  (VIOLATED)
   u_ctrl/tx_data_reg[1]/next_state
                                0.05           0.00 r        -0.05  (VIOLATED)
   u_ctrl/tx_data_reg[1]/synch_enable
                                0.05           0.00 r        -0.05  (VIOLATED)
   u_ctrl/tx_data_reg[2]/next_state
                                0.05           0.00 r        -0.05  (VIOLATED)
   u_ctrl/tx_data_reg[2]/synch_enable
                                0.05           0.00 r        -0.05  (VIOLATED)
   u_ctrl/tx_data_reg[3]/next_state
                                0.05           0.00 r        -0.05  (VIOLATED)
   u_ctrl/tx_data_reg[3]/synch_enable
                                0.05           0.00 r        -0.05  (VIOLATED)
   u_ctrl/tx_data_reg[4]/next_state
                                0.05           0.00 r        -0.05  (VIOLATED)
   u_ctrl/tx_data_reg[4]/synch_enable
                                0.05           0.00 r        -0.05  (VIOLATED)
   u_ctrl/tx_data_reg[5]/next_state
                                0.05           0.00 r        -0.05  (VIOLATED)
   u_ctrl/tx_data_reg[5]/synch_enable
                                0.05           0.00 r        -0.05  (VIOLATED)
   u_ctrl/tx_data_reg[6]/next_state
                                0.05           0.00 r        -0.05  (VIOLATED)
   u_ctrl/tx_data_reg[6]/synch_enable
                                0.05           0.00 r        -0.05  (VIOLATED)
   u_ctrl/tx_data_reg[7]/next_state
                                0.05           0.00 r        -0.05  (VIOLATED)
   u_ctrl/tx_data_reg[7]/synch_enable
                                0.05           0.00 r        -0.05  (VIOLATED)
   u_ctrl/tx_done_div4_reg/next_state
                                0.05           0.00 r        -0.05  (VIOLATED)
   u_ctrl/tx_done_div4_reg/synch_enable
                                0.05           0.00 r        -0.05  (VIOLATED)
   u_ctrl/tx_start_reg/next_state
                                0.05           0.00 r        -0.05  (VIOLATED)
   u_ctrl/u_rx/bitpos_reg[0]/next_state
                                0.05           0.00 r        -0.05  (VIOLATED)
   u_ctrl/u_rx/bitpos_reg[0]/synch_enable
                                0.05           0.00 r        -0.05  (VIOLATED)
   u_ctrl/u_rx/bitpos_reg[1]/next_state
                                0.05           0.00 r        -0.05  (VIOLATED)
   u_ctrl/u_rx/bitpos_reg[1]/synch_enable
                                0.05           0.00 r        -0.05  (VIOLATED)
   u_ctrl/u_rx/bitpos_reg[2]/next_state
                                0.05           0.00 r        -0.05  (VIOLATED)
   u_ctrl/u_rx/bitpos_reg[2]/synch_enable
                                0.05           0.00 r        -0.05  (VIOLATED)
   u_ctrl/u_rx/bitpos_reg[3]/next_state
                                0.05           0.00 r        -0.05  (VIOLATED)
   u_ctrl/u_rx/bitpos_reg[3]/synch_enable
                                0.05           0.00 r        -0.05  (VIOLATED)
   u_ctrl/u_rx/busy_reg/next_state
                                0.05           0.00 r        -0.05  (VIOLATED)
   u_ctrl/u_rx/busy_reg/synch_enable
                                0.05           0.00 r        -0.05  (VIOLATED)
   u_ctrl/u_rx/data_shift_reg[0]/next_state
                                0.05           0.00 r        -0.05  (VIOLATED)
   u_ctrl/u_rx/data_shift_reg[0]/synch_enable
                                0.05           0.00 r        -0.05  (VIOLATED)
   u_ctrl/u_rx/data_shift_reg[1]/next_state
                                0.05           0.00 r        -0.05  (VIOLATED)
   u_ctrl/u_rx/data_shift_reg[1]/synch_enable
                                0.05           0.00 r        -0.05  (VIOLATED)
   u_ctrl/u_rx/data_shift_reg[2]/next_state
                                0.05           0.00 r        -0.05  (VIOLATED)
   u_ctrl/u_rx/data_shift_reg[2]/synch_enable
                                0.05           0.00 r        -0.05  (VIOLATED)
   u_ctrl/u_rx/data_shift_reg[3]/next_state
                                0.05           0.00 r        -0.05  (VIOLATED)
   u_ctrl/u_rx/data_shift_reg[3]/synch_enable
                                0.05           0.00 r        -0.05  (VIOLATED)
   u_ctrl/u_rx/data_shift_reg[4]/next_state
                                0.05           0.00 r        -0.05  (VIOLATED)
   u_ctrl/u_rx/data_shift_reg[4]/synch_enable
                                0.05           0.00 r        -0.05  (VIOLATED)
   u_ctrl/u_rx/data_shift_reg[5]/next_state
                                0.05           0.00 r        -0.05  (VIOLATED)
   u_ctrl/u_rx/data_shift_reg[5]/synch_enable
                                0.05           0.00 r        -0.05  (VIOLATED)
   u_ctrl/u_rx/data_shift_reg[6]/next_state
                                0.05           0.00 r        -0.05  (VIOLATED)
   u_ctrl/u_rx/data_shift_reg[6]/synch_enable
                                0.05           0.00 r        -0.05  (VIOLATED)
   u_ctrl/u_rx/data_shift_reg[7]/synch_enable
                                0.05           0.00 r        -0.05  (VIOLATED)
   u_ctrl/u_rx/divcnt_reg[0]/next_state
                                0.05           0.00 r        -0.05  (VIOLATED)
   u_ctrl/u_rx/divcnt_reg[0]/synch_enable
                                0.05           0.00 r        -0.05  (VIOLATED)
   u_ctrl/u_rx/divcnt_reg[1]/next_state
                                0.05           0.00 r        -0.05  (VIOLATED)
   u_ctrl/u_rx/divcnt_reg[1]/synch_enable
                                0.05           0.00 r        -0.05  (VIOLATED)
   u_ctrl/u_rx/divcnt_reg[2]/next_state
                                0.05           0.00 r        -0.05  (VIOLATED)
   u_ctrl/u_rx/divcnt_reg[2]/synch_enable
                                0.05           0.00 r        -0.05  (VIOLATED)
   u_ctrl/u_rx/divcnt_reg[3]/next_state
                                0.05           0.00 r        -0.05  (VIOLATED)
   u_ctrl/u_rx/divcnt_reg[3]/synch_enable
                                0.05           0.00 r        -0.05  (VIOLATED)
   u_ctrl/u_rx/divcnt_reg[4]/next_state
                                0.05           0.00 r        -0.05  (VIOLATED)
   u_ctrl/u_rx/divcnt_reg[4]/synch_enable
                                0.05           0.00 r        -0.05  (VIOLATED)
   u_ctrl/u_rx/divcnt_reg[5]/next_state
                                0.05           0.00 r        -0.05  (VIOLATED)
   u_ctrl/u_rx/divcnt_reg[5]/synch_enable
                                0.05           0.00 r        -0.05  (VIOLATED)
   u_ctrl/u_rx/divcnt_reg[6]/next_state
                                0.05           0.00 r        -0.05  (VIOLATED)
   u_ctrl/u_rx/divcnt_reg[6]/synch_enable
                                0.05           0.00 r        -0.05  (VIOLATED)
   u_ctrl/u_rx/divcnt_reg[7]/next_state
                                0.05           0.00 r        -0.05  (VIOLATED)
   u_ctrl/u_rx/divcnt_reg[7]/synch_enable
                                0.05           0.00 r        -0.05  (VIOLATED)
   u_ctrl/u_rx/divcnt_reg[8]/next_state
                                0.05           0.00 r        -0.05  (VIOLATED)
   u_ctrl/u_rx/divcnt_reg[8]/synch_enable
                                0.05           0.00 r        -0.05  (VIOLATED)
   u_ctrl/u_rx/divcnt_reg[9]/next_state
                                0.05           0.00 r        -0.05  (VIOLATED)
   u_ctrl/u_rx/divcnt_reg[9]/synch_enable
                                0.05           0.00 r        -0.05  (VIOLATED)
   u_ctrl/u_rx/divcnt_reg[10]/next_state
                                0.05           0.00 r        -0.05  (VIOLATED)
   u_ctrl/u_rx/divcnt_reg[10]/synch_enable
                                0.05           0.00 r        -0.05  (VIOLATED)
   u_ctrl/u_rx/divcnt_reg[11]/next_state
                                0.05           0.00 r        -0.05  (VIOLATED)
   u_ctrl/u_rx/divcnt_reg[11]/synch_enable
                                0.05           0.00 r        -0.05  (VIOLATED)
   u_ctrl/u_rx/divcnt_reg[12]/next_state
                                0.05           0.00 r        -0.05  (VIOLATED)
   u_ctrl/u_rx/divcnt_reg[12]/synch_enable
                                0.05           0.00 r        -0.05  (VIOLATED)
   u_ctrl/u_rx/divcnt_reg[13]/next_state
                                0.05           0.00 r        -0.05  (VIOLATED)
   u_ctrl/u_rx/divcnt_reg[13]/synch_enable
                                0.05           0.00 r        -0.05  (VIOLATED)
   u_ctrl/u_rx/divcnt_reg[14]/next_state
                                0.05           0.00 r        -0.05  (VIOLATED)
   u_ctrl/u_rx/divcnt_reg[14]/synch_enable
                                0.05           0.00 r        -0.05  (VIOLATED)
   u_ctrl/u_rx/divcnt_reg[15]/next_state
                                0.05           0.00 r        -0.05  (VIOLATED)
   u_ctrl/u_rx/divcnt_reg[15]/synch_enable
                                0.05           0.00 r        -0.05  (VIOLATED)
   u_ctrl/u_rx/divcnt_reg[16]/next_state
                                0.05           0.00 r        -0.05  (VIOLATED)
   u_ctrl/u_rx/divcnt_reg[16]/synch_enable
                                0.05           0.00 r        -0.05  (VIOLATED)
   u_ctrl/u_rx/divcnt_reg[17]/next_state
                                0.05           0.00 r        -0.05  (VIOLATED)
   u_ctrl/u_rx/divcnt_reg[17]/synch_enable
                                0.05           0.00 r        -0.05  (VIOLATED)
   u_ctrl/u_rx/divcnt_reg[18]/next_state
                                0.05           0.00 r        -0.05  (VIOLATED)
   u_ctrl/u_rx/divcnt_reg[18]/synch_enable
                                0.05           0.00 r        -0.05  (VIOLATED)
   u_ctrl/u_rx/divcnt_reg[19]/next_state
                                0.05           0.00 r        -0.05  (VIOLATED)
   u_ctrl/u_rx/divcnt_reg[19]/synch_enable
                                0.05           0.00 r        -0.05  (VIOLATED)
   u_ctrl/u_rx/divcnt_reg[20]/next_state
                                0.05           0.00 r        -0.05  (VIOLATED)
   u_ctrl/u_rx/divcnt_reg[20]/synch_enable
                                0.05           0.00 r        -0.05  (VIOLATED)
   u_ctrl/u_rx/divcnt_reg[21]/next_state
                                0.05           0.00 r        -0.05  (VIOLATED)
   u_ctrl/u_rx/divcnt_reg[21]/synch_enable
                                0.05           0.00 r        -0.05  (VIOLATED)
   u_ctrl/u_rx/divcnt_reg[22]/next_state
                                0.05           0.00 r        -0.05  (VIOLATED)
   u_ctrl/u_rx/divcnt_reg[22]/synch_enable
                                0.05           0.00 r        -0.05  (VIOLATED)
   u_ctrl/u_rx/divcnt_reg[23]/next_state
                                0.05           0.00 r        -0.05  (VIOLATED)
   u_ctrl/u_rx/divcnt_reg[23]/synch_enable
                                0.05           0.00 r        -0.05  (VIOLATED)
   u_ctrl/u_rx/divcnt_reg[24]/next_state
                                0.05           0.00 r        -0.05  (VIOLATED)
   u_ctrl/u_rx/divcnt_reg[24]/synch_enable
                                0.05           0.00 r        -0.05  (VIOLATED)
   u_ctrl/u_rx/divcnt_reg[25]/next_state
                                0.05           0.00 r        -0.05  (VIOLATED)
   u_ctrl/u_rx/divcnt_reg[25]/synch_enable
                                0.05           0.00 r        -0.05  (VIOLATED)
   u_ctrl/u_rx/divcnt_reg[26]/next_state
                                0.05           0.00 r        -0.05  (VIOLATED)
   u_ctrl/u_rx/divcnt_reg[26]/synch_enable
                                0.05           0.00 r        -0.05  (VIOLATED)
   u_ctrl/u_rx/divcnt_reg[27]/next_state
                                0.05           0.00 r        -0.05  (VIOLATED)
   u_ctrl/u_rx/divcnt_reg[27]/synch_enable
                                0.05           0.00 r        -0.05  (VIOLATED)
   u_ctrl/u_rx/divcnt_reg[28]/next_state
                                0.05           0.00 r        -0.05  (VIOLATED)
   u_ctrl/u_rx/divcnt_reg[28]/synch_enable
                                0.05           0.00 r        -0.05  (VIOLATED)
   u_ctrl/u_rx/divcnt_reg[29]/next_state
                                0.05           0.00 r        -0.05  (VIOLATED)
   u_ctrl/u_rx/divcnt_reg[29]/synch_enable
                                0.05           0.00 r        -0.05  (VIOLATED)
   u_ctrl/u_rx/divcnt_reg[30]/next_state
                                0.05           0.00 r        -0.05  (VIOLATED)
   u_ctrl/u_rx/divcnt_reg[30]/synch_enable
                                0.05           0.00 r        -0.05  (VIOLATED)
   u_ctrl/u_rx/divcnt_reg[31]/next_state
                                0.05           0.00 r        -0.05  (VIOLATED)
   u_ctrl/u_rx/divcnt_reg[31]/synch_enable
                                0.05           0.00 r        -0.05  (VIOLATED)
   u_ctrl/u_rx/rx_data_reg[0]/next_state
                                0.05           0.00 r        -0.05  (VIOLATED)
   u_ctrl/u_rx/rx_data_reg[0]/synch_enable
                                0.05           0.00 r        -0.05  (VIOLATED)
   u_ctrl/u_rx/rx_data_reg[1]/next_state
                                0.05           0.00 r        -0.05  (VIOLATED)
   u_ctrl/u_rx/rx_data_reg[1]/synch_enable
                                0.05           0.00 r        -0.05  (VIOLATED)
   u_ctrl/u_rx/rx_data_reg[2]/next_state
                                0.05           0.00 r        -0.05  (VIOLATED)
   u_ctrl/u_rx/rx_data_reg[2]/synch_enable
                                0.05           0.00 r        -0.05  (VIOLATED)
   u_ctrl/u_rx/rx_data_reg[3]/next_state
                                0.05           0.00 r        -0.05  (VIOLATED)
   u_ctrl/u_rx/rx_data_reg[3]/synch_enable
                                0.05           0.00 r        -0.05  (VIOLATED)
   u_ctrl/u_rx/rx_data_reg[4]/next_state
                                0.05           0.00 r        -0.05  (VIOLATED)
   u_ctrl/u_rx/rx_data_reg[4]/synch_enable
                                0.05           0.00 r        -0.05  (VIOLATED)
   u_ctrl/u_rx/rx_data_reg[5]/next_state
                                0.05           0.00 r        -0.05  (VIOLATED)
   u_ctrl/u_rx/rx_data_reg[5]/synch_enable
                                0.05           0.00 r        -0.05  (VIOLATED)
   u_ctrl/u_rx/rx_data_reg[6]/next_state
                                0.05           0.00 r        -0.05  (VIOLATED)
   u_ctrl/u_rx/rx_data_reg[6]/synch_enable
                                0.05           0.00 r        -0.05  (VIOLATED)
   u_ctrl/u_rx/rx_data_reg[7]/next_state
                                0.05           0.00 r        -0.05  (VIOLATED)
   u_ctrl/u_rx/rx_data_reg[7]/synch_enable
                                0.05           0.00 r        -0.05  (VIOLATED)
   u_ctrl/u_rx/rx_valid_reg/next_state
                                0.05           0.00 r        -0.05  (VIOLATED)
   u_ctrl/u_send_cdc/ack_tog_dst_reg/next_state
                                0.05           0.00 r        -0.05  (VIOLATED)
   u_ctrl/u_send_cdc/ack_tog_dst_reg/synch_enable
                                0.05           0.00 r        -0.05  (VIOLATED)
   u_ctrl/u_send_cdc/pulse_dst_reg/next_state
                                0.05           0.00 r        -0.05  (VIOLATED)
   u_ctrl/u_send_cdc/req_ff1_reg/next_state
                                0.05           0.00 r        -0.05  (VIOLATED)
   u_ctrl/u_send_cdc/req_ff2_reg/next_state
                                0.05           0.00 r        -0.05  (VIOLATED)
   u_ctrl/u_send_cdc/seen_dst_reg/next_state
                                0.05           0.00 r        -0.05  (VIOLATED)
   u_ctrl/u_send_cdc/seen_dst_reg/synch_enable
                                0.05           0.00 r        -0.05  (VIOLATED)
   u_ctrl/u_tx/bitpos_reg[0]/next_state
                                0.05           0.00 r        -0.05  (VIOLATED)
   u_ctrl/u_tx/bitpos_reg[0]/synch_enable
                                0.05           0.00 r        -0.05  (VIOLATED)
   u_ctrl/u_tx/bitpos_reg[1]/next_state
                                0.05           0.00 r        -0.05  (VIOLATED)
   u_ctrl/u_tx/bitpos_reg[1]/synch_enable
                                0.05           0.00 r        -0.05  (VIOLATED)
   u_ctrl/u_tx/bitpos_reg[2]/next_state
                                0.05           0.00 r        -0.05  (VIOLATED)
   u_ctrl/u_tx/bitpos_reg[2]/synch_enable
                                0.05           0.00 r        -0.05  (VIOLATED)
   u_ctrl/u_tx/bitpos_reg[3]/next_state
                                0.05           0.00 r        -0.05  (VIOLATED)
   u_ctrl/u_tx/bitpos_reg[3]/synch_enable
                                0.05           0.00 r        -0.05  (VIOLATED)
   u_ctrl/u_tx/divcnt_reg[0]/next_state
                                0.05           0.00 r        -0.05  (VIOLATED)
   u_ctrl/u_tx/divcnt_reg[0]/synch_enable
                                0.05           0.00 r        -0.05  (VIOLATED)
   u_ctrl/u_tx/divcnt_reg[1]/next_state
                                0.05           0.00 r        -0.05  (VIOLATED)
   u_ctrl/u_tx/divcnt_reg[1]/synch_enable
                                0.05           0.00 r        -0.05  (VIOLATED)
   u_ctrl/u_tx/divcnt_reg[2]/next_state
                                0.05           0.00 r        -0.05  (VIOLATED)
   u_ctrl/u_tx/divcnt_reg[2]/synch_enable
                                0.05           0.00 r        -0.05  (VIOLATED)
   u_ctrl/u_tx/divcnt_reg[3]/next_state
                                0.05           0.00 r        -0.05  (VIOLATED)
   u_ctrl/u_tx/divcnt_reg[3]/synch_enable
                                0.05           0.00 r        -0.05  (VIOLATED)
   u_ctrl/u_tx/divcnt_reg[4]/next_state
                                0.05           0.00 r        -0.05  (VIOLATED)
   u_ctrl/u_tx/divcnt_reg[4]/synch_enable
                                0.05           0.00 r        -0.05  (VIOLATED)
   u_ctrl/u_tx/divcnt_reg[5]/next_state
                                0.05           0.00 r        -0.05  (VIOLATED)
   u_ctrl/u_tx/divcnt_reg[5]/synch_enable
                                0.05           0.00 r        -0.05  (VIOLATED)
   u_ctrl/u_tx/divcnt_reg[6]/next_state
                                0.05           0.00 r        -0.05  (VIOLATED)
   u_ctrl/u_tx/divcnt_reg[6]/synch_enable
                                0.05           0.00 r        -0.05  (VIOLATED)
   u_ctrl/u_tx/divcnt_reg[7]/next_state
                                0.05           0.00 r        -0.05  (VIOLATED)
   u_ctrl/u_tx/divcnt_reg[7]/synch_enable
                                0.05           0.00 r        -0.05  (VIOLATED)
   u_ctrl/u_tx/divcnt_reg[8]/next_state
                                0.05           0.00 r        -0.05  (VIOLATED)
   u_ctrl/u_tx/divcnt_reg[8]/synch_enable
                                0.05           0.00 r        -0.05  (VIOLATED)
   u_ctrl/u_tx/divcnt_reg[9]/next_state
                                0.05           0.00 r        -0.05  (VIOLATED)
   u_ctrl/u_tx/divcnt_reg[9]/synch_enable
                                0.05           0.00 r        -0.05  (VIOLATED)
   u_ctrl/u_tx/divcnt_reg[10]/next_state
                                0.05           0.00 r        -0.05  (VIOLATED)
   u_ctrl/u_tx/divcnt_reg[10]/synch_enable
                                0.05           0.00 r        -0.05  (VIOLATED)
   u_ctrl/u_tx/divcnt_reg[11]/next_state
                                0.05           0.00 r        -0.05  (VIOLATED)
   u_ctrl/u_tx/divcnt_reg[11]/synch_enable
                                0.05           0.00 r        -0.05  (VIOLATED)
   u_ctrl/u_tx/divcnt_reg[12]/next_state
                                0.05           0.00 r        -0.05  (VIOLATED)
   u_ctrl/u_tx/divcnt_reg[12]/synch_enable
                                0.05           0.00 r        -0.05  (VIOLATED)
   u_ctrl/u_tx/divcnt_reg[13]/next_state
                                0.05           0.00 r        -0.05  (VIOLATED)
   u_ctrl/u_tx/divcnt_reg[13]/synch_enable
                                0.05           0.00 r        -0.05  (VIOLATED)
   u_ctrl/u_tx/divcnt_reg[14]/next_state
                                0.05           0.00 r        -0.05  (VIOLATED)
   u_ctrl/u_tx/divcnt_reg[14]/synch_enable
                                0.05           0.00 r        -0.05  (VIOLATED)
   u_ctrl/u_tx/divcnt_reg[15]/next_state
                                0.05           0.00 r        -0.05  (VIOLATED)
   u_ctrl/u_tx/divcnt_reg[15]/synch_enable
                                0.05           0.00 r        -0.05  (VIOLATED)
   u_ctrl/u_tx/divcnt_reg[16]/next_state
                                0.05           0.00 r        -0.05  (VIOLATED)
   u_ctrl/u_tx/divcnt_reg[16]/synch_enable
                                0.05           0.00 r        -0.05  (VIOLATED)
   u_ctrl/u_tx/divcnt_reg[17]/next_state
                                0.05           0.00 r        -0.05  (VIOLATED)
   u_ctrl/u_tx/divcnt_reg[17]/synch_enable
                                0.05           0.00 r        -0.05  (VIOLATED)
   u_ctrl/u_tx/divcnt_reg[18]/next_state
                                0.05           0.00 r        -0.05  (VIOLATED)
   u_ctrl/u_tx/divcnt_reg[18]/synch_enable
                                0.05           0.00 r        -0.05  (VIOLATED)
   u_ctrl/u_tx/divcnt_reg[19]/next_state
                                0.05           0.00 r        -0.05  (VIOLATED)
   u_ctrl/u_tx/divcnt_reg[19]/synch_enable
                                0.05           0.00 r        -0.05  (VIOLATED)
   u_ctrl/u_tx/divcnt_reg[20]/next_state
                                0.05           0.00 r        -0.05  (VIOLATED)
   u_ctrl/u_tx/divcnt_reg[20]/synch_enable
                                0.05           0.00 r        -0.05  (VIOLATED)
   u_ctrl/u_tx/divcnt_reg[21]/next_state
                                0.05           0.00 r        -0.05  (VIOLATED)
   u_ctrl/u_tx/divcnt_reg[21]/synch_enable
                                0.05           0.00 r        -0.05  (VIOLATED)
   u_ctrl/u_tx/divcnt_reg[22]/next_state
                                0.05           0.00 r        -0.05  (VIOLATED)
   u_ctrl/u_tx/divcnt_reg[22]/synch_enable
                                0.05           0.00 r        -0.05  (VIOLATED)
   u_ctrl/u_tx/divcnt_reg[23]/next_state
                                0.05           0.00 r        -0.05  (VIOLATED)
   u_ctrl/u_tx/divcnt_reg[23]/synch_enable
                                0.05           0.00 r        -0.05  (VIOLATED)
   u_ctrl/u_tx/divcnt_reg[24]/next_state
                                0.05           0.00 r        -0.05  (VIOLATED)
   u_ctrl/u_tx/divcnt_reg[24]/synch_enable
                                0.05           0.00 r        -0.05  (VIOLATED)
   u_ctrl/u_tx/divcnt_reg[25]/next_state
                                0.05           0.00 r        -0.05  (VIOLATED)
   u_ctrl/u_tx/divcnt_reg[25]/synch_enable
                                0.05           0.00 r        -0.05  (VIOLATED)
   u_ctrl/u_tx/divcnt_reg[26]/next_state
                                0.05           0.00 r        -0.05  (VIOLATED)
   u_ctrl/u_tx/divcnt_reg[26]/synch_enable
                                0.05           0.00 r        -0.05  (VIOLATED)
   u_ctrl/u_tx/divcnt_reg[27]/next_state
                                0.05           0.00 r        -0.05  (VIOLATED)
   u_ctrl/u_tx/divcnt_reg[27]/synch_enable
                                0.05           0.00 r        -0.05  (VIOLATED)
   u_ctrl/u_tx/divcnt_reg[28]/next_state
                                0.05           0.00 r        -0.05  (VIOLATED)
   u_ctrl/u_tx/divcnt_reg[28]/synch_enable
                                0.05           0.00 r        -0.05  (VIOLATED)
   u_ctrl/u_tx/divcnt_reg[29]/next_state
                                0.05           0.00 r        -0.05  (VIOLATED)
   u_ctrl/u_tx/divcnt_reg[29]/synch_enable
                                0.05           0.00 r        -0.05  (VIOLATED)
   u_ctrl/u_tx/divcnt_reg[30]/next_state
                                0.05           0.00 r        -0.05  (VIOLATED)
   u_ctrl/u_tx/divcnt_reg[30]/synch_enable
                                0.05           0.00 r        -0.05  (VIOLATED)
   u_ctrl/u_tx/divcnt_reg[31]/next_state
                                0.05           0.00 r        -0.05  (VIOLATED)
   u_ctrl/u_tx/divcnt_reg[31]/synch_enable
                                0.05           0.00 r        -0.05  (VIOLATED)
   u_ctrl/u_tx/shifter_reg[0]/next_state
                                0.05           0.00 r        -0.05  (VIOLATED)
   u_ctrl/u_tx/shifter_reg[0]/synch_enable
                                0.05           0.00 r        -0.05  (VIOLATED)
   u_ctrl/u_tx/shifter_reg[1]/next_state
                                0.05           0.00 r        -0.05  (VIOLATED)
   u_ctrl/u_tx/shifter_reg[1]/synch_enable
                                0.05           0.00 r        -0.05  (VIOLATED)
   u_ctrl/u_tx/shifter_reg[2]/next_state
                                0.05           0.00 r        -0.05  (VIOLATED)
   u_ctrl/u_tx/shifter_reg[2]/synch_enable
                                0.05           0.00 r        -0.05  (VIOLATED)
   u_ctrl/u_tx/shifter_reg[3]/next_state
                                0.05           0.00 r        -0.05  (VIOLATED)
   u_ctrl/u_tx/shifter_reg[3]/synch_enable
                                0.05           0.00 r        -0.05  (VIOLATED)
   u_ctrl/u_tx/shifter_reg[4]/next_state
                                0.05           0.00 r        -0.05  (VIOLATED)
   u_ctrl/u_tx/shifter_reg[4]/synch_enable
                                0.05           0.00 r        -0.05  (VIOLATED)
   u_ctrl/u_tx/shifter_reg[5]/next_state
                                0.05           0.00 r        -0.05  (VIOLATED)
   u_ctrl/u_tx/shifter_reg[5]/synch_enable
                                0.05           0.00 r        -0.05  (VIOLATED)
   u_ctrl/u_tx/shifter_reg[6]/next_state
                                0.05           0.00 r        -0.05  (VIOLATED)
   u_ctrl/u_tx/shifter_reg[6]/synch_enable
                                0.05           0.00 r        -0.05  (VIOLATED)
   u_ctrl/u_tx/shifter_reg[7]/next_state
                                0.05           0.00 r        -0.05  (VIOLATED)
   u_ctrl/u_tx/shifter_reg[7]/synch_enable
                                0.05           0.00 r        -0.05  (VIOLATED)
   u_ctrl/u_tx/shifter_reg[8]/next_state
                                0.05           0.00 r        -0.05  (VIOLATED)
   u_ctrl/u_tx/shifter_reg[8]/synch_enable
                                0.05           0.00 r        -0.05  (VIOLATED)
   u_ctrl/u_tx/shifter_reg[9]/synch_enable
                                0.05           0.00 r        -0.05  (VIOLATED)
   u_ctrl/u_tx/tx_busy_reg/next_state
                                0.05           0.00 r        -0.05  (VIOLATED)
   u_ctrl/u_tx/tx_busy_reg/synch_enable
                                0.05           0.00 r        -0.05  (VIOLATED)
   u_ctrl/u_tx/txd_reg/next_state
                                0.05           0.00 r        -0.05  (VIOLATED)
   u_ctrl/u_tx/txd_reg/synch_enable
                                0.05           0.00 r        -0.05  (VIOLATED)
   u_div8/clk_out_reg/next_state
                                0.05           0.00 r        -0.05  (VIOLATED)


   min_delay/hold ('clk_fast' group)

                             Required        Actual
   Endpoint                 Path Delay     Path Delay        Slack
   -----------------------------------------------------------------
   u_ctrl/aes_clk_req_reg/next_state
                                0.05           0.00 r        -0.05  (VIOLATED)
   u_ctrl/aes_clk_req_reg/synch_enable
                                0.05           0.00 r        -0.05  (VIOLATED)
   u_ctrl/aes_done_ff1_reg/next_state
                                0.05           0.00 r        -0.05  (VIOLATED)
   u_ctrl/aes_start_reg/next_state
                                0.05           0.00 r        -0.05  (VIOLATED)
   u_ctrl/aes_start_reg/synch_enable
                                0.05           0.00 r        -0.05  (VIOLATED)
   u_ctrl/crc_done_hold_reg/next_state
                                0.05           0.00 r        -0.05  (VIOLATED)
   u_ctrl/crc_done_hold_reg/synch_enable
                                0.05           0.00 r        -0.05  (VIOLATED)
   u_ctrl/crc_ff1_reg/next_state
                                0.05           0.00 r        -0.05  (VIOLATED)
   u_ctrl/crc_ff2_reg/next_state
                                0.05           0.00 r        -0.05  (VIOLATED)
   u_ctrl/ct_hold_fast_reg[0]/next_state
                                0.05           0.00 r        -0.05  (VIOLATED)
   u_ctrl/ct_hold_fast_reg[0]/synch_enable
                                0.05           0.00 r        -0.05  (VIOLATED)
   u_ctrl/ct_hold_fast_reg[1]/next_state
                                0.05           0.00 r        -0.05  (VIOLATED)
   u_ctrl/ct_hold_fast_reg[1]/synch_enable
                                0.05           0.00 r        -0.05  (VIOLATED)
   u_ctrl/ct_hold_fast_reg[2]/next_state
                                0.05           0.00 r        -0.05  (VIOLATED)
   u_ctrl/ct_hold_fast_reg[2]/synch_enable
                                0.05           0.00 r        -0.05  (VIOLATED)
   u_ctrl/ct_hold_fast_reg[3]/next_state
                                0.05           0.00 r        -0.05  (VIOLATED)
   u_ctrl/ct_hold_fast_reg[3]/synch_enable
                                0.05           0.00 r        -0.05  (VIOLATED)
   u_ctrl/ct_hold_fast_reg[4]/next_state
                                0.05           0.00 r        -0.05  (VIOLATED)
   u_ctrl/ct_hold_fast_reg[4]/synch_enable
                                0.05           0.00 r        -0.05  (VIOLATED)
   u_ctrl/ct_hold_fast_reg[5]/next_state
                                0.05           0.00 r        -0.05  (VIOLATED)
   u_ctrl/ct_hold_fast_reg[5]/synch_enable
                                0.05           0.00 r        -0.05  (VIOLATED)
   u_ctrl/ct_hold_fast_reg[6]/next_state
                                0.05           0.00 r        -0.05  (VIOLATED)
   u_ctrl/ct_hold_fast_reg[6]/synch_enable
                                0.05           0.00 r        -0.05  (VIOLATED)
   u_ctrl/ct_hold_fast_reg[7]/next_state
                                0.05           0.00 r        -0.05  (VIOLATED)
   u_ctrl/ct_hold_fast_reg[7]/synch_enable
                                0.05           0.00 r        -0.05  (VIOLATED)
   u_ctrl/ct_hold_fast_reg[8]/next_state
                                0.05           0.00 r        -0.05  (VIOLATED)
   u_ctrl/ct_hold_fast_reg[8]/synch_enable
                                0.05           0.00 r        -0.05  (VIOLATED)
   u_ctrl/ct_hold_fast_reg[9]/next_state
                                0.05           0.00 r        -0.05  (VIOLATED)
   u_ctrl/ct_hold_fast_reg[9]/synch_enable
                                0.05           0.00 r        -0.05  (VIOLATED)
   u_ctrl/ct_hold_fast_reg[10]/next_state
                                0.05           0.00 r        -0.05  (VIOLATED)
   u_ctrl/ct_hold_fast_reg[10]/synch_enable
                                0.05           0.00 r        -0.05  (VIOLATED)
   u_ctrl/ct_hold_fast_reg[11]/next_state
                                0.05           0.00 r        -0.05  (VIOLATED)
   u_ctrl/ct_hold_fast_reg[11]/synch_enable
                                0.05           0.00 r        -0.05  (VIOLATED)
   u_ctrl/ct_hold_fast_reg[12]/next_state
                                0.05           0.00 r        -0.05  (VIOLATED)
   u_ctrl/ct_hold_fast_reg[12]/synch_enable
                                0.05           0.00 r        -0.05  (VIOLATED)
   u_ctrl/ct_hold_fast_reg[13]/next_state
                                0.05           0.00 r        -0.05  (VIOLATED)
   u_ctrl/ct_hold_fast_reg[13]/synch_enable
                                0.05           0.00 r        -0.05  (VIOLATED)
   u_ctrl/ct_hold_fast_reg[14]/next_state
                                0.05           0.00 r        -0.05  (VIOLATED)
   u_ctrl/ct_hold_fast_reg[14]/synch_enable
                                0.05           0.00 r        -0.05  (VIOLATED)
   u_ctrl/ct_hold_fast_reg[15]/next_state
                                0.05           0.00 r        -0.05  (VIOLATED)
   u_ctrl/ct_hold_fast_reg[15]/synch_enable
                                0.05           0.00 r        -0.05  (VIOLATED)
   u_ctrl/ct_hold_fast_reg[16]/next_state
                                0.05           0.00 r        -0.05  (VIOLATED)
   u_ctrl/ct_hold_fast_reg[16]/synch_enable
                                0.05           0.00 r        -0.05  (VIOLATED)
   u_ctrl/ct_hold_fast_reg[17]/next_state
                                0.05           0.00 r        -0.05  (VIOLATED)
   u_ctrl/ct_hold_fast_reg[17]/synch_enable
                                0.05           0.00 r        -0.05  (VIOLATED)
   u_ctrl/ct_hold_fast_reg[18]/next_state
                                0.05           0.00 r        -0.05  (VIOLATED)
   u_ctrl/ct_hold_fast_reg[18]/synch_enable
                                0.05           0.00 r        -0.05  (VIOLATED)
   u_ctrl/ct_hold_fast_reg[19]/next_state
                                0.05           0.00 r        -0.05  (VIOLATED)
   u_ctrl/ct_hold_fast_reg[19]/synch_enable
                                0.05           0.00 r        -0.05  (VIOLATED)
   u_ctrl/ct_hold_fast_reg[20]/next_state
                                0.05           0.00 r        -0.05  (VIOLATED)
   u_ctrl/ct_hold_fast_reg[20]/synch_enable
                                0.05           0.00 r        -0.05  (VIOLATED)
   u_ctrl/ct_hold_fast_reg[21]/next_state
                                0.05           0.00 r        -0.05  (VIOLATED)
   u_ctrl/ct_hold_fast_reg[21]/synch_enable
                                0.05           0.00 r        -0.05  (VIOLATED)
   u_ctrl/ct_hold_fast_reg[22]/next_state
                                0.05           0.00 r        -0.05  (VIOLATED)
   u_ctrl/ct_hold_fast_reg[22]/synch_enable
                                0.05           0.00 r        -0.05  (VIOLATED)
   u_ctrl/ct_hold_fast_reg[23]/next_state
                                0.05           0.00 r        -0.05  (VIOLATED)
   u_ctrl/ct_hold_fast_reg[23]/synch_enable
                                0.05           0.00 r        -0.05  (VIOLATED)
   u_ctrl/ct_hold_fast_reg[24]/next_state
                                0.05           0.00 r        -0.05  (VIOLATED)
   u_ctrl/ct_hold_fast_reg[24]/synch_enable
                                0.05           0.00 r        -0.05  (VIOLATED)
   u_ctrl/ct_hold_fast_reg[25]/next_state
                                0.05           0.00 r        -0.05  (VIOLATED)
   u_ctrl/ct_hold_fast_reg[25]/synch_enable
                                0.05           0.00 r        -0.05  (VIOLATED)
   u_ctrl/ct_hold_fast_reg[26]/next_state
                                0.05           0.00 r        -0.05  (VIOLATED)
   u_ctrl/ct_hold_fast_reg[26]/synch_enable
                                0.05           0.00 r        -0.05  (VIOLATED)
   u_ctrl/ct_hold_fast_reg[27]/next_state
                                0.05           0.00 r        -0.05  (VIOLATED)
   u_ctrl/ct_hold_fast_reg[27]/synch_enable
                                0.05           0.00 r        -0.05  (VIOLATED)
   u_ctrl/ct_hold_fast_reg[28]/next_state
                                0.05           0.00 r        -0.05  (VIOLATED)
   u_ctrl/ct_hold_fast_reg[28]/synch_enable
                                0.05           0.00 r        -0.05  (VIOLATED)
   u_ctrl/ct_hold_fast_reg[29]/next_state
                                0.05           0.00 r        -0.05  (VIOLATED)
   u_ctrl/ct_hold_fast_reg[29]/synch_enable
                                0.05           0.00 r        -0.05  (VIOLATED)
   u_ctrl/ct_hold_fast_reg[30]/next_state
                                0.05           0.00 r        -0.05  (VIOLATED)
   u_ctrl/ct_hold_fast_reg[30]/synch_enable
                                0.05           0.00 r        -0.05  (VIOLATED)
   u_ctrl/ct_hold_fast_reg[31]/next_state
                                0.05           0.00 r        -0.05  (VIOLATED)
   u_ctrl/ct_hold_fast_reg[31]/synch_enable
                                0.05           0.00 r        -0.05  (VIOLATED)
   u_ctrl/ct_hold_fast_reg[32]/next_state
                                0.05           0.00 r        -0.05  (VIOLATED)
   u_ctrl/ct_hold_fast_reg[32]/synch_enable
                                0.05           0.00 r        -0.05  (VIOLATED)
   u_ctrl/ct_hold_fast_reg[33]/next_state
                                0.05           0.00 r        -0.05  (VIOLATED)
   u_ctrl/ct_hold_fast_reg[33]/synch_enable
                                0.05           0.00 r        -0.05  (VIOLATED)
   u_ctrl/ct_hold_fast_reg[34]/next_state
                                0.05           0.00 r        -0.05  (VIOLATED)
   u_ctrl/ct_hold_fast_reg[34]/synch_enable
                                0.05           0.00 r        -0.05  (VIOLATED)
   u_ctrl/ct_hold_fast_reg[35]/next_state
                                0.05           0.00 r        -0.05  (VIOLATED)
   u_ctrl/ct_hold_fast_reg[35]/synch_enable
                                0.05           0.00 r        -0.05  (VIOLATED)
   u_ctrl/ct_hold_fast_reg[36]/next_state
                                0.05           0.00 r        -0.05  (VIOLATED)
   u_ctrl/ct_hold_fast_reg[36]/synch_enable
                                0.05           0.00 r        -0.05  (VIOLATED)
   u_ctrl/ct_hold_fast_reg[37]/next_state
                                0.05           0.00 r        -0.05  (VIOLATED)
   u_ctrl/ct_hold_fast_reg[37]/synch_enable
                                0.05           0.00 r        -0.05  (VIOLATED)
   u_ctrl/ct_hold_fast_reg[38]/next_state
                                0.05           0.00 r        -0.05  (VIOLATED)
   u_ctrl/ct_hold_fast_reg[38]/synch_enable
                                0.05           0.00 r        -0.05  (VIOLATED)
   u_ctrl/ct_hold_fast_reg[39]/next_state
                                0.05           0.00 r        -0.05  (VIOLATED)
   u_ctrl/ct_hold_fast_reg[39]/synch_enable
                                0.05           0.00 r        -0.05  (VIOLATED)
   u_ctrl/ct_hold_fast_reg[40]/next_state
                                0.05           0.00 r        -0.05  (VIOLATED)
   u_ctrl/ct_hold_fast_reg[40]/synch_enable
                                0.05           0.00 r        -0.05  (VIOLATED)
   u_ctrl/ct_hold_fast_reg[41]/next_state
                                0.05           0.00 r        -0.05  (VIOLATED)
   u_ctrl/ct_hold_fast_reg[41]/synch_enable
                                0.05           0.00 r        -0.05  (VIOLATED)
   u_ctrl/ct_hold_fast_reg[42]/next_state
                                0.05           0.00 r        -0.05  (VIOLATED)
   u_ctrl/ct_hold_fast_reg[42]/synch_enable
                                0.05           0.00 r        -0.05  (VIOLATED)
   u_ctrl/ct_hold_fast_reg[43]/next_state
                                0.05           0.00 r        -0.05  (VIOLATED)
   u_ctrl/ct_hold_fast_reg[43]/synch_enable
                                0.05           0.00 r        -0.05  (VIOLATED)
   u_ctrl/ct_hold_fast_reg[44]/next_state
                                0.05           0.00 r        -0.05  (VIOLATED)
   u_ctrl/ct_hold_fast_reg[44]/synch_enable
                                0.05           0.00 r        -0.05  (VIOLATED)
   u_ctrl/ct_hold_fast_reg[45]/next_state
                                0.05           0.00 r        -0.05  (VIOLATED)
   u_ctrl/ct_hold_fast_reg[45]/synch_enable
                                0.05           0.00 r        -0.05  (VIOLATED)
   u_ctrl/ct_hold_fast_reg[46]/next_state
                                0.05           0.00 r        -0.05  (VIOLATED)
   u_ctrl/ct_hold_fast_reg[46]/synch_enable
                                0.05           0.00 r        -0.05  (VIOLATED)
   u_ctrl/ct_hold_fast_reg[47]/next_state
                                0.05           0.00 r        -0.05  (VIOLATED)
   u_ctrl/ct_hold_fast_reg[47]/synch_enable
                                0.05           0.00 r        -0.05  (VIOLATED)
   u_ctrl/ct_hold_fast_reg[48]/next_state
                                0.05           0.00 r        -0.05  (VIOLATED)
   u_ctrl/ct_hold_fast_reg[48]/synch_enable
                                0.05           0.00 r        -0.05  (VIOLATED)
   u_ctrl/ct_hold_fast_reg[49]/next_state
                                0.05           0.00 r        -0.05  (VIOLATED)
   u_ctrl/ct_hold_fast_reg[49]/synch_enable
                                0.05           0.00 r        -0.05  (VIOLATED)
   u_ctrl/ct_hold_fast_reg[50]/next_state
                                0.05           0.00 r        -0.05  (VIOLATED)
   u_ctrl/ct_hold_fast_reg[50]/synch_enable
                                0.05           0.00 r        -0.05  (VIOLATED)
   u_ctrl/ct_hold_fast_reg[51]/next_state
                                0.05           0.00 r        -0.05  (VIOLATED)
   u_ctrl/ct_hold_fast_reg[51]/synch_enable
                                0.05           0.00 r        -0.05  (VIOLATED)
   u_ctrl/ct_hold_fast_reg[52]/next_state
                                0.05           0.00 r        -0.05  (VIOLATED)
   u_ctrl/ct_hold_fast_reg[52]/synch_enable
                                0.05           0.00 r        -0.05  (VIOLATED)
   u_ctrl/ct_hold_fast_reg[53]/next_state
                                0.05           0.00 r        -0.05  (VIOLATED)
   u_ctrl/ct_hold_fast_reg[53]/synch_enable
                                0.05           0.00 r        -0.05  (VIOLATED)
   u_ctrl/ct_hold_fast_reg[54]/next_state
                                0.05           0.00 r        -0.05  (VIOLATED)
   u_ctrl/ct_hold_fast_reg[54]/synch_enable
                                0.05           0.00 r        -0.05  (VIOLATED)
   u_ctrl/ct_hold_fast_reg[55]/next_state
                                0.05           0.00 r        -0.05  (VIOLATED)
   u_ctrl/ct_hold_fast_reg[55]/synch_enable
                                0.05           0.00 r        -0.05  (VIOLATED)
   u_ctrl/ct_hold_fast_reg[56]/next_state
                                0.05           0.00 r        -0.05  (VIOLATED)
   u_ctrl/ct_hold_fast_reg[56]/synch_enable
                                0.05           0.00 r        -0.05  (VIOLATED)
   u_ctrl/ct_hold_fast_reg[57]/next_state
                                0.05           0.00 r        -0.05  (VIOLATED)
   u_ctrl/ct_hold_fast_reg[57]/synch_enable
                                0.05           0.00 r        -0.05  (VIOLATED)
   u_ctrl/ct_hold_fast_reg[58]/next_state
                                0.05           0.00 r        -0.05  (VIOLATED)
   u_ctrl/ct_hold_fast_reg[58]/synch_enable
                                0.05           0.00 r        -0.05  (VIOLATED)
   u_ctrl/ct_hold_fast_reg[59]/next_state
                                0.05           0.00 r        -0.05  (VIOLATED)
   u_ctrl/ct_hold_fast_reg[59]/synch_enable
                                0.05           0.00 r        -0.05  (VIOLATED)
   u_ctrl/ct_hold_fast_reg[60]/next_state
                                0.05           0.00 r        -0.05  (VIOLATED)
   u_ctrl/ct_hold_fast_reg[60]/synch_enable
                                0.05           0.00 r        -0.05  (VIOLATED)
   u_ctrl/ct_hold_fast_reg[61]/next_state
                                0.05           0.00 r        -0.05  (VIOLATED)
   u_ctrl/ct_hold_fast_reg[61]/synch_enable
                                0.05           0.00 r        -0.05  (VIOLATED)
   u_ctrl/ct_hold_fast_reg[62]/next_state
                                0.05           0.00 r        -0.05  (VIOLATED)
   u_ctrl/ct_hold_fast_reg[62]/synch_enable
                                0.05           0.00 r        -0.05  (VIOLATED)
   u_ctrl/ct_hold_fast_reg[63]/next_state
                                0.05           0.00 r        -0.05  (VIOLATED)
   u_ctrl/ct_hold_fast_reg[63]/synch_enable
                                0.05           0.00 r        -0.05  (VIOLATED)
   u_ctrl/ct_hold_fast_reg[64]/next_state
                                0.05           0.00 r        -0.05  (VIOLATED)
   u_ctrl/ct_hold_fast_reg[64]/synch_enable
                                0.05           0.00 r        -0.05  (VIOLATED)
   u_ctrl/ct_hold_fast_reg[65]/next_state
                                0.05           0.00 r        -0.05  (VIOLATED)
   u_ctrl/ct_hold_fast_reg[65]/synch_enable
                                0.05           0.00 r        -0.05  (VIOLATED)
   u_ctrl/ct_hold_fast_reg[66]/next_state
                                0.05           0.00 r        -0.05  (VIOLATED)
   u_ctrl/ct_hold_fast_reg[66]/synch_enable
                                0.05           0.00 r        -0.05  (VIOLATED)
   u_ctrl/ct_hold_fast_reg[67]/next_state
                                0.05           0.00 r        -0.05  (VIOLATED)
   u_ctrl/ct_hold_fast_reg[67]/synch_enable
                                0.05           0.00 r        -0.05  (VIOLATED)
   u_ctrl/ct_hold_fast_reg[68]/next_state
                                0.05           0.00 r        -0.05  (VIOLATED)
   u_ctrl/ct_hold_fast_reg[68]/synch_enable
                                0.05           0.00 r        -0.05  (VIOLATED)
   u_ctrl/ct_hold_fast_reg[69]/next_state
                                0.05           0.00 r        -0.05  (VIOLATED)
   u_ctrl/ct_hold_fast_reg[69]/synch_enable
                                0.05           0.00 r        -0.05  (VIOLATED)
   u_ctrl/ct_hold_fast_reg[70]/next_state
                                0.05           0.00 r        -0.05  (VIOLATED)
   u_ctrl/ct_hold_fast_reg[70]/synch_enable
                                0.05           0.00 r        -0.05  (VIOLATED)
   u_ctrl/ct_hold_fast_reg[71]/next_state
                                0.05           0.00 r        -0.05  (VIOLATED)
   u_ctrl/ct_hold_fast_reg[71]/synch_enable
                                0.05           0.00 r        -0.05  (VIOLATED)
   u_ctrl/ct_hold_fast_reg[72]/next_state
                                0.05           0.00 r        -0.05  (VIOLATED)
   u_ctrl/ct_hold_fast_reg[72]/synch_enable
                                0.05           0.00 r        -0.05  (VIOLATED)
   u_ctrl/ct_hold_fast_reg[73]/next_state
                                0.05           0.00 r        -0.05  (VIOLATED)
   u_ctrl/ct_hold_fast_reg[73]/synch_enable
                                0.05           0.00 r        -0.05  (VIOLATED)
   u_ctrl/ct_hold_fast_reg[74]/next_state
                                0.05           0.00 r        -0.05  (VIOLATED)
   u_ctrl/ct_hold_fast_reg[74]/synch_enable
                                0.05           0.00 r        -0.05  (VIOLATED)
   u_ctrl/ct_hold_fast_reg[75]/next_state
                                0.05           0.00 r        -0.05  (VIOLATED)
   u_ctrl/ct_hold_fast_reg[75]/synch_enable
                                0.05           0.00 r        -0.05  (VIOLATED)
   u_ctrl/ct_hold_fast_reg[76]/next_state
                                0.05           0.00 r        -0.05  (VIOLATED)
   u_ctrl/ct_hold_fast_reg[76]/synch_enable
                                0.05           0.00 r        -0.05  (VIOLATED)
   u_ctrl/ct_hold_fast_reg[77]/next_state
                                0.05           0.00 r        -0.05  (VIOLATED)
   u_ctrl/ct_hold_fast_reg[77]/synch_enable
                                0.05           0.00 r        -0.05  (VIOLATED)
   u_ctrl/ct_hold_fast_reg[78]/next_state
                                0.05           0.00 r        -0.05  (VIOLATED)
   u_ctrl/ct_hold_fast_reg[78]/synch_enable
                                0.05           0.00 r        -0.05  (VIOLATED)
   u_ctrl/ct_hold_fast_reg[79]/next_state
                                0.05           0.00 r        -0.05  (VIOLATED)
   u_ctrl/ct_hold_fast_reg[79]/synch_enable
                                0.05           0.00 r        -0.05  (VIOLATED)
   u_ctrl/ct_hold_fast_reg[80]/next_state
                                0.05           0.00 r        -0.05  (VIOLATED)
   u_ctrl/ct_hold_fast_reg[80]/synch_enable
                                0.05           0.00 r        -0.05  (VIOLATED)
   u_ctrl/ct_hold_fast_reg[81]/next_state
                                0.05           0.00 r        -0.05  (VIOLATED)
   u_ctrl/ct_hold_fast_reg[81]/synch_enable
                                0.05           0.00 r        -0.05  (VIOLATED)
   u_ctrl/ct_hold_fast_reg[82]/next_state
                                0.05           0.00 r        -0.05  (VIOLATED)
   u_ctrl/ct_hold_fast_reg[82]/synch_enable
                                0.05           0.00 r        -0.05  (VIOLATED)
   u_ctrl/ct_hold_fast_reg[83]/next_state
                                0.05           0.00 r        -0.05  (VIOLATED)
   u_ctrl/ct_hold_fast_reg[83]/synch_enable
                                0.05           0.00 r        -0.05  (VIOLATED)
   u_ctrl/ct_hold_fast_reg[84]/next_state
                                0.05           0.00 r        -0.05  (VIOLATED)
   u_ctrl/ct_hold_fast_reg[84]/synch_enable
                                0.05           0.00 r        -0.05  (VIOLATED)
   u_ctrl/ct_hold_fast_reg[85]/next_state
                                0.05           0.00 r        -0.05  (VIOLATED)
   u_ctrl/ct_hold_fast_reg[85]/synch_enable
                                0.05           0.00 r        -0.05  (VIOLATED)
   u_ctrl/ct_hold_fast_reg[86]/next_state
                                0.05           0.00 r        -0.05  (VIOLATED)
   u_ctrl/ct_hold_fast_reg[86]/synch_enable
                                0.05           0.00 r        -0.05  (VIOLATED)
   u_ctrl/ct_hold_fast_reg[87]/next_state
                                0.05           0.00 r        -0.05  (VIOLATED)
   u_ctrl/ct_hold_fast_reg[87]/synch_enable
                                0.05           0.00 r        -0.05  (VIOLATED)
   u_ctrl/ct_hold_fast_reg[88]/next_state
                                0.05           0.00 r        -0.05  (VIOLATED)
   u_ctrl/ct_hold_fast_reg[88]/synch_enable
                                0.05           0.00 r        -0.05  (VIOLATED)
   u_ctrl/ct_hold_fast_reg[89]/next_state
                                0.05           0.00 r        -0.05  (VIOLATED)
   u_ctrl/ct_hold_fast_reg[89]/synch_enable
                                0.05           0.00 r        -0.05  (VIOLATED)
   u_ctrl/ct_hold_fast_reg[90]/next_state
                                0.05           0.00 r        -0.05  (VIOLATED)
   u_ctrl/ct_hold_fast_reg[90]/synch_enable
                                0.05           0.00 r        -0.05  (VIOLATED)
   u_ctrl/ct_hold_fast_reg[91]/next_state
                                0.05           0.00 r        -0.05  (VIOLATED)
   u_ctrl/ct_hold_fast_reg[91]/synch_enable
                                0.05           0.00 r        -0.05  (VIOLATED)
   u_ctrl/ct_hold_fast_reg[92]/next_state
                                0.05           0.00 r        -0.05  (VIOLATED)
   u_ctrl/ct_hold_fast_reg[92]/synch_enable
                                0.05           0.00 r        -0.05  (VIOLATED)
   u_ctrl/ct_hold_fast_reg[93]/next_state
                                0.05           0.00 r        -0.05  (VIOLATED)
   u_ctrl/ct_hold_fast_reg[93]/synch_enable
                                0.05           0.00 r        -0.05  (VIOLATED)
   u_ctrl/ct_hold_fast_reg[94]/next_state
                                0.05           0.00 r        -0.05  (VIOLATED)
   u_ctrl/ct_hold_fast_reg[94]/synch_enable
                                0.05           0.00 r        -0.05  (VIOLATED)
   u_ctrl/ct_hold_fast_reg[95]/next_state
                                0.05           0.00 r        -0.05  (VIOLATED)
   u_ctrl/ct_hold_fast_reg[95]/synch_enable
                                0.05           0.00 r        -0.05  (VIOLATED)
   u_ctrl/ct_hold_fast_reg[96]/next_state
                                0.05           0.00 r        -0.05  (VIOLATED)
   u_ctrl/ct_hold_fast_reg[96]/synch_enable
                                0.05           0.00 r        -0.05  (VIOLATED)
   u_ctrl/ct_hold_fast_reg[97]/next_state
                                0.05           0.00 r        -0.05  (VIOLATED)
   u_ctrl/ct_hold_fast_reg[97]/synch_enable
                                0.05           0.00 r        -0.05  (VIOLATED)
   u_ctrl/ct_hold_fast_reg[98]/next_state
                                0.05           0.00 r        -0.05  (VIOLATED)
   u_ctrl/ct_hold_fast_reg[98]/synch_enable
                                0.05           0.00 r        -0.05  (VIOLATED)
   u_ctrl/ct_hold_fast_reg[99]/next_state
                                0.05           0.00 r        -0.05  (VIOLATED)
   u_ctrl/ct_hold_fast_reg[99]/synch_enable
                                0.05           0.00 r        -0.05  (VIOLATED)
   u_ctrl/ct_hold_fast_reg[100]/next_state
                                0.05           0.00 r        -0.05  (VIOLATED)
   u_ctrl/ct_hold_fast_reg[100]/synch_enable
                                0.05           0.00 r        -0.05  (VIOLATED)
   u_ctrl/ct_hold_fast_reg[101]/next_state
                                0.05           0.00 r        -0.05  (VIOLATED)
   u_ctrl/ct_hold_fast_reg[101]/synch_enable
                                0.05           0.00 r        -0.05  (VIOLATED)
   u_ctrl/ct_hold_fast_reg[102]/next_state
                                0.05           0.00 r        -0.05  (VIOLATED)
   u_ctrl/ct_hold_fast_reg[102]/synch_enable
                                0.05           0.00 r        -0.05  (VIOLATED)
   u_ctrl/ct_hold_fast_reg[103]/next_state
                                0.05           0.00 r        -0.05  (VIOLATED)
   u_ctrl/ct_hold_fast_reg[103]/synch_enable
                                0.05           0.00 r        -0.05  (VIOLATED)
   u_ctrl/ct_hold_fast_reg[104]/next_state
                                0.05           0.00 r        -0.05  (VIOLATED)
   u_ctrl/ct_hold_fast_reg[104]/synch_enable
                                0.05           0.00 r        -0.05  (VIOLATED)
   u_ctrl/ct_hold_fast_reg[105]/next_state
                                0.05           0.00 r        -0.05  (VIOLATED)
   u_ctrl/ct_hold_fast_reg[105]/synch_enable
                                0.05           0.00 r        -0.05  (VIOLATED)
   u_ctrl/ct_hold_fast_reg[106]/next_state
                                0.05           0.00 r        -0.05  (VIOLATED)
   u_ctrl/ct_hold_fast_reg[106]/synch_enable
                                0.05           0.00 r        -0.05  (VIOLATED)
   u_ctrl/ct_hold_fast_reg[107]/next_state
                                0.05           0.00 r        -0.05  (VIOLATED)
   u_ctrl/ct_hold_fast_reg[107]/synch_enable
                                0.05           0.00 r        -0.05  (VIOLATED)
   u_ctrl/ct_hold_fast_reg[108]/next_state
                                0.05           0.00 r        -0.05  (VIOLATED)
   u_ctrl/ct_hold_fast_reg[108]/synch_enable
                                0.05           0.00 r        -0.05  (VIOLATED)
   u_ctrl/ct_hold_fast_reg[109]/next_state
                                0.05           0.00 r        -0.05  (VIOLATED)
   u_ctrl/ct_hold_fast_reg[109]/synch_enable
                                0.05           0.00 r        -0.05  (VIOLATED)
   u_ctrl/ct_hold_fast_reg[110]/next_state
                                0.05           0.00 r        -0.05  (VIOLATED)
   u_ctrl/ct_hold_fast_reg[110]/synch_enable
                                0.05           0.00 r        -0.05  (VIOLATED)
   u_ctrl/ct_hold_fast_reg[111]/next_state
                                0.05           0.00 r        -0.05  (VIOLATED)
   u_ctrl/ct_hold_fast_reg[111]/synch_enable
                                0.05           0.00 r        -0.05  (VIOLATED)
   u_ctrl/ct_hold_fast_reg[112]/next_state
                                0.05           0.00 r        -0.05  (VIOLATED)
   u_ctrl/ct_hold_fast_reg[112]/synch_enable
                                0.05           0.00 r        -0.05  (VIOLATED)
   u_ctrl/ct_hold_fast_reg[113]/next_state
                                0.05           0.00 r        -0.05  (VIOLATED)
   u_ctrl/ct_hold_fast_reg[113]/synch_enable
                                0.05           0.00 r        -0.05  (VIOLATED)
   u_ctrl/ct_hold_fast_reg[114]/next_state
                                0.05           0.00 r        -0.05  (VIOLATED)
   u_ctrl/ct_hold_fast_reg[114]/synch_enable
                                0.05           0.00 r        -0.05  (VIOLATED)
   u_ctrl/ct_hold_fast_reg[115]/next_state
                                0.05           0.00 r        -0.05  (VIOLATED)
   u_ctrl/ct_hold_fast_reg[115]/synch_enable
                                0.05           0.00 r        -0.05  (VIOLATED)
   u_ctrl/ct_hold_fast_reg[116]/next_state
                                0.05           0.00 r        -0.05  (VIOLATED)
   u_ctrl/ct_hold_fast_reg[116]/synch_enable
                                0.05           0.00 r        -0.05  (VIOLATED)
   u_ctrl/ct_hold_fast_reg[117]/next_state
                                0.05           0.00 r        -0.05  (VIOLATED)
   u_ctrl/ct_hold_fast_reg[117]/synch_enable
                                0.05           0.00 r        -0.05  (VIOLATED)
   u_ctrl/ct_hold_fast_reg[118]/next_state
                                0.05           0.00 r        -0.05  (VIOLATED)
   u_ctrl/ct_hold_fast_reg[118]/synch_enable
                                0.05           0.00 r        -0.05  (VIOLATED)
   u_ctrl/ct_hold_fast_reg[119]/next_state
                                0.05           0.00 r        -0.05  (VIOLATED)
   u_ctrl/ct_hold_fast_reg[119]/synch_enable
                                0.05           0.00 r        -0.05  (VIOLATED)
   u_ctrl/ct_hold_fast_reg[120]/next_state
                                0.05           0.00 r        -0.05  (VIOLATED)
   u_ctrl/ct_hold_fast_reg[120]/synch_enable
                                0.05           0.00 r        -0.05  (VIOLATED)
   u_ctrl/ct_hold_fast_reg[121]/next_state
                                0.05           0.00 r        -0.05  (VIOLATED)
   u_ctrl/ct_hold_fast_reg[121]/synch_enable
                                0.05           0.00 r        -0.05  (VIOLATED)
   u_ctrl/ct_hold_fast_reg[122]/next_state
                                0.05           0.00 r        -0.05  (VIOLATED)
   u_ctrl/ct_hold_fast_reg[122]/synch_enable
                                0.05           0.00 r        -0.05  (VIOLATED)
   u_ctrl/ct_hold_fast_reg[123]/next_state
                                0.05           0.00 r        -0.05  (VIOLATED)
   u_ctrl/ct_hold_fast_reg[123]/synch_enable
                                0.05           0.00 r        -0.05  (VIOLATED)
   u_ctrl/ct_hold_fast_reg[124]/next_state
                                0.05           0.00 r        -0.05  (VIOLATED)
   u_ctrl/ct_hold_fast_reg[124]/synch_enable
                                0.05           0.00 r        -0.05  (VIOLATED)
   u_ctrl/ct_hold_fast_reg[125]/next_state
                                0.05           0.00 r        -0.05  (VIOLATED)
   u_ctrl/ct_hold_fast_reg[125]/synch_enable
                                0.05           0.00 r        -0.05  (VIOLATED)
   u_ctrl/ct_hold_fast_reg[126]/next_state
                                0.05           0.00 r        -0.05  (VIOLATED)
   u_ctrl/ct_hold_fast_reg[126]/synch_enable
                                0.05           0.00 r        -0.05  (VIOLATED)
   u_ctrl/ct_hold_fast_reg[127]/next_state
                                0.05           0.00 r        -0.05  (VIOLATED)
   u_ctrl/ct_hold_fast_reg[127]/synch_enable
                                0.05           0.00 r        -0.05  (VIOLATED)
   u_ctrl/ct_ok_reg/next_state
                                0.05           0.00 r        -0.05  (VIOLATED)
   u_ctrl/ct_ok_reg/synch_enable
                                0.05           0.00 r        -0.05  (VIOLATED)
   u_ctrl/ct_req_pulse_fast_reg/next_state
                                0.05           0.00 r        -0.05  (VIOLATED)
   u_ctrl/done_reg/next_state
                                0.05           0.00 r        -0.05  (VIOLATED)
   u_ctrl/done_reg/synch_enable
                                0.05           0.00 r        -0.05  (VIOLATED)
   u_ctrl/fail_ff1_reg/next_state
                                0.05           0.00 r        -0.05  (VIOLATED)
   u_ctrl/fail_ff2_reg/next_state
                                0.05           0.00 r        -0.05  (VIOLATED)
   u_ctrl/pass_reg/next_state
                                0.05           0.00 r        -0.05  (VIOLATED)
   u_ctrl/pass_reg/synch_enable
                                0.05           0.00 r        -0.05  (VIOLATED)
   u_ctrl/start_seen_reg/next_state
                                0.05           0.00 r        -0.05  (VIOLATED)
   u_ctrl/start_seen_reg/synch_enable
                                0.05           0.00 r        -0.05  (VIOLATED)
   u_ctrl/su_ff1_reg/next_state
                                0.05           0.00 r        -0.05  (VIOLATED)
   u_ctrl/su_ff2_reg/next_state
                                0.05           0.00 r        -0.05  (VIOLATED)
   u_ctrl/txdone_ff1_reg/next_state
                                0.05           0.00 r        -0.05  (VIOLATED)
   u_ctrl/txdone_ff2_reg/next_state
                                0.05           0.00 r        -0.05  (VIOLATED)
   u_ctrl/u_aes/busy_reg/next_state
                                0.05           0.00 r        -0.05  (VIOLATED)
   u_ctrl/u_aes/busy_reg/synch_enable
                                0.05           0.00 r        -0.05  (VIOLATED)
   u_ctrl/u_aes/ct_out_reg[0]/next_state
                                0.05           0.00 r        -0.05  (VIOLATED)
   u_ctrl/u_aes/ct_out_reg[0]/synch_enable
                                0.05           0.00 r        -0.05  (VIOLATED)
   u_ctrl/u_aes/ct_out_reg[1]/next_state
                                0.05           0.00 r        -0.05  (VIOLATED)
   u_ctrl/u_aes/ct_out_reg[1]/synch_enable
                                0.05           0.00 r        -0.05  (VIOLATED)
   u_ctrl/u_aes/ct_out_reg[2]/next_state
                                0.05           0.00 r        -0.05  (VIOLATED)
   u_ctrl/u_aes/ct_out_reg[2]/synch_enable
                                0.05           0.00 r        -0.05  (VIOLATED)
   u_ctrl/u_aes/ct_out_reg[3]/next_state
                                0.05           0.00 r        -0.05  (VIOLATED)
   u_ctrl/u_aes/ct_out_reg[3]/synch_enable
                                0.05           0.00 r        -0.05  (VIOLATED)
   u_ctrl/u_aes/ct_out_reg[4]/next_state
                                0.05           0.00 r        -0.05  (VIOLATED)
   u_ctrl/u_aes/ct_out_reg[4]/synch_enable
                                0.05           0.00 r        -0.05  (VIOLATED)
   u_ctrl/u_aes/ct_out_reg[5]/next_state
                                0.05           0.00 r        -0.05  (VIOLATED)
   u_ctrl/u_aes/ct_out_reg[5]/synch_enable
                                0.05           0.00 r        -0.05  (VIOLATED)
   u_ctrl/u_aes/ct_out_reg[6]/next_state
                                0.05           0.00 r        -0.05  (VIOLATED)
   u_ctrl/u_aes/ct_out_reg[6]/synch_enable
                                0.05           0.00 r        -0.05  (VIOLATED)
   u_ctrl/u_aes/ct_out_reg[7]/next_state
                                0.05           0.00 r        -0.05  (VIOLATED)
   u_ctrl/u_aes/ct_out_reg[7]/synch_enable
                                0.05           0.00 r        -0.05  (VIOLATED)
   u_ctrl/u_aes/ct_out_reg[8]/next_state
                                0.05           0.00 r        -0.05  (VIOLATED)
   u_ctrl/u_aes/ct_out_reg[8]/synch_enable
                                0.05           0.00 r        -0.05  (VIOLATED)
   u_ctrl/u_aes/ct_out_reg[9]/next_state
                                0.05           0.00 r        -0.05  (VIOLATED)
   u_ctrl/u_aes/ct_out_reg[9]/synch_enable
                                0.05           0.00 r        -0.05  (VIOLATED)
   u_ctrl/u_aes/ct_out_reg[10]/next_state
                                0.05           0.00 r        -0.05  (VIOLATED)
   u_ctrl/u_aes/ct_out_reg[10]/synch_enable
                                0.05           0.00 r        -0.05  (VIOLATED)
   u_ctrl/u_aes/ct_out_reg[11]/next_state
                                0.05           0.00 r        -0.05  (VIOLATED)
   u_ctrl/u_aes/ct_out_reg[11]/synch_enable
                                0.05           0.00 r        -0.05  (VIOLATED)
   u_ctrl/u_aes/ct_out_reg[12]/next_state
                                0.05           0.00 r        -0.05  (VIOLATED)
   u_ctrl/u_aes/ct_out_reg[12]/synch_enable
                                0.05           0.00 r        -0.05  (VIOLATED)
   u_ctrl/u_aes/ct_out_reg[13]/next_state
                                0.05           0.00 r        -0.05  (VIOLATED)
   u_ctrl/u_aes/ct_out_reg[13]/synch_enable
                                0.05           0.00 r        -0.05  (VIOLATED)
   u_ctrl/u_aes/ct_out_reg[14]/next_state
                                0.05           0.00 r        -0.05  (VIOLATED)
   u_ctrl/u_aes/ct_out_reg[14]/synch_enable
                                0.05           0.00 r        -0.05  (VIOLATED)
   u_ctrl/u_aes/ct_out_reg[15]/next_state
                                0.05           0.00 r        -0.05  (VIOLATED)
   u_ctrl/u_aes/ct_out_reg[15]/synch_enable
                                0.05           0.00 r        -0.05  (VIOLATED)
   u_ctrl/u_aes/ct_out_reg[16]/next_state
                                0.05           0.00 r        -0.05  (VIOLATED)
   u_ctrl/u_aes/ct_out_reg[16]/synch_enable
                                0.05           0.00 r        -0.05  (VIOLATED)
   u_ctrl/u_aes/ct_out_reg[17]/next_state
                                0.05           0.00 r        -0.05  (VIOLATED)
   u_ctrl/u_aes/ct_out_reg[17]/synch_enable
                                0.05           0.00 r        -0.05  (VIOLATED)
   u_ctrl/u_aes/ct_out_reg[18]/next_state
                                0.05           0.00 r        -0.05  (VIOLATED)
   u_ctrl/u_aes/ct_out_reg[18]/synch_enable
                                0.05           0.00 r        -0.05  (VIOLATED)
   u_ctrl/u_aes/ct_out_reg[19]/next_state
                                0.05           0.00 r        -0.05  (VIOLATED)
   u_ctrl/u_aes/ct_out_reg[19]/synch_enable
                                0.05           0.00 r        -0.05  (VIOLATED)
   u_ctrl/u_aes/ct_out_reg[20]/next_state
                                0.05           0.00 r        -0.05  (VIOLATED)
   u_ctrl/u_aes/ct_out_reg[20]/synch_enable
                                0.05           0.00 r        -0.05  (VIOLATED)
   u_ctrl/u_aes/ct_out_reg[21]/next_state
                                0.05           0.00 r        -0.05  (VIOLATED)
   u_ctrl/u_aes/ct_out_reg[21]/synch_enable
                                0.05           0.00 r        -0.05  (VIOLATED)
   u_ctrl/u_aes/ct_out_reg[22]/next_state
                                0.05           0.00 r        -0.05  (VIOLATED)
   u_ctrl/u_aes/ct_out_reg[22]/synch_enable
                                0.05           0.00 r        -0.05  (VIOLATED)
   u_ctrl/u_aes/ct_out_reg[23]/next_state
                                0.05           0.00 r        -0.05  (VIOLATED)
   u_ctrl/u_aes/ct_out_reg[23]/synch_enable
                                0.05           0.00 r        -0.05  (VIOLATED)
   u_ctrl/u_aes/ct_out_reg[24]/next_state
                                0.05           0.00 r        -0.05  (VIOLATED)
   u_ctrl/u_aes/ct_out_reg[24]/synch_enable
                                0.05           0.00 r        -0.05  (VIOLATED)
   u_ctrl/u_aes/ct_out_reg[25]/next_state
                                0.05           0.00 r        -0.05  (VIOLATED)
   u_ctrl/u_aes/ct_out_reg[25]/synch_enable
                                0.05           0.00 r        -0.05  (VIOLATED)
   u_ctrl/u_aes/ct_out_reg[26]/next_state
                                0.05           0.00 r        -0.05  (VIOLATED)
   u_ctrl/u_aes/ct_out_reg[26]/synch_enable
                                0.05           0.00 r        -0.05  (VIOLATED)
   u_ctrl/u_aes/ct_out_reg[27]/next_state
                                0.05           0.00 r        -0.05  (VIOLATED)
   u_ctrl/u_aes/ct_out_reg[27]/synch_enable
                                0.05           0.00 r        -0.05  (VIOLATED)
   u_ctrl/u_aes/ct_out_reg[28]/next_state
                                0.05           0.00 r        -0.05  (VIOLATED)
   u_ctrl/u_aes/ct_out_reg[28]/synch_enable
                                0.05           0.00 r        -0.05  (VIOLATED)
   u_ctrl/u_aes/ct_out_reg[29]/next_state
                                0.05           0.00 r        -0.05  (VIOLATED)
   u_ctrl/u_aes/ct_out_reg[29]/synch_enable
                                0.05           0.00 r        -0.05  (VIOLATED)
   u_ctrl/u_aes/ct_out_reg[30]/next_state
                                0.05           0.00 r        -0.05  (VIOLATED)
   u_ctrl/u_aes/ct_out_reg[30]/synch_enable
                                0.05           0.00 r        -0.05  (VIOLATED)
   u_ctrl/u_aes/ct_out_reg[31]/next_state
                                0.05           0.00 r        -0.05  (VIOLATED)
   u_ctrl/u_aes/ct_out_reg[31]/synch_enable
                                0.05           0.00 r        -0.05  (VIOLATED)
   u_ctrl/u_aes/ct_out_reg[32]/next_state
                                0.05           0.00 r        -0.05  (VIOLATED)
   u_ctrl/u_aes/ct_out_reg[32]/synch_enable
                                0.05           0.00 r        -0.05  (VIOLATED)
   u_ctrl/u_aes/ct_out_reg[33]/next_state
                                0.05           0.00 r        -0.05  (VIOLATED)
   u_ctrl/u_aes/ct_out_reg[33]/synch_enable
                                0.05           0.00 r        -0.05  (VIOLATED)
   u_ctrl/u_aes/ct_out_reg[34]/next_state
                                0.05           0.00 r        -0.05  (VIOLATED)
   u_ctrl/u_aes/ct_out_reg[34]/synch_enable
                                0.05           0.00 r        -0.05  (VIOLATED)
   u_ctrl/u_aes/ct_out_reg[35]/next_state
                                0.05           0.00 r        -0.05  (VIOLATED)
   u_ctrl/u_aes/ct_out_reg[35]/synch_enable
                                0.05           0.00 r        -0.05  (VIOLATED)
   u_ctrl/u_aes/ct_out_reg[36]/next_state
                                0.05           0.00 r        -0.05  (VIOLATED)
   u_ctrl/u_aes/ct_out_reg[36]/synch_enable
                                0.05           0.00 r        -0.05  (VIOLATED)
   u_ctrl/u_aes/ct_out_reg[37]/next_state
                                0.05           0.00 r        -0.05  (VIOLATED)
   u_ctrl/u_aes/ct_out_reg[37]/synch_enable
                                0.05           0.00 r        -0.05  (VIOLATED)
   u_ctrl/u_aes/ct_out_reg[38]/next_state
                                0.05           0.00 r        -0.05  (VIOLATED)
   u_ctrl/u_aes/ct_out_reg[38]/synch_enable
                                0.05           0.00 r        -0.05  (VIOLATED)
   u_ctrl/u_aes/ct_out_reg[39]/next_state
                                0.05           0.00 r        -0.05  (VIOLATED)
   u_ctrl/u_aes/ct_out_reg[39]/synch_enable
                                0.05           0.00 r        -0.05  (VIOLATED)
   u_ctrl/u_aes/ct_out_reg[40]/next_state
                                0.05           0.00 r        -0.05  (VIOLATED)
   u_ctrl/u_aes/ct_out_reg[40]/synch_enable
                                0.05           0.00 r        -0.05  (VIOLATED)
   u_ctrl/u_aes/ct_out_reg[41]/next_state
                                0.05           0.00 r        -0.05  (VIOLATED)
   u_ctrl/u_aes/ct_out_reg[41]/synch_enable
                                0.05           0.00 r        -0.05  (VIOLATED)
   u_ctrl/u_aes/ct_out_reg[42]/next_state
                                0.05           0.00 r        -0.05  (VIOLATED)
   u_ctrl/u_aes/ct_out_reg[42]/synch_enable
                                0.05           0.00 r        -0.05  (VIOLATED)
   u_ctrl/u_aes/ct_out_reg[43]/next_state
                                0.05           0.00 r        -0.05  (VIOLATED)
   u_ctrl/u_aes/ct_out_reg[43]/synch_enable
                                0.05           0.00 r        -0.05  (VIOLATED)
   u_ctrl/u_aes/ct_out_reg[44]/next_state
                                0.05           0.00 r        -0.05  (VIOLATED)
   u_ctrl/u_aes/ct_out_reg[44]/synch_enable
                                0.05           0.00 r        -0.05  (VIOLATED)
   u_ctrl/u_aes/ct_out_reg[45]/next_state
                                0.05           0.00 r        -0.05  (VIOLATED)
   u_ctrl/u_aes/ct_out_reg[45]/synch_enable
                                0.05           0.00 r        -0.05  (VIOLATED)
   u_ctrl/u_aes/ct_out_reg[46]/next_state
                                0.05           0.00 r        -0.05  (VIOLATED)
   u_ctrl/u_aes/ct_out_reg[46]/synch_enable
                                0.05           0.00 r        -0.05  (VIOLATED)
   u_ctrl/u_aes/ct_out_reg[47]/next_state
                                0.05           0.00 r        -0.05  (VIOLATED)
   u_ctrl/u_aes/ct_out_reg[47]/synch_enable
                                0.05           0.00 r        -0.05  (VIOLATED)
   u_ctrl/u_aes/ct_out_reg[48]/next_state
                                0.05           0.00 r        -0.05  (VIOLATED)
   u_ctrl/u_aes/ct_out_reg[48]/synch_enable
                                0.05           0.00 r        -0.05  (VIOLATED)
   u_ctrl/u_aes/ct_out_reg[49]/next_state
                                0.05           0.00 r        -0.05  (VIOLATED)
   u_ctrl/u_aes/ct_out_reg[49]/synch_enable
                                0.05           0.00 r        -0.05  (VIOLATED)
   u_ctrl/u_aes/ct_out_reg[50]/next_state
                                0.05           0.00 r        -0.05  (VIOLATED)
   u_ctrl/u_aes/ct_out_reg[50]/synch_enable
                                0.05           0.00 r        -0.05  (VIOLATED)
   u_ctrl/u_aes/ct_out_reg[51]/next_state
                                0.05           0.00 r        -0.05  (VIOLATED)
   u_ctrl/u_aes/ct_out_reg[51]/synch_enable
                                0.05           0.00 r        -0.05  (VIOLATED)
   u_ctrl/u_aes/ct_out_reg[52]/next_state
                                0.05           0.00 r        -0.05  (VIOLATED)
   u_ctrl/u_aes/ct_out_reg[52]/synch_enable
                                0.05           0.00 r        -0.05  (VIOLATED)
   u_ctrl/u_aes/ct_out_reg[53]/next_state
                                0.05           0.00 r        -0.05  (VIOLATED)
   u_ctrl/u_aes/ct_out_reg[53]/synch_enable
                                0.05           0.00 r        -0.05  (VIOLATED)
   u_ctrl/u_aes/ct_out_reg[54]/next_state
                                0.05           0.00 r        -0.05  (VIOLATED)
   u_ctrl/u_aes/ct_out_reg[54]/synch_enable
                                0.05           0.00 r        -0.05  (VIOLATED)
   u_ctrl/u_aes/ct_out_reg[55]/next_state
                                0.05           0.00 r        -0.05  (VIOLATED)
   u_ctrl/u_aes/ct_out_reg[55]/synch_enable
                                0.05           0.00 r        -0.05  (VIOLATED)
   u_ctrl/u_aes/ct_out_reg[56]/next_state
                                0.05           0.00 r        -0.05  (VIOLATED)
   u_ctrl/u_aes/ct_out_reg[56]/synch_enable
                                0.05           0.00 r        -0.05  (VIOLATED)
   u_ctrl/u_aes/ct_out_reg[57]/next_state
                                0.05           0.00 r        -0.05  (VIOLATED)
   u_ctrl/u_aes/ct_out_reg[57]/synch_enable
                                0.05           0.00 r        -0.05  (VIOLATED)
   u_ctrl/u_aes/ct_out_reg[58]/next_state
                                0.05           0.00 r        -0.05  (VIOLATED)
   u_ctrl/u_aes/ct_out_reg[58]/synch_enable
                                0.05           0.00 r        -0.05  (VIOLATED)
   u_ctrl/u_aes/ct_out_reg[59]/next_state
                                0.05           0.00 r        -0.05  (VIOLATED)
   u_ctrl/u_aes/ct_out_reg[59]/synch_enable
                                0.05           0.00 r        -0.05  (VIOLATED)
   u_ctrl/u_aes/ct_out_reg[60]/next_state
                                0.05           0.00 r        -0.05  (VIOLATED)
   u_ctrl/u_aes/ct_out_reg[60]/synch_enable
                                0.05           0.00 r        -0.05  (VIOLATED)
   u_ctrl/u_aes/ct_out_reg[61]/next_state
                                0.05           0.00 r        -0.05  (VIOLATED)
   u_ctrl/u_aes/ct_out_reg[61]/synch_enable
                                0.05           0.00 r        -0.05  (VIOLATED)
   u_ctrl/u_aes/ct_out_reg[62]/next_state
                                0.05           0.00 r        -0.05  (VIOLATED)
   u_ctrl/u_aes/ct_out_reg[62]/synch_enable
                                0.05           0.00 r        -0.05  (VIOLATED)
   u_ctrl/u_aes/ct_out_reg[63]/next_state
                                0.05           0.00 r        -0.05  (VIOLATED)
   u_ctrl/u_aes/ct_out_reg[63]/synch_enable
                                0.05           0.00 r        -0.05  (VIOLATED)
   u_ctrl/u_aes/ct_out_reg[64]/next_state
                                0.05           0.00 r        -0.05  (VIOLATED)
   u_ctrl/u_aes/ct_out_reg[64]/synch_enable
                                0.05           0.00 r        -0.05  (VIOLATED)
   u_ctrl/u_aes/ct_out_reg[65]/next_state
                                0.05           0.00 r        -0.05  (VIOLATED)
   u_ctrl/u_aes/ct_out_reg[65]/synch_enable
                                0.05           0.00 r        -0.05  (VIOLATED)
   u_ctrl/u_aes/ct_out_reg[66]/next_state
                                0.05           0.00 r        -0.05  (VIOLATED)
   u_ctrl/u_aes/ct_out_reg[66]/synch_enable
                                0.05           0.00 r        -0.05  (VIOLATED)
   u_ctrl/u_aes/ct_out_reg[67]/next_state
                                0.05           0.00 r        -0.05  (VIOLATED)
   u_ctrl/u_aes/ct_out_reg[67]/synch_enable
                                0.05           0.00 r        -0.05  (VIOLATED)
   u_ctrl/u_aes/ct_out_reg[68]/next_state
                                0.05           0.00 r        -0.05  (VIOLATED)
   u_ctrl/u_aes/ct_out_reg[68]/synch_enable
                                0.05           0.00 r        -0.05  (VIOLATED)
   u_ctrl/u_aes/ct_out_reg[69]/next_state
                                0.05           0.00 r        -0.05  (VIOLATED)
   u_ctrl/u_aes/ct_out_reg[69]/synch_enable
                                0.05           0.00 r        -0.05  (VIOLATED)
   u_ctrl/u_aes/ct_out_reg[70]/next_state
                                0.05           0.00 r        -0.05  (VIOLATED)
   u_ctrl/u_aes/ct_out_reg[70]/synch_enable
                                0.05           0.00 r        -0.05  (VIOLATED)
   u_ctrl/u_aes/ct_out_reg[71]/next_state
                                0.05           0.00 r        -0.05  (VIOLATED)
   u_ctrl/u_aes/ct_out_reg[71]/synch_enable
                                0.05           0.00 r        -0.05  (VIOLATED)
   u_ctrl/u_aes/ct_out_reg[72]/next_state
                                0.05           0.00 r        -0.05  (VIOLATED)
   u_ctrl/u_aes/ct_out_reg[72]/synch_enable
                                0.05           0.00 r        -0.05  (VIOLATED)
   u_ctrl/u_aes/ct_out_reg[73]/next_state
                                0.05           0.00 r        -0.05  (VIOLATED)
   u_ctrl/u_aes/ct_out_reg[73]/synch_enable
                                0.05           0.00 r        -0.05  (VIOLATED)
   u_ctrl/u_aes/ct_out_reg[74]/next_state
                                0.05           0.00 r        -0.05  (VIOLATED)
   u_ctrl/u_aes/ct_out_reg[74]/synch_enable
                                0.05           0.00 r        -0.05  (VIOLATED)
   u_ctrl/u_aes/ct_out_reg[75]/next_state
                                0.05           0.00 r        -0.05  (VIOLATED)
   u_ctrl/u_aes/ct_out_reg[75]/synch_enable
                                0.05           0.00 r        -0.05  (VIOLATED)
   u_ctrl/u_aes/ct_out_reg[76]/next_state
                                0.05           0.00 r        -0.05  (VIOLATED)
   u_ctrl/u_aes/ct_out_reg[76]/synch_enable
                                0.05           0.00 r        -0.05  (VIOLATED)
   u_ctrl/u_aes/ct_out_reg[77]/next_state
                                0.05           0.00 r        -0.05  (VIOLATED)
   u_ctrl/u_aes/ct_out_reg[77]/synch_enable
                                0.05           0.00 r        -0.05  (VIOLATED)
   u_ctrl/u_aes/ct_out_reg[78]/next_state
                                0.05           0.00 r        -0.05  (VIOLATED)
   u_ctrl/u_aes/ct_out_reg[78]/synch_enable
                                0.05           0.00 r        -0.05  (VIOLATED)
   u_ctrl/u_aes/ct_out_reg[79]/next_state
                                0.05           0.00 r        -0.05  (VIOLATED)
   u_ctrl/u_aes/ct_out_reg[79]/synch_enable
                                0.05           0.00 r        -0.05  (VIOLATED)
   u_ctrl/u_aes/ct_out_reg[80]/next_state
                                0.05           0.00 r        -0.05  (VIOLATED)
   u_ctrl/u_aes/ct_out_reg[80]/synch_enable
                                0.05           0.00 r        -0.05  (VIOLATED)
   u_ctrl/u_aes/ct_out_reg[81]/next_state
                                0.05           0.00 r        -0.05  (VIOLATED)
   u_ctrl/u_aes/ct_out_reg[81]/synch_enable
                                0.05           0.00 r        -0.05  (VIOLATED)
   u_ctrl/u_aes/ct_out_reg[82]/next_state
                                0.05           0.00 r        -0.05  (VIOLATED)
   u_ctrl/u_aes/ct_out_reg[82]/synch_enable
                                0.05           0.00 r        -0.05  (VIOLATED)
   u_ctrl/u_aes/ct_out_reg[83]/next_state
                                0.05           0.00 r        -0.05  (VIOLATED)
   u_ctrl/u_aes/ct_out_reg[83]/synch_enable
                                0.05           0.00 r        -0.05  (VIOLATED)
   u_ctrl/u_aes/ct_out_reg[84]/next_state
                                0.05           0.00 r        -0.05  (VIOLATED)
   u_ctrl/u_aes/ct_out_reg[84]/synch_enable
                                0.05           0.00 r        -0.05  (VIOLATED)
   u_ctrl/u_aes/ct_out_reg[85]/next_state
                                0.05           0.00 r        -0.05  (VIOLATED)
   u_ctrl/u_aes/ct_out_reg[85]/synch_enable
                                0.05           0.00 r        -0.05  (VIOLATED)
   u_ctrl/u_aes/ct_out_reg[86]/next_state
                                0.05           0.00 r        -0.05  (VIOLATED)
   u_ctrl/u_aes/ct_out_reg[86]/synch_enable
                                0.05           0.00 r        -0.05  (VIOLATED)
   u_ctrl/u_aes/ct_out_reg[87]/next_state
                                0.05           0.00 r        -0.05  (VIOLATED)
   u_ctrl/u_aes/ct_out_reg[87]/synch_enable
                                0.05           0.00 r        -0.05  (VIOLATED)
   u_ctrl/u_aes/ct_out_reg[88]/next_state
                                0.05           0.00 r        -0.05  (VIOLATED)
   u_ctrl/u_aes/ct_out_reg[88]/synch_enable
                                0.05           0.00 r        -0.05  (VIOLATED)
   u_ctrl/u_aes/ct_out_reg[89]/next_state
                                0.05           0.00 r        -0.05  (VIOLATED)
   u_ctrl/u_aes/ct_out_reg[89]/synch_enable
                                0.05           0.00 r        -0.05  (VIOLATED)
   u_ctrl/u_aes/ct_out_reg[90]/next_state
                                0.05           0.00 r        -0.05  (VIOLATED)
   u_ctrl/u_aes/ct_out_reg[90]/synch_enable
                                0.05           0.00 r        -0.05  (VIOLATED)
   u_ctrl/u_aes/ct_out_reg[91]/next_state
                                0.05           0.00 r        -0.05  (VIOLATED)
   u_ctrl/u_aes/ct_out_reg[91]/synch_enable
                                0.05           0.00 r        -0.05  (VIOLATED)
   u_ctrl/u_aes/ct_out_reg[92]/next_state
                                0.05           0.00 r        -0.05  (VIOLATED)
   u_ctrl/u_aes/ct_out_reg[92]/synch_enable
                                0.05           0.00 r        -0.05  (VIOLATED)
   u_ctrl/u_aes/ct_out_reg[93]/next_state
                                0.05           0.00 r        -0.05  (VIOLATED)
   u_ctrl/u_aes/ct_out_reg[93]/synch_enable
                                0.05           0.00 r        -0.05  (VIOLATED)
   u_ctrl/u_aes/ct_out_reg[94]/next_state
                                0.05           0.00 r        -0.05  (VIOLATED)
   u_ctrl/u_aes/ct_out_reg[94]/synch_enable
                                0.05           0.00 r        -0.05  (VIOLATED)
   u_ctrl/u_aes/ct_out_reg[95]/next_state
                                0.05           0.00 r        -0.05  (VIOLATED)
   u_ctrl/u_aes/ct_out_reg[95]/synch_enable
                                0.05           0.00 r        -0.05  (VIOLATED)
   u_ctrl/u_aes/ct_out_reg[96]/next_state
                                0.05           0.00 r        -0.05  (VIOLATED)
   u_ctrl/u_aes/ct_out_reg[96]/synch_enable
                                0.05           0.00 r        -0.05  (VIOLATED)
   u_ctrl/u_aes/ct_out_reg[97]/next_state
                                0.05           0.00 r        -0.05  (VIOLATED)
   u_ctrl/u_aes/ct_out_reg[97]/synch_enable
                                0.05           0.00 r        -0.05  (VIOLATED)
   u_ctrl/u_aes/ct_out_reg[98]/next_state
                                0.05           0.00 r        -0.05  (VIOLATED)
   u_ctrl/u_aes/ct_out_reg[98]/synch_enable
                                0.05           0.00 r        -0.05  (VIOLATED)
   u_ctrl/u_aes/ct_out_reg[99]/next_state
                                0.05           0.00 r        -0.05  (VIOLATED)
   u_ctrl/u_aes/ct_out_reg[99]/synch_enable
                                0.05           0.00 r        -0.05  (VIOLATED)
   u_ctrl/u_aes/ct_out_reg[100]/next_state
                                0.05           0.00 r        -0.05  (VIOLATED)
   u_ctrl/u_aes/ct_out_reg[100]/synch_enable
                                0.05           0.00 r        -0.05  (VIOLATED)
   u_ctrl/u_aes/ct_out_reg[101]/next_state
                                0.05           0.00 r        -0.05  (VIOLATED)
   u_ctrl/u_aes/ct_out_reg[101]/synch_enable
                                0.05           0.00 r        -0.05  (VIOLATED)
   u_ctrl/u_aes/ct_out_reg[102]/next_state
                                0.05           0.00 r        -0.05  (VIOLATED)
   u_ctrl/u_aes/ct_out_reg[102]/synch_enable
                                0.05           0.00 r        -0.05  (VIOLATED)
   u_ctrl/u_aes/ct_out_reg[103]/next_state
                                0.05           0.00 r        -0.05  (VIOLATED)
   u_ctrl/u_aes/ct_out_reg[103]/synch_enable
                                0.05           0.00 r        -0.05  (VIOLATED)
   u_ctrl/u_aes/ct_out_reg[104]/next_state
                                0.05           0.00 r        -0.05  (VIOLATED)
   u_ctrl/u_aes/ct_out_reg[104]/synch_enable
                                0.05           0.00 r        -0.05  (VIOLATED)
   u_ctrl/u_aes/ct_out_reg[105]/next_state
                                0.05           0.00 r        -0.05  (VIOLATED)
   u_ctrl/u_aes/ct_out_reg[105]/synch_enable
                                0.05           0.00 r        -0.05  (VIOLATED)
   u_ctrl/u_aes/ct_out_reg[106]/next_state
                                0.05           0.00 r        -0.05  (VIOLATED)
   u_ctrl/u_aes/ct_out_reg[106]/synch_enable
                                0.05           0.00 r        -0.05  (VIOLATED)
   u_ctrl/u_aes/ct_out_reg[107]/next_state
                                0.05           0.00 r        -0.05  (VIOLATED)
   u_ctrl/u_aes/ct_out_reg[107]/synch_enable
                                0.05           0.00 r        -0.05  (VIOLATED)
   u_ctrl/u_aes/ct_out_reg[108]/next_state
                                0.05           0.00 r        -0.05  (VIOLATED)
   u_ctrl/u_aes/ct_out_reg[108]/synch_enable
                                0.05           0.00 r        -0.05  (VIOLATED)
   u_ctrl/u_aes/ct_out_reg[109]/next_state
                                0.05           0.00 r        -0.05  (VIOLATED)
   u_ctrl/u_aes/ct_out_reg[109]/synch_enable
                                0.05           0.00 r        -0.05  (VIOLATED)
   u_ctrl/u_aes/ct_out_reg[110]/next_state
                                0.05           0.00 r        -0.05  (VIOLATED)
   u_ctrl/u_aes/ct_out_reg[110]/synch_enable
                                0.05           0.00 r        -0.05  (VIOLATED)
   u_ctrl/u_aes/ct_out_reg[111]/next_state
                                0.05           0.00 r        -0.05  (VIOLATED)
   u_ctrl/u_aes/ct_out_reg[111]/synch_enable
                                0.05           0.00 r        -0.05  (VIOLATED)
   u_ctrl/u_aes/ct_out_reg[112]/next_state
                                0.05           0.00 r        -0.05  (VIOLATED)
   u_ctrl/u_aes/ct_out_reg[112]/synch_enable
                                0.05           0.00 r        -0.05  (VIOLATED)
   u_ctrl/u_aes/ct_out_reg[113]/next_state
                                0.05           0.00 r        -0.05  (VIOLATED)
   u_ctrl/u_aes/ct_out_reg[113]/synch_enable
                                0.05           0.00 r        -0.05  (VIOLATED)
   u_ctrl/u_aes/ct_out_reg[114]/next_state
                                0.05           0.00 r        -0.05  (VIOLATED)
   u_ctrl/u_aes/ct_out_reg[114]/synch_enable
                                0.05           0.00 r        -0.05  (VIOLATED)
   u_ctrl/u_aes/ct_out_reg[115]/next_state
                                0.05           0.00 r        -0.05  (VIOLATED)
   u_ctrl/u_aes/ct_out_reg[115]/synch_enable
                                0.05           0.00 r        -0.05  (VIOLATED)
   u_ctrl/u_aes/ct_out_reg[116]/next_state
                                0.05           0.00 r        -0.05  (VIOLATED)
   u_ctrl/u_aes/ct_out_reg[116]/synch_enable
                                0.05           0.00 r        -0.05  (VIOLATED)
   u_ctrl/u_aes/ct_out_reg[117]/next_state
                                0.05           0.00 r        -0.05  (VIOLATED)
   u_ctrl/u_aes/ct_out_reg[117]/synch_enable
                                0.05           0.00 r        -0.05  (VIOLATED)
   u_ctrl/u_aes/ct_out_reg[118]/next_state
                                0.05           0.00 r        -0.05  (VIOLATED)
   u_ctrl/u_aes/ct_out_reg[118]/synch_enable
                                0.05           0.00 r        -0.05  (VIOLATED)
   u_ctrl/u_aes/ct_out_reg[119]/next_state
                                0.05           0.00 r        -0.05  (VIOLATED)
   u_ctrl/u_aes/ct_out_reg[119]/synch_enable
                                0.05           0.00 r        -0.05  (VIOLATED)
   u_ctrl/u_aes/ct_out_reg[120]/next_state
                                0.05           0.00 r        -0.05  (VIOLATED)
   u_ctrl/u_aes/ct_out_reg[120]/synch_enable
                                0.05           0.00 r        -0.05  (VIOLATED)
   u_ctrl/u_aes/ct_out_reg[121]/next_state
                                0.05           0.00 r        -0.05  (VIOLATED)
   u_ctrl/u_aes/ct_out_reg[121]/synch_enable
                                0.05           0.00 r        -0.05  (VIOLATED)
   u_ctrl/u_aes/ct_out_reg[122]/next_state
                                0.05           0.00 r        -0.05  (VIOLATED)
   u_ctrl/u_aes/ct_out_reg[122]/synch_enable
                                0.05           0.00 r        -0.05  (VIOLATED)
   u_ctrl/u_aes/ct_out_reg[123]/next_state
                                0.05           0.00 r        -0.05  (VIOLATED)
   u_ctrl/u_aes/ct_out_reg[123]/synch_enable
                                0.05           0.00 r        -0.05  (VIOLATED)
   u_ctrl/u_aes/ct_out_reg[124]/next_state
                                0.05           0.00 r        -0.05  (VIOLATED)
   u_ctrl/u_aes/ct_out_reg[124]/synch_enable
                                0.05           0.00 r        -0.05  (VIOLATED)
   u_ctrl/u_aes/ct_out_reg[125]/next_state
                                0.05           0.00 r        -0.05  (VIOLATED)
   u_ctrl/u_aes/ct_out_reg[125]/synch_enable
                                0.05           0.00 r        -0.05  (VIOLATED)
   u_ctrl/u_aes/ct_out_reg[126]/next_state
                                0.05           0.00 r        -0.05  (VIOLATED)
   u_ctrl/u_aes/ct_out_reg[126]/synch_enable
                                0.05           0.00 r        -0.05  (VIOLATED)
   u_ctrl/u_aes/ct_out_reg[127]/next_state
                                0.05           0.00 r        -0.05  (VIOLATED)
   u_ctrl/u_aes/ct_out_reg[127]/synch_enable
                                0.05           0.00 r        -0.05  (VIOLATED)
   u_ctrl/u_aes/done_reg/next_state
                                0.05           0.00 r        -0.05  (VIOLATED)
   u_ctrl/u_aes/rkeys_reg[0]/synch_enable
                                0.05           0.00 r        -0.05  (VIOLATED)
   u_ctrl/u_aes/rkeys_reg[1]/synch_enable
                                0.05           0.00 r        -0.05  (VIOLATED)
   u_ctrl/u_aes/rkeys_reg[2]/synch_enable
                                0.05           0.00 r        -0.05  (VIOLATED)
   u_ctrl/u_aes/rkeys_reg[3]/synch_enable
                                0.05           0.00 r        -0.05  (VIOLATED)
   u_ctrl/u_aes/rkeys_reg[4]/synch_enable
                                0.05           0.00 r        -0.05  (VIOLATED)
   u_ctrl/u_aes/rkeys_reg[5]/synch_enable
                                0.05           0.00 r        -0.05  (VIOLATED)
   u_ctrl/u_aes/rkeys_reg[6]/synch_enable
                                0.05           0.00 r        -0.05  (VIOLATED)
   u_ctrl/u_aes/rkeys_reg[7]/synch_enable
                                0.05           0.00 r        -0.05  (VIOLATED)
   u_ctrl/u_aes/rkeys_reg[8]/synch_enable
                                0.05           0.00 r        -0.05  (VIOLATED)
   u_ctrl/u_aes/rkeys_reg[9]/synch_enable
                                0.05           0.00 r        -0.05  (VIOLATED)
   u_ctrl/u_aes/rkeys_reg[10]/synch_enable
                                0.05           0.00 r        -0.05  (VIOLATED)
   u_ctrl/u_aes/rkeys_reg[11]/synch_enable
                                0.05           0.00 r        -0.05  (VIOLATED)
   u_ctrl/u_aes/rkeys_reg[12]/synch_enable
                                0.05           0.00 r        -0.05  (VIOLATED)
   u_ctrl/u_aes/rkeys_reg[13]/synch_enable
                                0.05           0.00 r        -0.05  (VIOLATED)
   u_ctrl/u_aes/rkeys_reg[14]/synch_enable
                                0.05           0.00 r        -0.05  (VIOLATED)
   u_ctrl/u_aes/rkeys_reg[15]/synch_enable
                                0.05           0.00 r        -0.05  (VIOLATED)
   u_ctrl/u_aes/rkeys_reg[16]/synch_enable
                                0.05           0.00 r        -0.05  (VIOLATED)
   u_ctrl/u_aes/rkeys_reg[17]/synch_enable
                                0.05           0.00 r        -0.05  (VIOLATED)
   u_ctrl/u_aes/rkeys_reg[18]/synch_enable
                                0.05           0.00 r        -0.05  (VIOLATED)
   u_ctrl/u_aes/rkeys_reg[19]/synch_enable
                                0.05           0.00 r        -0.05  (VIOLATED)
   u_ctrl/u_aes/rkeys_reg[20]/synch_enable
                                0.05           0.00 r        -0.05  (VIOLATED)
   u_ctrl/u_aes/rkeys_reg[21]/synch_enable
                                0.05           0.00 r        -0.05  (VIOLATED)
   u_ctrl/u_aes/rkeys_reg[22]/synch_enable
                                0.05           0.00 r        -0.05  (VIOLATED)
   u_ctrl/u_aes/rkeys_reg[23]/synch_enable
                                0.05           0.00 r        -0.05  (VIOLATED)
   u_ctrl/u_aes/rkeys_reg[24]/synch_enable
                                0.05           0.00 r        -0.05  (VIOLATED)
   u_ctrl/u_aes/rkeys_reg[25]/synch_enable
                                0.05           0.00 r        -0.05  (VIOLATED)
   u_ctrl/u_aes/rkeys_reg[26]/synch_enable
                                0.05           0.00 r        -0.05  (VIOLATED)
   u_ctrl/u_aes/rkeys_reg[27]/synch_enable
                                0.05           0.00 r        -0.05  (VIOLATED)
   u_ctrl/u_aes/rkeys_reg[28]/synch_enable
                                0.05           0.00 r        -0.05  (VIOLATED)
   u_ctrl/u_aes/rkeys_reg[29]/synch_enable
                                0.05           0.00 r        -0.05  (VIOLATED)
   u_ctrl/u_aes/rkeys_reg[30]/synch_enable
                                0.05           0.00 r        -0.05  (VIOLATED)
   u_ctrl/u_aes/rkeys_reg[31]/synch_enable
                                0.05           0.00 r        -0.05  (VIOLATED)
   u_ctrl/u_aes/rkeys_reg[32]/synch_enable
                                0.05           0.00 r        -0.05  (VIOLATED)
   u_ctrl/u_aes/rkeys_reg[33]/synch_enable
                                0.05           0.00 r        -0.05  (VIOLATED)
   u_ctrl/u_aes/rkeys_reg[34]/synch_enable
                                0.05           0.00 r        -0.05  (VIOLATED)
   u_ctrl/u_aes/rkeys_reg[35]/synch_enable
                                0.05           0.00 r        -0.05  (VIOLATED)
   u_ctrl/u_aes/rkeys_reg[36]/synch_enable
                                0.05           0.00 r        -0.05  (VIOLATED)
   u_ctrl/u_aes/rkeys_reg[37]/synch_enable
                                0.05           0.00 r        -0.05  (VIOLATED)
   u_ctrl/u_aes/rkeys_reg[38]/synch_enable
                                0.05           0.00 r        -0.05  (VIOLATED)
   u_ctrl/u_aes/rkeys_reg[39]/synch_enable
                                0.05           0.00 r        -0.05  (VIOLATED)
   u_ctrl/u_aes/rkeys_reg[40]/synch_enable
                                0.05           0.00 r        -0.05  (VIOLATED)
   u_ctrl/u_aes/rkeys_reg[41]/synch_enable
                                0.05           0.00 r        -0.05  (VIOLATED)
   u_ctrl/u_aes/rkeys_reg[42]/synch_enable
                                0.05           0.00 r        -0.05  (VIOLATED)
   u_ctrl/u_aes/rkeys_reg[43]/synch_enable
                                0.05           0.00 r        -0.05  (VIOLATED)
   u_ctrl/u_aes/rkeys_reg[44]/synch_enable
                                0.05           0.00 r        -0.05  (VIOLATED)
   u_ctrl/u_aes/rkeys_reg[45]/synch_enable
                                0.05           0.00 r        -0.05  (VIOLATED)
   u_ctrl/u_aes/rkeys_reg[46]/synch_enable
                                0.05           0.00 r        -0.05  (VIOLATED)
   u_ctrl/u_aes/rkeys_reg[47]/synch_enable
                                0.05           0.00 r        -0.05  (VIOLATED)
   u_ctrl/u_aes/rkeys_reg[48]/synch_enable
                                0.05           0.00 r        -0.05  (VIOLATED)
   u_ctrl/u_aes/rkeys_reg[49]/synch_enable
                                0.05           0.00 r        -0.05  (VIOLATED)
   u_ctrl/u_aes/rkeys_reg[50]/synch_enable
                                0.05           0.00 r        -0.05  (VIOLATED)
   u_ctrl/u_aes/rkeys_reg[51]/synch_enable
                                0.05           0.00 r        -0.05  (VIOLATED)
   u_ctrl/u_aes/rkeys_reg[52]/synch_enable
                                0.05           0.00 r        -0.05  (VIOLATED)
   u_ctrl/u_aes/rkeys_reg[53]/synch_enable
                                0.05           0.00 r        -0.05  (VIOLATED)
   u_ctrl/u_aes/rkeys_reg[54]/synch_enable
                                0.05           0.00 r        -0.05  (VIOLATED)
   u_ctrl/u_aes/rkeys_reg[55]/synch_enable
                                0.05           0.00 r        -0.05  (VIOLATED)
   u_ctrl/u_aes/rkeys_reg[56]/synch_enable
                                0.05           0.00 r        -0.05  (VIOLATED)
   u_ctrl/u_aes/rkeys_reg[57]/synch_enable
                                0.05           0.00 r        -0.05  (VIOLATED)
   u_ctrl/u_aes/rkeys_reg[58]/synch_enable
                                0.05           0.00 r        -0.05  (VIOLATED)
   u_ctrl/u_aes/rkeys_reg[59]/synch_enable
                                0.05           0.00 r        -0.05  (VIOLATED)
   u_ctrl/u_aes/rkeys_reg[60]/synch_enable
                                0.05           0.00 r        -0.05  (VIOLATED)
   u_ctrl/u_aes/rkeys_reg[61]/synch_enable
                                0.05           0.00 r        -0.05  (VIOLATED)
   u_ctrl/u_aes/rkeys_reg[62]/synch_enable
                                0.05           0.00 r        -0.05  (VIOLATED)
   u_ctrl/u_aes/rkeys_reg[63]/synch_enable
                                0.05           0.00 r        -0.05  (VIOLATED)
   u_ctrl/u_aes/rkeys_reg[64]/synch_enable
                                0.05           0.00 r        -0.05  (VIOLATED)
   u_ctrl/u_aes/rkeys_reg[65]/synch_enable
                                0.05           0.00 r        -0.05  (VIOLATED)
   u_ctrl/u_aes/rkeys_reg[66]/synch_enable
                                0.05           0.00 r        -0.05  (VIOLATED)
   u_ctrl/u_aes/rkeys_reg[67]/synch_enable
                                0.05           0.00 r        -0.05  (VIOLATED)
   u_ctrl/u_aes/rkeys_reg[68]/synch_enable
                                0.05           0.00 r        -0.05  (VIOLATED)
   u_ctrl/u_aes/rkeys_reg[69]/synch_enable
                                0.05           0.00 r        -0.05  (VIOLATED)
   u_ctrl/u_aes/rkeys_reg[70]/synch_enable
                                0.05           0.00 r        -0.05  (VIOLATED)
   u_ctrl/u_aes/rkeys_reg[71]/synch_enable
                                0.05           0.00 r        -0.05  (VIOLATED)
   u_ctrl/u_aes/rkeys_reg[72]/synch_enable
                                0.05           0.00 r        -0.05  (VIOLATED)
   u_ctrl/u_aes/rkeys_reg[73]/synch_enable
                                0.05           0.00 r        -0.05  (VIOLATED)
   u_ctrl/u_aes/rkeys_reg[74]/synch_enable
                                0.05           0.00 r        -0.05  (VIOLATED)
   u_ctrl/u_aes/rkeys_reg[75]/synch_enable
                                0.05           0.00 r        -0.05  (VIOLATED)
   u_ctrl/u_aes/rkeys_reg[76]/synch_enable
                                0.05           0.00 r        -0.05  (VIOLATED)
   u_ctrl/u_aes/rkeys_reg[77]/synch_enable
                                0.05           0.00 r        -0.05  (VIOLATED)
   u_ctrl/u_aes/rkeys_reg[78]/synch_enable
                                0.05           0.00 r        -0.05  (VIOLATED)
   u_ctrl/u_aes/rkeys_reg[79]/synch_enable
                                0.05           0.00 r        -0.05  (VIOLATED)
   u_ctrl/u_aes/rkeys_reg[80]/synch_enable
                                0.05           0.00 r        -0.05  (VIOLATED)
   u_ctrl/u_aes/rkeys_reg[81]/synch_enable
                                0.05           0.00 r        -0.05  (VIOLATED)
   u_ctrl/u_aes/rkeys_reg[82]/synch_enable
                                0.05           0.00 r        -0.05  (VIOLATED)
   u_ctrl/u_aes/rkeys_reg[83]/synch_enable
                                0.05           0.00 r        -0.05  (VIOLATED)
   u_ctrl/u_aes/rkeys_reg[84]/synch_enable
                                0.05           0.00 r        -0.05  (VIOLATED)
   u_ctrl/u_aes/rkeys_reg[85]/synch_enable
                                0.05           0.00 r        -0.05  (VIOLATED)
   u_ctrl/u_aes/rkeys_reg[86]/synch_enable
                                0.05           0.00 r        -0.05  (VIOLATED)
   u_ctrl/u_aes/rkeys_reg[87]/synch_enable
                                0.05           0.00 r        -0.05  (VIOLATED)
   u_ctrl/u_aes/rkeys_reg[88]/synch_enable
                                0.05           0.00 r        -0.05  (VIOLATED)
   u_ctrl/u_aes/rkeys_reg[89]/synch_enable
                                0.05           0.00 r        -0.05  (VIOLATED)
   u_ctrl/u_aes/rkeys_reg[90]/synch_enable
                                0.05           0.00 r        -0.05  (VIOLATED)
   u_ctrl/u_aes/rkeys_reg[91]/synch_enable
                                0.05           0.00 r        -0.05  (VIOLATED)
   u_ctrl/u_aes/rkeys_reg[92]/synch_enable
                                0.05           0.00 r        -0.05  (VIOLATED)
   u_ctrl/u_aes/rkeys_reg[93]/synch_enable
                                0.05           0.00 r        -0.05  (VIOLATED)
   u_ctrl/u_aes/rkeys_reg[94]/synch_enable
                                0.05           0.00 r        -0.05  (VIOLATED)
   u_ctrl/u_aes/rkeys_reg[95]/synch_enable
                                0.05           0.00 r        -0.05  (VIOLATED)
   u_ctrl/u_aes/rkeys_reg[96]/synch_enable
                                0.05           0.00 r        -0.05  (VIOLATED)
   u_ctrl/u_aes/rkeys_reg[97]/synch_enable
                                0.05           0.00 r        -0.05  (VIOLATED)
   u_ctrl/u_aes/rkeys_reg[98]/synch_enable
                                0.05           0.00 r        -0.05  (VIOLATED)
   u_ctrl/u_aes/rkeys_reg[99]/synch_enable
                                0.05           0.00 r        -0.05  (VIOLATED)
   u_ctrl/u_aes/rkeys_reg[100]/synch_enable
                                0.05           0.00 r        -0.05  (VIOLATED)
   u_ctrl/u_aes/rkeys_reg[101]/synch_enable
                                0.05           0.00 r        -0.05  (VIOLATED)
   u_ctrl/u_aes/rkeys_reg[102]/synch_enable
                                0.05           0.00 r        -0.05  (VIOLATED)
   u_ctrl/u_aes/rkeys_reg[103]/synch_enable
                                0.05           0.00 r        -0.05  (VIOLATED)
   u_ctrl/u_aes/rkeys_reg[104]/synch_enable
                                0.05           0.00 r        -0.05  (VIOLATED)
   u_ctrl/u_aes/rkeys_reg[105]/synch_enable
                                0.05           0.00 r        -0.05  (VIOLATED)
   u_ctrl/u_aes/rkeys_reg[106]/synch_enable
                                0.05           0.00 r        -0.05  (VIOLATED)
   u_ctrl/u_aes/rkeys_reg[107]/synch_enable
                                0.05           0.00 r        -0.05  (VIOLATED)
   u_ctrl/u_aes/rkeys_reg[108]/synch_enable
                                0.05           0.00 r        -0.05  (VIOLATED)
   u_ctrl/u_aes/rkeys_reg[109]/synch_enable
                                0.05           0.00 r        -0.05  (VIOLATED)
   u_ctrl/u_aes/rkeys_reg[110]/synch_enable
                                0.05           0.00 r        -0.05  (VIOLATED)
   u_ctrl/u_aes/rkeys_reg[111]/synch_enable
                                0.05           0.00 r        -0.05  (VIOLATED)
   u_ctrl/u_aes/rkeys_reg[112]/synch_enable
                                0.05           0.00 r        -0.05  (VIOLATED)
   u_ctrl/u_aes/rkeys_reg[113]/synch_enable
                                0.05           0.00 r        -0.05  (VIOLATED)
   u_ctrl/u_aes/rkeys_reg[114]/synch_enable
                                0.05           0.00 r        -0.05  (VIOLATED)
   u_ctrl/u_aes/rkeys_reg[115]/synch_enable
                                0.05           0.00 r        -0.05  (VIOLATED)
   u_ctrl/u_aes/rkeys_reg[116]/synch_enable
                                0.05           0.00 r        -0.05  (VIOLATED)
   u_ctrl/u_aes/rkeys_reg[117]/synch_enable
                                0.05           0.00 r        -0.05  (VIOLATED)
   u_ctrl/u_aes/rkeys_reg[118]/synch_enable
                                0.05           0.00 r        -0.05  (VIOLATED)
   u_ctrl/u_aes/rkeys_reg[119]/synch_enable
                                0.05           0.00 r        -0.05  (VIOLATED)
   u_ctrl/u_aes/rkeys_reg[120]/synch_enable
                                0.05           0.00 r        -0.05  (VIOLATED)
   u_ctrl/u_aes/rkeys_reg[121]/synch_enable
                                0.05           0.00 r        -0.05  (VIOLATED)
   u_ctrl/u_aes/rkeys_reg[122]/synch_enable
                                0.05           0.00 r        -0.05  (VIOLATED)
   u_ctrl/u_aes/rkeys_reg[123]/synch_enable
                                0.05           0.00 r        -0.05  (VIOLATED)
   u_ctrl/u_aes/rkeys_reg[124]/synch_enable
                                0.05           0.00 r        -0.05  (VIOLATED)
   u_ctrl/u_aes/rkeys_reg[125]/synch_enable
                                0.05           0.00 r        -0.05  (VIOLATED)
   u_ctrl/u_aes/rkeys_reg[126]/synch_enable
                                0.05           0.00 r        -0.05  (VIOLATED)
   u_ctrl/u_aes/rkeys_reg[127]/synch_enable
                                0.05           0.00 r        -0.05  (VIOLATED)
   u_ctrl/u_aes/rkeys_reg[128]/synch_enable
                                0.05           0.00 r        -0.05  (VIOLATED)
   u_ctrl/u_aes/rkeys_reg[129]/synch_enable
                                0.05           0.00 r        -0.05  (VIOLATED)
   u_ctrl/u_aes/rkeys_reg[130]/synch_enable
                                0.05           0.00 r        -0.05  (VIOLATED)
   u_ctrl/u_aes/rkeys_reg[131]/synch_enable
                                0.05           0.00 r        -0.05  (VIOLATED)
   u_ctrl/u_aes/rkeys_reg[132]/synch_enable
                                0.05           0.00 r        -0.05  (VIOLATED)
   u_ctrl/u_aes/rkeys_reg[133]/synch_enable
                                0.05           0.00 r        -0.05  (VIOLATED)
   u_ctrl/u_aes/rkeys_reg[134]/synch_enable
                                0.05           0.00 r        -0.05  (VIOLATED)
   u_ctrl/u_aes/rkeys_reg[135]/synch_enable
                                0.05           0.00 r        -0.05  (VIOLATED)
   u_ctrl/u_aes/rkeys_reg[136]/synch_enable
                                0.05           0.00 r        -0.05  (VIOLATED)
   u_ctrl/u_aes/rkeys_reg[137]/synch_enable
                                0.05           0.00 r        -0.05  (VIOLATED)
   u_ctrl/u_aes/rkeys_reg[138]/synch_enable
                                0.05           0.00 r        -0.05  (VIOLATED)
   u_ctrl/u_aes/rkeys_reg[139]/synch_enable
                                0.05           0.00 r        -0.05  (VIOLATED)
   u_ctrl/u_aes/rkeys_reg[140]/synch_enable
                                0.05           0.00 r        -0.05  (VIOLATED)
   u_ctrl/u_aes/rkeys_reg[141]/synch_enable
                                0.05           0.00 r        -0.05  (VIOLATED)
   u_ctrl/u_aes/rkeys_reg[142]/synch_enable
                                0.05           0.00 r        -0.05  (VIOLATED)
   u_ctrl/u_aes/rkeys_reg[143]/synch_enable
                                0.05           0.00 r        -0.05  (VIOLATED)
   u_ctrl/u_aes/rkeys_reg[144]/synch_enable
                                0.05           0.00 r        -0.05  (VIOLATED)
   u_ctrl/u_aes/rkeys_reg[145]/synch_enable
                                0.05           0.00 r        -0.05  (VIOLATED)
   u_ctrl/u_aes/rkeys_reg[146]/synch_enable
                                0.05           0.00 r        -0.05  (VIOLATED)
   u_ctrl/u_aes/rkeys_reg[147]/synch_enable
                                0.05           0.00 r        -0.05  (VIOLATED)
   u_ctrl/u_aes/rkeys_reg[148]/synch_enable
                                0.05           0.00 r        -0.05  (VIOLATED)
   u_ctrl/u_aes/rkeys_reg[149]/synch_enable
                                0.05           0.00 r        -0.05  (VIOLATED)
   u_ctrl/u_aes/rkeys_reg[150]/synch_enable
                                0.05           0.00 r        -0.05  (VIOLATED)
   u_ctrl/u_aes/rkeys_reg[151]/synch_enable
                                0.05           0.00 r        -0.05  (VIOLATED)
   u_ctrl/u_aes/rkeys_reg[152]/synch_enable
                                0.05           0.00 r        -0.05  (VIOLATED)
   u_ctrl/u_aes/rkeys_reg[153]/synch_enable
                                0.05           0.00 r        -0.05  (VIOLATED)
   u_ctrl/u_aes/rkeys_reg[154]/synch_enable
                                0.05           0.00 r        -0.05  (VIOLATED)
   u_ctrl/u_aes/rkeys_reg[155]/synch_enable
                                0.05           0.00 r        -0.05  (VIOLATED)
   u_ctrl/u_aes/rkeys_reg[156]/synch_enable
                                0.05           0.00 r        -0.05  (VIOLATED)
   u_ctrl/u_aes/rkeys_reg[157]/synch_enable
                                0.05           0.00 r        -0.05  (VIOLATED)
   u_ctrl/u_aes/rkeys_reg[158]/synch_enable
                                0.05           0.00 r        -0.05  (VIOLATED)
   u_ctrl/u_aes/rkeys_reg[159]/synch_enable
                                0.05           0.00 r        -0.05  (VIOLATED)
   u_ctrl/u_aes/rkeys_reg[160]/synch_enable
                                0.05           0.00 r        -0.05  (VIOLATED)
   u_ctrl/u_aes/rkeys_reg[161]/synch_enable
                                0.05           0.00 r        -0.05  (VIOLATED)
   u_ctrl/u_aes/rkeys_reg[162]/synch_enable
                                0.05           0.00 r        -0.05  (VIOLATED)
   u_ctrl/u_aes/rkeys_reg[163]/synch_enable
                                0.05           0.00 r        -0.05  (VIOLATED)
   u_ctrl/u_aes/rkeys_reg[164]/synch_enable
                                0.05           0.00 r        -0.05  (VIOLATED)
   u_ctrl/u_aes/rkeys_reg[165]/synch_enable
                                0.05           0.00 r        -0.05  (VIOLATED)
   u_ctrl/u_aes/rkeys_reg[166]/synch_enable
                                0.05           0.00 r        -0.05  (VIOLATED)
   u_ctrl/u_aes/rkeys_reg[167]/synch_enable
                                0.05           0.00 r        -0.05  (VIOLATED)
   u_ctrl/u_aes/rkeys_reg[168]/synch_enable
                                0.05           0.00 r        -0.05  (VIOLATED)
   u_ctrl/u_aes/rkeys_reg[169]/synch_enable
                                0.05           0.00 r        -0.05  (VIOLATED)
   u_ctrl/u_aes/rkeys_reg[170]/synch_enable
                                0.05           0.00 r        -0.05  (VIOLATED)
   u_ctrl/u_aes/rkeys_reg[171]/synch_enable
                                0.05           0.00 r        -0.05  (VIOLATED)
   u_ctrl/u_aes/rkeys_reg[172]/synch_enable
                                0.05           0.00 r        -0.05  (VIOLATED)
   u_ctrl/u_aes/rkeys_reg[173]/synch_enable
                                0.05           0.00 r        -0.05  (VIOLATED)
   u_ctrl/u_aes/rkeys_reg[174]/synch_enable
                                0.05           0.00 r        -0.05  (VIOLATED)
   u_ctrl/u_aes/rkeys_reg[175]/synch_enable
                                0.05           0.00 r        -0.05  (VIOLATED)
   u_ctrl/u_aes/rkeys_reg[176]/synch_enable
                                0.05           0.00 r        -0.05  (VIOLATED)
   u_ctrl/u_aes/rkeys_reg[177]/synch_enable
                                0.05           0.00 r        -0.05  (VIOLATED)
   u_ctrl/u_aes/rkeys_reg[178]/synch_enable
                                0.05           0.00 r        -0.05  (VIOLATED)
   u_ctrl/u_aes/rkeys_reg[179]/synch_enable
                                0.05           0.00 r        -0.05  (VIOLATED)
   u_ctrl/u_aes/rkeys_reg[180]/synch_enable
                                0.05           0.00 r        -0.05  (VIOLATED)
   u_ctrl/u_aes/rkeys_reg[181]/synch_enable
                                0.05           0.00 r        -0.05  (VIOLATED)
   u_ctrl/u_aes/rkeys_reg[182]/synch_enable
                                0.05           0.00 r        -0.05  (VIOLATED)
   u_ctrl/u_aes/rkeys_reg[183]/synch_enable
                                0.05           0.00 r        -0.05  (VIOLATED)
   u_ctrl/u_aes/rkeys_reg[184]/synch_enable
                                0.05           0.00 r        -0.05  (VIOLATED)
   u_ctrl/u_aes/rkeys_reg[185]/synch_enable
                                0.05           0.00 r        -0.05  (VIOLATED)
   u_ctrl/u_aes/rkeys_reg[186]/synch_enable
                                0.05           0.00 r        -0.05  (VIOLATED)
   u_ctrl/u_aes/rkeys_reg[187]/synch_enable
                                0.05           0.00 r        -0.05  (VIOLATED)
   u_ctrl/u_aes/rkeys_reg[188]/synch_enable
                                0.05           0.00 r        -0.05  (VIOLATED)
   u_ctrl/u_aes/rkeys_reg[189]/synch_enable
                                0.05           0.00 r        -0.05  (VIOLATED)
   u_ctrl/u_aes/rkeys_reg[190]/synch_enable
                                0.05           0.00 r        -0.05  (VIOLATED)
   u_ctrl/u_aes/rkeys_reg[191]/synch_enable
                                0.05           0.00 r        -0.05  (VIOLATED)
   u_ctrl/u_aes/rkeys_reg[192]/synch_enable
                                0.05           0.00 r        -0.05  (VIOLATED)
   u_ctrl/u_aes/rkeys_reg[193]/synch_enable
                                0.05           0.00 r        -0.05  (VIOLATED)
   u_ctrl/u_aes/rkeys_reg[194]/synch_enable
                                0.05           0.00 r        -0.05  (VIOLATED)
   u_ctrl/u_aes/rkeys_reg[195]/synch_enable
                                0.05           0.00 r        -0.05  (VIOLATED)
   u_ctrl/u_aes/rkeys_reg[196]/synch_enable
                                0.05           0.00 r        -0.05  (VIOLATED)
   u_ctrl/u_aes/rkeys_reg[197]/synch_enable
                                0.05           0.00 r        -0.05  (VIOLATED)
   u_ctrl/u_aes/rkeys_reg[198]/synch_enable
                                0.05           0.00 r        -0.05  (VIOLATED)
   u_ctrl/u_aes/rkeys_reg[199]/synch_enable
                                0.05           0.00 r        -0.05  (VIOLATED)
   u_ctrl/u_aes/rkeys_reg[200]/synch_enable
                                0.05           0.00 r        -0.05  (VIOLATED)
   u_ctrl/u_aes/rkeys_reg[201]/synch_enable
                                0.05           0.00 r        -0.05  (VIOLATED)
   u_ctrl/u_aes/rkeys_reg[202]/synch_enable
                                0.05           0.00 r        -0.05  (VIOLATED)
   u_ctrl/u_aes/rkeys_reg[203]/synch_enable
                                0.05           0.00 r        -0.05  (VIOLATED)
   u_ctrl/u_aes/rkeys_reg[204]/synch_enable
                                0.05           0.00 r        -0.05  (VIOLATED)
   u_ctrl/u_aes/rkeys_reg[205]/synch_enable
                                0.05           0.00 r        -0.05  (VIOLATED)
   u_ctrl/u_aes/rkeys_reg[206]/synch_enable
                                0.05           0.00 r        -0.05  (VIOLATED)
   u_ctrl/u_aes/rkeys_reg[207]/synch_enable
                                0.05           0.00 r        -0.05  (VIOLATED)
   u_ctrl/u_aes/rkeys_reg[208]/synch_enable
                                0.05           0.00 r        -0.05  (VIOLATED)
   u_ctrl/u_aes/rkeys_reg[209]/synch_enable
                                0.05           0.00 r        -0.05  (VIOLATED)
   u_ctrl/u_aes/rkeys_reg[210]/synch_enable
                                0.05           0.00 r        -0.05  (VIOLATED)
   u_ctrl/u_aes/rkeys_reg[211]/synch_enable
                                0.05           0.00 r        -0.05  (VIOLATED)
   u_ctrl/u_aes/rkeys_reg[212]/synch_enable
                                0.05           0.00 r        -0.05  (VIOLATED)
   u_ctrl/u_aes/rkeys_reg[213]/synch_enable
                                0.05           0.00 r        -0.05  (VIOLATED)
   u_ctrl/u_aes/rkeys_reg[214]/synch_enable
                                0.05           0.00 r        -0.05  (VIOLATED)
   u_ctrl/u_aes/rkeys_reg[215]/synch_enable
                                0.05           0.00 r        -0.05  (VIOLATED)
   u_ctrl/u_aes/rkeys_reg[216]/synch_enable
                                0.05           0.00 r        -0.05  (VIOLATED)
   u_ctrl/u_aes/rkeys_reg[217]/synch_enable
                                0.05           0.00 r        -0.05  (VIOLATED)
   u_ctrl/u_aes/rkeys_reg[218]/synch_enable
                                0.05           0.00 r        -0.05  (VIOLATED)
   u_ctrl/u_aes/rkeys_reg[219]/synch_enable
                                0.05           0.00 r        -0.05  (VIOLATED)
   u_ctrl/u_aes/rkeys_reg[220]/synch_enable
                                0.05           0.00 r        -0.05  (VIOLATED)
   u_ctrl/u_aes/rkeys_reg[221]/synch_enable
                                0.05           0.00 r        -0.05  (VIOLATED)
   u_ctrl/u_aes/rkeys_reg[222]/synch_enable
                                0.05           0.00 r        -0.05  (VIOLATED)
   u_ctrl/u_aes/rkeys_reg[223]/synch_enable
                                0.05           0.00 r        -0.05  (VIOLATED)
   u_ctrl/u_aes/rkeys_reg[224]/synch_enable
                                0.05           0.00 r        -0.05  (VIOLATED)
   u_ctrl/u_aes/rkeys_reg[225]/synch_enable
                                0.05           0.00 r        -0.05  (VIOLATED)
   u_ctrl/u_aes/rkeys_reg[226]/synch_enable
                                0.05           0.00 r        -0.05  (VIOLATED)
   u_ctrl/u_aes/rkeys_reg[227]/synch_enable
                                0.05           0.00 r        -0.05  (VIOLATED)
   u_ctrl/u_aes/rkeys_reg[228]/synch_enable
                                0.05           0.00 r        -0.05  (VIOLATED)
   u_ctrl/u_aes/rkeys_reg[229]/synch_enable
                                0.05           0.00 r        -0.05  (VIOLATED)
   u_ctrl/u_aes/rkeys_reg[230]/synch_enable
                                0.05           0.00 r        -0.05  (VIOLATED)
   u_ctrl/u_aes/rkeys_reg[231]/synch_enable
                                0.05           0.00 r        -0.05  (VIOLATED)
   u_ctrl/u_aes/rkeys_reg[232]/synch_enable
                                0.05           0.00 r        -0.05  (VIOLATED)
   u_ctrl/u_aes/rkeys_reg[233]/synch_enable
                                0.05           0.00 r        -0.05  (VIOLATED)
   u_ctrl/u_aes/rkeys_reg[234]/synch_enable
                                0.05           0.00 r        -0.05  (VIOLATED)
   u_ctrl/u_aes/rkeys_reg[235]/synch_enable
                                0.05           0.00 r        -0.05  (VIOLATED)
   u_ctrl/u_aes/rkeys_reg[236]/synch_enable
                                0.05           0.00 r        -0.05  (VIOLATED)
   u_ctrl/u_aes/rkeys_reg[237]/synch_enable
                                0.05           0.00 r        -0.05  (VIOLATED)
   u_ctrl/u_aes/rkeys_reg[238]/synch_enable
                                0.05           0.00 r        -0.05  (VIOLATED)
   u_ctrl/u_aes/rkeys_reg[239]/synch_enable
                                0.05           0.00 r        -0.05  (VIOLATED)
   u_ctrl/u_aes/rkeys_reg[240]/synch_enable
                                0.05           0.00 r        -0.05  (VIOLATED)
   u_ctrl/u_aes/rkeys_reg[241]/synch_enable
                                0.05           0.00 r        -0.05  (VIOLATED)
   u_ctrl/u_aes/rkeys_reg[242]/synch_enable
                                0.05           0.00 r        -0.05  (VIOLATED)
   u_ctrl/u_aes/rkeys_reg[243]/synch_enable
                                0.05           0.00 r        -0.05  (VIOLATED)
   u_ctrl/u_aes/rkeys_reg[244]/synch_enable
                                0.05           0.00 r        -0.05  (VIOLATED)
   u_ctrl/u_aes/rkeys_reg[245]/synch_enable
                                0.05           0.00 r        -0.05  (VIOLATED)
   u_ctrl/u_aes/rkeys_reg[246]/synch_enable
                                0.05           0.00 r        -0.05  (VIOLATED)
   u_ctrl/u_aes/rkeys_reg[247]/synch_enable
                                0.05           0.00 r        -0.05  (VIOLATED)
   u_ctrl/u_aes/rkeys_reg[248]/synch_enable
                                0.05           0.00 r        -0.05  (VIOLATED)
   u_ctrl/u_aes/rkeys_reg[249]/synch_enable
                                0.05           0.00 r        -0.05  (VIOLATED)
   u_ctrl/u_aes/rkeys_reg[250]/synch_enable
                                0.05           0.00 r        -0.05  (VIOLATED)
   u_ctrl/u_aes/rkeys_reg[251]/synch_enable
                                0.05           0.00 r        -0.05  (VIOLATED)
   u_ctrl/u_aes/rkeys_reg[252]/synch_enable
                                0.05           0.00 r        -0.05  (VIOLATED)
   u_ctrl/u_aes/rkeys_reg[253]/synch_enable
                                0.05           0.00 r        -0.05  (VIOLATED)
   u_ctrl/u_aes/rkeys_reg[254]/synch_enable
                                0.05           0.00 r        -0.05  (VIOLATED)
   u_ctrl/u_aes/rkeys_reg[255]/synch_enable
                                0.05           0.00 r        -0.05  (VIOLATED)
   u_ctrl/u_aes/rkeys_reg[256]/synch_enable
                                0.05           0.00 r        -0.05  (VIOLATED)
   u_ctrl/u_aes/rkeys_reg[257]/synch_enable
                                0.05           0.00 r        -0.05  (VIOLATED)
   u_ctrl/u_aes/rkeys_reg[258]/synch_enable
                                0.05           0.00 r        -0.05  (VIOLATED)
   u_ctrl/u_aes/rkeys_reg[259]/synch_enable
                                0.05           0.00 r        -0.05  (VIOLATED)
   u_ctrl/u_aes/rkeys_reg[260]/synch_enable
                                0.05           0.00 r        -0.05  (VIOLATED)
   u_ctrl/u_aes/rkeys_reg[261]/synch_enable
                                0.05           0.00 r        -0.05  (VIOLATED)
   u_ctrl/u_aes/rkeys_reg[262]/synch_enable
                                0.05           0.00 r        -0.05  (VIOLATED)
   u_ctrl/u_aes/rkeys_reg[263]/synch_enable
                                0.05           0.00 r        -0.05  (VIOLATED)
   u_ctrl/u_aes/rkeys_reg[264]/synch_enable
                                0.05           0.00 r        -0.05  (VIOLATED)
   u_ctrl/u_aes/rkeys_reg[265]/synch_enable
                                0.05           0.00 r        -0.05  (VIOLATED)
   u_ctrl/u_aes/rkeys_reg[266]/synch_enable
                                0.05           0.00 r        -0.05  (VIOLATED)
   u_ctrl/u_aes/rkeys_reg[267]/synch_enable
                                0.05           0.00 r        -0.05  (VIOLATED)
   u_ctrl/u_aes/rkeys_reg[268]/synch_enable
                                0.05           0.00 r        -0.05  (VIOLATED)
   u_ctrl/u_aes/rkeys_reg[269]/synch_enable
                                0.05           0.00 r        -0.05  (VIOLATED)
   u_ctrl/u_aes/rkeys_reg[270]/synch_enable
                                0.05           0.00 r        -0.05  (VIOLATED)
   u_ctrl/u_aes/rkeys_reg[271]/synch_enable
                                0.05           0.00 r        -0.05  (VIOLATED)
   u_ctrl/u_aes/rkeys_reg[272]/synch_enable
                                0.05           0.00 r        -0.05  (VIOLATED)
   u_ctrl/u_aes/rkeys_reg[273]/synch_enable
                                0.05           0.00 r        -0.05  (VIOLATED)
   u_ctrl/u_aes/rkeys_reg[274]/synch_enable
                                0.05           0.00 r        -0.05  (VIOLATED)
   u_ctrl/u_aes/rkeys_reg[275]/synch_enable
                                0.05           0.00 r        -0.05  (VIOLATED)
   u_ctrl/u_aes/rkeys_reg[276]/synch_enable
                                0.05           0.00 r        -0.05  (VIOLATED)
   u_ctrl/u_aes/rkeys_reg[277]/synch_enable
                                0.05           0.00 r        -0.05  (VIOLATED)
   u_ctrl/u_aes/rkeys_reg[278]/synch_enable
                                0.05           0.00 r        -0.05  (VIOLATED)
   u_ctrl/u_aes/rkeys_reg[279]/synch_enable
                                0.05           0.00 r        -0.05  (VIOLATED)
   u_ctrl/u_aes/rkeys_reg[280]/synch_enable
                                0.05           0.00 r        -0.05  (VIOLATED)
   u_ctrl/u_aes/rkeys_reg[281]/synch_enable
                                0.05           0.00 r        -0.05  (VIOLATED)
   u_ctrl/u_aes/rkeys_reg[282]/synch_enable
                                0.05           0.00 r        -0.05  (VIOLATED)
   u_ctrl/u_aes/rkeys_reg[283]/synch_enable
                                0.05           0.00 r        -0.05  (VIOLATED)
   u_ctrl/u_aes/rkeys_reg[284]/synch_enable
                                0.05           0.00 r        -0.05  (VIOLATED)
   u_ctrl/u_aes/rkeys_reg[285]/synch_enable
                                0.05           0.00 r        -0.05  (VIOLATED)
   u_ctrl/u_aes/rkeys_reg[286]/synch_enable
                                0.05           0.00 r        -0.05  (VIOLATED)
   u_ctrl/u_aes/rkeys_reg[287]/synch_enable
                                0.05           0.00 r        -0.05  (VIOLATED)
   u_ctrl/u_aes/rkeys_reg[288]/synch_enable
                                0.05           0.00 r        -0.05  (VIOLATED)
   u_ctrl/u_aes/rkeys_reg[289]/synch_enable
                                0.05           0.00 r        -0.05  (VIOLATED)
   u_ctrl/u_aes/rkeys_reg[290]/synch_enable
                                0.05           0.00 r        -0.05  (VIOLATED)
   u_ctrl/u_aes/rkeys_reg[291]/synch_enable
                                0.05           0.00 r        -0.05  (VIOLATED)
   u_ctrl/u_aes/rkeys_reg[292]/synch_enable
                                0.05           0.00 r        -0.05  (VIOLATED)
   u_ctrl/u_aes/rkeys_reg[293]/synch_enable
                                0.05           0.00 r        -0.05  (VIOLATED)
   u_ctrl/u_aes/rkeys_reg[294]/synch_enable
                                0.05           0.00 r        -0.05  (VIOLATED)
   u_ctrl/u_aes/rkeys_reg[295]/synch_enable
                                0.05           0.00 r        -0.05  (VIOLATED)
   u_ctrl/u_aes/rkeys_reg[296]/synch_enable
                                0.05           0.00 r        -0.05  (VIOLATED)
   u_ctrl/u_aes/rkeys_reg[297]/synch_enable
                                0.05           0.00 r        -0.05  (VIOLATED)
   u_ctrl/u_aes/rkeys_reg[298]/synch_enable
                                0.05           0.00 r        -0.05  (VIOLATED)
   u_ctrl/u_aes/rkeys_reg[299]/synch_enable
                                0.05           0.00 r        -0.05  (VIOLATED)
   u_ctrl/u_aes/rkeys_reg[300]/synch_enable
                                0.05           0.00 r        -0.05  (VIOLATED)
   u_ctrl/u_aes/rkeys_reg[301]/synch_enable
                                0.05           0.00 r        -0.05  (VIOLATED)
   u_ctrl/u_aes/rkeys_reg[302]/synch_enable
                                0.05           0.00 r        -0.05  (VIOLATED)
   u_ctrl/u_aes/rkeys_reg[303]/synch_enable
                                0.05           0.00 r        -0.05  (VIOLATED)
   u_ctrl/u_aes/rkeys_reg[304]/synch_enable
                                0.05           0.00 r        -0.05  (VIOLATED)
   u_ctrl/u_aes/rkeys_reg[305]/synch_enable
                                0.05           0.00 r        -0.05  (VIOLATED)
   u_ctrl/u_aes/rkeys_reg[306]/synch_enable
                                0.05           0.00 r        -0.05  (VIOLATED)
   u_ctrl/u_aes/rkeys_reg[307]/synch_enable
                                0.05           0.00 r        -0.05  (VIOLATED)
   u_ctrl/u_aes/rkeys_reg[308]/synch_enable
                                0.05           0.00 r        -0.05  (VIOLATED)
   u_ctrl/u_aes/rkeys_reg[309]/synch_enable
                                0.05           0.00 r        -0.05  (VIOLATED)
   u_ctrl/u_aes/rkeys_reg[310]/synch_enable
                                0.05           0.00 r        -0.05  (VIOLATED)
   u_ctrl/u_aes/rkeys_reg[311]/synch_enable
                                0.05           0.00 r        -0.05  (VIOLATED)
   u_ctrl/u_aes/rkeys_reg[312]/synch_enable
                                0.05           0.00 r        -0.05  (VIOLATED)
   u_ctrl/u_aes/rkeys_reg[313]/synch_enable
                                0.05           0.00 r        -0.05  (VIOLATED)
   u_ctrl/u_aes/rkeys_reg[314]/synch_enable
                                0.05           0.00 r        -0.05  (VIOLATED)
   u_ctrl/u_aes/rkeys_reg[315]/synch_enable
                                0.05           0.00 r        -0.05  (VIOLATED)
   u_ctrl/u_aes/rkeys_reg[316]/synch_enable
                                0.05           0.00 r        -0.05  (VIOLATED)
   u_ctrl/u_aes/rkeys_reg[317]/synch_enable
                                0.05           0.00 r        -0.05  (VIOLATED)
   u_ctrl/u_aes/rkeys_reg[318]/synch_enable
                                0.05           0.00 r        -0.05  (VIOLATED)
   u_ctrl/u_aes/rkeys_reg[319]/synch_enable
                                0.05           0.00 r        -0.05  (VIOLATED)
   u_ctrl/u_aes/rkeys_reg[320]/synch_enable
                                0.05           0.00 r        -0.05  (VIOLATED)
   u_ctrl/u_aes/rkeys_reg[321]/synch_enable
                                0.05           0.00 r        -0.05  (VIOLATED)
   u_ctrl/u_aes/rkeys_reg[322]/synch_enable
                                0.05           0.00 r        -0.05  (VIOLATED)
   u_ctrl/u_aes/rkeys_reg[323]/synch_enable
                                0.05           0.00 r        -0.05  (VIOLATED)
   u_ctrl/u_aes/rkeys_reg[324]/synch_enable
                                0.05           0.00 r        -0.05  (VIOLATED)
   u_ctrl/u_aes/rkeys_reg[325]/synch_enable
                                0.05           0.00 r        -0.05  (VIOLATED)
   u_ctrl/u_aes/rkeys_reg[326]/synch_enable
                                0.05           0.00 r        -0.05  (VIOLATED)
   u_ctrl/u_aes/rkeys_reg[327]/synch_enable
                                0.05           0.00 r        -0.05  (VIOLATED)
   u_ctrl/u_aes/rkeys_reg[328]/synch_enable
                                0.05           0.00 r        -0.05  (VIOLATED)
   u_ctrl/u_aes/rkeys_reg[329]/synch_enable
                                0.05           0.00 r        -0.05  (VIOLATED)
   u_ctrl/u_aes/rkeys_reg[330]/synch_enable
                                0.05           0.00 r        -0.05  (VIOLATED)
   u_ctrl/u_aes/rkeys_reg[331]/synch_enable
                                0.05           0.00 r        -0.05  (VIOLATED)
   u_ctrl/u_aes/rkeys_reg[332]/synch_enable
                                0.05           0.00 r        -0.05  (VIOLATED)
   u_ctrl/u_aes/rkeys_reg[333]/synch_enable
                                0.05           0.00 r        -0.05  (VIOLATED)
   u_ctrl/u_aes/rkeys_reg[334]/synch_enable
                                0.05           0.00 r        -0.05  (VIOLATED)
   u_ctrl/u_aes/rkeys_reg[335]/synch_enable
                                0.05           0.00 r        -0.05  (VIOLATED)
   u_ctrl/u_aes/rkeys_reg[336]/synch_enable
                                0.05           0.00 r        -0.05  (VIOLATED)
   u_ctrl/u_aes/rkeys_reg[337]/synch_enable
                                0.05           0.00 r        -0.05  (VIOLATED)
   u_ctrl/u_aes/rkeys_reg[338]/synch_enable
                                0.05           0.00 r        -0.05  (VIOLATED)
   u_ctrl/u_aes/rkeys_reg[339]/synch_enable
                                0.05           0.00 r        -0.05  (VIOLATED)
   u_ctrl/u_aes/rkeys_reg[340]/synch_enable
                                0.05           0.00 r        -0.05  (VIOLATED)
   u_ctrl/u_aes/rkeys_reg[341]/synch_enable
                                0.05           0.00 r        -0.05  (VIOLATED)
   u_ctrl/u_aes/rkeys_reg[342]/synch_enable
                                0.05           0.00 r        -0.05  (VIOLATED)
   u_ctrl/u_aes/rkeys_reg[343]/synch_enable
                                0.05           0.00 r        -0.05  (VIOLATED)
   u_ctrl/u_aes/rkeys_reg[344]/synch_enable
                                0.05           0.00 r        -0.05  (VIOLATED)
   u_ctrl/u_aes/rkeys_reg[345]/synch_enable
                                0.05           0.00 r        -0.05  (VIOLATED)
   u_ctrl/u_aes/rkeys_reg[346]/synch_enable
                                0.05           0.00 r        -0.05  (VIOLATED)
   u_ctrl/u_aes/rkeys_reg[347]/synch_enable
                                0.05           0.00 r        -0.05  (VIOLATED)
   u_ctrl/u_aes/rkeys_reg[348]/synch_enable
                                0.05           0.00 r        -0.05  (VIOLATED)
   u_ctrl/u_aes/rkeys_reg[349]/synch_enable
                                0.05           0.00 r        -0.05  (VIOLATED)
   u_ctrl/u_aes/rkeys_reg[350]/synch_enable
                                0.05           0.00 r        -0.05  (VIOLATED)
   u_ctrl/u_aes/rkeys_reg[351]/synch_enable
                                0.05           0.00 r        -0.05  (VIOLATED)
   u_ctrl/u_aes/rkeys_reg[352]/synch_enable
                                0.05           0.00 r        -0.05  (VIOLATED)
   u_ctrl/u_aes/rkeys_reg[353]/synch_enable
                                0.05           0.00 r        -0.05  (VIOLATED)
   u_ctrl/u_aes/rkeys_reg[354]/synch_enable
                                0.05           0.00 r        -0.05  (VIOLATED)
   u_ctrl/u_aes/rkeys_reg[355]/synch_enable
                                0.05           0.00 r        -0.05  (VIOLATED)
   u_ctrl/u_aes/rkeys_reg[356]/synch_enable
                                0.05           0.00 r        -0.05  (VIOLATED)
   u_ctrl/u_aes/rkeys_reg[357]/synch_enable
                                0.05           0.00 r        -0.05  (VIOLATED)
   u_ctrl/u_aes/rkeys_reg[358]/synch_enable
                                0.05           0.00 r        -0.05  (VIOLATED)
   u_ctrl/u_aes/rkeys_reg[359]/synch_enable
                                0.05           0.00 r        -0.05  (VIOLATED)
   u_ctrl/u_aes/rkeys_reg[360]/synch_enable
                                0.05           0.00 r        -0.05  (VIOLATED)
   u_ctrl/u_aes/rkeys_reg[361]/synch_enable
                                0.05           0.00 r        -0.05  (VIOLATED)
   u_ctrl/u_aes/rkeys_reg[362]/synch_enable
                                0.05           0.00 r        -0.05  (VIOLATED)
   u_ctrl/u_aes/rkeys_reg[363]/synch_enable
                                0.05           0.00 r        -0.05  (VIOLATED)
   u_ctrl/u_aes/rkeys_reg[364]/synch_enable
                                0.05           0.00 r        -0.05  (VIOLATED)
   u_ctrl/u_aes/rkeys_reg[365]/synch_enable
                                0.05           0.00 r        -0.05  (VIOLATED)
   u_ctrl/u_aes/rkeys_reg[366]/synch_enable
                                0.05           0.00 r        -0.05  (VIOLATED)
   u_ctrl/u_aes/rkeys_reg[367]/synch_enable
                                0.05           0.00 r        -0.05  (VIOLATED)
   u_ctrl/u_aes/rkeys_reg[368]/synch_enable
                                0.05           0.00 r        -0.05  (VIOLATED)
   u_ctrl/u_aes/rkeys_reg[369]/synch_enable
                                0.05           0.00 r        -0.05  (VIOLATED)
   u_ctrl/u_aes/rkeys_reg[370]/synch_enable
                                0.05           0.00 r        -0.05  (VIOLATED)
   u_ctrl/u_aes/rkeys_reg[371]/synch_enable
                                0.05           0.00 r        -0.05  (VIOLATED)
   u_ctrl/u_aes/rkeys_reg[372]/synch_enable
                                0.05           0.00 r        -0.05  (VIOLATED)
   u_ctrl/u_aes/rkeys_reg[373]/synch_enable
                                0.05           0.00 r        -0.05  (VIOLATED)
   u_ctrl/u_aes/rkeys_reg[374]/synch_enable
                                0.05           0.00 r        -0.05  (VIOLATED)
   u_ctrl/u_aes/rkeys_reg[375]/synch_enable
                                0.05           0.00 r        -0.05  (VIOLATED)
   u_ctrl/u_aes/rkeys_reg[376]/synch_enable
                                0.05           0.00 r        -0.05  (VIOLATED)
   u_ctrl/u_aes/rkeys_reg[377]/synch_enable
                                0.05           0.00 r        -0.05  (VIOLATED)
   u_ctrl/u_aes/rkeys_reg[378]/synch_enable
                                0.05           0.00 r        -0.05  (VIOLATED)
   u_ctrl/u_aes/rkeys_reg[379]/synch_enable
                                0.05           0.00 r        -0.05  (VIOLATED)
   u_ctrl/u_aes/rkeys_reg[380]/synch_enable
                                0.05           0.00 r        -0.05  (VIOLATED)
   u_ctrl/u_aes/rkeys_reg[381]/synch_enable
                                0.05           0.00 r        -0.05  (VIOLATED)
   u_ctrl/u_aes/rkeys_reg[382]/synch_enable
                                0.05           0.00 r        -0.05  (VIOLATED)
   u_ctrl/u_aes/rkeys_reg[383]/synch_enable
                                0.05           0.00 r        -0.05  (VIOLATED)
   u_ctrl/u_aes/rkeys_reg[384]/synch_enable
                                0.05           0.00 r        -0.05  (VIOLATED)
   u_ctrl/u_aes/rkeys_reg[385]/synch_enable
                                0.05           0.00 r        -0.05  (VIOLATED)
   u_ctrl/u_aes/rkeys_reg[386]/synch_enable
                                0.05           0.00 r        -0.05  (VIOLATED)
   u_ctrl/u_aes/rkeys_reg[387]/synch_enable
                                0.05           0.00 r        -0.05  (VIOLATED)
   u_ctrl/u_aes/rkeys_reg[388]/synch_enable
                                0.05           0.00 r        -0.05  (VIOLATED)
   u_ctrl/u_aes/rkeys_reg[389]/synch_enable
                                0.05           0.00 r        -0.05  (VIOLATED)
   u_ctrl/u_aes/rkeys_reg[390]/synch_enable
                                0.05           0.00 r        -0.05  (VIOLATED)
   u_ctrl/u_aes/rkeys_reg[391]/synch_enable
                                0.05           0.00 r        -0.05  (VIOLATED)
   u_ctrl/u_aes/rkeys_reg[392]/synch_enable
                                0.05           0.00 r        -0.05  (VIOLATED)
   u_ctrl/u_aes/rkeys_reg[393]/synch_enable
                                0.05           0.00 r        -0.05  (VIOLATED)
   u_ctrl/u_aes/rkeys_reg[394]/synch_enable
                                0.05           0.00 r        -0.05  (VIOLATED)
   u_ctrl/u_aes/rkeys_reg[395]/synch_enable
                                0.05           0.00 r        -0.05  (VIOLATED)
   u_ctrl/u_aes/rkeys_reg[396]/synch_enable
                                0.05           0.00 r        -0.05  (VIOLATED)
   u_ctrl/u_aes/rkeys_reg[397]/synch_enable
                                0.05           0.00 r        -0.05  (VIOLATED)
   u_ctrl/u_aes/rkeys_reg[398]/synch_enable
                                0.05           0.00 r        -0.05  (VIOLATED)
   u_ctrl/u_aes/rkeys_reg[399]/synch_enable
                                0.05           0.00 r        -0.05  (VIOLATED)
   u_ctrl/u_aes/rkeys_reg[400]/synch_enable
                                0.05           0.00 r        -0.05  (VIOLATED)
   u_ctrl/u_aes/rkeys_reg[401]/synch_enable
                                0.05           0.00 r        -0.05  (VIOLATED)
   u_ctrl/u_aes/rkeys_reg[402]/synch_enable
                                0.05           0.00 r        -0.05  (VIOLATED)
   u_ctrl/u_aes/rkeys_reg[403]/synch_enable
                                0.05           0.00 r        -0.05  (VIOLATED)
   u_ctrl/u_aes/rkeys_reg[404]/synch_enable
                                0.05           0.00 r        -0.05  (VIOLATED)
   u_ctrl/u_aes/rkeys_reg[405]/synch_enable
                                0.05           0.00 r        -0.05  (VIOLATED)
   u_ctrl/u_aes/rkeys_reg[406]/synch_enable
                                0.05           0.00 r        -0.05  (VIOLATED)
   u_ctrl/u_aes/rkeys_reg[407]/synch_enable
                                0.05           0.00 r        -0.05  (VIOLATED)
   u_ctrl/u_aes/rkeys_reg[408]/synch_enable
                                0.05           0.00 r        -0.05  (VIOLATED)
   u_ctrl/u_aes/rkeys_reg[409]/synch_enable
                                0.05           0.00 r        -0.05  (VIOLATED)
   u_ctrl/u_aes/rkeys_reg[410]/synch_enable
                                0.05           0.00 r        -0.05  (VIOLATED)
   u_ctrl/u_aes/rkeys_reg[411]/synch_enable
                                0.05           0.00 r        -0.05  (VIOLATED)
   u_ctrl/u_aes/rkeys_reg[412]/synch_enable
                                0.05           0.00 r        -0.05  (VIOLATED)
   u_ctrl/u_aes/rkeys_reg[413]/synch_enable
                                0.05           0.00 r        -0.05  (VIOLATED)
   u_ctrl/u_aes/rkeys_reg[414]/synch_enable
                                0.05           0.00 r        -0.05  (VIOLATED)
   u_ctrl/u_aes/rkeys_reg[415]/synch_enable
                                0.05           0.00 r        -0.05  (VIOLATED)
   u_ctrl/u_aes/rkeys_reg[416]/synch_enable
                                0.05           0.00 r        -0.05  (VIOLATED)
   u_ctrl/u_aes/rkeys_reg[417]/synch_enable
                                0.05           0.00 r        -0.05  (VIOLATED)
   u_ctrl/u_aes/rkeys_reg[418]/synch_enable
                                0.05           0.00 r        -0.05  (VIOLATED)
   u_ctrl/u_aes/rkeys_reg[419]/synch_enable
                                0.05           0.00 r        -0.05  (VIOLATED)
   u_ctrl/u_aes/rkeys_reg[420]/synch_enable
                                0.05           0.00 r        -0.05  (VIOLATED)
   u_ctrl/u_aes/rkeys_reg[421]/synch_enable
                                0.05           0.00 r        -0.05  (VIOLATED)
   u_ctrl/u_aes/rkeys_reg[422]/synch_enable
                                0.05           0.00 r        -0.05  (VIOLATED)
   u_ctrl/u_aes/rkeys_reg[423]/synch_enable
                                0.05           0.00 r        -0.05  (VIOLATED)
   u_ctrl/u_aes/rkeys_reg[424]/synch_enable
                                0.05           0.00 r        -0.05  (VIOLATED)
   u_ctrl/u_aes/rkeys_reg[425]/synch_enable
                                0.05           0.00 r        -0.05  (VIOLATED)
   u_ctrl/u_aes/rkeys_reg[426]/synch_enable
                                0.05           0.00 r        -0.05  (VIOLATED)
   u_ctrl/u_aes/rkeys_reg[427]/synch_enable
                                0.05           0.00 r        -0.05  (VIOLATED)
   u_ctrl/u_aes/rkeys_reg[428]/synch_enable
                                0.05           0.00 r        -0.05  (VIOLATED)
   u_ctrl/u_aes/rkeys_reg[429]/synch_enable
                                0.05           0.00 r        -0.05  (VIOLATED)
   u_ctrl/u_aes/rkeys_reg[430]/synch_enable
                                0.05           0.00 r        -0.05  (VIOLATED)
   u_ctrl/u_aes/rkeys_reg[431]/synch_enable
                                0.05           0.00 r        -0.05  (VIOLATED)
   u_ctrl/u_aes/rkeys_reg[432]/synch_enable
                                0.05           0.00 r        -0.05  (VIOLATED)
   u_ctrl/u_aes/rkeys_reg[433]/synch_enable
                                0.05           0.00 r        -0.05  (VIOLATED)
   u_ctrl/u_aes/rkeys_reg[434]/synch_enable
                                0.05           0.00 r        -0.05  (VIOLATED)
   u_ctrl/u_aes/rkeys_reg[435]/synch_enable
                                0.05           0.00 r        -0.05  (VIOLATED)
   u_ctrl/u_aes/rkeys_reg[436]/synch_enable
                                0.05           0.00 r        -0.05  (VIOLATED)
   u_ctrl/u_aes/rkeys_reg[437]/synch_enable
                                0.05           0.00 r        -0.05  (VIOLATED)
   u_ctrl/u_aes/rkeys_reg[438]/synch_enable
                                0.05           0.00 r        -0.05  (VIOLATED)
   u_ctrl/u_aes/rkeys_reg[439]/synch_enable
                                0.05           0.00 r        -0.05  (VIOLATED)
   u_ctrl/u_aes/rkeys_reg[440]/synch_enable
                                0.05           0.00 r        -0.05  (VIOLATED)
   u_ctrl/u_aes/rkeys_reg[441]/synch_enable
                                0.05           0.00 r        -0.05  (VIOLATED)
   u_ctrl/u_aes/rkeys_reg[442]/synch_enable
                                0.05           0.00 r        -0.05  (VIOLATED)
   u_ctrl/u_aes/rkeys_reg[443]/synch_enable
                                0.05           0.00 r        -0.05  (VIOLATED)
   u_ctrl/u_aes/rkeys_reg[444]/synch_enable
                                0.05           0.00 r        -0.05  (VIOLATED)
   u_ctrl/u_aes/rkeys_reg[445]/synch_enable
                                0.05           0.00 r        -0.05  (VIOLATED)
   u_ctrl/u_aes/rkeys_reg[446]/synch_enable
                                0.05           0.00 r        -0.05  (VIOLATED)
   u_ctrl/u_aes/rkeys_reg[447]/synch_enable
                                0.05           0.00 r        -0.05  (VIOLATED)
   u_ctrl/u_aes/rkeys_reg[448]/synch_enable
                                0.05           0.00 r        -0.05  (VIOLATED)
   u_ctrl/u_aes/rkeys_reg[449]/synch_enable
                                0.05           0.00 r        -0.05  (VIOLATED)
   u_ctrl/u_aes/rkeys_reg[450]/synch_enable
                                0.05           0.00 r        -0.05  (VIOLATED)
   u_ctrl/u_aes/rkeys_reg[451]/synch_enable
                                0.05           0.00 r        -0.05  (VIOLATED)
   u_ctrl/u_aes/rkeys_reg[452]/synch_enable
                                0.05           0.00 r        -0.05  (VIOLATED)
   u_ctrl/u_aes/rkeys_reg[453]/synch_enable
                                0.05           0.00 r        -0.05  (VIOLATED)
   u_ctrl/u_aes/rkeys_reg[454]/synch_enable
                                0.05           0.00 r        -0.05  (VIOLATED)
   u_ctrl/u_aes/rkeys_reg[455]/synch_enable
                                0.05           0.00 r        -0.05  (VIOLATED)
   u_ctrl/u_aes/rkeys_reg[456]/synch_enable
                                0.05           0.00 r        -0.05  (VIOLATED)
   u_ctrl/u_aes/rkeys_reg[457]/synch_enable
                                0.05           0.00 r        -0.05  (VIOLATED)
   u_ctrl/u_aes/rkeys_reg[458]/synch_enable
                                0.05           0.00 r        -0.05  (VIOLATED)
   u_ctrl/u_aes/rkeys_reg[459]/synch_enable
                                0.05           0.00 r        -0.05  (VIOLATED)
   u_ctrl/u_aes/rkeys_reg[460]/synch_enable
                                0.05           0.00 r        -0.05  (VIOLATED)
   u_ctrl/u_aes/rkeys_reg[461]/synch_enable
                                0.05           0.00 r        -0.05  (VIOLATED)
   u_ctrl/u_aes/rkeys_reg[462]/synch_enable
                                0.05           0.00 r        -0.05  (VIOLATED)
   u_ctrl/u_aes/rkeys_reg[463]/synch_enable
                                0.05           0.00 r        -0.05  (VIOLATED)
   u_ctrl/u_aes/rkeys_reg[464]/synch_enable
                                0.05           0.00 r        -0.05  (VIOLATED)
   u_ctrl/u_aes/rkeys_reg[465]/synch_enable
                                0.05           0.00 r        -0.05  (VIOLATED)
   u_ctrl/u_aes/rkeys_reg[466]/synch_enable
                                0.05           0.00 r        -0.05  (VIOLATED)
   u_ctrl/u_aes/rkeys_reg[467]/synch_enable
                                0.05           0.00 r        -0.05  (VIOLATED)
   u_ctrl/u_aes/rkeys_reg[468]/synch_enable
                                0.05           0.00 r        -0.05  (VIOLATED)
   u_ctrl/u_aes/rkeys_reg[469]/synch_enable
                                0.05           0.00 r        -0.05  (VIOLATED)
   u_ctrl/u_aes/rkeys_reg[470]/synch_enable
                                0.05           0.00 r        -0.05  (VIOLATED)
   u_ctrl/u_aes/rkeys_reg[471]/synch_enable
                                0.05           0.00 r        -0.05  (VIOLATED)
   u_ctrl/u_aes/rkeys_reg[472]/synch_enable
                                0.05           0.00 r        -0.05  (VIOLATED)
   u_ctrl/u_aes/rkeys_reg[473]/synch_enable
                                0.05           0.00 r        -0.05  (VIOLATED)
   u_ctrl/u_aes/rkeys_reg[474]/synch_enable
                                0.05           0.00 r        -0.05  (VIOLATED)
   u_ctrl/u_aes/rkeys_reg[475]/synch_enable
                                0.05           0.00 r        -0.05  (VIOLATED)
   u_ctrl/u_aes/rkeys_reg[476]/synch_enable
                                0.05           0.00 r        -0.05  (VIOLATED)
   u_ctrl/u_aes/rkeys_reg[477]/synch_enable
                                0.05           0.00 r        -0.05  (VIOLATED)
   u_ctrl/u_aes/rkeys_reg[478]/synch_enable
                                0.05           0.00 r        -0.05  (VIOLATED)
   u_ctrl/u_aes/rkeys_reg[479]/synch_enable
                                0.05           0.00 r        -0.05  (VIOLATED)
   u_ctrl/u_aes/rkeys_reg[480]/synch_enable
                                0.05           0.00 r        -0.05  (VIOLATED)
   u_ctrl/u_aes/rkeys_reg[481]/synch_enable
                                0.05           0.00 r        -0.05  (VIOLATED)
   u_ctrl/u_aes/rkeys_reg[482]/synch_enable
                                0.05           0.00 r        -0.05  (VIOLATED)
   u_ctrl/u_aes/rkeys_reg[483]/synch_enable
                                0.05           0.00 r        -0.05  (VIOLATED)
   u_ctrl/u_aes/rkeys_reg[484]/synch_enable
                                0.05           0.00 r        -0.05  (VIOLATED)
   u_ctrl/u_aes/rkeys_reg[485]/synch_enable
                                0.05           0.00 r        -0.05  (VIOLATED)
   u_ctrl/u_aes/rkeys_reg[486]/synch_enable
                                0.05           0.00 r        -0.05  (VIOLATED)
   u_ctrl/u_aes/rkeys_reg[487]/synch_enable
                                0.05           0.00 r        -0.05  (VIOLATED)
   u_ctrl/u_aes/rkeys_reg[488]/synch_enable
                                0.05           0.00 r        -0.05  (VIOLATED)
   u_ctrl/u_aes/rkeys_reg[489]/synch_enable
                                0.05           0.00 r        -0.05  (VIOLATED)
   u_ctrl/u_aes/rkeys_reg[490]/synch_enable
                                0.05           0.00 r        -0.05  (VIOLATED)
   u_ctrl/u_aes/rkeys_reg[491]/synch_enable
                                0.05           0.00 r        -0.05  (VIOLATED)
   u_ctrl/u_aes/rkeys_reg[492]/synch_enable
                                0.05           0.00 r        -0.05  (VIOLATED)
   u_ctrl/u_aes/rkeys_reg[493]/synch_enable
                                0.05           0.00 r        -0.05  (VIOLATED)
   u_ctrl/u_aes/rkeys_reg[494]/synch_enable
                                0.05           0.00 r        -0.05  (VIOLATED)
   u_ctrl/u_aes/rkeys_reg[495]/synch_enable
                                0.05           0.00 r        -0.05  (VIOLATED)
   u_ctrl/u_aes/rkeys_reg[496]/synch_enable
                                0.05           0.00 r        -0.05  (VIOLATED)
   u_ctrl/u_aes/rkeys_reg[497]/synch_enable
                                0.05           0.00 r        -0.05  (VIOLATED)
   u_ctrl/u_aes/rkeys_reg[498]/synch_enable
                                0.05           0.00 r        -0.05  (VIOLATED)
   u_ctrl/u_aes/rkeys_reg[499]/synch_enable
                                0.05           0.00 r        -0.05  (VIOLATED)
   u_ctrl/u_aes/rkeys_reg[500]/synch_enable
                                0.05           0.00 r        -0.05  (VIOLATED)
   u_ctrl/u_aes/rkeys_reg[501]/synch_enable
                                0.05           0.00 r        -0.05  (VIOLATED)
   u_ctrl/u_aes/rkeys_reg[502]/synch_enable
                                0.05           0.00 r        -0.05  (VIOLATED)
   u_ctrl/u_aes/rkeys_reg[503]/synch_enable
                                0.05           0.00 r        -0.05  (VIOLATED)
   u_ctrl/u_aes/rkeys_reg[504]/synch_enable
                                0.05           0.00 r        -0.05  (VIOLATED)
   u_ctrl/u_aes/rkeys_reg[505]/synch_enable
                                0.05           0.00 r        -0.05  (VIOLATED)
   u_ctrl/u_aes/rkeys_reg[506]/synch_enable
                                0.05           0.00 r        -0.05  (VIOLATED)
   u_ctrl/u_aes/rkeys_reg[507]/synch_enable
                                0.05           0.00 r        -0.05  (VIOLATED)
   u_ctrl/u_aes/rkeys_reg[508]/synch_enable
                                0.05           0.00 r        -0.05  (VIOLATED)
   u_ctrl/u_aes/rkeys_reg[509]/synch_enable
                                0.05           0.00 r        -0.05  (VIOLATED)
   u_ctrl/u_aes/rkeys_reg[510]/synch_enable
                                0.05           0.00 r        -0.05  (VIOLATED)
   u_ctrl/u_aes/rkeys_reg[511]/synch_enable
                                0.05           0.00 r        -0.05  (VIOLATED)
   u_ctrl/u_aes/rkeys_reg[512]/synch_enable
                                0.05           0.00 r        -0.05  (VIOLATED)
   u_ctrl/u_aes/rkeys_reg[513]/synch_enable
                                0.05           0.00 r        -0.05  (VIOLATED)
   u_ctrl/u_aes/rkeys_reg[514]/synch_enable
                                0.05           0.00 r        -0.05  (VIOLATED)
   u_ctrl/u_aes/rkeys_reg[515]/synch_enable
                                0.05           0.00 r        -0.05  (VIOLATED)
   u_ctrl/u_aes/rkeys_reg[516]/synch_enable
                                0.05           0.00 r        -0.05  (VIOLATED)
   u_ctrl/u_aes/rkeys_reg[517]/synch_enable
                                0.05           0.00 r        -0.05  (VIOLATED)
   u_ctrl/u_aes/rkeys_reg[518]/synch_enable
                                0.05           0.00 r        -0.05  (VIOLATED)
   u_ctrl/u_aes/rkeys_reg[519]/synch_enable
                                0.05           0.00 r        -0.05  (VIOLATED)
   u_ctrl/u_aes/rkeys_reg[520]/synch_enable
                                0.05           0.00 r        -0.05  (VIOLATED)
   u_ctrl/u_aes/rkeys_reg[521]/synch_enable
                                0.05           0.00 r        -0.05  (VIOLATED)
   u_ctrl/u_aes/rkeys_reg[522]/synch_enable
                                0.05           0.00 r        -0.05  (VIOLATED)
   u_ctrl/u_aes/rkeys_reg[523]/synch_enable
                                0.05           0.00 r        -0.05  (VIOLATED)
   u_ctrl/u_aes/rkeys_reg[524]/synch_enable
                                0.05           0.00 r        -0.05  (VIOLATED)
   u_ctrl/u_aes/rkeys_reg[525]/synch_enable
                                0.05           0.00 r        -0.05  (VIOLATED)
   u_ctrl/u_aes/rkeys_reg[526]/synch_enable
                                0.05           0.00 r        -0.05  (VIOLATED)
   u_ctrl/u_aes/rkeys_reg[527]/synch_enable
                                0.05           0.00 r        -0.05  (VIOLATED)
   u_ctrl/u_aes/rkeys_reg[528]/synch_enable
                                0.05           0.00 r        -0.05  (VIOLATED)
   u_ctrl/u_aes/rkeys_reg[529]/synch_enable
                                0.05           0.00 r        -0.05  (VIOLATED)
   u_ctrl/u_aes/rkeys_reg[530]/synch_enable
                                0.05           0.00 r        -0.05  (VIOLATED)
   u_ctrl/u_aes/rkeys_reg[531]/synch_enable
                                0.05           0.00 r        -0.05  (VIOLATED)
   u_ctrl/u_aes/rkeys_reg[532]/synch_enable
                                0.05           0.00 r        -0.05  (VIOLATED)
   u_ctrl/u_aes/rkeys_reg[533]/synch_enable
                                0.05           0.00 r        -0.05  (VIOLATED)
   u_ctrl/u_aes/rkeys_reg[534]/synch_enable
                                0.05           0.00 r        -0.05  (VIOLATED)
   u_ctrl/u_aes/rkeys_reg[535]/synch_enable
                                0.05           0.00 r        -0.05  (VIOLATED)
   u_ctrl/u_aes/rkeys_reg[536]/synch_enable
                                0.05           0.00 r        -0.05  (VIOLATED)
   u_ctrl/u_aes/rkeys_reg[537]/synch_enable
                                0.05           0.00 r        -0.05  (VIOLATED)
   u_ctrl/u_aes/rkeys_reg[538]/synch_enable
                                0.05           0.00 r        -0.05  (VIOLATED)
   u_ctrl/u_aes/rkeys_reg[539]/synch_enable
                                0.05           0.00 r        -0.05  (VIOLATED)
   u_ctrl/u_aes/rkeys_reg[540]/synch_enable
                                0.05           0.00 r        -0.05  (VIOLATED)
   u_ctrl/u_aes/rkeys_reg[541]/synch_enable
                                0.05           0.00 r        -0.05  (VIOLATED)
   u_ctrl/u_aes/rkeys_reg[542]/synch_enable
                                0.05           0.00 r        -0.05  (VIOLATED)
   u_ctrl/u_aes/rkeys_reg[543]/synch_enable
                                0.05           0.00 r        -0.05  (VIOLATED)
   u_ctrl/u_aes/rkeys_reg[544]/synch_enable
                                0.05           0.00 r        -0.05  (VIOLATED)
   u_ctrl/u_aes/rkeys_reg[545]/synch_enable
                                0.05           0.00 r        -0.05  (VIOLATED)
   u_ctrl/u_aes/rkeys_reg[546]/synch_enable
                                0.05           0.00 r        -0.05  (VIOLATED)
   u_ctrl/u_aes/rkeys_reg[547]/synch_enable
                                0.05           0.00 r        -0.05  (VIOLATED)
   u_ctrl/u_aes/rkeys_reg[548]/synch_enable
                                0.05           0.00 r        -0.05  (VIOLATED)
   u_ctrl/u_aes/rkeys_reg[549]/synch_enable
                                0.05           0.00 r        -0.05  (VIOLATED)
   u_ctrl/u_aes/rkeys_reg[550]/synch_enable
                                0.05           0.00 r        -0.05  (VIOLATED)
   u_ctrl/u_aes/rkeys_reg[551]/synch_enable
                                0.05           0.00 r        -0.05  (VIOLATED)
   u_ctrl/u_aes/rkeys_reg[552]/synch_enable
                                0.05           0.00 r        -0.05  (VIOLATED)
   u_ctrl/u_aes/rkeys_reg[553]/synch_enable
                                0.05           0.00 r        -0.05  (VIOLATED)
   u_ctrl/u_aes/rkeys_reg[554]/synch_enable
                                0.05           0.00 r        -0.05  (VIOLATED)
   u_ctrl/u_aes/rkeys_reg[555]/synch_enable
                                0.05           0.00 r        -0.05  (VIOLATED)
   u_ctrl/u_aes/rkeys_reg[556]/synch_enable
                                0.05           0.00 r        -0.05  (VIOLATED)
   u_ctrl/u_aes/rkeys_reg[557]/synch_enable
                                0.05           0.00 r        -0.05  (VIOLATED)
   u_ctrl/u_aes/rkeys_reg[558]/synch_enable
                                0.05           0.00 r        -0.05  (VIOLATED)
   u_ctrl/u_aes/rkeys_reg[559]/synch_enable
                                0.05           0.00 r        -0.05  (VIOLATED)
   u_ctrl/u_aes/rkeys_reg[560]/synch_enable
                                0.05           0.00 r        -0.05  (VIOLATED)
   u_ctrl/u_aes/rkeys_reg[561]/synch_enable
                                0.05           0.00 r        -0.05  (VIOLATED)
   u_ctrl/u_aes/rkeys_reg[562]/synch_enable
                                0.05           0.00 r        -0.05  (VIOLATED)
   u_ctrl/u_aes/rkeys_reg[563]/synch_enable
                                0.05           0.00 r        -0.05  (VIOLATED)
   u_ctrl/u_aes/rkeys_reg[564]/synch_enable
                                0.05           0.00 r        -0.05  (VIOLATED)
   u_ctrl/u_aes/rkeys_reg[565]/synch_enable
                                0.05           0.00 r        -0.05  (VIOLATED)
   u_ctrl/u_aes/rkeys_reg[566]/synch_enable
                                0.05           0.00 r        -0.05  (VIOLATED)
   u_ctrl/u_aes/rkeys_reg[567]/synch_enable
                                0.05           0.00 r        -0.05  (VIOLATED)
   u_ctrl/u_aes/rkeys_reg[568]/synch_enable
                                0.05           0.00 r        -0.05  (VIOLATED)
   u_ctrl/u_aes/rkeys_reg[569]/synch_enable
                                0.05           0.00 r        -0.05  (VIOLATED)
   u_ctrl/u_aes/rkeys_reg[570]/synch_enable
                                0.05           0.00 r        -0.05  (VIOLATED)
   u_ctrl/u_aes/rkeys_reg[571]/synch_enable
                                0.05           0.00 r        -0.05  (VIOLATED)
   u_ctrl/u_aes/rkeys_reg[572]/synch_enable
                                0.05           0.00 r        -0.05  (VIOLATED)
   u_ctrl/u_aes/rkeys_reg[573]/synch_enable
                                0.05           0.00 r        -0.05  (VIOLATED)
   u_ctrl/u_aes/rkeys_reg[574]/synch_enable
                                0.05           0.00 r        -0.05  (VIOLATED)
   u_ctrl/u_aes/rkeys_reg[575]/synch_enable
                                0.05           0.00 r        -0.05  (VIOLATED)
   u_ctrl/u_aes/rkeys_reg[576]/synch_enable
                                0.05           0.00 r        -0.05  (VIOLATED)
   u_ctrl/u_aes/rkeys_reg[577]/synch_enable
                                0.05           0.00 r        -0.05  (VIOLATED)
   u_ctrl/u_aes/rkeys_reg[578]/synch_enable
                                0.05           0.00 r        -0.05  (VIOLATED)
   u_ctrl/u_aes/rkeys_reg[579]/synch_enable
                                0.05           0.00 r        -0.05  (VIOLATED)
   u_ctrl/u_aes/rkeys_reg[580]/synch_enable
                                0.05           0.00 r        -0.05  (VIOLATED)
   u_ctrl/u_aes/rkeys_reg[581]/synch_enable
                                0.05           0.00 r        -0.05  (VIOLATED)
   u_ctrl/u_aes/rkeys_reg[582]/synch_enable
                                0.05           0.00 r        -0.05  (VIOLATED)
   u_ctrl/u_aes/rkeys_reg[583]/synch_enable
                                0.05           0.00 r        -0.05  (VIOLATED)
   u_ctrl/u_aes/rkeys_reg[584]/synch_enable
                                0.05           0.00 r        -0.05  (VIOLATED)
   u_ctrl/u_aes/rkeys_reg[585]/synch_enable
                                0.05           0.00 r        -0.05  (VIOLATED)
   u_ctrl/u_aes/rkeys_reg[586]/synch_enable
                                0.05           0.00 r        -0.05  (VIOLATED)
   u_ctrl/u_aes/rkeys_reg[587]/synch_enable
                                0.05           0.00 r        -0.05  (VIOLATED)
   u_ctrl/u_aes/rkeys_reg[588]/synch_enable
                                0.05           0.00 r        -0.05  (VIOLATED)
   u_ctrl/u_aes/rkeys_reg[589]/synch_enable
                                0.05           0.00 r        -0.05  (VIOLATED)
   u_ctrl/u_aes/rkeys_reg[590]/synch_enable
                                0.05           0.00 r        -0.05  (VIOLATED)
   u_ctrl/u_aes/rkeys_reg[591]/synch_enable
                                0.05           0.00 r        -0.05  (VIOLATED)
   u_ctrl/u_aes/rkeys_reg[592]/synch_enable
                                0.05           0.00 r        -0.05  (VIOLATED)
   u_ctrl/u_aes/rkeys_reg[593]/synch_enable
                                0.05           0.00 r        -0.05  (VIOLATED)
   u_ctrl/u_aes/rkeys_reg[594]/synch_enable
                                0.05           0.00 r        -0.05  (VIOLATED)
   u_ctrl/u_aes/rkeys_reg[595]/synch_enable
                                0.05           0.00 r        -0.05  (VIOLATED)
   u_ctrl/u_aes/rkeys_reg[596]/synch_enable
                                0.05           0.00 r        -0.05  (VIOLATED)
   u_ctrl/u_aes/rkeys_reg[597]/synch_enable
                                0.05           0.00 r        -0.05  (VIOLATED)
   u_ctrl/u_aes/rkeys_reg[598]/synch_enable
                                0.05           0.00 r        -0.05  (VIOLATED)
   u_ctrl/u_aes/rkeys_reg[599]/synch_enable
                                0.05           0.00 r        -0.05  (VIOLATED)
   u_ctrl/u_aes/rkeys_reg[600]/synch_enable
                                0.05           0.00 r        -0.05  (VIOLATED)
   u_ctrl/u_aes/rkeys_reg[601]/synch_enable
                                0.05           0.00 r        -0.05  (VIOLATED)
   u_ctrl/u_aes/rkeys_reg[602]/synch_enable
                                0.05           0.00 r        -0.05  (VIOLATED)
   u_ctrl/u_aes/rkeys_reg[603]/synch_enable
                                0.05           0.00 r        -0.05  (VIOLATED)
   u_ctrl/u_aes/rkeys_reg[604]/synch_enable
                                0.05           0.00 r        -0.05  (VIOLATED)
   u_ctrl/u_aes/rkeys_reg[605]/synch_enable
                                0.05           0.00 r        -0.05  (VIOLATED)
   u_ctrl/u_aes/rkeys_reg[606]/synch_enable
                                0.05           0.00 r        -0.05  (VIOLATED)
   u_ctrl/u_aes/rkeys_reg[607]/synch_enable
                                0.05           0.00 r        -0.05  (VIOLATED)
   u_ctrl/u_aes/rkeys_reg[608]/synch_enable
                                0.05           0.00 r        -0.05  (VIOLATED)
   u_ctrl/u_aes/rkeys_reg[609]/synch_enable
                                0.05           0.00 r        -0.05  (VIOLATED)
   u_ctrl/u_aes/rkeys_reg[610]/synch_enable
                                0.05           0.00 r        -0.05  (VIOLATED)
   u_ctrl/u_aes/rkeys_reg[611]/synch_enable
                                0.05           0.00 r        -0.05  (VIOLATED)
   u_ctrl/u_aes/rkeys_reg[612]/synch_enable
                                0.05           0.00 r        -0.05  (VIOLATED)
   u_ctrl/u_aes/rkeys_reg[613]/synch_enable
                                0.05           0.00 r        -0.05  (VIOLATED)
   u_ctrl/u_aes/rkeys_reg[614]/synch_enable
                                0.05           0.00 r        -0.05  (VIOLATED)
   u_ctrl/u_aes/rkeys_reg[615]/synch_enable
                                0.05           0.00 r        -0.05  (VIOLATED)
   u_ctrl/u_aes/rkeys_reg[616]/synch_enable
                                0.05           0.00 r        -0.05  (VIOLATED)
   u_ctrl/u_aes/rkeys_reg[617]/synch_enable
                                0.05           0.00 r        -0.05  (VIOLATED)
   u_ctrl/u_aes/rkeys_reg[618]/synch_enable
                                0.05           0.00 r        -0.05  (VIOLATED)
   u_ctrl/u_aes/rkeys_reg[619]/synch_enable
                                0.05           0.00 r        -0.05  (VIOLATED)
   u_ctrl/u_aes/rkeys_reg[620]/synch_enable
                                0.05           0.00 r        -0.05  (VIOLATED)
   u_ctrl/u_aes/rkeys_reg[621]/synch_enable
                                0.05           0.00 r        -0.05  (VIOLATED)
   u_ctrl/u_aes/rkeys_reg[622]/synch_enable
                                0.05           0.00 r        -0.05  (VIOLATED)
   u_ctrl/u_aes/rkeys_reg[623]/synch_enable
                                0.05           0.00 r        -0.05  (VIOLATED)
   u_ctrl/u_aes/rkeys_reg[624]/synch_enable
                                0.05           0.00 r        -0.05  (VIOLATED)
   u_ctrl/u_aes/rkeys_reg[625]/synch_enable
                                0.05           0.00 r        -0.05  (VIOLATED)
   u_ctrl/u_aes/rkeys_reg[626]/synch_enable
                                0.05           0.00 r        -0.05  (VIOLATED)
   u_ctrl/u_aes/rkeys_reg[627]/synch_enable
                                0.05           0.00 r        -0.05  (VIOLATED)
   u_ctrl/u_aes/rkeys_reg[628]/synch_enable
                                0.05           0.00 r        -0.05  (VIOLATED)
   u_ctrl/u_aes/rkeys_reg[629]/synch_enable
                                0.05           0.00 r        -0.05  (VIOLATED)
   u_ctrl/u_aes/rkeys_reg[630]/synch_enable
                                0.05           0.00 r        -0.05  (VIOLATED)
   u_ctrl/u_aes/rkeys_reg[631]/synch_enable
                                0.05           0.00 r        -0.05  (VIOLATED)
   u_ctrl/u_aes/rkeys_reg[632]/synch_enable
                                0.05           0.00 r        -0.05  (VIOLATED)
   u_ctrl/u_aes/rkeys_reg[633]/synch_enable
                                0.05           0.00 r        -0.05  (VIOLATED)
   u_ctrl/u_aes/rkeys_reg[634]/synch_enable
                                0.05           0.00 r        -0.05  (VIOLATED)
   u_ctrl/u_aes/rkeys_reg[635]/synch_enable
                                0.05           0.00 r        -0.05  (VIOLATED)
   u_ctrl/u_aes/rkeys_reg[636]/synch_enable
                                0.05           0.00 r        -0.05  (VIOLATED)
   u_ctrl/u_aes/rkeys_reg[637]/synch_enable
                                0.05           0.00 r        -0.05  (VIOLATED)
   u_ctrl/u_aes/rkeys_reg[638]/synch_enable
                                0.05           0.00 r        -0.05  (VIOLATED)
   u_ctrl/u_aes/rkeys_reg[639]/synch_enable
                                0.05           0.00 r        -0.05  (VIOLATED)
   u_ctrl/u_aes/rkeys_reg[640]/synch_enable
                                0.05           0.00 r        -0.05  (VIOLATED)
   u_ctrl/u_aes/rkeys_reg[641]/synch_enable
                                0.05           0.00 r        -0.05  (VIOLATED)
   u_ctrl/u_aes/rkeys_reg[642]/synch_enable
                                0.05           0.00 r        -0.05  (VIOLATED)
   u_ctrl/u_aes/rkeys_reg[643]/synch_enable
                                0.05           0.00 r        -0.05  (VIOLATED)
   u_ctrl/u_aes/rkeys_reg[644]/synch_enable
                                0.05           0.00 r        -0.05  (VIOLATED)
   u_ctrl/u_aes/rkeys_reg[645]/synch_enable
                                0.05           0.00 r        -0.05  (VIOLATED)
   u_ctrl/u_aes/rkeys_reg[646]/synch_enable
                                0.05           0.00 r        -0.05  (VIOLATED)
   u_ctrl/u_aes/rkeys_reg[647]/synch_enable
                                0.05           0.00 r        -0.05  (VIOLATED)
   u_ctrl/u_aes/rkeys_reg[648]/synch_enable
                                0.05           0.00 r        -0.05  (VIOLATED)
   u_ctrl/u_aes/rkeys_reg[649]/synch_enable
                                0.05           0.00 r        -0.05  (VIOLATED)
   u_ctrl/u_aes/rkeys_reg[650]/synch_enable
                                0.05           0.00 r        -0.05  (VIOLATED)
   u_ctrl/u_aes/rkeys_reg[651]/synch_enable
                                0.05           0.00 r        -0.05  (VIOLATED)
   u_ctrl/u_aes/rkeys_reg[652]/synch_enable
                                0.05           0.00 r        -0.05  (VIOLATED)
   u_ctrl/u_aes/rkeys_reg[653]/synch_enable
                                0.05           0.00 r        -0.05  (VIOLATED)
   u_ctrl/u_aes/rkeys_reg[654]/synch_enable
                                0.05           0.00 r        -0.05  (VIOLATED)
   u_ctrl/u_aes/rkeys_reg[655]/synch_enable
                                0.05           0.00 r        -0.05  (VIOLATED)
   u_ctrl/u_aes/rkeys_reg[656]/synch_enable
                                0.05           0.00 r        -0.05  (VIOLATED)
   u_ctrl/u_aes/rkeys_reg[657]/synch_enable
                                0.05           0.00 r        -0.05  (VIOLATED)
   u_ctrl/u_aes/rkeys_reg[658]/synch_enable
                                0.05           0.00 r        -0.05  (VIOLATED)
   u_ctrl/u_aes/rkeys_reg[659]/synch_enable
                                0.05           0.00 r        -0.05  (VIOLATED)
   u_ctrl/u_aes/rkeys_reg[660]/synch_enable
                                0.05           0.00 r        -0.05  (VIOLATED)
   u_ctrl/u_aes/rkeys_reg[661]/synch_enable
                                0.05           0.00 r        -0.05  (VIOLATED)
   u_ctrl/u_aes/rkeys_reg[662]/synch_enable
                                0.05           0.00 r        -0.05  (VIOLATED)
   u_ctrl/u_aes/rkeys_reg[663]/synch_enable
                                0.05           0.00 r        -0.05  (VIOLATED)
   u_ctrl/u_aes/rkeys_reg[664]/synch_enable
                                0.05           0.00 r        -0.05  (VIOLATED)
   u_ctrl/u_aes/rkeys_reg[665]/synch_enable
                                0.05           0.00 r        -0.05  (VIOLATED)
   u_ctrl/u_aes/rkeys_reg[666]/synch_enable
                                0.05           0.00 r        -0.05  (VIOLATED)
   u_ctrl/u_aes/rkeys_reg[667]/synch_enable
                                0.05           0.00 r        -0.05  (VIOLATED)
   u_ctrl/u_aes/rkeys_reg[668]/synch_enable
                                0.05           0.00 r        -0.05  (VIOLATED)
   u_ctrl/u_aes/rkeys_reg[669]/synch_enable
                                0.05           0.00 r        -0.05  (VIOLATED)
   u_ctrl/u_aes/rkeys_reg[670]/synch_enable
                                0.05           0.00 r        -0.05  (VIOLATED)
   u_ctrl/u_aes/rkeys_reg[671]/synch_enable
                                0.05           0.00 r        -0.05  (VIOLATED)
   u_ctrl/u_aes/rkeys_reg[672]/synch_enable
                                0.05           0.00 r        -0.05  (VIOLATED)
   u_ctrl/u_aes/rkeys_reg[673]/synch_enable
                                0.05           0.00 r        -0.05  (VIOLATED)
   u_ctrl/u_aes/rkeys_reg[674]/synch_enable
                                0.05           0.00 r        -0.05  (VIOLATED)
   u_ctrl/u_aes/rkeys_reg[675]/synch_enable
                                0.05           0.00 r        -0.05  (VIOLATED)
   u_ctrl/u_aes/rkeys_reg[676]/synch_enable
                                0.05           0.00 r        -0.05  (VIOLATED)
   u_ctrl/u_aes/rkeys_reg[677]/synch_enable
                                0.05           0.00 r        -0.05  (VIOLATED)
   u_ctrl/u_aes/rkeys_reg[678]/synch_enable
                                0.05           0.00 r        -0.05  (VIOLATED)
   u_ctrl/u_aes/rkeys_reg[679]/synch_enable
                                0.05           0.00 r        -0.05  (VIOLATED)
   u_ctrl/u_aes/rkeys_reg[680]/synch_enable
                                0.05           0.00 r        -0.05  (VIOLATED)
   u_ctrl/u_aes/rkeys_reg[681]/synch_enable
                                0.05           0.00 r        -0.05  (VIOLATED)
   u_ctrl/u_aes/rkeys_reg[682]/synch_enable
                                0.05           0.00 r        -0.05  (VIOLATED)
   u_ctrl/u_aes/rkeys_reg[683]/synch_enable
                                0.05           0.00 r        -0.05  (VIOLATED)
   u_ctrl/u_aes/rkeys_reg[684]/synch_enable
                                0.05           0.00 r        -0.05  (VIOLATED)
   u_ctrl/u_aes/rkeys_reg[685]/synch_enable
                                0.05           0.00 r        -0.05  (VIOLATED)
   u_ctrl/u_aes/rkeys_reg[686]/synch_enable
                                0.05           0.00 r        -0.05  (VIOLATED)
   u_ctrl/u_aes/rkeys_reg[687]/synch_enable
                                0.05           0.00 r        -0.05  (VIOLATED)
   u_ctrl/u_aes/rkeys_reg[688]/synch_enable
                                0.05           0.00 r        -0.05  (VIOLATED)
   u_ctrl/u_aes/rkeys_reg[689]/synch_enable
                                0.05           0.00 r        -0.05  (VIOLATED)
   u_ctrl/u_aes/rkeys_reg[690]/synch_enable
                                0.05           0.00 r        -0.05  (VIOLATED)
   u_ctrl/u_aes/rkeys_reg[691]/synch_enable
                                0.05           0.00 r        -0.05  (VIOLATED)
   u_ctrl/u_aes/rkeys_reg[692]/synch_enable
                                0.05           0.00 r        -0.05  (VIOLATED)
   u_ctrl/u_aes/rkeys_reg[693]/synch_enable
                                0.05           0.00 r        -0.05  (VIOLATED)
   u_ctrl/u_aes/rkeys_reg[694]/synch_enable
                                0.05           0.00 r        -0.05  (VIOLATED)
   u_ctrl/u_aes/rkeys_reg[695]/synch_enable
                                0.05           0.00 r        -0.05  (VIOLATED)
   u_ctrl/u_aes/rkeys_reg[696]/synch_enable
                                0.05           0.00 r        -0.05  (VIOLATED)
   u_ctrl/u_aes/rkeys_reg[697]/synch_enable
                                0.05           0.00 r        -0.05  (VIOLATED)
   u_ctrl/u_aes/rkeys_reg[698]/synch_enable
                                0.05           0.00 r        -0.05  (VIOLATED)
   u_ctrl/u_aes/rkeys_reg[699]/synch_enable
                                0.05           0.00 r        -0.05  (VIOLATED)
   u_ctrl/u_aes/rkeys_reg[700]/synch_enable
                                0.05           0.00 r        -0.05  (VIOLATED)
   u_ctrl/u_aes/rkeys_reg[701]/synch_enable
                                0.05           0.00 r        -0.05  (VIOLATED)
   u_ctrl/u_aes/rkeys_reg[702]/synch_enable
                                0.05           0.00 r        -0.05  (VIOLATED)
   u_ctrl/u_aes/rkeys_reg[703]/synch_enable
                                0.05           0.00 r        -0.05  (VIOLATED)
   u_ctrl/u_aes/rkeys_reg[704]/synch_enable
                                0.05           0.00 r        -0.05  (VIOLATED)
   u_ctrl/u_aes/rkeys_reg[705]/synch_enable
                                0.05           0.00 r        -0.05  (VIOLATED)
   u_ctrl/u_aes/rkeys_reg[706]/synch_enable
                                0.05           0.00 r        -0.05  (VIOLATED)
   u_ctrl/u_aes/rkeys_reg[707]/synch_enable
                                0.05           0.00 r        -0.05  (VIOLATED)
   u_ctrl/u_aes/rkeys_reg[708]/synch_enable
                                0.05           0.00 r        -0.05  (VIOLATED)
   u_ctrl/u_aes/rkeys_reg[709]/synch_enable
                                0.05           0.00 r        -0.05  (VIOLATED)
   u_ctrl/u_aes/rkeys_reg[710]/synch_enable
                                0.05           0.00 r        -0.05  (VIOLATED)
   u_ctrl/u_aes/rkeys_reg[711]/synch_enable
                                0.05           0.00 r        -0.05  (VIOLATED)
   u_ctrl/u_aes/rkeys_reg[712]/synch_enable
                                0.05           0.00 r        -0.05  (VIOLATED)
   u_ctrl/u_aes/rkeys_reg[713]/synch_enable
                                0.05           0.00 r        -0.05  (VIOLATED)
   u_ctrl/u_aes/rkeys_reg[714]/synch_enable
                                0.05           0.00 r        -0.05  (VIOLATED)
   u_ctrl/u_aes/rkeys_reg[715]/synch_enable
                                0.05           0.00 r        -0.05  (VIOLATED)
   u_ctrl/u_aes/rkeys_reg[716]/synch_enable
                                0.05           0.00 r        -0.05  (VIOLATED)
   u_ctrl/u_aes/rkeys_reg[717]/synch_enable
                                0.05           0.00 r        -0.05  (VIOLATED)
   u_ctrl/u_aes/rkeys_reg[718]/synch_enable
                                0.05           0.00 r        -0.05  (VIOLATED)
   u_ctrl/u_aes/rkeys_reg[719]/synch_enable
                                0.05           0.00 r        -0.05  (VIOLATED)
   u_ctrl/u_aes/rkeys_reg[720]/synch_enable
                                0.05           0.00 r        -0.05  (VIOLATED)
   u_ctrl/u_aes/rkeys_reg[721]/synch_enable
                                0.05           0.00 r        -0.05  (VIOLATED)
   u_ctrl/u_aes/rkeys_reg[722]/synch_enable
                                0.05           0.00 r        -0.05  (VIOLATED)
   u_ctrl/u_aes/rkeys_reg[723]/synch_enable
                                0.05           0.00 r        -0.05  (VIOLATED)
   u_ctrl/u_aes/rkeys_reg[724]/synch_enable
                                0.05           0.00 r        -0.05  (VIOLATED)
   u_ctrl/u_aes/rkeys_reg[725]/synch_enable
                                0.05           0.00 r        -0.05  (VIOLATED)
   u_ctrl/u_aes/rkeys_reg[726]/synch_enable
                                0.05           0.00 r        -0.05  (VIOLATED)
   u_ctrl/u_aes/rkeys_reg[727]/synch_enable
                                0.05           0.00 r        -0.05  (VIOLATED)
   u_ctrl/u_aes/rkeys_reg[728]/synch_enable
                                0.05           0.00 r        -0.05  (VIOLATED)
   u_ctrl/u_aes/rkeys_reg[729]/synch_enable
                                0.05           0.00 r        -0.05  (VIOLATED)
   u_ctrl/u_aes/rkeys_reg[730]/synch_enable
                                0.05           0.00 r        -0.05  (VIOLATED)
   u_ctrl/u_aes/rkeys_reg[731]/synch_enable
                                0.05           0.00 r        -0.05  (VIOLATED)
   u_ctrl/u_aes/rkeys_reg[732]/synch_enable
                                0.05           0.00 r        -0.05  (VIOLATED)
   u_ctrl/u_aes/rkeys_reg[733]/synch_enable
                                0.05           0.00 r        -0.05  (VIOLATED)
   u_ctrl/u_aes/rkeys_reg[734]/synch_enable
                                0.05           0.00 r        -0.05  (VIOLATED)
   u_ctrl/u_aes/rkeys_reg[735]/synch_enable
                                0.05           0.00 r        -0.05  (VIOLATED)
   u_ctrl/u_aes/rkeys_reg[736]/synch_enable
                                0.05           0.00 r        -0.05  (VIOLATED)
   u_ctrl/u_aes/rkeys_reg[737]/synch_enable
                                0.05           0.00 r        -0.05  (VIOLATED)
   u_ctrl/u_aes/rkeys_reg[738]/synch_enable
                                0.05           0.00 r        -0.05  (VIOLATED)
   u_ctrl/u_aes/rkeys_reg[739]/synch_enable
                                0.05           0.00 r        -0.05  (VIOLATED)
   u_ctrl/u_aes/rkeys_reg[740]/synch_enable
                                0.05           0.00 r        -0.05  (VIOLATED)
   u_ctrl/u_aes/rkeys_reg[741]/synch_enable
                                0.05           0.00 r        -0.05  (VIOLATED)
   u_ctrl/u_aes/rkeys_reg[742]/synch_enable
                                0.05           0.00 r        -0.05  (VIOLATED)
   u_ctrl/u_aes/rkeys_reg[743]/synch_enable
                                0.05           0.00 r        -0.05  (VIOLATED)
   u_ctrl/u_aes/rkeys_reg[744]/synch_enable
                                0.05           0.00 r        -0.05  (VIOLATED)
   u_ctrl/u_aes/rkeys_reg[745]/synch_enable
                                0.05           0.00 r        -0.05  (VIOLATED)
   u_ctrl/u_aes/rkeys_reg[746]/synch_enable
                                0.05           0.00 r        -0.05  (VIOLATED)
   u_ctrl/u_aes/rkeys_reg[747]/synch_enable
                                0.05           0.00 r        -0.05  (VIOLATED)
   u_ctrl/u_aes/rkeys_reg[748]/synch_enable
                                0.05           0.00 r        -0.05  (VIOLATED)
   u_ctrl/u_aes/rkeys_reg[749]/synch_enable
                                0.05           0.00 r        -0.05  (VIOLATED)
   u_ctrl/u_aes/rkeys_reg[750]/synch_enable
                                0.05           0.00 r        -0.05  (VIOLATED)
   u_ctrl/u_aes/rkeys_reg[751]/synch_enable
                                0.05           0.00 r        -0.05  (VIOLATED)
   u_ctrl/u_aes/rkeys_reg[752]/synch_enable
                                0.05           0.00 r        -0.05  (VIOLATED)
   u_ctrl/u_aes/rkeys_reg[753]/synch_enable
                                0.05           0.00 r        -0.05  (VIOLATED)
   u_ctrl/u_aes/rkeys_reg[754]/synch_enable
                                0.05           0.00 r        -0.05  (VIOLATED)
   u_ctrl/u_aes/rkeys_reg[755]/synch_enable
                                0.05           0.00 r        -0.05  (VIOLATED)
   u_ctrl/u_aes/rkeys_reg[756]/synch_enable
                                0.05           0.00 r        -0.05  (VIOLATED)
   u_ctrl/u_aes/rkeys_reg[757]/synch_enable
                                0.05           0.00 r        -0.05  (VIOLATED)
   u_ctrl/u_aes/rkeys_reg[758]/synch_enable
                                0.05           0.00 r        -0.05  (VIOLATED)
   u_ctrl/u_aes/rkeys_reg[759]/synch_enable
                                0.05           0.00 r        -0.05  (VIOLATED)
   u_ctrl/u_aes/rkeys_reg[760]/synch_enable
                                0.05           0.00 r        -0.05  (VIOLATED)
   u_ctrl/u_aes/rkeys_reg[761]/synch_enable
                                0.05           0.00 r        -0.05  (VIOLATED)
   u_ctrl/u_aes/rkeys_reg[762]/synch_enable
                                0.05           0.00 r        -0.05  (VIOLATED)
   u_ctrl/u_aes/rkeys_reg[763]/synch_enable
                                0.05           0.00 r        -0.05  (VIOLATED)
   u_ctrl/u_aes/rkeys_reg[764]/synch_enable
                                0.05           0.00 r        -0.05  (VIOLATED)
   u_ctrl/u_aes/rkeys_reg[765]/synch_enable
                                0.05           0.00 r        -0.05  (VIOLATED)
   u_ctrl/u_aes/rkeys_reg[766]/synch_enable
                                0.05           0.00 r        -0.05  (VIOLATED)
   u_ctrl/u_aes/rkeys_reg[767]/synch_enable
                                0.05           0.00 r        -0.05  (VIOLATED)
   u_ctrl/u_aes/rkeys_reg[768]/synch_enable
                                0.05           0.00 r        -0.05  (VIOLATED)
   u_ctrl/u_aes/rkeys_reg[769]/synch_enable
                                0.05           0.00 r        -0.05  (VIOLATED)
   u_ctrl/u_aes/rkeys_reg[770]/synch_enable
                                0.05           0.00 r        -0.05  (VIOLATED)
   u_ctrl/u_aes/rkeys_reg[771]/synch_enable
                                0.05           0.00 r        -0.05  (VIOLATED)
   u_ctrl/u_aes/rkeys_reg[772]/synch_enable
                                0.05           0.00 r        -0.05  (VIOLATED)
   u_ctrl/u_aes/rkeys_reg[773]/synch_enable
                                0.05           0.00 r        -0.05  (VIOLATED)
   u_ctrl/u_aes/rkeys_reg[774]/synch_enable
                                0.05           0.00 r        -0.05  (VIOLATED)
   u_ctrl/u_aes/rkeys_reg[775]/synch_enable
                                0.05           0.00 r        -0.05  (VIOLATED)
   u_ctrl/u_aes/rkeys_reg[776]/synch_enable
                                0.05           0.00 r        -0.05  (VIOLATED)
   u_ctrl/u_aes/rkeys_reg[777]/synch_enable
                                0.05           0.00 r        -0.05  (VIOLATED)
   u_ctrl/u_aes/rkeys_reg[778]/synch_enable
                                0.05           0.00 r        -0.05  (VIOLATED)
   u_ctrl/u_aes/rkeys_reg[779]/synch_enable
                                0.05           0.00 r        -0.05  (VIOLATED)
   u_ctrl/u_aes/rkeys_reg[780]/synch_enable
                                0.05           0.00 r        -0.05  (VIOLATED)
   u_ctrl/u_aes/rkeys_reg[781]/synch_enable
                                0.05           0.00 r        -0.05  (VIOLATED)
   u_ctrl/u_aes/rkeys_reg[782]/synch_enable
                                0.05           0.00 r        -0.05  (VIOLATED)
   u_ctrl/u_aes/rkeys_reg[783]/synch_enable
                                0.05           0.00 r        -0.05  (VIOLATED)
   u_ctrl/u_aes/rkeys_reg[784]/synch_enable
                                0.05           0.00 r        -0.05  (VIOLATED)
   u_ctrl/u_aes/rkeys_reg[785]/synch_enable
                                0.05           0.00 r        -0.05  (VIOLATED)
   u_ctrl/u_aes/rkeys_reg[786]/synch_enable
                                0.05           0.00 r        -0.05  (VIOLATED)
   u_ctrl/u_aes/rkeys_reg[787]/synch_enable
                                0.05           0.00 r        -0.05  (VIOLATED)
   u_ctrl/u_aes/rkeys_reg[788]/synch_enable
                                0.05           0.00 r        -0.05  (VIOLATED)
   u_ctrl/u_aes/rkeys_reg[789]/synch_enable
                                0.05           0.00 r        -0.05  (VIOLATED)
   u_ctrl/u_aes/rkeys_reg[790]/synch_enable
                                0.05           0.00 r        -0.05  (VIOLATED)
   u_ctrl/u_aes/rkeys_reg[791]/synch_enable
                                0.05           0.00 r        -0.05  (VIOLATED)
   u_ctrl/u_aes/rkeys_reg[792]/synch_enable
                                0.05           0.00 r        -0.05  (VIOLATED)
   u_ctrl/u_aes/rkeys_reg[793]/synch_enable
                                0.05           0.00 r        -0.05  (VIOLATED)
   u_ctrl/u_aes/rkeys_reg[794]/synch_enable
                                0.05           0.00 r        -0.05  (VIOLATED)
   u_ctrl/u_aes/rkeys_reg[795]/synch_enable
                                0.05           0.00 r        -0.05  (VIOLATED)
   u_ctrl/u_aes/rkeys_reg[796]/synch_enable
                                0.05           0.00 r        -0.05  (VIOLATED)
   u_ctrl/u_aes/rkeys_reg[797]/synch_enable
                                0.05           0.00 r        -0.05  (VIOLATED)
   u_ctrl/u_aes/rkeys_reg[798]/synch_enable
                                0.05           0.00 r        -0.05  (VIOLATED)
   u_ctrl/u_aes/rkeys_reg[799]/synch_enable
                                0.05           0.00 r        -0.05  (VIOLATED)
   u_ctrl/u_aes/rkeys_reg[800]/synch_enable
                                0.05           0.00 r        -0.05  (VIOLATED)
   u_ctrl/u_aes/rkeys_reg[801]/synch_enable
                                0.05           0.00 r        -0.05  (VIOLATED)
   u_ctrl/u_aes/rkeys_reg[802]/synch_enable
                                0.05           0.00 r        -0.05  (VIOLATED)
   u_ctrl/u_aes/rkeys_reg[803]/synch_enable
                                0.05           0.00 r        -0.05  (VIOLATED)
   u_ctrl/u_aes/rkeys_reg[804]/synch_enable
                                0.05           0.00 r        -0.05  (VIOLATED)
   u_ctrl/u_aes/rkeys_reg[805]/synch_enable
                                0.05           0.00 r        -0.05  (VIOLATED)
   u_ctrl/u_aes/rkeys_reg[806]/synch_enable
                                0.05           0.00 r        -0.05  (VIOLATED)
   u_ctrl/u_aes/rkeys_reg[807]/synch_enable
                                0.05           0.00 r        -0.05  (VIOLATED)
   u_ctrl/u_aes/rkeys_reg[808]/synch_enable
                                0.05           0.00 r        -0.05  (VIOLATED)
   u_ctrl/u_aes/rkeys_reg[809]/synch_enable
                                0.05           0.00 r        -0.05  (VIOLATED)
   u_ctrl/u_aes/rkeys_reg[810]/synch_enable
                                0.05           0.00 r        -0.05  (VIOLATED)
   u_ctrl/u_aes/rkeys_reg[811]/synch_enable
                                0.05           0.00 r        -0.05  (VIOLATED)
   u_ctrl/u_aes/rkeys_reg[812]/synch_enable
                                0.05           0.00 r        -0.05  (VIOLATED)
   u_ctrl/u_aes/rkeys_reg[813]/synch_enable
                                0.05           0.00 r        -0.05  (VIOLATED)
   u_ctrl/u_aes/rkeys_reg[814]/synch_enable
                                0.05           0.00 r        -0.05  (VIOLATED)
   u_ctrl/u_aes/rkeys_reg[815]/synch_enable
                                0.05           0.00 r        -0.05  (VIOLATED)
   u_ctrl/u_aes/rkeys_reg[816]/synch_enable
                                0.05           0.00 r        -0.05  (VIOLATED)
   u_ctrl/u_aes/rkeys_reg[817]/synch_enable
                                0.05           0.00 r        -0.05  (VIOLATED)
   u_ctrl/u_aes/rkeys_reg[818]/synch_enable
                                0.05           0.00 r        -0.05  (VIOLATED)
   u_ctrl/u_aes/rkeys_reg[819]/synch_enable
                                0.05           0.00 r        -0.05  (VIOLATED)
   u_ctrl/u_aes/rkeys_reg[820]/synch_enable
                                0.05           0.00 r        -0.05  (VIOLATED)
   u_ctrl/u_aes/rkeys_reg[821]/synch_enable
                                0.05           0.00 r        -0.05  (VIOLATED)
   u_ctrl/u_aes/rkeys_reg[822]/synch_enable
                                0.05           0.00 r        -0.05  (VIOLATED)
   u_ctrl/u_aes/rkeys_reg[823]/synch_enable
                                0.05           0.00 r        -0.05  (VIOLATED)
   u_ctrl/u_aes/rkeys_reg[824]/synch_enable
                                0.05           0.00 r        -0.05  (VIOLATED)
   u_ctrl/u_aes/rkeys_reg[825]/synch_enable
                                0.05           0.00 r        -0.05  (VIOLATED)
   u_ctrl/u_aes/rkeys_reg[826]/synch_enable
                                0.05           0.00 r        -0.05  (VIOLATED)
   u_ctrl/u_aes/rkeys_reg[827]/synch_enable
                                0.05           0.00 r        -0.05  (VIOLATED)
   u_ctrl/u_aes/rkeys_reg[828]/synch_enable
                                0.05           0.00 r        -0.05  (VIOLATED)
   u_ctrl/u_aes/rkeys_reg[829]/synch_enable
                                0.05           0.00 r        -0.05  (VIOLATED)
   u_ctrl/u_aes/rkeys_reg[830]/synch_enable
                                0.05           0.00 r        -0.05  (VIOLATED)
   u_ctrl/u_aes/rkeys_reg[831]/synch_enable
                                0.05           0.00 r        -0.05  (VIOLATED)
   u_ctrl/u_aes/rkeys_reg[832]/synch_enable
                                0.05           0.00 r        -0.05  (VIOLATED)
   u_ctrl/u_aes/rkeys_reg[833]/synch_enable
                                0.05           0.00 r        -0.05  (VIOLATED)
   u_ctrl/u_aes/rkeys_reg[834]/synch_enable
                                0.05           0.00 r        -0.05  (VIOLATED)
   u_ctrl/u_aes/rkeys_reg[835]/synch_enable
                                0.05           0.00 r        -0.05  (VIOLATED)
   u_ctrl/u_aes/rkeys_reg[836]/synch_enable
                                0.05           0.00 r        -0.05  (VIOLATED)
   u_ctrl/u_aes/rkeys_reg[837]/synch_enable
                                0.05           0.00 r        -0.05  (VIOLATED)
   u_ctrl/u_aes/rkeys_reg[838]/synch_enable
                                0.05           0.00 r        -0.05  (VIOLATED)
   u_ctrl/u_aes/rkeys_reg[839]/synch_enable
                                0.05           0.00 r        -0.05  (VIOLATED)
   u_ctrl/u_aes/rkeys_reg[840]/synch_enable
                                0.05           0.00 r        -0.05  (VIOLATED)
   u_ctrl/u_aes/rkeys_reg[841]/synch_enable
                                0.05           0.00 r        -0.05  (VIOLATED)
   u_ctrl/u_aes/rkeys_reg[842]/synch_enable
                                0.05           0.00 r        -0.05  (VIOLATED)
   u_ctrl/u_aes/rkeys_reg[843]/synch_enable
                                0.05           0.00 r        -0.05  (VIOLATED)
   u_ctrl/u_aes/rkeys_reg[844]/synch_enable
                                0.05           0.00 r        -0.05  (VIOLATED)
   u_ctrl/u_aes/rkeys_reg[845]/synch_enable
                                0.05           0.00 r        -0.05  (VIOLATED)
   u_ctrl/u_aes/rkeys_reg[846]/synch_enable
                                0.05           0.00 r        -0.05  (VIOLATED)
   u_ctrl/u_aes/rkeys_reg[847]/synch_enable
                                0.05           0.00 r        -0.05  (VIOLATED)
   u_ctrl/u_aes/rkeys_reg[848]/synch_enable
                                0.05           0.00 r        -0.05  (VIOLATED)
   u_ctrl/u_aes/rkeys_reg[849]/synch_enable
                                0.05           0.00 r        -0.05  (VIOLATED)
   u_ctrl/u_aes/rkeys_reg[850]/synch_enable
                                0.05           0.00 r        -0.05  (VIOLATED)
   u_ctrl/u_aes/rkeys_reg[851]/synch_enable
                                0.05           0.00 r        -0.05  (VIOLATED)
   u_ctrl/u_aes/rkeys_reg[852]/synch_enable
                                0.05           0.00 r        -0.05  (VIOLATED)
   u_ctrl/u_aes/rkeys_reg[853]/synch_enable
                                0.05           0.00 r        -0.05  (VIOLATED)
   u_ctrl/u_aes/rkeys_reg[854]/synch_enable
                                0.05           0.00 r        -0.05  (VIOLATED)
   u_ctrl/u_aes/rkeys_reg[855]/synch_enable
                                0.05           0.00 r        -0.05  (VIOLATED)
   u_ctrl/u_aes/rkeys_reg[856]/synch_enable
                                0.05           0.00 r        -0.05  (VIOLATED)
   u_ctrl/u_aes/rkeys_reg[857]/synch_enable
                                0.05           0.00 r        -0.05  (VIOLATED)
   u_ctrl/u_aes/rkeys_reg[858]/synch_enable
                                0.05           0.00 r        -0.05  (VIOLATED)
   u_ctrl/u_aes/rkeys_reg[859]/synch_enable
                                0.05           0.00 r        -0.05  (VIOLATED)
   u_ctrl/u_aes/rkeys_reg[860]/synch_enable
                                0.05           0.00 r        -0.05  (VIOLATED)
   u_ctrl/u_aes/rkeys_reg[861]/synch_enable
                                0.05           0.00 r        -0.05  (VIOLATED)
   u_ctrl/u_aes/rkeys_reg[862]/synch_enable
                                0.05           0.00 r        -0.05  (VIOLATED)
   u_ctrl/u_aes/rkeys_reg[863]/synch_enable
                                0.05           0.00 r        -0.05  (VIOLATED)
   u_ctrl/u_aes/rkeys_reg[864]/synch_enable
                                0.05           0.00 r        -0.05  (VIOLATED)
   u_ctrl/u_aes/rkeys_reg[865]/synch_enable
                                0.05           0.00 r        -0.05  (VIOLATED)
   u_ctrl/u_aes/rkeys_reg[866]/synch_enable
                                0.05           0.00 r        -0.05  (VIOLATED)
   u_ctrl/u_aes/rkeys_reg[867]/synch_enable
                                0.05           0.00 r        -0.05  (VIOLATED)
   u_ctrl/u_aes/rkeys_reg[868]/synch_enable
                                0.05           0.00 r        -0.05  (VIOLATED)
   u_ctrl/u_aes/rkeys_reg[869]/synch_enable
                                0.05           0.00 r        -0.05  (VIOLATED)
   u_ctrl/u_aes/rkeys_reg[870]/synch_enable
                                0.05           0.00 r        -0.05  (VIOLATED)
   u_ctrl/u_aes/rkeys_reg[871]/synch_enable
                                0.05           0.00 r        -0.05  (VIOLATED)
   u_ctrl/u_aes/rkeys_reg[872]/synch_enable
                                0.05           0.00 r        -0.05  (VIOLATED)
   u_ctrl/u_aes/rkeys_reg[873]/synch_enable
                                0.05           0.00 r        -0.05  (VIOLATED)
   u_ctrl/u_aes/rkeys_reg[874]/synch_enable
                                0.05           0.00 r        -0.05  (VIOLATED)
   u_ctrl/u_aes/rkeys_reg[875]/synch_enable
                                0.05           0.00 r        -0.05  (VIOLATED)
   u_ctrl/u_aes/rkeys_reg[876]/synch_enable
                                0.05           0.00 r        -0.05  (VIOLATED)
   u_ctrl/u_aes/rkeys_reg[877]/synch_enable
                                0.05           0.00 r        -0.05  (VIOLATED)
   u_ctrl/u_aes/rkeys_reg[878]/synch_enable
                                0.05           0.00 r        -0.05  (VIOLATED)
   u_ctrl/u_aes/rkeys_reg[879]/synch_enable
                                0.05           0.00 r        -0.05  (VIOLATED)
   u_ctrl/u_aes/rkeys_reg[880]/synch_enable
                                0.05           0.00 r        -0.05  (VIOLATED)
   u_ctrl/u_aes/rkeys_reg[881]/synch_enable
                                0.05           0.00 r        -0.05  (VIOLATED)
   u_ctrl/u_aes/rkeys_reg[882]/synch_enable
                                0.05           0.00 r        -0.05  (VIOLATED)
   u_ctrl/u_aes/rkeys_reg[883]/synch_enable
                                0.05           0.00 r        -0.05  (VIOLATED)
   u_ctrl/u_aes/rkeys_reg[884]/synch_enable
                                0.05           0.00 r        -0.05  (VIOLATED)
   u_ctrl/u_aes/rkeys_reg[885]/synch_enable
                                0.05           0.00 r        -0.05  (VIOLATED)
   u_ctrl/u_aes/rkeys_reg[886]/synch_enable
                                0.05           0.00 r        -0.05  (VIOLATED)
   u_ctrl/u_aes/rkeys_reg[887]/synch_enable
                                0.05           0.00 r        -0.05  (VIOLATED)
   u_ctrl/u_aes/rkeys_reg[888]/synch_enable
                                0.05           0.00 r        -0.05  (VIOLATED)
   u_ctrl/u_aes/rkeys_reg[889]/synch_enable
                                0.05           0.00 r        -0.05  (VIOLATED)
   u_ctrl/u_aes/rkeys_reg[890]/synch_enable
                                0.05           0.00 r        -0.05  (VIOLATED)
   u_ctrl/u_aes/rkeys_reg[891]/synch_enable
                                0.05           0.00 r        -0.05  (VIOLATED)
   u_ctrl/u_aes/rkeys_reg[892]/synch_enable
                                0.05           0.00 r        -0.05  (VIOLATED)
   u_ctrl/u_aes/rkeys_reg[893]/synch_enable
                                0.05           0.00 r        -0.05  (VIOLATED)
   u_ctrl/u_aes/rkeys_reg[894]/synch_enable
                                0.05           0.00 r        -0.05  (VIOLATED)
   u_ctrl/u_aes/rkeys_reg[895]/synch_enable
                                0.05           0.00 r        -0.05  (VIOLATED)
   u_ctrl/u_aes/rkeys_reg[896]/synch_enable
                                0.05           0.00 r        -0.05  (VIOLATED)
   u_ctrl/u_aes/rkeys_reg[897]/synch_enable
                                0.05           0.00 r        -0.05  (VIOLATED)
   u_ctrl/u_aes/rkeys_reg[898]/synch_enable
                                0.05           0.00 r        -0.05  (VIOLATED)
   u_ctrl/u_aes/rkeys_reg[899]/synch_enable
                                0.05           0.00 r        -0.05  (VIOLATED)
   u_ctrl/u_aes/rkeys_reg[900]/synch_enable
                                0.05           0.00 r        -0.05  (VIOLATED)
   u_ctrl/u_aes/rkeys_reg[901]/synch_enable
                                0.05           0.00 r        -0.05  (VIOLATED)
   u_ctrl/u_aes/rkeys_reg[902]/synch_enable
                                0.05           0.00 r        -0.05  (VIOLATED)
   u_ctrl/u_aes/rkeys_reg[903]/synch_enable
                                0.05           0.00 r        -0.05  (VIOLATED)
   u_ctrl/u_aes/rkeys_reg[904]/synch_enable
                                0.05           0.00 r        -0.05  (VIOLATED)
   u_ctrl/u_aes/rkeys_reg[905]/synch_enable
                                0.05           0.00 r        -0.05  (VIOLATED)
   u_ctrl/u_aes/rkeys_reg[906]/synch_enable
                                0.05           0.00 r        -0.05  (VIOLATED)
   u_ctrl/u_aes/rkeys_reg[907]/synch_enable
                                0.05           0.00 r        -0.05  (VIOLATED)
   u_ctrl/u_aes/rkeys_reg[908]/synch_enable
                                0.05           0.00 r        -0.05  (VIOLATED)
   u_ctrl/u_aes/rkeys_reg[909]/synch_enable
                                0.05           0.00 r        -0.05  (VIOLATED)
   u_ctrl/u_aes/rkeys_reg[910]/synch_enable
                                0.05           0.00 r        -0.05  (VIOLATED)
   u_ctrl/u_aes/rkeys_reg[911]/synch_enable
                                0.05           0.00 r        -0.05  (VIOLATED)
   u_ctrl/u_aes/rkeys_reg[912]/synch_enable
                                0.05           0.00 r        -0.05  (VIOLATED)
   u_ctrl/u_aes/rkeys_reg[913]/synch_enable
                                0.05           0.00 r        -0.05  (VIOLATED)
   u_ctrl/u_aes/rkeys_reg[914]/synch_enable
                                0.05           0.00 r        -0.05  (VIOLATED)
   u_ctrl/u_aes/rkeys_reg[915]/synch_enable
                                0.05           0.00 r        -0.05  (VIOLATED)
   u_ctrl/u_aes/rkeys_reg[916]/synch_enable
                                0.05           0.00 r        -0.05  (VIOLATED)
   u_ctrl/u_aes/rkeys_reg[917]/synch_enable
                                0.05           0.00 r        -0.05  (VIOLATED)
   u_ctrl/u_aes/rkeys_reg[918]/synch_enable
                                0.05           0.00 r        -0.05  (VIOLATED)
   u_ctrl/u_aes/rkeys_reg[919]/synch_enable
                                0.05           0.00 r        -0.05  (VIOLATED)
   u_ctrl/u_aes/rkeys_reg[920]/synch_enable
                                0.05           0.00 r        -0.05  (VIOLATED)
   u_ctrl/u_aes/rkeys_reg[921]/synch_enable
                                0.05           0.00 r        -0.05  (VIOLATED)
   u_ctrl/u_aes/rkeys_reg[922]/synch_enable
                                0.05           0.00 r        -0.05  (VIOLATED)
   u_ctrl/u_aes/rkeys_reg[923]/synch_enable
                                0.05           0.00 r        -0.05  (VIOLATED)
   u_ctrl/u_aes/rkeys_reg[924]/synch_enable
                                0.05           0.00 r        -0.05  (VIOLATED)
   u_ctrl/u_aes/rkeys_reg[925]/synch_enable
                                0.05           0.00 r        -0.05  (VIOLATED)
   u_ctrl/u_aes/rkeys_reg[926]/synch_enable
                                0.05           0.00 r        -0.05  (VIOLATED)
   u_ctrl/u_aes/rkeys_reg[927]/synch_enable
                                0.05           0.00 r        -0.05  (VIOLATED)
   u_ctrl/u_aes/rkeys_reg[928]/synch_enable
                                0.05           0.00 r        -0.05  (VIOLATED)
   u_ctrl/u_aes/rkeys_reg[929]/synch_enable
                                0.05           0.00 r        -0.05  (VIOLATED)
   u_ctrl/u_aes/rkeys_reg[930]/synch_enable
                                0.05           0.00 r        -0.05  (VIOLATED)
   u_ctrl/u_aes/rkeys_reg[931]/synch_enable
                                0.05           0.00 r        -0.05  (VIOLATED)
   u_ctrl/u_aes/rkeys_reg[932]/synch_enable
                                0.05           0.00 r        -0.05  (VIOLATED)
   u_ctrl/u_aes/rkeys_reg[933]/synch_enable
                                0.05           0.00 r        -0.05  (VIOLATED)
   u_ctrl/u_aes/rkeys_reg[934]/synch_enable
                                0.05           0.00 r        -0.05  (VIOLATED)
   u_ctrl/u_aes/rkeys_reg[935]/synch_enable
                                0.05           0.00 r        -0.05  (VIOLATED)
   u_ctrl/u_aes/rkeys_reg[936]/synch_enable
                                0.05           0.00 r        -0.05  (VIOLATED)
   u_ctrl/u_aes/rkeys_reg[937]/synch_enable
                                0.05           0.00 r        -0.05  (VIOLATED)
   u_ctrl/u_aes/rkeys_reg[938]/synch_enable
                                0.05           0.00 r        -0.05  (VIOLATED)
   u_ctrl/u_aes/rkeys_reg[939]/synch_enable
                                0.05           0.00 r        -0.05  (VIOLATED)
   u_ctrl/u_aes/rkeys_reg[940]/synch_enable
                                0.05           0.00 r        -0.05  (VIOLATED)
   u_ctrl/u_aes/rkeys_reg[941]/synch_enable
                                0.05           0.00 r        -0.05  (VIOLATED)
   u_ctrl/u_aes/rkeys_reg[942]/synch_enable
                                0.05           0.00 r        -0.05  (VIOLATED)
   u_ctrl/u_aes/rkeys_reg[943]/synch_enable
                                0.05           0.00 r        -0.05  (VIOLATED)
   u_ctrl/u_aes/rkeys_reg[944]/synch_enable
                                0.05           0.00 r        -0.05  (VIOLATED)
   u_ctrl/u_aes/rkeys_reg[945]/synch_enable
                                0.05           0.00 r        -0.05  (VIOLATED)
   u_ctrl/u_aes/rkeys_reg[946]/synch_enable
                                0.05           0.00 r        -0.05  (VIOLATED)
   u_ctrl/u_aes/rkeys_reg[947]/synch_enable
                                0.05           0.00 r        -0.05  (VIOLATED)
   u_ctrl/u_aes/rkeys_reg[948]/synch_enable
                                0.05           0.00 r        -0.05  (VIOLATED)
   u_ctrl/u_aes/rkeys_reg[949]/synch_enable
                                0.05           0.00 r        -0.05  (VIOLATED)
   u_ctrl/u_aes/rkeys_reg[950]/synch_enable
                                0.05           0.00 r        -0.05  (VIOLATED)
   u_ctrl/u_aes/rkeys_reg[951]/synch_enable
                                0.05           0.00 r        -0.05  (VIOLATED)
   u_ctrl/u_aes/rkeys_reg[952]/synch_enable
                                0.05           0.00 r        -0.05  (VIOLATED)
   u_ctrl/u_aes/rkeys_reg[953]/synch_enable
                                0.05           0.00 r        -0.05  (VIOLATED)
   u_ctrl/u_aes/rkeys_reg[954]/synch_enable
                                0.05           0.00 r        -0.05  (VIOLATED)
   u_ctrl/u_aes/rkeys_reg[955]/synch_enable
                                0.05           0.00 r        -0.05  (VIOLATED)
   u_ctrl/u_aes/rkeys_reg[956]/synch_enable
                                0.05           0.00 r        -0.05  (VIOLATED)
   u_ctrl/u_aes/rkeys_reg[957]/synch_enable
                                0.05           0.00 r        -0.05  (VIOLATED)
   u_ctrl/u_aes/rkeys_reg[958]/synch_enable
                                0.05           0.00 r        -0.05  (VIOLATED)
   u_ctrl/u_aes/rkeys_reg[959]/synch_enable
                                0.05           0.00 r        -0.05  (VIOLATED)
   u_ctrl/u_aes/rkeys_reg[960]/synch_enable
                                0.05           0.00 r        -0.05  (VIOLATED)
   u_ctrl/u_aes/rkeys_reg[961]/synch_enable
                                0.05           0.00 r        -0.05  (VIOLATED)
   u_ctrl/u_aes/rkeys_reg[962]/synch_enable
                                0.05           0.00 r        -0.05  (VIOLATED)
   u_ctrl/u_aes/rkeys_reg[963]/synch_enable
                                0.05           0.00 r        -0.05  (VIOLATED)
   u_ctrl/u_aes/rkeys_reg[964]/synch_enable
                                0.05           0.00 r        -0.05  (VIOLATED)
   u_ctrl/u_aes/rkeys_reg[965]/synch_enable
                                0.05           0.00 r        -0.05  (VIOLATED)
   u_ctrl/u_aes/rkeys_reg[966]/synch_enable
                                0.05           0.00 r        -0.05  (VIOLATED)
   u_ctrl/u_aes/rkeys_reg[967]/synch_enable
                                0.05           0.00 r        -0.05  (VIOLATED)
   u_ctrl/u_aes/rkeys_reg[968]/synch_enable
                                0.05           0.00 r        -0.05  (VIOLATED)
   u_ctrl/u_aes/rkeys_reg[969]/synch_enable
                                0.05           0.00 r        -0.05  (VIOLATED)
   u_ctrl/u_aes/rkeys_reg[970]/synch_enable
                                0.05           0.00 r        -0.05  (VIOLATED)
   u_ctrl/u_aes/rkeys_reg[971]/synch_enable
                                0.05           0.00 r        -0.05  (VIOLATED)
   u_ctrl/u_aes/rkeys_reg[972]/synch_enable
                                0.05           0.00 r        -0.05  (VIOLATED)
   u_ctrl/u_aes/rkeys_reg[973]/synch_enable
                                0.05           0.00 r        -0.05  (VIOLATED)
   u_ctrl/u_aes/rkeys_reg[974]/synch_enable
                                0.05           0.00 r        -0.05  (VIOLATED)
   u_ctrl/u_aes/rkeys_reg[975]/synch_enable
                                0.05           0.00 r        -0.05  (VIOLATED)
   u_ctrl/u_aes/rkeys_reg[976]/synch_enable
                                0.05           0.00 r        -0.05  (VIOLATED)
   u_ctrl/u_aes/rkeys_reg[977]/synch_enable
                                0.05           0.00 r        -0.05  (VIOLATED)
   u_ctrl/u_aes/rkeys_reg[978]/synch_enable
                                0.05           0.00 r        -0.05  (VIOLATED)
   u_ctrl/u_aes/rkeys_reg[979]/synch_enable
                                0.05           0.00 r        -0.05  (VIOLATED)
   u_ctrl/u_aes/rkeys_reg[980]/synch_enable
                                0.05           0.00 r        -0.05  (VIOLATED)
   u_ctrl/u_aes/rkeys_reg[981]/synch_enable
                                0.05           0.00 r        -0.05  (VIOLATED)
   u_ctrl/u_aes/rkeys_reg[982]/synch_enable
                                0.05           0.00 r        -0.05  (VIOLATED)
   u_ctrl/u_aes/rkeys_reg[983]/synch_enable
                                0.05           0.00 r        -0.05  (VIOLATED)
   u_ctrl/u_aes/rkeys_reg[984]/synch_enable
                                0.05           0.00 r        -0.05  (VIOLATED)
   u_ctrl/u_aes/rkeys_reg[985]/synch_enable
                                0.05           0.00 r        -0.05  (VIOLATED)
   u_ctrl/u_aes/rkeys_reg[986]/synch_enable
                                0.05           0.00 r        -0.05  (VIOLATED)
   u_ctrl/u_aes/rkeys_reg[987]/synch_enable
                                0.05           0.00 r        -0.05  (VIOLATED)
   u_ctrl/u_aes/rkeys_reg[988]/synch_enable
                                0.05           0.00 r        -0.05  (VIOLATED)
   u_ctrl/u_aes/rkeys_reg[989]/synch_enable
                                0.05           0.00 r        -0.05  (VIOLATED)
   u_ctrl/u_aes/rkeys_reg[990]/synch_enable
                                0.05           0.00 r        -0.05  (VIOLATED)
   u_ctrl/u_aes/rkeys_reg[991]/synch_enable
                                0.05           0.00 r        -0.05  (VIOLATED)
   u_ctrl/u_aes/rkeys_reg[992]/synch_enable
                                0.05           0.00 r        -0.05  (VIOLATED)
   u_ctrl/u_aes/rkeys_reg[993]/synch_enable
                                0.05           0.00 r        -0.05  (VIOLATED)
   u_ctrl/u_aes/rkeys_reg[994]/synch_enable
                                0.05           0.00 r        -0.05  (VIOLATED)
   u_ctrl/u_aes/rkeys_reg[995]/synch_enable
                                0.05           0.00 r        -0.05  (VIOLATED)
   u_ctrl/u_aes/rkeys_reg[996]/synch_enable
                                0.05           0.00 r        -0.05  (VIOLATED)
   u_ctrl/u_aes/rkeys_reg[997]/synch_enable
                                0.05           0.00 r        -0.05  (VIOLATED)
   u_ctrl/u_aes/rkeys_reg[998]/synch_enable
                                0.05           0.00 r        -0.05  (VIOLATED)
   u_ctrl/u_aes/rkeys_reg[999]/synch_enable
                                0.05           0.00 r        -0.05  (VIOLATED)
   u_ctrl/u_aes/rkeys_reg[1000]/synch_enable
                                0.05           0.00 r        -0.05  (VIOLATED)
   u_ctrl/u_aes/rkeys_reg[1001]/synch_enable
                                0.05           0.00 r        -0.05  (VIOLATED)
   u_ctrl/u_aes/rkeys_reg[1002]/synch_enable
                                0.05           0.00 r        -0.05  (VIOLATED)
   u_ctrl/u_aes/rkeys_reg[1003]/synch_enable
                                0.05           0.00 r        -0.05  (VIOLATED)
   u_ctrl/u_aes/rkeys_reg[1004]/synch_enable
                                0.05           0.00 r        -0.05  (VIOLATED)
   u_ctrl/u_aes/rkeys_reg[1005]/synch_enable
                                0.05           0.00 r        -0.05  (VIOLATED)
   u_ctrl/u_aes/rkeys_reg[1006]/synch_enable
                                0.05           0.00 r        -0.05  (VIOLATED)
   u_ctrl/u_aes/rkeys_reg[1007]/synch_enable
                                0.05           0.00 r        -0.05  (VIOLATED)
   u_ctrl/u_aes/rkeys_reg[1008]/synch_enable
                                0.05           0.00 r        -0.05  (VIOLATED)
   u_ctrl/u_aes/rkeys_reg[1009]/synch_enable
                                0.05           0.00 r        -0.05  (VIOLATED)
   u_ctrl/u_aes/rkeys_reg[1010]/synch_enable
                                0.05           0.00 r        -0.05  (VIOLATED)
   u_ctrl/u_aes/rkeys_reg[1011]/synch_enable
                                0.05           0.00 r        -0.05  (VIOLATED)
   u_ctrl/u_aes/rkeys_reg[1012]/synch_enable
                                0.05           0.00 r        -0.05  (VIOLATED)
   u_ctrl/u_aes/rkeys_reg[1013]/synch_enable
                                0.05           0.00 r        -0.05  (VIOLATED)
   u_ctrl/u_aes/rkeys_reg[1014]/synch_enable
                                0.05           0.00 r        -0.05  (VIOLATED)
   u_ctrl/u_aes/rkeys_reg[1015]/synch_enable
                                0.05           0.00 r        -0.05  (VIOLATED)
   u_ctrl/u_aes/rkeys_reg[1016]/synch_enable
                                0.05           0.00 r        -0.05  (VIOLATED)
   u_ctrl/u_aes/rkeys_reg[1017]/synch_enable
                                0.05           0.00 r        -0.05  (VIOLATED)
   u_ctrl/u_aes/rkeys_reg[1018]/synch_enable
                                0.05           0.00 r        -0.05  (VIOLATED)
   u_ctrl/u_aes/rkeys_reg[1019]/synch_enable
                                0.05           0.00 r        -0.05  (VIOLATED)
   u_ctrl/u_aes/rkeys_reg[1020]/synch_enable
                                0.05           0.00 r        -0.05  (VIOLATED)
   u_ctrl/u_aes/rkeys_reg[1021]/synch_enable
                                0.05           0.00 r        -0.05  (VIOLATED)
   u_ctrl/u_aes/rkeys_reg[1022]/synch_enable
                                0.05           0.00 r        -0.05  (VIOLATED)
   u_ctrl/u_aes/rkeys_reg[1023]/synch_enable
                                0.05           0.00 r        -0.05  (VIOLATED)
   u_ctrl/u_aes/rkeys_reg[1024]/synch_enable
                                0.05           0.00 r        -0.05  (VIOLATED)
   u_ctrl/u_aes/rkeys_reg[1025]/synch_enable
                                0.05           0.00 r        -0.05  (VIOLATED)
   u_ctrl/u_aes/rkeys_reg[1026]/synch_enable
                                0.05           0.00 r        -0.05  (VIOLATED)
   u_ctrl/u_aes/rkeys_reg[1027]/synch_enable
                                0.05           0.00 r        -0.05  (VIOLATED)
   u_ctrl/u_aes/rkeys_reg[1028]/synch_enable
                                0.05           0.00 r        -0.05  (VIOLATED)
   u_ctrl/u_aes/rkeys_reg[1029]/synch_enable
                                0.05           0.00 r        -0.05  (VIOLATED)
   u_ctrl/u_aes/rkeys_reg[1030]/synch_enable
                                0.05           0.00 r        -0.05  (VIOLATED)
   u_ctrl/u_aes/rkeys_reg[1031]/synch_enable
                                0.05           0.00 r        -0.05  (VIOLATED)
   u_ctrl/u_aes/rkeys_reg[1032]/synch_enable
                                0.05           0.00 r        -0.05  (VIOLATED)
   u_ctrl/u_aes/rkeys_reg[1033]/synch_enable
                                0.05           0.00 r        -0.05  (VIOLATED)
   u_ctrl/u_aes/rkeys_reg[1034]/synch_enable
                                0.05           0.00 r        -0.05  (VIOLATED)
   u_ctrl/u_aes/rkeys_reg[1035]/synch_enable
                                0.05           0.00 r        -0.05  (VIOLATED)
   u_ctrl/u_aes/rkeys_reg[1036]/synch_enable
                                0.05           0.00 r        -0.05  (VIOLATED)
   u_ctrl/u_aes/rkeys_reg[1037]/synch_enable
                                0.05           0.00 r        -0.05  (VIOLATED)
   u_ctrl/u_aes/rkeys_reg[1038]/synch_enable
                                0.05           0.00 r        -0.05  (VIOLATED)
   u_ctrl/u_aes/rkeys_reg[1039]/synch_enable
                                0.05           0.00 r        -0.05  (VIOLATED)
   u_ctrl/u_aes/rkeys_reg[1040]/synch_enable
                                0.05           0.00 r        -0.05  (VIOLATED)
   u_ctrl/u_aes/rkeys_reg[1041]/synch_enable
                                0.05           0.00 r        -0.05  (VIOLATED)
   u_ctrl/u_aes/rkeys_reg[1042]/synch_enable
                                0.05           0.00 r        -0.05  (VIOLATED)
   u_ctrl/u_aes/rkeys_reg[1043]/synch_enable
                                0.05           0.00 r        -0.05  (VIOLATED)
   u_ctrl/u_aes/rkeys_reg[1044]/synch_enable
                                0.05           0.00 r        -0.05  (VIOLATED)
   u_ctrl/u_aes/rkeys_reg[1045]/synch_enable
                                0.05           0.00 r        -0.05  (VIOLATED)
   u_ctrl/u_aes/rkeys_reg[1046]/synch_enable
                                0.05           0.00 r        -0.05  (VIOLATED)
   u_ctrl/u_aes/rkeys_reg[1047]/synch_enable
                                0.05           0.00 r        -0.05  (VIOLATED)
   u_ctrl/u_aes/rkeys_reg[1048]/synch_enable
                                0.05           0.00 r        -0.05  (VIOLATED)
   u_ctrl/u_aes/rkeys_reg[1049]/synch_enable
                                0.05           0.00 r        -0.05  (VIOLATED)
   u_ctrl/u_aes/rkeys_reg[1050]/synch_enable
                                0.05           0.00 r        -0.05  (VIOLATED)
   u_ctrl/u_aes/rkeys_reg[1051]/synch_enable
                                0.05           0.00 r        -0.05  (VIOLATED)
   u_ctrl/u_aes/rkeys_reg[1052]/synch_enable
                                0.05           0.00 r        -0.05  (VIOLATED)
   u_ctrl/u_aes/rkeys_reg[1053]/synch_enable
                                0.05           0.00 r        -0.05  (VIOLATED)
   u_ctrl/u_aes/rkeys_reg[1054]/synch_enable
                                0.05           0.00 r        -0.05  (VIOLATED)
   u_ctrl/u_aes/rkeys_reg[1055]/synch_enable
                                0.05           0.00 r        -0.05  (VIOLATED)
   u_ctrl/u_aes/rkeys_reg[1056]/synch_enable
                                0.05           0.00 r        -0.05  (VIOLATED)
   u_ctrl/u_aes/rkeys_reg[1057]/synch_enable
                                0.05           0.00 r        -0.05  (VIOLATED)
   u_ctrl/u_aes/rkeys_reg[1058]/synch_enable
                                0.05           0.00 r        -0.05  (VIOLATED)
   u_ctrl/u_aes/rkeys_reg[1059]/synch_enable
                                0.05           0.00 r        -0.05  (VIOLATED)
   u_ctrl/u_aes/rkeys_reg[1060]/synch_enable
                                0.05           0.00 r        -0.05  (VIOLATED)
   u_ctrl/u_aes/rkeys_reg[1061]/synch_enable
                                0.05           0.00 r        -0.05  (VIOLATED)
   u_ctrl/u_aes/rkeys_reg[1062]/synch_enable
                                0.05           0.00 r        -0.05  (VIOLATED)
   u_ctrl/u_aes/rkeys_reg[1063]/synch_enable
                                0.05           0.00 r        -0.05  (VIOLATED)
   u_ctrl/u_aes/rkeys_reg[1064]/synch_enable
                                0.05           0.00 r        -0.05  (VIOLATED)
   u_ctrl/u_aes/rkeys_reg[1065]/synch_enable
                                0.05           0.00 r        -0.05  (VIOLATED)
   u_ctrl/u_aes/rkeys_reg[1066]/synch_enable
                                0.05           0.00 r        -0.05  (VIOLATED)
   u_ctrl/u_aes/rkeys_reg[1067]/synch_enable
                                0.05           0.00 r        -0.05  (VIOLATED)
   u_ctrl/u_aes/rkeys_reg[1068]/synch_enable
                                0.05           0.00 r        -0.05  (VIOLATED)
   u_ctrl/u_aes/rkeys_reg[1069]/synch_enable
                                0.05           0.00 r        -0.05  (VIOLATED)
   u_ctrl/u_aes/rkeys_reg[1070]/synch_enable
                                0.05           0.00 r        -0.05  (VIOLATED)
   u_ctrl/u_aes/rkeys_reg[1071]/synch_enable
                                0.05           0.00 r        -0.05  (VIOLATED)
   u_ctrl/u_aes/rkeys_reg[1072]/synch_enable
                                0.05           0.00 r        -0.05  (VIOLATED)
   u_ctrl/u_aes/rkeys_reg[1073]/synch_enable
                                0.05           0.00 r        -0.05  (VIOLATED)
   u_ctrl/u_aes/rkeys_reg[1074]/synch_enable
                                0.05           0.00 r        -0.05  (VIOLATED)
   u_ctrl/u_aes/rkeys_reg[1075]/synch_enable
                                0.05           0.00 r        -0.05  (VIOLATED)
   u_ctrl/u_aes/rkeys_reg[1076]/synch_enable
                                0.05           0.00 r        -0.05  (VIOLATED)
   u_ctrl/u_aes/rkeys_reg[1077]/synch_enable
                                0.05           0.00 r        -0.05  (VIOLATED)
   u_ctrl/u_aes/rkeys_reg[1078]/synch_enable
                                0.05           0.00 r        -0.05  (VIOLATED)
   u_ctrl/u_aes/rkeys_reg[1079]/synch_enable
                                0.05           0.00 r        -0.05  (VIOLATED)
   u_ctrl/u_aes/rkeys_reg[1080]/synch_enable
                                0.05           0.00 r        -0.05  (VIOLATED)
   u_ctrl/u_aes/rkeys_reg[1081]/synch_enable
                                0.05           0.00 r        -0.05  (VIOLATED)
   u_ctrl/u_aes/rkeys_reg[1082]/synch_enable
                                0.05           0.00 r        -0.05  (VIOLATED)
   u_ctrl/u_aes/rkeys_reg[1083]/synch_enable
                                0.05           0.00 r        -0.05  (VIOLATED)
   u_ctrl/u_aes/rkeys_reg[1084]/synch_enable
                                0.05           0.00 r        -0.05  (VIOLATED)
   u_ctrl/u_aes/rkeys_reg[1085]/synch_enable
                                0.05           0.00 r        -0.05  (VIOLATED)
   u_ctrl/u_aes/rkeys_reg[1086]/synch_enable
                                0.05           0.00 r        -0.05  (VIOLATED)
   u_ctrl/u_aes/rkeys_reg[1087]/synch_enable
                                0.05           0.00 r        -0.05  (VIOLATED)
   u_ctrl/u_aes/rkeys_reg[1088]/synch_enable
                                0.05           0.00 r        -0.05  (VIOLATED)
   u_ctrl/u_aes/rkeys_reg[1089]/synch_enable
                                0.05           0.00 r        -0.05  (VIOLATED)
   u_ctrl/u_aes/rkeys_reg[1090]/synch_enable
                                0.05           0.00 r        -0.05  (VIOLATED)
   u_ctrl/u_aes/rkeys_reg[1091]/synch_enable
                                0.05           0.00 r        -0.05  (VIOLATED)
   u_ctrl/u_aes/rkeys_reg[1092]/synch_enable
                                0.05           0.00 r        -0.05  (VIOLATED)
   u_ctrl/u_aes/rkeys_reg[1093]/synch_enable
                                0.05           0.00 r        -0.05  (VIOLATED)
   u_ctrl/u_aes/rkeys_reg[1094]/synch_enable
                                0.05           0.00 r        -0.05  (VIOLATED)
   u_ctrl/u_aes/rkeys_reg[1095]/synch_enable
                                0.05           0.00 r        -0.05  (VIOLATED)
   u_ctrl/u_aes/rkeys_reg[1096]/synch_enable
                                0.05           0.00 r        -0.05  (VIOLATED)
   u_ctrl/u_aes/rkeys_reg[1097]/synch_enable
                                0.05           0.00 r        -0.05  (VIOLATED)
   u_ctrl/u_aes/rkeys_reg[1098]/synch_enable
                                0.05           0.00 r        -0.05  (VIOLATED)
   u_ctrl/u_aes/rkeys_reg[1099]/synch_enable
                                0.05           0.00 r        -0.05  (VIOLATED)
   u_ctrl/u_aes/rkeys_reg[1100]/synch_enable
                                0.05           0.00 r        -0.05  (VIOLATED)
   u_ctrl/u_aes/rkeys_reg[1101]/synch_enable
                                0.05           0.00 r        -0.05  (VIOLATED)
   u_ctrl/u_aes/rkeys_reg[1102]/synch_enable
                                0.05           0.00 r        -0.05  (VIOLATED)
   u_ctrl/u_aes/rkeys_reg[1103]/synch_enable
                                0.05           0.00 r        -0.05  (VIOLATED)
   u_ctrl/u_aes/rkeys_reg[1104]/synch_enable
                                0.05           0.00 r        -0.05  (VIOLATED)
   u_ctrl/u_aes/rkeys_reg[1105]/synch_enable
                                0.05           0.00 r        -0.05  (VIOLATED)
   u_ctrl/u_aes/rkeys_reg[1106]/synch_enable
                                0.05           0.00 r        -0.05  (VIOLATED)
   u_ctrl/u_aes/rkeys_reg[1107]/synch_enable
                                0.05           0.00 r        -0.05  (VIOLATED)
   u_ctrl/u_aes/rkeys_reg[1108]/synch_enable
                                0.05           0.00 r        -0.05  (VIOLATED)
   u_ctrl/u_aes/rkeys_reg[1109]/synch_enable
                                0.05           0.00 r        -0.05  (VIOLATED)
   u_ctrl/u_aes/rkeys_reg[1110]/synch_enable
                                0.05           0.00 r        -0.05  (VIOLATED)
   u_ctrl/u_aes/rkeys_reg[1111]/synch_enable
                                0.05           0.00 r        -0.05  (VIOLATED)
   u_ctrl/u_aes/rkeys_reg[1112]/synch_enable
                                0.05           0.00 r        -0.05  (VIOLATED)
   u_ctrl/u_aes/rkeys_reg[1113]/synch_enable
                                0.05           0.00 r        -0.05  (VIOLATED)
   u_ctrl/u_aes/rkeys_reg[1114]/synch_enable
                                0.05           0.00 r        -0.05  (VIOLATED)
   u_ctrl/u_aes/rkeys_reg[1115]/synch_enable
                                0.05           0.00 r        -0.05  (VIOLATED)
   u_ctrl/u_aes/rkeys_reg[1116]/synch_enable
                                0.05           0.00 r        -0.05  (VIOLATED)
   u_ctrl/u_aes/rkeys_reg[1117]/synch_enable
                                0.05           0.00 r        -0.05  (VIOLATED)
   u_ctrl/u_aes/rkeys_reg[1118]/synch_enable
                                0.05           0.00 r        -0.05  (VIOLATED)
   u_ctrl/u_aes/rkeys_reg[1119]/synch_enable
                                0.05           0.00 r        -0.05  (VIOLATED)
   u_ctrl/u_aes/rkeys_reg[1120]/synch_enable
                                0.05           0.00 r        -0.05  (VIOLATED)
   u_ctrl/u_aes/rkeys_reg[1121]/synch_enable
                                0.05           0.00 r        -0.05  (VIOLATED)
   u_ctrl/u_aes/rkeys_reg[1122]/synch_enable
                                0.05           0.00 r        -0.05  (VIOLATED)
   u_ctrl/u_aes/rkeys_reg[1123]/synch_enable
                                0.05           0.00 r        -0.05  (VIOLATED)
   u_ctrl/u_aes/rkeys_reg[1124]/synch_enable
                                0.05           0.00 r        -0.05  (VIOLATED)
   u_ctrl/u_aes/rkeys_reg[1125]/synch_enable
                                0.05           0.00 r        -0.05  (VIOLATED)
   u_ctrl/u_aes/rkeys_reg[1126]/synch_enable
                                0.05           0.00 r        -0.05  (VIOLATED)
   u_ctrl/u_aes/rkeys_reg[1127]/synch_enable
                                0.05           0.00 r        -0.05  (VIOLATED)
   u_ctrl/u_aes/rkeys_reg[1128]/synch_enable
                                0.05           0.00 r        -0.05  (VIOLATED)
   u_ctrl/u_aes/rkeys_reg[1129]/synch_enable
                                0.05           0.00 r        -0.05  (VIOLATED)
   u_ctrl/u_aes/rkeys_reg[1130]/synch_enable
                                0.05           0.00 r        -0.05  (VIOLATED)
   u_ctrl/u_aes/rkeys_reg[1131]/synch_enable
                                0.05           0.00 r        -0.05  (VIOLATED)
   u_ctrl/u_aes/rkeys_reg[1132]/synch_enable
                                0.05           0.00 r        -0.05  (VIOLATED)
   u_ctrl/u_aes/rkeys_reg[1133]/synch_enable
                                0.05           0.00 r        -0.05  (VIOLATED)
   u_ctrl/u_aes/rkeys_reg[1134]/synch_enable
                                0.05           0.00 r        -0.05  (VIOLATED)
   u_ctrl/u_aes/rkeys_reg[1135]/synch_enable
                                0.05           0.00 r        -0.05  (VIOLATED)
   u_ctrl/u_aes/rkeys_reg[1136]/synch_enable
                                0.05           0.00 r        -0.05  (VIOLATED)
   u_ctrl/u_aes/rkeys_reg[1137]/synch_enable
                                0.05           0.00 r        -0.05  (VIOLATED)
   u_ctrl/u_aes/rkeys_reg[1138]/synch_enable
                                0.05           0.00 r        -0.05  (VIOLATED)
   u_ctrl/u_aes/rkeys_reg[1139]/synch_enable
                                0.05           0.00 r        -0.05  (VIOLATED)
   u_ctrl/u_aes/rkeys_reg[1140]/synch_enable
                                0.05           0.00 r        -0.05  (VIOLATED)
   u_ctrl/u_aes/rkeys_reg[1141]/synch_enable
                                0.05           0.00 r        -0.05  (VIOLATED)
   u_ctrl/u_aes/rkeys_reg[1142]/synch_enable
                                0.05           0.00 r        -0.05  (VIOLATED)
   u_ctrl/u_aes/rkeys_reg[1143]/synch_enable
                                0.05           0.00 r        -0.05  (VIOLATED)
   u_ctrl/u_aes/rkeys_reg[1144]/synch_enable
                                0.05           0.00 r        -0.05  (VIOLATED)
   u_ctrl/u_aes/rkeys_reg[1145]/synch_enable
                                0.05           0.00 r        -0.05  (VIOLATED)
   u_ctrl/u_aes/rkeys_reg[1146]/synch_enable
                                0.05           0.00 r        -0.05  (VIOLATED)
   u_ctrl/u_aes/rkeys_reg[1147]/synch_enable
                                0.05           0.00 r        -0.05  (VIOLATED)
   u_ctrl/u_aes/rkeys_reg[1148]/synch_enable
                                0.05           0.00 r        -0.05  (VIOLATED)
   u_ctrl/u_aes/rkeys_reg[1149]/synch_enable
                                0.05           0.00 r        -0.05  (VIOLATED)
   u_ctrl/u_aes/rkeys_reg[1150]/synch_enable
                                0.05           0.00 r        -0.05  (VIOLATED)
   u_ctrl/u_aes/rkeys_reg[1151]/synch_enable
                                0.05           0.00 r        -0.05  (VIOLATED)
   u_ctrl/u_aes/rkeys_reg[1152]/synch_enable
                                0.05           0.00 r        -0.05  (VIOLATED)
   u_ctrl/u_aes/rkeys_reg[1153]/synch_enable
                                0.05           0.00 r        -0.05  (VIOLATED)
   u_ctrl/u_aes/rkeys_reg[1154]/synch_enable
                                0.05           0.00 r        -0.05  (VIOLATED)
   u_ctrl/u_aes/rkeys_reg[1155]/synch_enable
                                0.05           0.00 r        -0.05  (VIOLATED)
   u_ctrl/u_aes/rkeys_reg[1156]/synch_enable
                                0.05           0.00 r        -0.05  (VIOLATED)
   u_ctrl/u_aes/rkeys_reg[1157]/synch_enable
                                0.05           0.00 r        -0.05  (VIOLATED)
   u_ctrl/u_aes/rkeys_reg[1158]/synch_enable
                                0.05           0.00 r        -0.05  (VIOLATED)
   u_ctrl/u_aes/rkeys_reg[1159]/synch_enable
                                0.05           0.00 r        -0.05  (VIOLATED)
   u_ctrl/u_aes/rkeys_reg[1160]/synch_enable
                                0.05           0.00 r        -0.05  (VIOLATED)
   u_ctrl/u_aes/rkeys_reg[1161]/synch_enable
                                0.05           0.00 r        -0.05  (VIOLATED)
   u_ctrl/u_aes/rkeys_reg[1162]/synch_enable
                                0.05           0.00 r        -0.05  (VIOLATED)
   u_ctrl/u_aes/rkeys_reg[1163]/synch_enable
                                0.05           0.00 r        -0.05  (VIOLATED)
   u_ctrl/u_aes/rkeys_reg[1164]/synch_enable
                                0.05           0.00 r        -0.05  (VIOLATED)
   u_ctrl/u_aes/rkeys_reg[1165]/synch_enable
                                0.05           0.00 r        -0.05  (VIOLATED)
   u_ctrl/u_aes/rkeys_reg[1166]/synch_enable
                                0.05           0.00 r        -0.05  (VIOLATED)
   u_ctrl/u_aes/rkeys_reg[1167]/synch_enable
                                0.05           0.00 r        -0.05  (VIOLATED)
   u_ctrl/u_aes/rkeys_reg[1168]/synch_enable
                                0.05           0.00 r        -0.05  (VIOLATED)
   u_ctrl/u_aes/rkeys_reg[1169]/synch_enable
                                0.05           0.00 r        -0.05  (VIOLATED)
   u_ctrl/u_aes/rkeys_reg[1170]/synch_enable
                                0.05           0.00 r        -0.05  (VIOLATED)
   u_ctrl/u_aes/rkeys_reg[1171]/synch_enable
                                0.05           0.00 r        -0.05  (VIOLATED)
   u_ctrl/u_aes/rkeys_reg[1172]/synch_enable
                                0.05           0.00 r        -0.05  (VIOLATED)
   u_ctrl/u_aes/rkeys_reg[1173]/synch_enable
                                0.05           0.00 r        -0.05  (VIOLATED)
   u_ctrl/u_aes/rkeys_reg[1174]/synch_enable
                                0.05           0.00 r        -0.05  (VIOLATED)
   u_ctrl/u_aes/rkeys_reg[1175]/synch_enable
                                0.05           0.00 r        -0.05  (VIOLATED)
   u_ctrl/u_aes/rkeys_reg[1176]/synch_enable
                                0.05           0.00 r        -0.05  (VIOLATED)
   u_ctrl/u_aes/rkeys_reg[1177]/synch_enable
                                0.05           0.00 r        -0.05  (VIOLATED)
   u_ctrl/u_aes/rkeys_reg[1178]/synch_enable
                                0.05           0.00 r        -0.05  (VIOLATED)
   u_ctrl/u_aes/rkeys_reg[1179]/synch_enable
                                0.05           0.00 r        -0.05  (VIOLATED)
   u_ctrl/u_aes/rkeys_reg[1180]/synch_enable
                                0.05           0.00 r        -0.05  (VIOLATED)
   u_ctrl/u_aes/rkeys_reg[1181]/synch_enable
                                0.05           0.00 r        -0.05  (VIOLATED)
   u_ctrl/u_aes/rkeys_reg[1182]/synch_enable
                                0.05           0.00 r        -0.05  (VIOLATED)
   u_ctrl/u_aes/rkeys_reg[1183]/synch_enable
                                0.05           0.00 r        -0.05  (VIOLATED)
   u_ctrl/u_aes/rkeys_reg[1184]/synch_enable
                                0.05           0.00 r        -0.05  (VIOLATED)
   u_ctrl/u_aes/rkeys_reg[1185]/synch_enable
                                0.05           0.00 r        -0.05  (VIOLATED)
   u_ctrl/u_aes/rkeys_reg[1186]/synch_enable
                                0.05           0.00 r        -0.05  (VIOLATED)
   u_ctrl/u_aes/rkeys_reg[1187]/synch_enable
                                0.05           0.00 r        -0.05  (VIOLATED)
   u_ctrl/u_aes/rkeys_reg[1188]/synch_enable
                                0.05           0.00 r        -0.05  (VIOLATED)
   u_ctrl/u_aes/rkeys_reg[1189]/synch_enable
                                0.05           0.00 r        -0.05  (VIOLATED)
   u_ctrl/u_aes/rkeys_reg[1190]/synch_enable
                                0.05           0.00 r        -0.05  (VIOLATED)
   u_ctrl/u_aes/rkeys_reg[1191]/synch_enable
                                0.05           0.00 r        -0.05  (VIOLATED)
   u_ctrl/u_aes/rkeys_reg[1192]/synch_enable
                                0.05           0.00 r        -0.05  (VIOLATED)
   u_ctrl/u_aes/rkeys_reg[1193]/synch_enable
                                0.05           0.00 r        -0.05  (VIOLATED)
   u_ctrl/u_aes/rkeys_reg[1194]/synch_enable
                                0.05           0.00 r        -0.05  (VIOLATED)
   u_ctrl/u_aes/rkeys_reg[1195]/synch_enable
                                0.05           0.00 r        -0.05  (VIOLATED)
   u_ctrl/u_aes/rkeys_reg[1196]/synch_enable
                                0.05           0.00 r        -0.05  (VIOLATED)
   u_ctrl/u_aes/rkeys_reg[1197]/synch_enable
                                0.05           0.00 r        -0.05  (VIOLATED)
   u_ctrl/u_aes/rkeys_reg[1198]/synch_enable
                                0.05           0.00 r        -0.05  (VIOLATED)
   u_ctrl/u_aes/rkeys_reg[1199]/synch_enable
                                0.05           0.00 r        -0.05  (VIOLATED)
   u_ctrl/u_aes/rkeys_reg[1200]/synch_enable
                                0.05           0.00 r        -0.05  (VIOLATED)
   u_ctrl/u_aes/rkeys_reg[1201]/synch_enable
                                0.05           0.00 r        -0.05  (VIOLATED)
   u_ctrl/u_aes/rkeys_reg[1202]/synch_enable
                                0.05           0.00 r        -0.05  (VIOLATED)
   u_ctrl/u_aes/rkeys_reg[1203]/synch_enable
                                0.05           0.00 r        -0.05  (VIOLATED)
   u_ctrl/u_aes/rkeys_reg[1204]/synch_enable
                                0.05           0.00 r        -0.05  (VIOLATED)
   u_ctrl/u_aes/rkeys_reg[1205]/synch_enable
                                0.05           0.00 r        -0.05  (VIOLATED)
   u_ctrl/u_aes/rkeys_reg[1206]/synch_enable
                                0.05           0.00 r        -0.05  (VIOLATED)
   u_ctrl/u_aes/rkeys_reg[1207]/synch_enable
                                0.05           0.00 r        -0.05  (VIOLATED)
   u_ctrl/u_aes/rkeys_reg[1208]/synch_enable
                                0.05           0.00 r        -0.05  (VIOLATED)
   u_ctrl/u_aes/rkeys_reg[1209]/synch_enable
                                0.05           0.00 r        -0.05  (VIOLATED)
   u_ctrl/u_aes/rkeys_reg[1210]/synch_enable
                                0.05           0.00 r        -0.05  (VIOLATED)
   u_ctrl/u_aes/rkeys_reg[1211]/synch_enable
                                0.05           0.00 r        -0.05  (VIOLATED)
   u_ctrl/u_aes/rkeys_reg[1212]/synch_enable
                                0.05           0.00 r        -0.05  (VIOLATED)
   u_ctrl/u_aes/rkeys_reg[1213]/synch_enable
                                0.05           0.00 r        -0.05  (VIOLATED)
   u_ctrl/u_aes/rkeys_reg[1214]/synch_enable
                                0.05           0.00 r        -0.05  (VIOLATED)
   u_ctrl/u_aes/rkeys_reg[1215]/synch_enable
                                0.05           0.00 r        -0.05  (VIOLATED)
   u_ctrl/u_aes/rkeys_reg[1216]/synch_enable
                                0.05           0.00 r        -0.05  (VIOLATED)
   u_ctrl/u_aes/rkeys_reg[1217]/synch_enable
                                0.05           0.00 r        -0.05  (VIOLATED)
   u_ctrl/u_aes/rkeys_reg[1218]/synch_enable
                                0.05           0.00 r        -0.05  (VIOLATED)
   u_ctrl/u_aes/rkeys_reg[1219]/synch_enable
                                0.05           0.00 r        -0.05  (VIOLATED)
   u_ctrl/u_aes/rkeys_reg[1220]/synch_enable
                                0.05           0.00 r        -0.05  (VIOLATED)
   u_ctrl/u_aes/rkeys_reg[1221]/synch_enable
                                0.05           0.00 r        -0.05  (VIOLATED)
   u_ctrl/u_aes/rkeys_reg[1222]/synch_enable
                                0.05           0.00 r        -0.05  (VIOLATED)
   u_ctrl/u_aes/rkeys_reg[1223]/synch_enable
                                0.05           0.00 r        -0.05  (VIOLATED)
   u_ctrl/u_aes/rkeys_reg[1224]/synch_enable
                                0.05           0.00 r        -0.05  (VIOLATED)
   u_ctrl/u_aes/rkeys_reg[1225]/synch_enable
                                0.05           0.00 r        -0.05  (VIOLATED)
   u_ctrl/u_aes/rkeys_reg[1226]/synch_enable
                                0.05           0.00 r        -0.05  (VIOLATED)
   u_ctrl/u_aes/rkeys_reg[1227]/synch_enable
                                0.05           0.00 r        -0.05  (VIOLATED)
   u_ctrl/u_aes/rkeys_reg[1228]/synch_enable
                                0.05           0.00 r        -0.05  (VIOLATED)
   u_ctrl/u_aes/rkeys_reg[1229]/synch_enable
                                0.05           0.00 r        -0.05  (VIOLATED)
   u_ctrl/u_aes/rkeys_reg[1230]/synch_enable
                                0.05           0.00 r        -0.05  (VIOLATED)
   u_ctrl/u_aes/rkeys_reg[1231]/synch_enable
                                0.05           0.00 r        -0.05  (VIOLATED)
   u_ctrl/u_aes/rkeys_reg[1232]/synch_enable
                                0.05           0.00 r        -0.05  (VIOLATED)
   u_ctrl/u_aes/rkeys_reg[1233]/synch_enable
                                0.05           0.00 r        -0.05  (VIOLATED)
   u_ctrl/u_aes/rkeys_reg[1234]/synch_enable
                                0.05           0.00 r        -0.05  (VIOLATED)
   u_ctrl/u_aes/rkeys_reg[1235]/synch_enable
                                0.05           0.00 r        -0.05  (VIOLATED)
   u_ctrl/u_aes/rkeys_reg[1236]/synch_enable
                                0.05           0.00 r        -0.05  (VIOLATED)
   u_ctrl/u_aes/rkeys_reg[1237]/synch_enable
                                0.05           0.00 r        -0.05  (VIOLATED)
   u_ctrl/u_aes/rkeys_reg[1238]/synch_enable
                                0.05           0.00 r        -0.05  (VIOLATED)
   u_ctrl/u_aes/rkeys_reg[1239]/synch_enable
                                0.05           0.00 r        -0.05  (VIOLATED)
   u_ctrl/u_aes/rkeys_reg[1240]/synch_enable
                                0.05           0.00 r        -0.05  (VIOLATED)
   u_ctrl/u_aes/rkeys_reg[1241]/synch_enable
                                0.05           0.00 r        -0.05  (VIOLATED)
   u_ctrl/u_aes/rkeys_reg[1242]/synch_enable
                                0.05           0.00 r        -0.05  (VIOLATED)
   u_ctrl/u_aes/rkeys_reg[1243]/synch_enable
                                0.05           0.00 r        -0.05  (VIOLATED)
   u_ctrl/u_aes/rkeys_reg[1244]/synch_enable
                                0.05           0.00 r        -0.05  (VIOLATED)
   u_ctrl/u_aes/rkeys_reg[1245]/synch_enable
                                0.05           0.00 r        -0.05  (VIOLATED)
   u_ctrl/u_aes/rkeys_reg[1246]/synch_enable
                                0.05           0.00 r        -0.05  (VIOLATED)
   u_ctrl/u_aes/rkeys_reg[1247]/synch_enable
                                0.05           0.00 r        -0.05  (VIOLATED)
   u_ctrl/u_aes/rkeys_reg[1248]/synch_enable
                                0.05           0.00 r        -0.05  (VIOLATED)
   u_ctrl/u_aes/rkeys_reg[1249]/synch_enable
                                0.05           0.00 r        -0.05  (VIOLATED)
   u_ctrl/u_aes/rkeys_reg[1250]/synch_enable
                                0.05           0.00 r        -0.05  (VIOLATED)
   u_ctrl/u_aes/rkeys_reg[1251]/synch_enable
                                0.05           0.00 r        -0.05  (VIOLATED)
   u_ctrl/u_aes/rkeys_reg[1252]/synch_enable
                                0.05           0.00 r        -0.05  (VIOLATED)
   u_ctrl/u_aes/rkeys_reg[1253]/synch_enable
                                0.05           0.00 r        -0.05  (VIOLATED)
   u_ctrl/u_aes/rkeys_reg[1254]/synch_enable
                                0.05           0.00 r        -0.05  (VIOLATED)
   u_ctrl/u_aes/rkeys_reg[1255]/synch_enable
                                0.05           0.00 r        -0.05  (VIOLATED)
   u_ctrl/u_aes/rkeys_reg[1256]/synch_enable
                                0.05           0.00 r        -0.05  (VIOLATED)
   u_ctrl/u_aes/rkeys_reg[1257]/synch_enable
                                0.05           0.00 r        -0.05  (VIOLATED)
   u_ctrl/u_aes/rkeys_reg[1258]/synch_enable
                                0.05           0.00 r        -0.05  (VIOLATED)
   u_ctrl/u_aes/rkeys_reg[1259]/synch_enable
                                0.05           0.00 r        -0.05  (VIOLATED)
   u_ctrl/u_aes/rkeys_reg[1260]/synch_enable
                                0.05           0.00 r        -0.05  (VIOLATED)
   u_ctrl/u_aes/rkeys_reg[1261]/synch_enable
                                0.05           0.00 r        -0.05  (VIOLATED)
   u_ctrl/u_aes/rkeys_reg[1262]/synch_enable
                                0.05           0.00 r        -0.05  (VIOLATED)
   u_ctrl/u_aes/rkeys_reg[1263]/synch_enable
                                0.05           0.00 r        -0.05  (VIOLATED)
   u_ctrl/u_aes/rkeys_reg[1264]/synch_enable
                                0.05           0.00 r        -0.05  (VIOLATED)
   u_ctrl/u_aes/rkeys_reg[1265]/synch_enable
                                0.05           0.00 r        -0.05  (VIOLATED)
   u_ctrl/u_aes/rkeys_reg[1266]/synch_enable
                                0.05           0.00 r        -0.05  (VIOLATED)
   u_ctrl/u_aes/rkeys_reg[1267]/synch_enable
                                0.05           0.00 r        -0.05  (VIOLATED)
   u_ctrl/u_aes/rkeys_reg[1268]/synch_enable
                                0.05           0.00 r        -0.05  (VIOLATED)
   u_ctrl/u_aes/rkeys_reg[1269]/synch_enable
                                0.05           0.00 r        -0.05  (VIOLATED)
   u_ctrl/u_aes/rkeys_reg[1270]/synch_enable
                                0.05           0.00 r        -0.05  (VIOLATED)
   u_ctrl/u_aes/rkeys_reg[1271]/synch_enable
                                0.05           0.00 r        -0.05  (VIOLATED)
   u_ctrl/u_aes/rkeys_reg[1272]/synch_enable
                                0.05           0.00 r        -0.05  (VIOLATED)
   u_ctrl/u_aes/rkeys_reg[1273]/synch_enable
                                0.05           0.00 r        -0.05  (VIOLATED)
   u_ctrl/u_aes/rkeys_reg[1274]/synch_enable
                                0.05           0.00 r        -0.05  (VIOLATED)
   u_ctrl/u_aes/rkeys_reg[1275]/synch_enable
                                0.05           0.00 r        -0.05  (VIOLATED)
   u_ctrl/u_aes/rkeys_reg[1276]/synch_enable
                                0.05           0.00 r        -0.05  (VIOLATED)
   u_ctrl/u_aes/rkeys_reg[1277]/synch_enable
                                0.05           0.00 r        -0.05  (VIOLATED)
   u_ctrl/u_aes/rkeys_reg[1278]/synch_enable
                                0.05           0.00 r        -0.05  (VIOLATED)
   u_ctrl/u_aes/rkeys_reg[1279]/synch_enable
                                0.05           0.00 r        -0.05  (VIOLATED)
   u_ctrl/u_aes/rkeys_reg[1280]/synch_enable
                                0.05           0.00 r        -0.05  (VIOLATED)
   u_ctrl/u_aes/rkeys_reg[1281]/synch_enable
                                0.05           0.00 r        -0.05  (VIOLATED)
   u_ctrl/u_aes/rkeys_reg[1282]/synch_enable
                                0.05           0.00 r        -0.05  (VIOLATED)
   u_ctrl/u_aes/rkeys_reg[1283]/synch_enable
                                0.05           0.00 r        -0.05  (VIOLATED)
   u_ctrl/u_aes/rkeys_reg[1284]/synch_enable
                                0.05           0.00 r        -0.05  (VIOLATED)
   u_ctrl/u_aes/rkeys_reg[1285]/synch_enable
                                0.05           0.00 r        -0.05  (VIOLATED)
   u_ctrl/u_aes/rkeys_reg[1286]/synch_enable
                                0.05           0.00 r        -0.05  (VIOLATED)
   u_ctrl/u_aes/rkeys_reg[1287]/synch_enable
                                0.05           0.00 r        -0.05  (VIOLATED)
   u_ctrl/u_aes/rkeys_reg[1288]/synch_enable
                                0.05           0.00 r        -0.05  (VIOLATED)
   u_ctrl/u_aes/rkeys_reg[1289]/synch_enable
                                0.05           0.00 r        -0.05  (VIOLATED)
   u_ctrl/u_aes/rkeys_reg[1290]/synch_enable
                                0.05           0.00 r        -0.05  (VIOLATED)
   u_ctrl/u_aes/rkeys_reg[1291]/synch_enable
                                0.05           0.00 r        -0.05  (VIOLATED)
   u_ctrl/u_aes/rkeys_reg[1292]/synch_enable
                                0.05           0.00 r        -0.05  (VIOLATED)
   u_ctrl/u_aes/rkeys_reg[1293]/synch_enable
                                0.05           0.00 r        -0.05  (VIOLATED)
   u_ctrl/u_aes/rkeys_reg[1294]/synch_enable
                                0.05           0.00 r        -0.05  (VIOLATED)
   u_ctrl/u_aes/rkeys_reg[1295]/synch_enable
                                0.05           0.00 r        -0.05  (VIOLATED)
   u_ctrl/u_aes/rkeys_reg[1296]/synch_enable
                                0.05           0.00 r        -0.05  (VIOLATED)
   u_ctrl/u_aes/rkeys_reg[1297]/synch_enable
                                0.05           0.00 r        -0.05  (VIOLATED)
   u_ctrl/u_aes/rkeys_reg[1298]/synch_enable
                                0.05           0.00 r        -0.05  (VIOLATED)
   u_ctrl/u_aes/rkeys_reg[1299]/synch_enable
                                0.05           0.00 r        -0.05  (VIOLATED)
   u_ctrl/u_aes/rkeys_reg[1300]/synch_enable
                                0.05           0.00 r        -0.05  (VIOLATED)
   u_ctrl/u_aes/rkeys_reg[1301]/synch_enable
                                0.05           0.00 r        -0.05  (VIOLATED)
   u_ctrl/u_aes/rkeys_reg[1302]/synch_enable
                                0.05           0.00 r        -0.05  (VIOLATED)
   u_ctrl/u_aes/rkeys_reg[1303]/synch_enable
                                0.05           0.00 r        -0.05  (VIOLATED)
   u_ctrl/u_aes/rkeys_reg[1304]/synch_enable
                                0.05           0.00 r        -0.05  (VIOLATED)
   u_ctrl/u_aes/rkeys_reg[1305]/synch_enable
                                0.05           0.00 r        -0.05  (VIOLATED)
   u_ctrl/u_aes/rkeys_reg[1306]/synch_enable
                                0.05           0.00 r        -0.05  (VIOLATED)
   u_ctrl/u_aes/rkeys_reg[1307]/synch_enable
                                0.05           0.00 r        -0.05  (VIOLATED)
   u_ctrl/u_aes/rkeys_reg[1308]/synch_enable
                                0.05           0.00 r        -0.05  (VIOLATED)
   u_ctrl/u_aes/rkeys_reg[1309]/synch_enable
                                0.05           0.00 r        -0.05  (VIOLATED)
   u_ctrl/u_aes/rkeys_reg[1310]/synch_enable
                                0.05           0.00 r        -0.05  (VIOLATED)
   u_ctrl/u_aes/rkeys_reg[1311]/synch_enable
                                0.05           0.00 r        -0.05  (VIOLATED)
   u_ctrl/u_aes/rkeys_reg[1312]/synch_enable
                                0.05           0.00 r        -0.05  (VIOLATED)
   u_ctrl/u_aes/rkeys_reg[1313]/synch_enable
                                0.05           0.00 r        -0.05  (VIOLATED)
   u_ctrl/u_aes/rkeys_reg[1314]/synch_enable
                                0.05           0.00 r        -0.05  (VIOLATED)
   u_ctrl/u_aes/rkeys_reg[1315]/synch_enable
                                0.05           0.00 r        -0.05  (VIOLATED)
   u_ctrl/u_aes/rkeys_reg[1316]/synch_enable
                                0.05           0.00 r        -0.05  (VIOLATED)
   u_ctrl/u_aes/rkeys_reg[1317]/synch_enable
                                0.05           0.00 r        -0.05  (VIOLATED)
   u_ctrl/u_aes/rkeys_reg[1318]/synch_enable
                                0.05           0.00 r        -0.05  (VIOLATED)
   u_ctrl/u_aes/rkeys_reg[1319]/synch_enable
                                0.05           0.00 r        -0.05  (VIOLATED)
   u_ctrl/u_aes/rkeys_reg[1320]/synch_enable
                                0.05           0.00 r        -0.05  (VIOLATED)
   u_ctrl/u_aes/rkeys_reg[1321]/synch_enable
                                0.05           0.00 r        -0.05  (VIOLATED)
   u_ctrl/u_aes/rkeys_reg[1322]/synch_enable
                                0.05           0.00 r        -0.05  (VIOLATED)
   u_ctrl/u_aes/rkeys_reg[1323]/synch_enable
                                0.05           0.00 r        -0.05  (VIOLATED)
   u_ctrl/u_aes/rkeys_reg[1324]/synch_enable
                                0.05           0.00 r        -0.05  (VIOLATED)
   u_ctrl/u_aes/rkeys_reg[1325]/synch_enable
                                0.05           0.00 r        -0.05  (VIOLATED)
   u_ctrl/u_aes/rkeys_reg[1326]/synch_enable
                                0.05           0.00 r        -0.05  (VIOLATED)
   u_ctrl/u_aes/rkeys_reg[1327]/synch_enable
                                0.05           0.00 r        -0.05  (VIOLATED)
   u_ctrl/u_aes/rkeys_reg[1328]/synch_enable
                                0.05           0.00 r        -0.05  (VIOLATED)
   u_ctrl/u_aes/rkeys_reg[1329]/synch_enable
                                0.05           0.00 r        -0.05  (VIOLATED)
   u_ctrl/u_aes/rkeys_reg[1330]/synch_enable
                                0.05           0.00 r        -0.05  (VIOLATED)
   u_ctrl/u_aes/rkeys_reg[1331]/synch_enable
                                0.05           0.00 r        -0.05  (VIOLATED)
   u_ctrl/u_aes/rkeys_reg[1332]/synch_enable
                                0.05           0.00 r        -0.05  (VIOLATED)
   u_ctrl/u_aes/rkeys_reg[1333]/synch_enable
                                0.05           0.00 r        -0.05  (VIOLATED)
   u_ctrl/u_aes/rkeys_reg[1334]/synch_enable
                                0.05           0.00 r        -0.05  (VIOLATED)
   u_ctrl/u_aes/rkeys_reg[1335]/synch_enable
                                0.05           0.00 r        -0.05  (VIOLATED)
   u_ctrl/u_aes/rkeys_reg[1336]/synch_enable
                                0.05           0.00 r        -0.05  (VIOLATED)
   u_ctrl/u_aes/rkeys_reg[1337]/synch_enable
                                0.05           0.00 r        -0.05  (VIOLATED)
   u_ctrl/u_aes/rkeys_reg[1338]/synch_enable
                                0.05           0.00 r        -0.05  (VIOLATED)
   u_ctrl/u_aes/rkeys_reg[1339]/synch_enable
                                0.05           0.00 r        -0.05  (VIOLATED)
   u_ctrl/u_aes/rkeys_reg[1340]/synch_enable
                                0.05           0.00 r        -0.05  (VIOLATED)
   u_ctrl/u_aes/rkeys_reg[1341]/synch_enable
                                0.05           0.00 r        -0.05  (VIOLATED)
   u_ctrl/u_aes/rkeys_reg[1342]/synch_enable
                                0.05           0.00 r        -0.05  (VIOLATED)
   u_ctrl/u_aes/rkeys_reg[1343]/synch_enable
                                0.05           0.00 r        -0.05  (VIOLATED)
   u_ctrl/u_aes/rkeys_reg[1344]/synch_enable
                                0.05           0.00 r        -0.05  (VIOLATED)
   u_ctrl/u_aes/rkeys_reg[1345]/synch_enable
                                0.05           0.00 r        -0.05  (VIOLATED)
   u_ctrl/u_aes/rkeys_reg[1346]/synch_enable
                                0.05           0.00 r        -0.05  (VIOLATED)
   u_ctrl/u_aes/rkeys_reg[1347]/synch_enable
                                0.05           0.00 r        -0.05  (VIOLATED)
   u_ctrl/u_aes/rkeys_reg[1348]/synch_enable
                                0.05           0.00 r        -0.05  (VIOLATED)
   u_ctrl/u_aes/rkeys_reg[1349]/synch_enable
                                0.05           0.00 r        -0.05  (VIOLATED)
   u_ctrl/u_aes/rkeys_reg[1350]/synch_enable
                                0.05           0.00 r        -0.05  (VIOLATED)
   u_ctrl/u_aes/rkeys_reg[1351]/synch_enable
                                0.05           0.00 r        -0.05  (VIOLATED)
   u_ctrl/u_aes/rkeys_reg[1352]/synch_enable
                                0.05           0.00 r        -0.05  (VIOLATED)
   u_ctrl/u_aes/rkeys_reg[1353]/synch_enable
                                0.05           0.00 r        -0.05  (VIOLATED)
   u_ctrl/u_aes/rkeys_reg[1354]/synch_enable
                                0.05           0.00 r        -0.05  (VIOLATED)
   u_ctrl/u_aes/rkeys_reg[1355]/synch_enable
                                0.05           0.00 r        -0.05  (VIOLATED)
   u_ctrl/u_aes/rkeys_reg[1356]/synch_enable
                                0.05           0.00 r        -0.05  (VIOLATED)
   u_ctrl/u_aes/rkeys_reg[1357]/synch_enable
                                0.05           0.00 r        -0.05  (VIOLATED)
   u_ctrl/u_aes/rkeys_reg[1358]/synch_enable
                                0.05           0.00 r        -0.05  (VIOLATED)
   u_ctrl/u_aes/rkeys_reg[1359]/synch_enable
                                0.05           0.00 r        -0.05  (VIOLATED)
   u_ctrl/u_aes/rkeys_reg[1360]/synch_enable
                                0.05           0.00 r        -0.05  (VIOLATED)
   u_ctrl/u_aes/rkeys_reg[1361]/synch_enable
                                0.05           0.00 r        -0.05  (VIOLATED)
   u_ctrl/u_aes/rkeys_reg[1362]/synch_enable
                                0.05           0.00 r        -0.05  (VIOLATED)
   u_ctrl/u_aes/rkeys_reg[1363]/synch_enable
                                0.05           0.00 r        -0.05  (VIOLATED)
   u_ctrl/u_aes/rkeys_reg[1364]/synch_enable
                                0.05           0.00 r        -0.05  (VIOLATED)
   u_ctrl/u_aes/rkeys_reg[1365]/synch_enable
                                0.05           0.00 r        -0.05  (VIOLATED)
   u_ctrl/u_aes/rkeys_reg[1366]/synch_enable
                                0.05           0.00 r        -0.05  (VIOLATED)
   u_ctrl/u_aes/rkeys_reg[1367]/synch_enable
                                0.05           0.00 r        -0.05  (VIOLATED)
   u_ctrl/u_aes/rkeys_reg[1368]/synch_enable
                                0.05           0.00 r        -0.05  (VIOLATED)
   u_ctrl/u_aes/rkeys_reg[1369]/synch_enable
                                0.05           0.00 r        -0.05  (VIOLATED)
   u_ctrl/u_aes/rkeys_reg[1370]/synch_enable
                                0.05           0.00 r        -0.05  (VIOLATED)
   u_ctrl/u_aes/rkeys_reg[1371]/synch_enable
                                0.05           0.00 r        -0.05  (VIOLATED)
   u_ctrl/u_aes/rkeys_reg[1372]/synch_enable
                                0.05           0.00 r        -0.05  (VIOLATED)
   u_ctrl/u_aes/rkeys_reg[1373]/synch_enable
                                0.05           0.00 r        -0.05  (VIOLATED)
   u_ctrl/u_aes/rkeys_reg[1374]/synch_enable
                                0.05           0.00 r        -0.05  (VIOLATED)
   u_ctrl/u_aes/rkeys_reg[1375]/synch_enable
                                0.05           0.00 r        -0.05  (VIOLATED)
   u_ctrl/u_aes/rkeys_reg[1376]/synch_enable
                                0.05           0.00 r        -0.05  (VIOLATED)
   u_ctrl/u_aes/rkeys_reg[1377]/synch_enable
                                0.05           0.00 r        -0.05  (VIOLATED)
   u_ctrl/u_aes/rkeys_reg[1378]/synch_enable
                                0.05           0.00 r        -0.05  (VIOLATED)
   u_ctrl/u_aes/rkeys_reg[1379]/synch_enable
                                0.05           0.00 r        -0.05  (VIOLATED)
   u_ctrl/u_aes/rkeys_reg[1380]/synch_enable
                                0.05           0.00 r        -0.05  (VIOLATED)
   u_ctrl/u_aes/rkeys_reg[1381]/synch_enable
                                0.05           0.00 r        -0.05  (VIOLATED)
   u_ctrl/u_aes/rkeys_reg[1382]/synch_enable
                                0.05           0.00 r        -0.05  (VIOLATED)
   u_ctrl/u_aes/rkeys_reg[1383]/synch_enable
                                0.05           0.00 r        -0.05  (VIOLATED)
   u_ctrl/u_aes/rkeys_reg[1384]/synch_enable
                                0.05           0.00 r        -0.05  (VIOLATED)
   u_ctrl/u_aes/rkeys_reg[1385]/synch_enable
                                0.05           0.00 r        -0.05  (VIOLATED)
   u_ctrl/u_aes/rkeys_reg[1386]/synch_enable
                                0.05           0.00 r        -0.05  (VIOLATED)
   u_ctrl/u_aes/rkeys_reg[1387]/synch_enable
                                0.05           0.00 r        -0.05  (VIOLATED)
   u_ctrl/u_aes/rkeys_reg[1388]/synch_enable
                                0.05           0.00 r        -0.05  (VIOLATED)
   u_ctrl/u_aes/rkeys_reg[1389]/synch_enable
                                0.05           0.00 r        -0.05  (VIOLATED)
   u_ctrl/u_aes/rkeys_reg[1390]/synch_enable
                                0.05           0.00 r        -0.05  (VIOLATED)
   u_ctrl/u_aes/rkeys_reg[1391]/synch_enable
                                0.05           0.00 r        -0.05  (VIOLATED)
   u_ctrl/u_aes/rkeys_reg[1392]/synch_enable
                                0.05           0.00 r        -0.05  (VIOLATED)
   u_ctrl/u_aes/rkeys_reg[1393]/synch_enable
                                0.05           0.00 r        -0.05  (VIOLATED)
   u_ctrl/u_aes/rkeys_reg[1394]/synch_enable
                                0.05           0.00 r        -0.05  (VIOLATED)
   u_ctrl/u_aes/rkeys_reg[1395]/synch_enable
                                0.05           0.00 r        -0.05  (VIOLATED)
   u_ctrl/u_aes/rkeys_reg[1396]/synch_enable
                                0.05           0.00 r        -0.05  (VIOLATED)
   u_ctrl/u_aes/rkeys_reg[1397]/synch_enable
                                0.05           0.00 r        -0.05  (VIOLATED)
   u_ctrl/u_aes/rkeys_reg[1398]/synch_enable
                                0.05           0.00 r        -0.05  (VIOLATED)
   u_ctrl/u_aes/rkeys_reg[1399]/synch_enable
                                0.05           0.00 r        -0.05  (VIOLATED)
   u_ctrl/u_aes/rkeys_reg[1400]/synch_enable
                                0.05           0.00 r        -0.05  (VIOLATED)
   u_ctrl/u_aes/rkeys_reg[1401]/synch_enable
                                0.05           0.00 r        -0.05  (VIOLATED)
   u_ctrl/u_aes/rkeys_reg[1402]/synch_enable
                                0.05           0.00 r        -0.05  (VIOLATED)
   u_ctrl/u_aes/rkeys_reg[1403]/synch_enable
                                0.05           0.00 r        -0.05  (VIOLATED)
   u_ctrl/u_aes/rkeys_reg[1404]/synch_enable
                                0.05           0.00 r        -0.05  (VIOLATED)
   u_ctrl/u_aes/rkeys_reg[1405]/synch_enable
                                0.05           0.00 r        -0.05  (VIOLATED)
   u_ctrl/u_aes/rkeys_reg[1406]/synch_enable
                                0.05           0.00 r        -0.05  (VIOLATED)
   u_ctrl/u_aes/rkeys_reg[1407]/synch_enable
                                0.05           0.00 r        -0.05  (VIOLATED)
   u_ctrl/u_aes/round_reg[0]/next_state
                                0.05           0.00 r        -0.05  (VIOLATED)
   u_ctrl/u_aes/round_reg[0]/synch_enable
                                0.05           0.00 r        -0.05  (VIOLATED)
   u_ctrl/u_aes/round_reg[1]/next_state
                                0.05           0.00 r        -0.05  (VIOLATED)
   u_ctrl/u_aes/round_reg[1]/synch_enable
                                0.05           0.00 r        -0.05  (VIOLATED)
   u_ctrl/u_aes/round_reg[2]/next_state
                                0.05           0.00 r        -0.05  (VIOLATED)
   u_ctrl/u_aes/round_reg[2]/synch_enable
                                0.05           0.00 r        -0.05  (VIOLATED)
   u_ctrl/u_aes/round_reg[3]/next_state
                                0.05           0.00 r        -0.05  (VIOLATED)
   u_ctrl/u_aes/round_reg[3]/synch_enable
                                0.05           0.00 r        -0.05  (VIOLATED)
   u_ctrl/u_aes/state_reg[0]/next_state
                                0.05           0.00 r        -0.05  (VIOLATED)
   u_ctrl/u_aes/state_reg[0]/synch_enable
                                0.05           0.00 r        -0.05  (VIOLATED)
   u_ctrl/u_aes/state_reg[1]/next_state
                                0.05           0.00 r        -0.05  (VIOLATED)
   u_ctrl/u_aes/state_reg[1]/synch_enable
                                0.05           0.00 r        -0.05  (VIOLATED)
   u_ctrl/u_aes/state_reg[2]/next_state
                                0.05           0.00 r        -0.05  (VIOLATED)
   u_ctrl/u_aes/state_reg[2]/synch_enable
                                0.05           0.00 r        -0.05  (VIOLATED)
   u_ctrl/u_aes/state_reg[3]/next_state
                                0.05           0.00 r        -0.05  (VIOLATED)
   u_ctrl/u_aes/state_reg[3]/synch_enable
                                0.05           0.00 r        -0.05  (VIOLATED)
   u_ctrl/u_aes/state_reg[4]/next_state
                                0.05           0.00 r        -0.05  (VIOLATED)
   u_ctrl/u_aes/state_reg[4]/synch_enable
                                0.05           0.00 r        -0.05  (VIOLATED)
   u_ctrl/u_aes/state_reg[5]/next_state
                                0.05           0.00 r        -0.05  (VIOLATED)
   u_ctrl/u_aes/state_reg[5]/synch_enable
                                0.05           0.00 r        -0.05  (VIOLATED)
   u_ctrl/u_aes/state_reg[6]/next_state
                                0.05           0.00 r        -0.05  (VIOLATED)
   u_ctrl/u_aes/state_reg[6]/synch_enable
                                0.05           0.00 r        -0.05  (VIOLATED)
   u_ctrl/u_aes/state_reg[7]/next_state
                                0.05           0.00 r        -0.05  (VIOLATED)
   u_ctrl/u_aes/state_reg[7]/synch_enable
                                0.05           0.00 r        -0.05  (VIOLATED)
   u_ctrl/u_aes/state_reg[8]/next_state
                                0.05           0.00 r        -0.05  (VIOLATED)
   u_ctrl/u_aes/state_reg[8]/synch_enable
                                0.05           0.00 r        -0.05  (VIOLATED)
   u_ctrl/u_aes/state_reg[9]/next_state
                                0.05           0.00 r        -0.05  (VIOLATED)
   u_ctrl/u_aes/state_reg[9]/synch_enable
                                0.05           0.00 r        -0.05  (VIOLATED)
   u_ctrl/u_aes/state_reg[10]/next_state
                                0.05           0.00 r        -0.05  (VIOLATED)
   u_ctrl/u_aes/state_reg[10]/synch_enable
                                0.05           0.00 r        -0.05  (VIOLATED)
   u_ctrl/u_aes/state_reg[11]/next_state
                                0.05           0.00 r        -0.05  (VIOLATED)
   u_ctrl/u_aes/state_reg[11]/synch_enable
                                0.05           0.00 r        -0.05  (VIOLATED)
   u_ctrl/u_aes/state_reg[12]/next_state
                                0.05           0.00 r        -0.05  (VIOLATED)
   u_ctrl/u_aes/state_reg[12]/synch_enable
                                0.05           0.00 r        -0.05  (VIOLATED)
   u_ctrl/u_aes/state_reg[13]/next_state
                                0.05           0.00 r        -0.05  (VIOLATED)
   u_ctrl/u_aes/state_reg[13]/synch_enable
                                0.05           0.00 r        -0.05  (VIOLATED)
   u_ctrl/u_aes/state_reg[14]/next_state
                                0.05           0.00 r        -0.05  (VIOLATED)
   u_ctrl/u_aes/state_reg[14]/synch_enable
                                0.05           0.00 r        -0.05  (VIOLATED)
   u_ctrl/u_aes/state_reg[15]/next_state
                                0.05           0.00 r        -0.05  (VIOLATED)
   u_ctrl/u_aes/state_reg[15]/synch_enable
                                0.05           0.00 r        -0.05  (VIOLATED)
   u_ctrl/u_aes/state_reg[16]/next_state
                                0.05           0.00 r        -0.05  (VIOLATED)
   u_ctrl/u_aes/state_reg[16]/synch_enable
                                0.05           0.00 r        -0.05  (VIOLATED)
   u_ctrl/u_aes/state_reg[17]/next_state
                                0.05           0.00 r        -0.05  (VIOLATED)
   u_ctrl/u_aes/state_reg[17]/synch_enable
                                0.05           0.00 r        -0.05  (VIOLATED)
   u_ctrl/u_aes/state_reg[18]/next_state
                                0.05           0.00 r        -0.05  (VIOLATED)
   u_ctrl/u_aes/state_reg[18]/synch_enable
                                0.05           0.00 r        -0.05  (VIOLATED)
   u_ctrl/u_aes/state_reg[19]/next_state
                                0.05           0.00 r        -0.05  (VIOLATED)
   u_ctrl/u_aes/state_reg[19]/synch_enable
                                0.05           0.00 r        -0.05  (VIOLATED)
   u_ctrl/u_aes/state_reg[20]/next_state
                                0.05           0.00 r        -0.05  (VIOLATED)
   u_ctrl/u_aes/state_reg[20]/synch_enable
                                0.05           0.00 r        -0.05  (VIOLATED)
   u_ctrl/u_aes/state_reg[21]/next_state
                                0.05           0.00 r        -0.05  (VIOLATED)
   u_ctrl/u_aes/state_reg[21]/synch_enable
                                0.05           0.00 r        -0.05  (VIOLATED)
   u_ctrl/u_aes/state_reg[22]/next_state
                                0.05           0.00 r        -0.05  (VIOLATED)
   u_ctrl/u_aes/state_reg[22]/synch_enable
                                0.05           0.00 r        -0.05  (VIOLATED)
   u_ctrl/u_aes/state_reg[23]/next_state
                                0.05           0.00 r        -0.05  (VIOLATED)
   u_ctrl/u_aes/state_reg[23]/synch_enable
                                0.05           0.00 r        -0.05  (VIOLATED)
   u_ctrl/u_aes/state_reg[24]/next_state
                                0.05           0.00 r        -0.05  (VIOLATED)
   u_ctrl/u_aes/state_reg[24]/synch_enable
                                0.05           0.00 r        -0.05  (VIOLATED)
   u_ctrl/u_aes/state_reg[25]/next_state
                                0.05           0.00 r        -0.05  (VIOLATED)
   u_ctrl/u_aes/state_reg[25]/synch_enable
                                0.05           0.00 r        -0.05  (VIOLATED)
   u_ctrl/u_aes/state_reg[26]/next_state
                                0.05           0.00 r        -0.05  (VIOLATED)
   u_ctrl/u_aes/state_reg[26]/synch_enable
                                0.05           0.00 r        -0.05  (VIOLATED)
   u_ctrl/u_aes/state_reg[27]/next_state
                                0.05           0.00 r        -0.05  (VIOLATED)
   u_ctrl/u_aes/state_reg[27]/synch_enable
                                0.05           0.00 r        -0.05  (VIOLATED)
   u_ctrl/u_aes/state_reg[28]/next_state
                                0.05           0.00 r        -0.05  (VIOLATED)
   u_ctrl/u_aes/state_reg[28]/synch_enable
                                0.05           0.00 r        -0.05  (VIOLATED)
   u_ctrl/u_aes/state_reg[29]/next_state
                                0.05           0.00 r        -0.05  (VIOLATED)
   u_ctrl/u_aes/state_reg[29]/synch_enable
                                0.05           0.00 r        -0.05  (VIOLATED)
   u_ctrl/u_aes/state_reg[30]/next_state
                                0.05           0.00 r        -0.05  (VIOLATED)
   u_ctrl/u_aes/state_reg[30]/synch_enable
                                0.05           0.00 r        -0.05  (VIOLATED)
   u_ctrl/u_aes/state_reg[31]/next_state
                                0.05           0.00 r        -0.05  (VIOLATED)
   u_ctrl/u_aes/state_reg[31]/synch_enable
                                0.05           0.00 r        -0.05  (VIOLATED)
   u_ctrl/u_aes/state_reg[32]/next_state
                                0.05           0.00 r        -0.05  (VIOLATED)
   u_ctrl/u_aes/state_reg[32]/synch_enable
                                0.05           0.00 r        -0.05  (VIOLATED)
   u_ctrl/u_aes/state_reg[33]/next_state
                                0.05           0.00 r        -0.05  (VIOLATED)
   u_ctrl/u_aes/state_reg[33]/synch_enable
                                0.05           0.00 r        -0.05  (VIOLATED)
   u_ctrl/u_aes/state_reg[34]/next_state
                                0.05           0.00 r        -0.05  (VIOLATED)
   u_ctrl/u_aes/state_reg[34]/synch_enable
                                0.05           0.00 r        -0.05  (VIOLATED)
   u_ctrl/u_aes/state_reg[35]/next_state
                                0.05           0.00 r        -0.05  (VIOLATED)
   u_ctrl/u_aes/state_reg[35]/synch_enable
                                0.05           0.00 r        -0.05  (VIOLATED)
   u_ctrl/u_aes/state_reg[36]/next_state
                                0.05           0.00 r        -0.05  (VIOLATED)
   u_ctrl/u_aes/state_reg[36]/synch_enable
                                0.05           0.00 r        -0.05  (VIOLATED)
   u_ctrl/u_aes/state_reg[37]/next_state
                                0.05           0.00 r        -0.05  (VIOLATED)
   u_ctrl/u_aes/state_reg[37]/synch_enable
                                0.05           0.00 r        -0.05  (VIOLATED)
   u_ctrl/u_aes/state_reg[38]/next_state
                                0.05           0.00 r        -0.05  (VIOLATED)
   u_ctrl/u_aes/state_reg[38]/synch_enable
                                0.05           0.00 r        -0.05  (VIOLATED)
   u_ctrl/u_aes/state_reg[39]/next_state
                                0.05           0.00 r        -0.05  (VIOLATED)
   u_ctrl/u_aes/state_reg[39]/synch_enable
                                0.05           0.00 r        -0.05  (VIOLATED)
   u_ctrl/u_aes/state_reg[40]/next_state
                                0.05           0.00 r        -0.05  (VIOLATED)
   u_ctrl/u_aes/state_reg[40]/synch_enable
                                0.05           0.00 r        -0.05  (VIOLATED)
   u_ctrl/u_aes/state_reg[41]/next_state
                                0.05           0.00 r        -0.05  (VIOLATED)
   u_ctrl/u_aes/state_reg[41]/synch_enable
                                0.05           0.00 r        -0.05  (VIOLATED)
   u_ctrl/u_aes/state_reg[42]/next_state
                                0.05           0.00 r        -0.05  (VIOLATED)
   u_ctrl/u_aes/state_reg[42]/synch_enable
                                0.05           0.00 r        -0.05  (VIOLATED)
   u_ctrl/u_aes/state_reg[43]/next_state
                                0.05           0.00 r        -0.05  (VIOLATED)
   u_ctrl/u_aes/state_reg[43]/synch_enable
                                0.05           0.00 r        -0.05  (VIOLATED)
   u_ctrl/u_aes/state_reg[44]/next_state
                                0.05           0.00 r        -0.05  (VIOLATED)
   u_ctrl/u_aes/state_reg[44]/synch_enable
                                0.05           0.00 r        -0.05  (VIOLATED)
   u_ctrl/u_aes/state_reg[45]/next_state
                                0.05           0.00 r        -0.05  (VIOLATED)
   u_ctrl/u_aes/state_reg[45]/synch_enable
                                0.05           0.00 r        -0.05  (VIOLATED)
   u_ctrl/u_aes/state_reg[46]/next_state
                                0.05           0.00 r        -0.05  (VIOLATED)
   u_ctrl/u_aes/state_reg[46]/synch_enable
                                0.05           0.00 r        -0.05  (VIOLATED)
   u_ctrl/u_aes/state_reg[47]/next_state
                                0.05           0.00 r        -0.05  (VIOLATED)
   u_ctrl/u_aes/state_reg[47]/synch_enable
                                0.05           0.00 r        -0.05  (VIOLATED)
   u_ctrl/u_aes/state_reg[48]/next_state
                                0.05           0.00 r        -0.05  (VIOLATED)
   u_ctrl/u_aes/state_reg[48]/synch_enable
                                0.05           0.00 r        -0.05  (VIOLATED)
   u_ctrl/u_aes/state_reg[49]/next_state
                                0.05           0.00 r        -0.05  (VIOLATED)
   u_ctrl/u_aes/state_reg[49]/synch_enable
                                0.05           0.00 r        -0.05  (VIOLATED)
   u_ctrl/u_aes/state_reg[50]/next_state
                                0.05           0.00 r        -0.05  (VIOLATED)
   u_ctrl/u_aes/state_reg[50]/synch_enable
                                0.05           0.00 r        -0.05  (VIOLATED)
   u_ctrl/u_aes/state_reg[51]/next_state
                                0.05           0.00 r        -0.05  (VIOLATED)
   u_ctrl/u_aes/state_reg[51]/synch_enable
                                0.05           0.00 r        -0.05  (VIOLATED)
   u_ctrl/u_aes/state_reg[52]/next_state
                                0.05           0.00 r        -0.05  (VIOLATED)
   u_ctrl/u_aes/state_reg[52]/synch_enable
                                0.05           0.00 r        -0.05  (VIOLATED)
   u_ctrl/u_aes/state_reg[53]/next_state
                                0.05           0.00 r        -0.05  (VIOLATED)
   u_ctrl/u_aes/state_reg[53]/synch_enable
                                0.05           0.00 r        -0.05  (VIOLATED)
   u_ctrl/u_aes/state_reg[54]/next_state
                                0.05           0.00 r        -0.05  (VIOLATED)
   u_ctrl/u_aes/state_reg[54]/synch_enable
                                0.05           0.00 r        -0.05  (VIOLATED)
   u_ctrl/u_aes/state_reg[55]/next_state
                                0.05           0.00 r        -0.05  (VIOLATED)
   u_ctrl/u_aes/state_reg[55]/synch_enable
                                0.05           0.00 r        -0.05  (VIOLATED)
   u_ctrl/u_aes/state_reg[56]/next_state
                                0.05           0.00 r        -0.05  (VIOLATED)
   u_ctrl/u_aes/state_reg[56]/synch_enable
                                0.05           0.00 r        -0.05  (VIOLATED)
   u_ctrl/u_aes/state_reg[57]/next_state
                                0.05           0.00 r        -0.05  (VIOLATED)
   u_ctrl/u_aes/state_reg[57]/synch_enable
                                0.05           0.00 r        -0.05  (VIOLATED)
   u_ctrl/u_aes/state_reg[58]/next_state
                                0.05           0.00 r        -0.05  (VIOLATED)
   u_ctrl/u_aes/state_reg[58]/synch_enable
                                0.05           0.00 r        -0.05  (VIOLATED)
   u_ctrl/u_aes/state_reg[59]/next_state
                                0.05           0.00 r        -0.05  (VIOLATED)
   u_ctrl/u_aes/state_reg[59]/synch_enable
                                0.05           0.00 r        -0.05  (VIOLATED)
   u_ctrl/u_aes/state_reg[60]/next_state
                                0.05           0.00 r        -0.05  (VIOLATED)
   u_ctrl/u_aes/state_reg[60]/synch_enable
                                0.05           0.00 r        -0.05  (VIOLATED)
   u_ctrl/u_aes/state_reg[61]/next_state
                                0.05           0.00 r        -0.05  (VIOLATED)
   u_ctrl/u_aes/state_reg[61]/synch_enable
                                0.05           0.00 r        -0.05  (VIOLATED)
   u_ctrl/u_aes/state_reg[62]/next_state
                                0.05           0.00 r        -0.05  (VIOLATED)
   u_ctrl/u_aes/state_reg[62]/synch_enable
                                0.05           0.00 r        -0.05  (VIOLATED)
   u_ctrl/u_aes/state_reg[63]/next_state
                                0.05           0.00 r        -0.05  (VIOLATED)
   u_ctrl/u_aes/state_reg[63]/synch_enable
                                0.05           0.00 r        -0.05  (VIOLATED)
   u_ctrl/u_aes/state_reg[64]/next_state
                                0.05           0.00 r        -0.05  (VIOLATED)
   u_ctrl/u_aes/state_reg[64]/synch_enable
                                0.05           0.00 r        -0.05  (VIOLATED)
   u_ctrl/u_aes/state_reg[65]/next_state
                                0.05           0.00 r        -0.05  (VIOLATED)
   u_ctrl/u_aes/state_reg[65]/synch_enable
                                0.05           0.00 r        -0.05  (VIOLATED)
   u_ctrl/u_aes/state_reg[66]/next_state
                                0.05           0.00 r        -0.05  (VIOLATED)
   u_ctrl/u_aes/state_reg[66]/synch_enable
                                0.05           0.00 r        -0.05  (VIOLATED)
   u_ctrl/u_aes/state_reg[67]/next_state
                                0.05           0.00 r        -0.05  (VIOLATED)
   u_ctrl/u_aes/state_reg[67]/synch_enable
                                0.05           0.00 r        -0.05  (VIOLATED)
   u_ctrl/u_aes/state_reg[68]/next_state
                                0.05           0.00 r        -0.05  (VIOLATED)
   u_ctrl/u_aes/state_reg[68]/synch_enable
                                0.05           0.00 r        -0.05  (VIOLATED)
   u_ctrl/u_aes/state_reg[69]/next_state
                                0.05           0.00 r        -0.05  (VIOLATED)
   u_ctrl/u_aes/state_reg[69]/synch_enable
                                0.05           0.00 r        -0.05  (VIOLATED)
   u_ctrl/u_aes/state_reg[70]/next_state
                                0.05           0.00 r        -0.05  (VIOLATED)
   u_ctrl/u_aes/state_reg[70]/synch_enable
                                0.05           0.00 r        -0.05  (VIOLATED)
   u_ctrl/u_aes/state_reg[71]/next_state
                                0.05           0.00 r        -0.05  (VIOLATED)
   u_ctrl/u_aes/state_reg[71]/synch_enable
                                0.05           0.00 r        -0.05  (VIOLATED)
   u_ctrl/u_aes/state_reg[72]/next_state
                                0.05           0.00 r        -0.05  (VIOLATED)
   u_ctrl/u_aes/state_reg[72]/synch_enable
                                0.05           0.00 r        -0.05  (VIOLATED)
   u_ctrl/u_aes/state_reg[73]/next_state
                                0.05           0.00 r        -0.05  (VIOLATED)
   u_ctrl/u_aes/state_reg[73]/synch_enable
                                0.05           0.00 r        -0.05  (VIOLATED)
   u_ctrl/u_aes/state_reg[74]/next_state
                                0.05           0.00 r        -0.05  (VIOLATED)
   u_ctrl/u_aes/state_reg[74]/synch_enable
                                0.05           0.00 r        -0.05  (VIOLATED)
   u_ctrl/u_aes/state_reg[75]/next_state
                                0.05           0.00 r        -0.05  (VIOLATED)
   u_ctrl/u_aes/state_reg[75]/synch_enable
                                0.05           0.00 r        -0.05  (VIOLATED)
   u_ctrl/u_aes/state_reg[76]/next_state
                                0.05           0.00 r        -0.05  (VIOLATED)
   u_ctrl/u_aes/state_reg[76]/synch_enable
                                0.05           0.00 r        -0.05  (VIOLATED)
   u_ctrl/u_aes/state_reg[77]/next_state
                                0.05           0.00 r        -0.05  (VIOLATED)
   u_ctrl/u_aes/state_reg[77]/synch_enable
                                0.05           0.00 r        -0.05  (VIOLATED)
   u_ctrl/u_aes/state_reg[78]/next_state
                                0.05           0.00 r        -0.05  (VIOLATED)
   u_ctrl/u_aes/state_reg[78]/synch_enable
                                0.05           0.00 r        -0.05  (VIOLATED)
   u_ctrl/u_aes/state_reg[79]/next_state
                                0.05           0.00 r        -0.05  (VIOLATED)
   u_ctrl/u_aes/state_reg[79]/synch_enable
                                0.05           0.00 r        -0.05  (VIOLATED)
   u_ctrl/u_aes/state_reg[80]/next_state
                                0.05           0.00 r        -0.05  (VIOLATED)
   u_ctrl/u_aes/state_reg[80]/synch_enable
                                0.05           0.00 r        -0.05  (VIOLATED)
   u_ctrl/u_aes/state_reg[81]/next_state
                                0.05           0.00 r        -0.05  (VIOLATED)
   u_ctrl/u_aes/state_reg[81]/synch_enable
                                0.05           0.00 r        -0.05  (VIOLATED)
   u_ctrl/u_aes/state_reg[82]/next_state
                                0.05           0.00 r        -0.05  (VIOLATED)
   u_ctrl/u_aes/state_reg[82]/synch_enable
                                0.05           0.00 r        -0.05  (VIOLATED)
   u_ctrl/u_aes/state_reg[83]/next_state
                                0.05           0.00 r        -0.05  (VIOLATED)
   u_ctrl/u_aes/state_reg[83]/synch_enable
                                0.05           0.00 r        -0.05  (VIOLATED)
   u_ctrl/u_aes/state_reg[84]/next_state
                                0.05           0.00 r        -0.05  (VIOLATED)
   u_ctrl/u_aes/state_reg[84]/synch_enable
                                0.05           0.00 r        -0.05  (VIOLATED)
   u_ctrl/u_aes/state_reg[85]/next_state
                                0.05           0.00 r        -0.05  (VIOLATED)
   u_ctrl/u_aes/state_reg[85]/synch_enable
                                0.05           0.00 r        -0.05  (VIOLATED)
   u_ctrl/u_aes/state_reg[86]/next_state
                                0.05           0.00 r        -0.05  (VIOLATED)
   u_ctrl/u_aes/state_reg[86]/synch_enable
                                0.05           0.00 r        -0.05  (VIOLATED)
   u_ctrl/u_aes/state_reg[87]/next_state
                                0.05           0.00 r        -0.05  (VIOLATED)
   u_ctrl/u_aes/state_reg[87]/synch_enable
                                0.05           0.00 r        -0.05  (VIOLATED)
   u_ctrl/u_aes/state_reg[88]/next_state
                                0.05           0.00 r        -0.05  (VIOLATED)
   u_ctrl/u_aes/state_reg[88]/synch_enable
                                0.05           0.00 r        -0.05  (VIOLATED)
   u_ctrl/u_aes/state_reg[89]/next_state
                                0.05           0.00 r        -0.05  (VIOLATED)
   u_ctrl/u_aes/state_reg[89]/synch_enable
                                0.05           0.00 r        -0.05  (VIOLATED)
   u_ctrl/u_aes/state_reg[90]/next_state
                                0.05           0.00 r        -0.05  (VIOLATED)
   u_ctrl/u_aes/state_reg[90]/synch_enable
                                0.05           0.00 r        -0.05  (VIOLATED)
   u_ctrl/u_aes/state_reg[91]/next_state
                                0.05           0.00 r        -0.05  (VIOLATED)
   u_ctrl/u_aes/state_reg[91]/synch_enable
                                0.05           0.00 r        -0.05  (VIOLATED)
   u_ctrl/u_aes/state_reg[92]/next_state
                                0.05           0.00 r        -0.05  (VIOLATED)
   u_ctrl/u_aes/state_reg[92]/synch_enable
                                0.05           0.00 r        -0.05  (VIOLATED)
   u_ctrl/u_aes/state_reg[93]/next_state
                                0.05           0.00 r        -0.05  (VIOLATED)
   u_ctrl/u_aes/state_reg[93]/synch_enable
                                0.05           0.00 r        -0.05  (VIOLATED)
   u_ctrl/u_aes/state_reg[94]/next_state
                                0.05           0.00 r        -0.05  (VIOLATED)
   u_ctrl/u_aes/state_reg[94]/synch_enable
                                0.05           0.00 r        -0.05  (VIOLATED)
   u_ctrl/u_aes/state_reg[95]/next_state
                                0.05           0.00 r        -0.05  (VIOLATED)
   u_ctrl/u_aes/state_reg[95]/synch_enable
                                0.05           0.00 r        -0.05  (VIOLATED)
   u_ctrl/u_aes/state_reg[96]/next_state
                                0.05           0.00 r        -0.05  (VIOLATED)
   u_ctrl/u_aes/state_reg[96]/synch_enable
                                0.05           0.00 r        -0.05  (VIOLATED)
   u_ctrl/u_aes/state_reg[97]/next_state
                                0.05           0.00 r        -0.05  (VIOLATED)
   u_ctrl/u_aes/state_reg[97]/synch_enable
                                0.05           0.00 r        -0.05  (VIOLATED)
   u_ctrl/u_aes/state_reg[98]/next_state
                                0.05           0.00 r        -0.05  (VIOLATED)
   u_ctrl/u_aes/state_reg[98]/synch_enable
                                0.05           0.00 r        -0.05  (VIOLATED)
   u_ctrl/u_aes/state_reg[99]/next_state
                                0.05           0.00 r        -0.05  (VIOLATED)
   u_ctrl/u_aes/state_reg[99]/synch_enable
                                0.05           0.00 r        -0.05  (VIOLATED)
   u_ctrl/u_aes/state_reg[100]/next_state
                                0.05           0.00 r        -0.05  (VIOLATED)
   u_ctrl/u_aes/state_reg[100]/synch_enable
                                0.05           0.00 r        -0.05  (VIOLATED)
   u_ctrl/u_aes/state_reg[101]/next_state
                                0.05           0.00 r        -0.05  (VIOLATED)
   u_ctrl/u_aes/state_reg[101]/synch_enable
                                0.05           0.00 r        -0.05  (VIOLATED)
   u_ctrl/u_aes/state_reg[102]/next_state
                                0.05           0.00 r        -0.05  (VIOLATED)
   u_ctrl/u_aes/state_reg[102]/synch_enable
                                0.05           0.00 r        -0.05  (VIOLATED)
   u_ctrl/u_aes/state_reg[103]/next_state
                                0.05           0.00 r        -0.05  (VIOLATED)
   u_ctrl/u_aes/state_reg[103]/synch_enable
                                0.05           0.00 r        -0.05  (VIOLATED)
   u_ctrl/u_aes/state_reg[104]/next_state
                                0.05           0.00 r        -0.05  (VIOLATED)
   u_ctrl/u_aes/state_reg[104]/synch_enable
                                0.05           0.00 r        -0.05  (VIOLATED)
   u_ctrl/u_aes/state_reg[105]/next_state
                                0.05           0.00 r        -0.05  (VIOLATED)
   u_ctrl/u_aes/state_reg[105]/synch_enable
                                0.05           0.00 r        -0.05  (VIOLATED)
   u_ctrl/u_aes/state_reg[106]/next_state
                                0.05           0.00 r        -0.05  (VIOLATED)
   u_ctrl/u_aes/state_reg[106]/synch_enable
                                0.05           0.00 r        -0.05  (VIOLATED)
   u_ctrl/u_aes/state_reg[107]/next_state
                                0.05           0.00 r        -0.05  (VIOLATED)
   u_ctrl/u_aes/state_reg[107]/synch_enable
                                0.05           0.00 r        -0.05  (VIOLATED)
   u_ctrl/u_aes/state_reg[108]/next_state
                                0.05           0.00 r        -0.05  (VIOLATED)
   u_ctrl/u_aes/state_reg[108]/synch_enable
                                0.05           0.00 r        -0.05  (VIOLATED)
   u_ctrl/u_aes/state_reg[109]/next_state
                                0.05           0.00 r        -0.05  (VIOLATED)
   u_ctrl/u_aes/state_reg[109]/synch_enable
                                0.05           0.00 r        -0.05  (VIOLATED)
   u_ctrl/u_aes/state_reg[110]/next_state
                                0.05           0.00 r        -0.05  (VIOLATED)
   u_ctrl/u_aes/state_reg[110]/synch_enable
                                0.05           0.00 r        -0.05  (VIOLATED)
   u_ctrl/u_aes/state_reg[111]/next_state
                                0.05           0.00 r        -0.05  (VIOLATED)
   u_ctrl/u_aes/state_reg[111]/synch_enable
                                0.05           0.00 r        -0.05  (VIOLATED)
   u_ctrl/u_aes/state_reg[112]/next_state
                                0.05           0.00 r        -0.05  (VIOLATED)
   u_ctrl/u_aes/state_reg[112]/synch_enable
                                0.05           0.00 r        -0.05  (VIOLATED)
   u_ctrl/u_aes/state_reg[113]/next_state
                                0.05           0.00 r        -0.05  (VIOLATED)
   u_ctrl/u_aes/state_reg[113]/synch_enable
                                0.05           0.00 r        -0.05  (VIOLATED)
   u_ctrl/u_aes/state_reg[114]/next_state
                                0.05           0.00 r        -0.05  (VIOLATED)
   u_ctrl/u_aes/state_reg[114]/synch_enable
                                0.05           0.00 r        -0.05  (VIOLATED)
   u_ctrl/u_aes/state_reg[115]/next_state
                                0.05           0.00 r        -0.05  (VIOLATED)
   u_ctrl/u_aes/state_reg[115]/synch_enable
                                0.05           0.00 r        -0.05  (VIOLATED)
   u_ctrl/u_aes/state_reg[116]/next_state
                                0.05           0.00 r        -0.05  (VIOLATED)
   u_ctrl/u_aes/state_reg[116]/synch_enable
                                0.05           0.00 r        -0.05  (VIOLATED)
   u_ctrl/u_aes/state_reg[117]/next_state
                                0.05           0.00 r        -0.05  (VIOLATED)
   u_ctrl/u_aes/state_reg[117]/synch_enable
                                0.05           0.00 r        -0.05  (VIOLATED)
   u_ctrl/u_aes/state_reg[118]/next_state
                                0.05           0.00 r        -0.05  (VIOLATED)
   u_ctrl/u_aes/state_reg[118]/synch_enable
                                0.05           0.00 r        -0.05  (VIOLATED)
   u_ctrl/u_aes/state_reg[119]/next_state
                                0.05           0.00 r        -0.05  (VIOLATED)
   u_ctrl/u_aes/state_reg[119]/synch_enable
                                0.05           0.00 r        -0.05  (VIOLATED)
   u_ctrl/u_aes/state_reg[120]/next_state
                                0.05           0.00 r        -0.05  (VIOLATED)
   u_ctrl/u_aes/state_reg[120]/synch_enable
                                0.05           0.00 r        -0.05  (VIOLATED)
   u_ctrl/u_aes/state_reg[121]/next_state
                                0.05           0.00 r        -0.05  (VIOLATED)
   u_ctrl/u_aes/state_reg[121]/synch_enable
                                0.05           0.00 r        -0.05  (VIOLATED)
   u_ctrl/u_aes/state_reg[122]/next_state
                                0.05           0.00 r        -0.05  (VIOLATED)
   u_ctrl/u_aes/state_reg[122]/synch_enable
                                0.05           0.00 r        -0.05  (VIOLATED)
   u_ctrl/u_aes/state_reg[123]/next_state
                                0.05           0.00 r        -0.05  (VIOLATED)
   u_ctrl/u_aes/state_reg[123]/synch_enable
                                0.05           0.00 r        -0.05  (VIOLATED)
   u_ctrl/u_aes/state_reg[124]/next_state
                                0.05           0.00 r        -0.05  (VIOLATED)
   u_ctrl/u_aes/state_reg[124]/synch_enable
                                0.05           0.00 r        -0.05  (VIOLATED)
   u_ctrl/u_aes/state_reg[125]/next_state
                                0.05           0.00 r        -0.05  (VIOLATED)
   u_ctrl/u_aes/state_reg[125]/synch_enable
                                0.05           0.00 r        -0.05  (VIOLATED)
   u_ctrl/u_aes/state_reg[126]/next_state
                                0.05           0.00 r        -0.05  (VIOLATED)
   u_ctrl/u_aes/state_reg[126]/synch_enable
                                0.05           0.00 r        -0.05  (VIOLATED)
   u_ctrl/u_aes/state_reg[127]/next_state
                                0.05           0.00 r        -0.05  (VIOLATED)
   u_ctrl/u_aes/state_reg[127]/synch_enable
                                0.05           0.00 r        -0.05  (VIOLATED)
   u_ctrl/u_ct_cdc/ack_ff1_reg/next_state
                                0.05           0.00 r        -0.05  (VIOLATED)
   u_ctrl/u_ct_cdc/ack_ff2_reg/next_state
                                0.05           0.00 r        -0.05  (VIOLATED)
   u_ctrl/u_ct_cdc/req_tog_src_reg/next_state
                                0.05           0.00 r        -0.05  (VIOLATED)
   u_ctrl/u_ct_cdc/req_tog_src_reg/synch_enable
                                0.05           0.00 r        -0.05  (VIOLATED)
   u_ctrl/u_icg_aes/en_lat_reg/data_in
                                0.05           0.00 r        -0.05  (VIOLATED)


   min_delay/hold ('ref_clk' group)

                             Required        Actual
   Endpoint                 Path Delay     Path Delay        Slack
   -----------------------------------------------------------------
   u_mem/u_sram/A[0]            0.19           0.00 f        -0.19  (VIOLATED)
   u_mem/u_sram/A[1]            0.19           0.00 f        -0.19  (VIOLATED)
   u_mem/u_sram/A[2]            0.19           0.00 f        -0.19  (VIOLATED)
   u_mem/u_sram/A[3]            0.19           0.00 f        -0.19  (VIOLATED)
   u_mem/u_sram/A[4]            0.19           0.00 f        -0.19  (VIOLATED)
   u_mem/u_sram/A[5]            0.19           0.00 f        -0.19  (VIOLATED)
   u_mem/u_sram/A[6]            0.19           0.00 f        -0.19  (VIOLATED)
   u_mem/u_sram/A[7]            0.19           0.00 f        -0.19  (VIOLATED)
   u_mem/u_sram/A[8]            0.19           0.00 f        -0.19  (VIOLATED)
   u_mem/u_sram/A[9]            0.19           0.00 f        -0.19  (VIOLATED)
   u_mem/u_sram/I[0]            0.19           0.00 f        -0.19  (VIOLATED)
   u_mem/u_sram/I[1]            0.19           0.00 f        -0.19  (VIOLATED)
   u_mem/u_sram/I[2]            0.19           0.00 f        -0.19  (VIOLATED)
   u_mem/u_sram/I[3]            0.19           0.00 f        -0.19  (VIOLATED)
   u_mem/u_sram/I[4]            0.19           0.00 f        -0.19  (VIOLATED)
   u_mem/u_sram/I[5]            0.19           0.00 f        -0.19  (VIOLATED)
   u_mem/u_sram/I[6]            0.19           0.00 f        -0.19  (VIOLATED)
   u_mem/u_sram/I[7]            0.19           0.00 f        -0.19  (VIOLATED)
   u_ctrl/aes_clk_req_reg/next_state
                                0.05           0.00 r        -0.05  (VIOLATED)
   u_ctrl/aes_clk_req_reg/synch_enable
                                0.05           0.00 r        -0.05  (VIOLATED)
   u_ctrl/aes_done_ff1_reg/next_state
                                0.05           0.00 r        -0.05  (VIOLATED)
   u_ctrl/aes_start_reg/next_state
                                0.05           0.00 r        -0.05  (VIOLATED)
   u_ctrl/aes_start_reg/synch_enable
                                0.05           0.00 r        -0.05  (VIOLATED)
   u_ctrl/allow_send_div2_d_reg/next_state
                                0.05           0.00 r        -0.05  (VIOLATED)
   u_ctrl/byte_idx_reg[0]/next_state
                                0.05           0.00 r        -0.05  (VIOLATED)
   u_ctrl/byte_idx_reg[0]/synch_enable
                                0.05           0.00 r        -0.05  (VIOLATED)
   u_ctrl/byte_idx_reg[1]/next_state
                                0.05           0.00 r        -0.05  (VIOLATED)
   u_ctrl/byte_idx_reg[1]/synch_enable
                                0.05           0.00 r        -0.05  (VIOLATED)
   u_ctrl/byte_idx_reg[2]/next_state
                                0.05           0.00 r        -0.05  (VIOLATED)
   u_ctrl/byte_idx_reg[2]/synch_enable
                                0.05           0.00 r        -0.05  (VIOLATED)
   u_ctrl/byte_idx_reg[3]/next_state
                                0.05           0.00 r        -0.05  (VIOLATED)
   u_ctrl/byte_idx_reg[3]/synch_enable
                                0.05           0.00 r        -0.05  (VIOLATED)
   u_ctrl/byte_idx_reg[4]/next_state
                                0.05           0.00 r        -0.05  (VIOLATED)
   u_ctrl/byte_idx_reg[4]/synch_enable
                                0.05           0.00 r        -0.05  (VIOLATED)
   u_ctrl/crc_byte_reg[0]/synch_enable
                                0.05           0.00 r        -0.05  (VIOLATED)
   u_ctrl/crc_byte_reg[1]/synch_enable
                                0.05           0.00 r        -0.05  (VIOLATED)
   u_ctrl/crc_byte_reg[2]/synch_enable
                                0.05           0.00 r        -0.05  (VIOLATED)
   u_ctrl/crc_byte_reg[3]/synch_enable
                                0.05           0.00 r        -0.05  (VIOLATED)
   u_ctrl/crc_byte_reg[4]/synch_enable
                                0.05           0.00 r        -0.05  (VIOLATED)
   u_ctrl/crc_byte_reg[5]/synch_enable
                                0.05           0.00 r        -0.05  (VIOLATED)
   u_ctrl/crc_byte_reg[6]/synch_enable
                                0.05           0.00 r        -0.05  (VIOLATED)
   u_ctrl/crc_byte_reg[7]/synch_enable
                                0.05           0.00 r        -0.05  (VIOLATED)
   u_ctrl/crc_done_hold_reg/next_state
                                0.05           0.00 r        -0.05  (VIOLATED)
   u_ctrl/crc_done_hold_reg/synch_enable
                                0.05           0.00 r        -0.05  (VIOLATED)
   u_ctrl/crc_dv_reg/next_state
                                0.05           0.00 r        -0.05  (VIOLATED)
   u_ctrl/crc_ff1_reg/next_state
                                0.05           0.00 r        -0.05  (VIOLATED)
   u_ctrl/crc_ff2_reg/next_state
                                0.05           0.00 r        -0.05  (VIOLATED)
   u_ctrl/crc_finish_reg/next_state
                                0.05           0.00 r        -0.05  (VIOLATED)
   u_ctrl/crc_start_reg/next_state
                                0.05           0.00 r        -0.05  (VIOLATED)
   u_ctrl/ct_hold_div2_reg[0]/next_state
                                0.05           0.00 r        -0.05  (VIOLATED)
   u_ctrl/ct_hold_div2_reg[0]/synch_enable
                                0.05           0.00 r        -0.05  (VIOLATED)
   u_ctrl/ct_hold_div2_reg[1]/next_state
                                0.05           0.00 r        -0.05  (VIOLATED)
   u_ctrl/ct_hold_div2_reg[1]/synch_enable
                                0.05           0.00 r        -0.05  (VIOLATED)
   u_ctrl/ct_hold_div2_reg[2]/next_state
                                0.05           0.00 r        -0.05  (VIOLATED)
   u_ctrl/ct_hold_div2_reg[2]/synch_enable
                                0.05           0.00 r        -0.05  (VIOLATED)
   u_ctrl/ct_hold_div2_reg[3]/next_state
                                0.05           0.00 r        -0.05  (VIOLATED)
   u_ctrl/ct_hold_div2_reg[3]/synch_enable
                                0.05           0.00 r        -0.05  (VIOLATED)
   u_ctrl/ct_hold_div2_reg[4]/next_state
                                0.05           0.00 r        -0.05  (VIOLATED)
   u_ctrl/ct_hold_div2_reg[4]/synch_enable
                                0.05           0.00 r        -0.05  (VIOLATED)
   u_ctrl/ct_hold_div2_reg[5]/next_state
                                0.05           0.00 r        -0.05  (VIOLATED)
   u_ctrl/ct_hold_div2_reg[5]/synch_enable
                                0.05           0.00 r        -0.05  (VIOLATED)
   u_ctrl/ct_hold_div2_reg[6]/next_state
                                0.05           0.00 r        -0.05  (VIOLATED)
   u_ctrl/ct_hold_div2_reg[6]/synch_enable
                                0.05           0.00 r        -0.05  (VIOLATED)
   u_ctrl/ct_hold_div2_reg[7]/next_state
                                0.05           0.00 r        -0.05  (VIOLATED)
   u_ctrl/ct_hold_div2_reg[7]/synch_enable
                                0.05           0.00 r        -0.05  (VIOLATED)
   u_ctrl/ct_hold_div2_reg[8]/next_state
                                0.05           0.00 r        -0.05  (VIOLATED)
   u_ctrl/ct_hold_div2_reg[8]/synch_enable
                                0.05           0.00 r        -0.05  (VIOLATED)
   u_ctrl/ct_hold_div2_reg[9]/next_state
                                0.05           0.00 r        -0.05  (VIOLATED)
   u_ctrl/ct_hold_div2_reg[9]/synch_enable
                                0.05           0.00 r        -0.05  (VIOLATED)
   u_ctrl/ct_hold_div2_reg[10]/next_state
                                0.05           0.00 r        -0.05  (VIOLATED)
   u_ctrl/ct_hold_div2_reg[10]/synch_enable
                                0.05           0.00 r        -0.05  (VIOLATED)
   u_ctrl/ct_hold_div2_reg[11]/next_state
                                0.05           0.00 r        -0.05  (VIOLATED)
   u_ctrl/ct_hold_div2_reg[11]/synch_enable
                                0.05           0.00 r        -0.05  (VIOLATED)
   u_ctrl/ct_hold_div2_reg[12]/next_state
                                0.05           0.00 r        -0.05  (VIOLATED)
   u_ctrl/ct_hold_div2_reg[12]/synch_enable
                                0.05           0.00 r        -0.05  (VIOLATED)
   u_ctrl/ct_hold_div2_reg[13]/next_state
                                0.05           0.00 r        -0.05  (VIOLATED)
   u_ctrl/ct_hold_div2_reg[13]/synch_enable
                                0.05           0.00 r        -0.05  (VIOLATED)
   u_ctrl/ct_hold_div2_reg[14]/next_state
                                0.05           0.00 r        -0.05  (VIOLATED)
   u_ctrl/ct_hold_div2_reg[14]/synch_enable
                                0.05           0.00 r        -0.05  (VIOLATED)
   u_ctrl/ct_hold_div2_reg[15]/next_state
                                0.05           0.00 r        -0.05  (VIOLATED)
   u_ctrl/ct_hold_div2_reg[15]/synch_enable
                                0.05           0.00 r        -0.05  (VIOLATED)
   u_ctrl/ct_hold_div2_reg[16]/next_state
                                0.05           0.00 r        -0.05  (VIOLATED)
   u_ctrl/ct_hold_div2_reg[16]/synch_enable
                                0.05           0.00 r        -0.05  (VIOLATED)
   u_ctrl/ct_hold_div2_reg[17]/next_state
                                0.05           0.00 r        -0.05  (VIOLATED)
   u_ctrl/ct_hold_div2_reg[17]/synch_enable
                                0.05           0.00 r        -0.05  (VIOLATED)
   u_ctrl/ct_hold_div2_reg[18]/next_state
                                0.05           0.00 r        -0.05  (VIOLATED)
   u_ctrl/ct_hold_div2_reg[18]/synch_enable
                                0.05           0.00 r        -0.05  (VIOLATED)
   u_ctrl/ct_hold_div2_reg[19]/next_state
                                0.05           0.00 r        -0.05  (VIOLATED)
   u_ctrl/ct_hold_div2_reg[19]/synch_enable
                                0.05           0.00 r        -0.05  (VIOLATED)
   u_ctrl/ct_hold_div2_reg[20]/next_state
                                0.05           0.00 r        -0.05  (VIOLATED)
   u_ctrl/ct_hold_div2_reg[20]/synch_enable
                                0.05           0.00 r        -0.05  (VIOLATED)
   u_ctrl/ct_hold_div2_reg[21]/next_state
                                0.05           0.00 r        -0.05  (VIOLATED)
   u_ctrl/ct_hold_div2_reg[21]/synch_enable
                                0.05           0.00 r        -0.05  (VIOLATED)
   u_ctrl/ct_hold_div2_reg[22]/next_state
                                0.05           0.00 r        -0.05  (VIOLATED)
   u_ctrl/ct_hold_div2_reg[22]/synch_enable
                                0.05           0.00 r        -0.05  (VIOLATED)
   u_ctrl/ct_hold_div2_reg[23]/next_state
                                0.05           0.00 r        -0.05  (VIOLATED)
   u_ctrl/ct_hold_div2_reg[23]/synch_enable
                                0.05           0.00 r        -0.05  (VIOLATED)
   u_ctrl/ct_hold_div2_reg[24]/next_state
                                0.05           0.00 r        -0.05  (VIOLATED)
   u_ctrl/ct_hold_div2_reg[24]/synch_enable
                                0.05           0.00 r        -0.05  (VIOLATED)
   u_ctrl/ct_hold_div2_reg[25]/next_state
                                0.05           0.00 r        -0.05  (VIOLATED)
   u_ctrl/ct_hold_div2_reg[25]/synch_enable
                                0.05           0.00 r        -0.05  (VIOLATED)
   u_ctrl/ct_hold_div2_reg[26]/next_state
                                0.05           0.00 r        -0.05  (VIOLATED)
   u_ctrl/ct_hold_div2_reg[26]/synch_enable
                                0.05           0.00 r        -0.05  (VIOLATED)
   u_ctrl/ct_hold_div2_reg[27]/next_state
                                0.05           0.00 r        -0.05  (VIOLATED)
   u_ctrl/ct_hold_div2_reg[27]/synch_enable
                                0.05           0.00 r        -0.05  (VIOLATED)
   u_ctrl/ct_hold_div2_reg[28]/next_state
                                0.05           0.00 r        -0.05  (VIOLATED)
   u_ctrl/ct_hold_div2_reg[28]/synch_enable
                                0.05           0.00 r        -0.05  (VIOLATED)
   u_ctrl/ct_hold_div2_reg[29]/next_state
                                0.05           0.00 r        -0.05  (VIOLATED)
   u_ctrl/ct_hold_div2_reg[29]/synch_enable
                                0.05           0.00 r        -0.05  (VIOLATED)
   u_ctrl/ct_hold_div2_reg[30]/next_state
                                0.05           0.00 r        -0.05  (VIOLATED)
   u_ctrl/ct_hold_div2_reg[30]/synch_enable
                                0.05           0.00 r        -0.05  (VIOLATED)
   u_ctrl/ct_hold_div2_reg[31]/next_state
                                0.05           0.00 r        -0.05  (VIOLATED)
   u_ctrl/ct_hold_div2_reg[31]/synch_enable
                                0.05           0.00 r        -0.05  (VIOLATED)
   u_ctrl/ct_hold_div2_reg[32]/next_state
                                0.05           0.00 r        -0.05  (VIOLATED)
   u_ctrl/ct_hold_div2_reg[32]/synch_enable
                                0.05           0.00 r        -0.05  (VIOLATED)
   u_ctrl/ct_hold_div2_reg[33]/next_state
                                0.05           0.00 r        -0.05  (VIOLATED)
   u_ctrl/ct_hold_div2_reg[33]/synch_enable
                                0.05           0.00 r        -0.05  (VIOLATED)
   u_ctrl/ct_hold_div2_reg[34]/next_state
                                0.05           0.00 r        -0.05  (VIOLATED)
   u_ctrl/ct_hold_div2_reg[34]/synch_enable
                                0.05           0.00 r        -0.05  (VIOLATED)
   u_ctrl/ct_hold_div2_reg[35]/next_state
                                0.05           0.00 r        -0.05  (VIOLATED)
   u_ctrl/ct_hold_div2_reg[35]/synch_enable
                                0.05           0.00 r        -0.05  (VIOLATED)
   u_ctrl/ct_hold_div2_reg[36]/next_state
                                0.05           0.00 r        -0.05  (VIOLATED)
   u_ctrl/ct_hold_div2_reg[36]/synch_enable
                                0.05           0.00 r        -0.05  (VIOLATED)
   u_ctrl/ct_hold_div2_reg[37]/next_state
                                0.05           0.00 r        -0.05  (VIOLATED)
   u_ctrl/ct_hold_div2_reg[37]/synch_enable
                                0.05           0.00 r        -0.05  (VIOLATED)
   u_ctrl/ct_hold_div2_reg[38]/next_state
                                0.05           0.00 r        -0.05  (VIOLATED)
   u_ctrl/ct_hold_div2_reg[38]/synch_enable
                                0.05           0.00 r        -0.05  (VIOLATED)
   u_ctrl/ct_hold_div2_reg[39]/next_state
                                0.05           0.00 r        -0.05  (VIOLATED)
   u_ctrl/ct_hold_div2_reg[39]/synch_enable
                                0.05           0.00 r        -0.05  (VIOLATED)
   u_ctrl/ct_hold_div2_reg[40]/next_state
                                0.05           0.00 r        -0.05  (VIOLATED)
   u_ctrl/ct_hold_div2_reg[40]/synch_enable
                                0.05           0.00 r        -0.05  (VIOLATED)
   u_ctrl/ct_hold_div2_reg[41]/next_state
                                0.05           0.00 r        -0.05  (VIOLATED)
   u_ctrl/ct_hold_div2_reg[41]/synch_enable
                                0.05           0.00 r        -0.05  (VIOLATED)
   u_ctrl/ct_hold_div2_reg[42]/next_state
                                0.05           0.00 r        -0.05  (VIOLATED)
   u_ctrl/ct_hold_div2_reg[42]/synch_enable
                                0.05           0.00 r        -0.05  (VIOLATED)
   u_ctrl/ct_hold_div2_reg[43]/next_state
                                0.05           0.00 r        -0.05  (VIOLATED)
   u_ctrl/ct_hold_div2_reg[43]/synch_enable
                                0.05           0.00 r        -0.05  (VIOLATED)
   u_ctrl/ct_hold_div2_reg[44]/next_state
                                0.05           0.00 r        -0.05  (VIOLATED)
   u_ctrl/ct_hold_div2_reg[44]/synch_enable
                                0.05           0.00 r        -0.05  (VIOLATED)
   u_ctrl/ct_hold_div2_reg[45]/next_state
                                0.05           0.00 r        -0.05  (VIOLATED)
   u_ctrl/ct_hold_div2_reg[45]/synch_enable
                                0.05           0.00 r        -0.05  (VIOLATED)
   u_ctrl/ct_hold_div2_reg[46]/next_state
                                0.05           0.00 r        -0.05  (VIOLATED)
   u_ctrl/ct_hold_div2_reg[46]/synch_enable
                                0.05           0.00 r        -0.05  (VIOLATED)
   u_ctrl/ct_hold_div2_reg[47]/next_state
                                0.05           0.00 r        -0.05  (VIOLATED)
   u_ctrl/ct_hold_div2_reg[47]/synch_enable
                                0.05           0.00 r        -0.05  (VIOLATED)
   u_ctrl/ct_hold_div2_reg[48]/next_state
                                0.05           0.00 r        -0.05  (VIOLATED)
   u_ctrl/ct_hold_div2_reg[48]/synch_enable
                                0.05           0.00 r        -0.05  (VIOLATED)
   u_ctrl/ct_hold_div2_reg[49]/next_state
                                0.05           0.00 r        -0.05  (VIOLATED)
   u_ctrl/ct_hold_div2_reg[49]/synch_enable
                                0.05           0.00 r        -0.05  (VIOLATED)
   u_ctrl/ct_hold_div2_reg[50]/next_state
                                0.05           0.00 r        -0.05  (VIOLATED)
   u_ctrl/ct_hold_div2_reg[50]/synch_enable
                                0.05           0.00 r        -0.05  (VIOLATED)
   u_ctrl/ct_hold_div2_reg[51]/next_state
                                0.05           0.00 r        -0.05  (VIOLATED)
   u_ctrl/ct_hold_div2_reg[51]/synch_enable
                                0.05           0.00 r        -0.05  (VIOLATED)
   u_ctrl/ct_hold_div2_reg[52]/next_state
                                0.05           0.00 r        -0.05  (VIOLATED)
   u_ctrl/ct_hold_div2_reg[52]/synch_enable
                                0.05           0.00 r        -0.05  (VIOLATED)
   u_ctrl/ct_hold_div2_reg[53]/next_state
                                0.05           0.00 r        -0.05  (VIOLATED)
   u_ctrl/ct_hold_div2_reg[53]/synch_enable
                                0.05           0.00 r        -0.05  (VIOLATED)
   u_ctrl/ct_hold_div2_reg[54]/next_state
                                0.05           0.00 r        -0.05  (VIOLATED)
   u_ctrl/ct_hold_div2_reg[54]/synch_enable
                                0.05           0.00 r        -0.05  (VIOLATED)
   u_ctrl/ct_hold_div2_reg[55]/next_state
                                0.05           0.00 r        -0.05  (VIOLATED)
   u_ctrl/ct_hold_div2_reg[55]/synch_enable
                                0.05           0.00 r        -0.05  (VIOLATED)
   u_ctrl/ct_hold_div2_reg[56]/next_state
                                0.05           0.00 r        -0.05  (VIOLATED)
   u_ctrl/ct_hold_div2_reg[56]/synch_enable
                                0.05           0.00 r        -0.05  (VIOLATED)
   u_ctrl/ct_hold_div2_reg[57]/next_state
                                0.05           0.00 r        -0.05  (VIOLATED)
   u_ctrl/ct_hold_div2_reg[57]/synch_enable
                                0.05           0.00 r        -0.05  (VIOLATED)
   u_ctrl/ct_hold_div2_reg[58]/next_state
                                0.05           0.00 r        -0.05  (VIOLATED)
   u_ctrl/ct_hold_div2_reg[58]/synch_enable
                                0.05           0.00 r        -0.05  (VIOLATED)
   u_ctrl/ct_hold_div2_reg[59]/next_state
                                0.05           0.00 r        -0.05  (VIOLATED)
   u_ctrl/ct_hold_div2_reg[59]/synch_enable
                                0.05           0.00 r        -0.05  (VIOLATED)
   u_ctrl/ct_hold_div2_reg[60]/next_state
                                0.05           0.00 r        -0.05  (VIOLATED)
   u_ctrl/ct_hold_div2_reg[60]/synch_enable
                                0.05           0.00 r        -0.05  (VIOLATED)
   u_ctrl/ct_hold_div2_reg[61]/next_state
                                0.05           0.00 r        -0.05  (VIOLATED)
   u_ctrl/ct_hold_div2_reg[61]/synch_enable
                                0.05           0.00 r        -0.05  (VIOLATED)
   u_ctrl/ct_hold_div2_reg[62]/next_state
                                0.05           0.00 r        -0.05  (VIOLATED)
   u_ctrl/ct_hold_div2_reg[62]/synch_enable
                                0.05           0.00 r        -0.05  (VIOLATED)
   u_ctrl/ct_hold_div2_reg[63]/next_state
                                0.05           0.00 r        -0.05  (VIOLATED)
   u_ctrl/ct_hold_div2_reg[63]/synch_enable
                                0.05           0.00 r        -0.05  (VIOLATED)
   u_ctrl/ct_hold_div2_reg[64]/next_state
                                0.05           0.00 r        -0.05  (VIOLATED)
   u_ctrl/ct_hold_div2_reg[64]/synch_enable
                                0.05           0.00 r        -0.05  (VIOLATED)
   u_ctrl/ct_hold_div2_reg[65]/next_state
                                0.05           0.00 r        -0.05  (VIOLATED)
   u_ctrl/ct_hold_div2_reg[65]/synch_enable
                                0.05           0.00 r        -0.05  (VIOLATED)
   u_ctrl/ct_hold_div2_reg[66]/next_state
                                0.05           0.00 r        -0.05  (VIOLATED)
   u_ctrl/ct_hold_div2_reg[66]/synch_enable
                                0.05           0.00 r        -0.05  (VIOLATED)
   u_ctrl/ct_hold_div2_reg[67]/next_state
                                0.05           0.00 r        -0.05  (VIOLATED)
   u_ctrl/ct_hold_div2_reg[67]/synch_enable
                                0.05           0.00 r        -0.05  (VIOLATED)
   u_ctrl/ct_hold_div2_reg[68]/next_state
                                0.05           0.00 r        -0.05  (VIOLATED)
   u_ctrl/ct_hold_div2_reg[68]/synch_enable
                                0.05           0.00 r        -0.05  (VIOLATED)
   u_ctrl/ct_hold_div2_reg[69]/next_state
                                0.05           0.00 r        -0.05  (VIOLATED)
   u_ctrl/ct_hold_div2_reg[69]/synch_enable
                                0.05           0.00 r        -0.05  (VIOLATED)
   u_ctrl/ct_hold_div2_reg[70]/next_state
                                0.05           0.00 r        -0.05  (VIOLATED)
   u_ctrl/ct_hold_div2_reg[70]/synch_enable
                                0.05           0.00 r        -0.05  (VIOLATED)
   u_ctrl/ct_hold_div2_reg[71]/next_state
                                0.05           0.00 r        -0.05  (VIOLATED)
   u_ctrl/ct_hold_div2_reg[71]/synch_enable
                                0.05           0.00 r        -0.05  (VIOLATED)
   u_ctrl/ct_hold_div2_reg[72]/next_state
                                0.05           0.00 r        -0.05  (VIOLATED)
   u_ctrl/ct_hold_div2_reg[72]/synch_enable
                                0.05           0.00 r        -0.05  (VIOLATED)
   u_ctrl/ct_hold_div2_reg[73]/next_state
                                0.05           0.00 r        -0.05  (VIOLATED)
   u_ctrl/ct_hold_div2_reg[73]/synch_enable
                                0.05           0.00 r        -0.05  (VIOLATED)
   u_ctrl/ct_hold_div2_reg[74]/next_state
                                0.05           0.00 r        -0.05  (VIOLATED)
   u_ctrl/ct_hold_div2_reg[74]/synch_enable
                                0.05           0.00 r        -0.05  (VIOLATED)
   u_ctrl/ct_hold_div2_reg[75]/next_state
                                0.05           0.00 r        -0.05  (VIOLATED)
   u_ctrl/ct_hold_div2_reg[75]/synch_enable
                                0.05           0.00 r        -0.05  (VIOLATED)
   u_ctrl/ct_hold_div2_reg[76]/next_state
                                0.05           0.00 r        -0.05  (VIOLATED)
   u_ctrl/ct_hold_div2_reg[76]/synch_enable
                                0.05           0.00 r        -0.05  (VIOLATED)
   u_ctrl/ct_hold_div2_reg[77]/next_state
                                0.05           0.00 r        -0.05  (VIOLATED)
   u_ctrl/ct_hold_div2_reg[77]/synch_enable
                                0.05           0.00 r        -0.05  (VIOLATED)
   u_ctrl/ct_hold_div2_reg[78]/next_state
                                0.05           0.00 r        -0.05  (VIOLATED)
   u_ctrl/ct_hold_div2_reg[78]/synch_enable
                                0.05           0.00 r        -0.05  (VIOLATED)
   u_ctrl/ct_hold_div2_reg[79]/next_state
                                0.05           0.00 r        -0.05  (VIOLATED)
   u_ctrl/ct_hold_div2_reg[79]/synch_enable
                                0.05           0.00 r        -0.05  (VIOLATED)
   u_ctrl/ct_hold_div2_reg[80]/next_state
                                0.05           0.00 r        -0.05  (VIOLATED)
   u_ctrl/ct_hold_div2_reg[80]/synch_enable
                                0.05           0.00 r        -0.05  (VIOLATED)
   u_ctrl/ct_hold_div2_reg[81]/next_state
                                0.05           0.00 r        -0.05  (VIOLATED)
   u_ctrl/ct_hold_div2_reg[81]/synch_enable
                                0.05           0.00 r        -0.05  (VIOLATED)
   u_ctrl/ct_hold_div2_reg[82]/next_state
                                0.05           0.00 r        -0.05  (VIOLATED)
   u_ctrl/ct_hold_div2_reg[82]/synch_enable
                                0.05           0.00 r        -0.05  (VIOLATED)
   u_ctrl/ct_hold_div2_reg[83]/next_state
                                0.05           0.00 r        -0.05  (VIOLATED)
   u_ctrl/ct_hold_div2_reg[83]/synch_enable
                                0.05           0.00 r        -0.05  (VIOLATED)
   u_ctrl/ct_hold_div2_reg[84]/next_state
                                0.05           0.00 r        -0.05  (VIOLATED)
   u_ctrl/ct_hold_div2_reg[84]/synch_enable
                                0.05           0.00 r        -0.05  (VIOLATED)
   u_ctrl/ct_hold_div2_reg[85]/next_state
                                0.05           0.00 r        -0.05  (VIOLATED)
   u_ctrl/ct_hold_div2_reg[85]/synch_enable
                                0.05           0.00 r        -0.05  (VIOLATED)
   u_ctrl/ct_hold_div2_reg[86]/next_state
                                0.05           0.00 r        -0.05  (VIOLATED)
   u_ctrl/ct_hold_div2_reg[86]/synch_enable
                                0.05           0.00 r        -0.05  (VIOLATED)
   u_ctrl/ct_hold_div2_reg[87]/next_state
                                0.05           0.00 r        -0.05  (VIOLATED)
   u_ctrl/ct_hold_div2_reg[87]/synch_enable
                                0.05           0.00 r        -0.05  (VIOLATED)
   u_ctrl/ct_hold_div2_reg[88]/next_state
                                0.05           0.00 r        -0.05  (VIOLATED)
   u_ctrl/ct_hold_div2_reg[88]/synch_enable
                                0.05           0.00 r        -0.05  (VIOLATED)
   u_ctrl/ct_hold_div2_reg[89]/next_state
                                0.05           0.00 r        -0.05  (VIOLATED)
   u_ctrl/ct_hold_div2_reg[89]/synch_enable
                                0.05           0.00 r        -0.05  (VIOLATED)
   u_ctrl/ct_hold_div2_reg[90]/next_state
                                0.05           0.00 r        -0.05  (VIOLATED)
   u_ctrl/ct_hold_div2_reg[90]/synch_enable
                                0.05           0.00 r        -0.05  (VIOLATED)
   u_ctrl/ct_hold_div2_reg[91]/next_state
                                0.05           0.00 r        -0.05  (VIOLATED)
   u_ctrl/ct_hold_div2_reg[91]/synch_enable
                                0.05           0.00 r        -0.05  (VIOLATED)
   u_ctrl/ct_hold_div2_reg[92]/next_state
                                0.05           0.00 r        -0.05  (VIOLATED)
   u_ctrl/ct_hold_div2_reg[92]/synch_enable
                                0.05           0.00 r        -0.05  (VIOLATED)
   u_ctrl/ct_hold_div2_reg[93]/next_state
                                0.05           0.00 r        -0.05  (VIOLATED)
   u_ctrl/ct_hold_div2_reg[93]/synch_enable
                                0.05           0.00 r        -0.05  (VIOLATED)
   u_ctrl/ct_hold_div2_reg[94]/next_state
                                0.05           0.00 r        -0.05  (VIOLATED)
   u_ctrl/ct_hold_div2_reg[94]/synch_enable
                                0.05           0.00 r        -0.05  (VIOLATED)
   u_ctrl/ct_hold_div2_reg[95]/next_state
                                0.05           0.00 r        -0.05  (VIOLATED)
   u_ctrl/ct_hold_div2_reg[95]/synch_enable
                                0.05           0.00 r        -0.05  (VIOLATED)
   u_ctrl/ct_hold_div2_reg[96]/next_state
                                0.05           0.00 r        -0.05  (VIOLATED)
   u_ctrl/ct_hold_div2_reg[96]/synch_enable
                                0.05           0.00 r        -0.05  (VIOLATED)
   u_ctrl/ct_hold_div2_reg[97]/next_state
                                0.05           0.00 r        -0.05  (VIOLATED)
   u_ctrl/ct_hold_div2_reg[97]/synch_enable
                                0.05           0.00 r        -0.05  (VIOLATED)
   u_ctrl/ct_hold_div2_reg[98]/next_state
                                0.05           0.00 r        -0.05  (VIOLATED)
   u_ctrl/ct_hold_div2_reg[98]/synch_enable
                                0.05           0.00 r        -0.05  (VIOLATED)
   u_ctrl/ct_hold_div2_reg[99]/next_state
                                0.05           0.00 r        -0.05  (VIOLATED)
   u_ctrl/ct_hold_div2_reg[99]/synch_enable
                                0.05           0.00 r        -0.05  (VIOLATED)
   u_ctrl/ct_hold_div2_reg[100]/next_state
                                0.05           0.00 r        -0.05  (VIOLATED)
   u_ctrl/ct_hold_div2_reg[100]/synch_enable
                                0.05           0.00 r        -0.05  (VIOLATED)
   u_ctrl/ct_hold_div2_reg[101]/next_state
                                0.05           0.00 r        -0.05  (VIOLATED)
   u_ctrl/ct_hold_div2_reg[101]/synch_enable
                                0.05           0.00 r        -0.05  (VIOLATED)
   u_ctrl/ct_hold_div2_reg[102]/next_state
                                0.05           0.00 r        -0.05  (VIOLATED)
   u_ctrl/ct_hold_div2_reg[102]/synch_enable
                                0.05           0.00 r        -0.05  (VIOLATED)
   u_ctrl/ct_hold_div2_reg[103]/next_state
                                0.05           0.00 r        -0.05  (VIOLATED)
   u_ctrl/ct_hold_div2_reg[103]/synch_enable
                                0.05           0.00 r        -0.05  (VIOLATED)
   u_ctrl/ct_hold_div2_reg[104]/next_state
                                0.05           0.00 r        -0.05  (VIOLATED)
   u_ctrl/ct_hold_div2_reg[104]/synch_enable
                                0.05           0.00 r        -0.05  (VIOLATED)
   u_ctrl/ct_hold_div2_reg[105]/next_state
                                0.05           0.00 r        -0.05  (VIOLATED)
   u_ctrl/ct_hold_div2_reg[105]/synch_enable
                                0.05           0.00 r        -0.05  (VIOLATED)
   u_ctrl/ct_hold_div2_reg[106]/next_state
                                0.05           0.00 r        -0.05  (VIOLATED)
   u_ctrl/ct_hold_div2_reg[106]/synch_enable
                                0.05           0.00 r        -0.05  (VIOLATED)
   u_ctrl/ct_hold_div2_reg[107]/next_state
                                0.05           0.00 r        -0.05  (VIOLATED)
   u_ctrl/ct_hold_div2_reg[107]/synch_enable
                                0.05           0.00 r        -0.05  (VIOLATED)
   u_ctrl/ct_hold_div2_reg[108]/next_state
                                0.05           0.00 r        -0.05  (VIOLATED)
   u_ctrl/ct_hold_div2_reg[108]/synch_enable
                                0.05           0.00 r        -0.05  (VIOLATED)
   u_ctrl/ct_hold_div2_reg[109]/next_state
                                0.05           0.00 r        -0.05  (VIOLATED)
   u_ctrl/ct_hold_div2_reg[109]/synch_enable
                                0.05           0.00 r        -0.05  (VIOLATED)
   u_ctrl/ct_hold_div2_reg[110]/next_state
                                0.05           0.00 r        -0.05  (VIOLATED)
   u_ctrl/ct_hold_div2_reg[110]/synch_enable
                                0.05           0.00 r        -0.05  (VIOLATED)
   u_ctrl/ct_hold_div2_reg[111]/next_state
                                0.05           0.00 r        -0.05  (VIOLATED)
   u_ctrl/ct_hold_div2_reg[111]/synch_enable
                                0.05           0.00 r        -0.05  (VIOLATED)
   u_ctrl/ct_hold_div2_reg[112]/next_state
                                0.05           0.00 r        -0.05  (VIOLATED)
   u_ctrl/ct_hold_div2_reg[112]/synch_enable
                                0.05           0.00 r        -0.05  (VIOLATED)
   u_ctrl/ct_hold_div2_reg[113]/next_state
                                0.05           0.00 r        -0.05  (VIOLATED)
   u_ctrl/ct_hold_div2_reg[113]/synch_enable
                                0.05           0.00 r        -0.05  (VIOLATED)
   u_ctrl/ct_hold_div2_reg[114]/next_state
                                0.05           0.00 r        -0.05  (VIOLATED)
   u_ctrl/ct_hold_div2_reg[114]/synch_enable
                                0.05           0.00 r        -0.05  (VIOLATED)
   u_ctrl/ct_hold_div2_reg[115]/next_state
                                0.05           0.00 r        -0.05  (VIOLATED)
   u_ctrl/ct_hold_div2_reg[115]/synch_enable
                                0.05           0.00 r        -0.05  (VIOLATED)
   u_ctrl/ct_hold_div2_reg[116]/next_state
                                0.05           0.00 r        -0.05  (VIOLATED)
   u_ctrl/ct_hold_div2_reg[116]/synch_enable
                                0.05           0.00 r        -0.05  (VIOLATED)
   u_ctrl/ct_hold_div2_reg[117]/next_state
                                0.05           0.00 r        -0.05  (VIOLATED)
   u_ctrl/ct_hold_div2_reg[117]/synch_enable
                                0.05           0.00 r        -0.05  (VIOLATED)
   u_ctrl/ct_hold_div2_reg[118]/next_state
                                0.05           0.00 r        -0.05  (VIOLATED)
   u_ctrl/ct_hold_div2_reg[118]/synch_enable
                                0.05           0.00 r        -0.05  (VIOLATED)
   u_ctrl/ct_hold_div2_reg[119]/next_state
                                0.05           0.00 r        -0.05  (VIOLATED)
   u_ctrl/ct_hold_div2_reg[119]/synch_enable
                                0.05           0.00 r        -0.05  (VIOLATED)
   u_ctrl/ct_hold_div2_reg[120]/next_state
                                0.05           0.00 r        -0.05  (VIOLATED)
   u_ctrl/ct_hold_div2_reg[120]/synch_enable
                                0.05           0.00 r        -0.05  (VIOLATED)
   u_ctrl/ct_hold_div2_reg[121]/next_state
                                0.05           0.00 r        -0.05  (VIOLATED)
   u_ctrl/ct_hold_div2_reg[121]/synch_enable
                                0.05           0.00 r        -0.05  (VIOLATED)
   u_ctrl/ct_hold_div2_reg[122]/next_state
                                0.05           0.00 r        -0.05  (VIOLATED)
   u_ctrl/ct_hold_div2_reg[122]/synch_enable
                                0.05           0.00 r        -0.05  (VIOLATED)
   u_ctrl/ct_hold_div2_reg[123]/next_state
                                0.05           0.00 r        -0.05  (VIOLATED)
   u_ctrl/ct_hold_div2_reg[123]/synch_enable
                                0.05           0.00 r        -0.05  (VIOLATED)
   u_ctrl/ct_hold_div2_reg[124]/next_state
                                0.05           0.00 r        -0.05  (VIOLATED)
   u_ctrl/ct_hold_div2_reg[124]/synch_enable
                                0.05           0.00 r        -0.05  (VIOLATED)
   u_ctrl/ct_hold_div2_reg[125]/next_state
                                0.05           0.00 r        -0.05  (VIOLATED)
   u_ctrl/ct_hold_div2_reg[125]/synch_enable
                                0.05           0.00 r        -0.05  (VIOLATED)
   u_ctrl/ct_hold_div2_reg[126]/next_state
                                0.05           0.00 r        -0.05  (VIOLATED)
   u_ctrl/ct_hold_div2_reg[126]/synch_enable
                                0.05           0.00 r        -0.05  (VIOLATED)
   u_ctrl/ct_hold_div2_reg[127]/next_state
                                0.05           0.00 r        -0.05  (VIOLATED)
   u_ctrl/ct_hold_div2_reg[127]/synch_enable
                                0.05           0.00 r        -0.05  (VIOLATED)
   u_ctrl/ct_hold_fast_reg[0]/next_state
                                0.05           0.00 r        -0.05  (VIOLATED)
   u_ctrl/ct_hold_fast_reg[0]/synch_enable
                                0.05           0.00 r        -0.05  (VIOLATED)
   u_ctrl/ct_hold_fast_reg[1]/next_state
                                0.05           0.00 r        -0.05  (VIOLATED)
   u_ctrl/ct_hold_fast_reg[1]/synch_enable
                                0.05           0.00 r        -0.05  (VIOLATED)
   u_ctrl/ct_hold_fast_reg[2]/next_state
                                0.05           0.00 r        -0.05  (VIOLATED)
   u_ctrl/ct_hold_fast_reg[2]/synch_enable
                                0.05           0.00 r        -0.05  (VIOLATED)
   u_ctrl/ct_hold_fast_reg[3]/next_state
                                0.05           0.00 r        -0.05  (VIOLATED)
   u_ctrl/ct_hold_fast_reg[3]/synch_enable
                                0.05           0.00 r        -0.05  (VIOLATED)
   u_ctrl/ct_hold_fast_reg[4]/next_state
                                0.05           0.00 r        -0.05  (VIOLATED)
   u_ctrl/ct_hold_fast_reg[4]/synch_enable
                                0.05           0.00 r        -0.05  (VIOLATED)
   u_ctrl/ct_hold_fast_reg[5]/next_state
                                0.05           0.00 r        -0.05  (VIOLATED)
   u_ctrl/ct_hold_fast_reg[5]/synch_enable
                                0.05           0.00 r        -0.05  (VIOLATED)
   u_ctrl/ct_hold_fast_reg[6]/next_state
                                0.05           0.00 r        -0.05  (VIOLATED)
   u_ctrl/ct_hold_fast_reg[6]/synch_enable
                                0.05           0.00 r        -0.05  (VIOLATED)
   u_ctrl/ct_hold_fast_reg[7]/next_state
                                0.05           0.00 r        -0.05  (VIOLATED)
   u_ctrl/ct_hold_fast_reg[7]/synch_enable
                                0.05           0.00 r        -0.05  (VIOLATED)
   u_ctrl/ct_hold_fast_reg[8]/next_state
                                0.05           0.00 r        -0.05  (VIOLATED)
   u_ctrl/ct_hold_fast_reg[8]/synch_enable
                                0.05           0.00 r        -0.05  (VIOLATED)
   u_ctrl/ct_hold_fast_reg[9]/next_state
                                0.05           0.00 r        -0.05  (VIOLATED)
   u_ctrl/ct_hold_fast_reg[9]/synch_enable
                                0.05           0.00 r        -0.05  (VIOLATED)
   u_ctrl/ct_hold_fast_reg[10]/next_state
                                0.05           0.00 r        -0.05  (VIOLATED)
   u_ctrl/ct_hold_fast_reg[10]/synch_enable
                                0.05           0.00 r        -0.05  (VIOLATED)
   u_ctrl/ct_hold_fast_reg[11]/next_state
                                0.05           0.00 r        -0.05  (VIOLATED)
   u_ctrl/ct_hold_fast_reg[11]/synch_enable
                                0.05           0.00 r        -0.05  (VIOLATED)
   u_ctrl/ct_hold_fast_reg[12]/next_state
                                0.05           0.00 r        -0.05  (VIOLATED)
   u_ctrl/ct_hold_fast_reg[12]/synch_enable
                                0.05           0.00 r        -0.05  (VIOLATED)
   u_ctrl/ct_hold_fast_reg[13]/next_state
                                0.05           0.00 r        -0.05  (VIOLATED)
   u_ctrl/ct_hold_fast_reg[13]/synch_enable
                                0.05           0.00 r        -0.05  (VIOLATED)
   u_ctrl/ct_hold_fast_reg[14]/next_state
                                0.05           0.00 r        -0.05  (VIOLATED)
   u_ctrl/ct_hold_fast_reg[14]/synch_enable
                                0.05           0.00 r        -0.05  (VIOLATED)
   u_ctrl/ct_hold_fast_reg[15]/next_state
                                0.05           0.00 r        -0.05  (VIOLATED)
   u_ctrl/ct_hold_fast_reg[15]/synch_enable
                                0.05           0.00 r        -0.05  (VIOLATED)
   u_ctrl/ct_hold_fast_reg[16]/next_state
                                0.05           0.00 r        -0.05  (VIOLATED)
   u_ctrl/ct_hold_fast_reg[16]/synch_enable
                                0.05           0.00 r        -0.05  (VIOLATED)
   u_ctrl/ct_hold_fast_reg[17]/next_state
                                0.05           0.00 r        -0.05  (VIOLATED)
   u_ctrl/ct_hold_fast_reg[17]/synch_enable
                                0.05           0.00 r        -0.05  (VIOLATED)
   u_ctrl/ct_hold_fast_reg[18]/next_state
                                0.05           0.00 r        -0.05  (VIOLATED)
   u_ctrl/ct_hold_fast_reg[18]/synch_enable
                                0.05           0.00 r        -0.05  (VIOLATED)
   u_ctrl/ct_hold_fast_reg[19]/next_state
                                0.05           0.00 r        -0.05  (VIOLATED)
   u_ctrl/ct_hold_fast_reg[19]/synch_enable
                                0.05           0.00 r        -0.05  (VIOLATED)
   u_ctrl/ct_hold_fast_reg[20]/next_state
                                0.05           0.00 r        -0.05  (VIOLATED)
   u_ctrl/ct_hold_fast_reg[20]/synch_enable
                                0.05           0.00 r        -0.05  (VIOLATED)
   u_ctrl/ct_hold_fast_reg[21]/next_state
                                0.05           0.00 r        -0.05  (VIOLATED)
   u_ctrl/ct_hold_fast_reg[21]/synch_enable
                                0.05           0.00 r        -0.05  (VIOLATED)
   u_ctrl/ct_hold_fast_reg[22]/next_state
                                0.05           0.00 r        -0.05  (VIOLATED)
   u_ctrl/ct_hold_fast_reg[22]/synch_enable
                                0.05           0.00 r        -0.05  (VIOLATED)
   u_ctrl/ct_hold_fast_reg[23]/next_state
                                0.05           0.00 r        -0.05  (VIOLATED)
   u_ctrl/ct_hold_fast_reg[23]/synch_enable
                                0.05           0.00 r        -0.05  (VIOLATED)
   u_ctrl/ct_hold_fast_reg[24]/next_state
                                0.05           0.00 r        -0.05  (VIOLATED)
   u_ctrl/ct_hold_fast_reg[24]/synch_enable
                                0.05           0.00 r        -0.05  (VIOLATED)
   u_ctrl/ct_hold_fast_reg[25]/next_state
                                0.05           0.00 r        -0.05  (VIOLATED)
   u_ctrl/ct_hold_fast_reg[25]/synch_enable
                                0.05           0.00 r        -0.05  (VIOLATED)
   u_ctrl/ct_hold_fast_reg[26]/next_state
                                0.05           0.00 r        -0.05  (VIOLATED)
   u_ctrl/ct_hold_fast_reg[26]/synch_enable
                                0.05           0.00 r        -0.05  (VIOLATED)
   u_ctrl/ct_hold_fast_reg[27]/next_state
                                0.05           0.00 r        -0.05  (VIOLATED)
   u_ctrl/ct_hold_fast_reg[27]/synch_enable
                                0.05           0.00 r        -0.05  (VIOLATED)
   u_ctrl/ct_hold_fast_reg[28]/next_state
                                0.05           0.00 r        -0.05  (VIOLATED)
   u_ctrl/ct_hold_fast_reg[28]/synch_enable
                                0.05           0.00 r        -0.05  (VIOLATED)
   u_ctrl/ct_hold_fast_reg[29]/next_state
                                0.05           0.00 r        -0.05  (VIOLATED)
   u_ctrl/ct_hold_fast_reg[29]/synch_enable
                                0.05           0.00 r        -0.05  (VIOLATED)
   u_ctrl/ct_hold_fast_reg[30]/next_state
                                0.05           0.00 r        -0.05  (VIOLATED)
   u_ctrl/ct_hold_fast_reg[30]/synch_enable
                                0.05           0.00 r        -0.05  (VIOLATED)
   u_ctrl/ct_hold_fast_reg[31]/next_state
                                0.05           0.00 r        -0.05  (VIOLATED)
   u_ctrl/ct_hold_fast_reg[31]/synch_enable
                                0.05           0.00 r        -0.05  (VIOLATED)
   u_ctrl/ct_hold_fast_reg[32]/next_state
                                0.05           0.00 r        -0.05  (VIOLATED)
   u_ctrl/ct_hold_fast_reg[32]/synch_enable
                                0.05           0.00 r        -0.05  (VIOLATED)
   u_ctrl/ct_hold_fast_reg[33]/next_state
                                0.05           0.00 r        -0.05  (VIOLATED)
   u_ctrl/ct_hold_fast_reg[33]/synch_enable
                                0.05           0.00 r        -0.05  (VIOLATED)
   u_ctrl/ct_hold_fast_reg[34]/next_state
                                0.05           0.00 r        -0.05  (VIOLATED)
   u_ctrl/ct_hold_fast_reg[34]/synch_enable
                                0.05           0.00 r        -0.05  (VIOLATED)
   u_ctrl/ct_hold_fast_reg[35]/next_state
                                0.05           0.00 r        -0.05  (VIOLATED)
   u_ctrl/ct_hold_fast_reg[35]/synch_enable
                                0.05           0.00 r        -0.05  (VIOLATED)
   u_ctrl/ct_hold_fast_reg[36]/next_state
                                0.05           0.00 r        -0.05  (VIOLATED)
   u_ctrl/ct_hold_fast_reg[36]/synch_enable
                                0.05           0.00 r        -0.05  (VIOLATED)
   u_ctrl/ct_hold_fast_reg[37]/next_state
                                0.05           0.00 r        -0.05  (VIOLATED)
   u_ctrl/ct_hold_fast_reg[37]/synch_enable
                                0.05           0.00 r        -0.05  (VIOLATED)
   u_ctrl/ct_hold_fast_reg[38]/next_state
                                0.05           0.00 r        -0.05  (VIOLATED)
   u_ctrl/ct_hold_fast_reg[38]/synch_enable
                                0.05           0.00 r        -0.05  (VIOLATED)
   u_ctrl/ct_hold_fast_reg[39]/next_state
                                0.05           0.00 r        -0.05  (VIOLATED)
   u_ctrl/ct_hold_fast_reg[39]/synch_enable
                                0.05           0.00 r        -0.05  (VIOLATED)
   u_ctrl/ct_hold_fast_reg[40]/next_state
                                0.05           0.00 r        -0.05  (VIOLATED)
   u_ctrl/ct_hold_fast_reg[40]/synch_enable
                                0.05           0.00 r        -0.05  (VIOLATED)
   u_ctrl/ct_hold_fast_reg[41]/next_state
                                0.05           0.00 r        -0.05  (VIOLATED)
   u_ctrl/ct_hold_fast_reg[41]/synch_enable
                                0.05           0.00 r        -0.05  (VIOLATED)
   u_ctrl/ct_hold_fast_reg[42]/next_state
                                0.05           0.00 r        -0.05  (VIOLATED)
   u_ctrl/ct_hold_fast_reg[42]/synch_enable
                                0.05           0.00 r        -0.05  (VIOLATED)
   u_ctrl/ct_hold_fast_reg[43]/next_state
                                0.05           0.00 r        -0.05  (VIOLATED)
   u_ctrl/ct_hold_fast_reg[43]/synch_enable
                                0.05           0.00 r        -0.05  (VIOLATED)
   u_ctrl/ct_hold_fast_reg[44]/next_state
                                0.05           0.00 r        -0.05  (VIOLATED)
   u_ctrl/ct_hold_fast_reg[44]/synch_enable
                                0.05           0.00 r        -0.05  (VIOLATED)
   u_ctrl/ct_hold_fast_reg[45]/next_state
                                0.05           0.00 r        -0.05  (VIOLATED)
   u_ctrl/ct_hold_fast_reg[45]/synch_enable
                                0.05           0.00 r        -0.05  (VIOLATED)
   u_ctrl/ct_hold_fast_reg[46]/next_state
                                0.05           0.00 r        -0.05  (VIOLATED)
   u_ctrl/ct_hold_fast_reg[46]/synch_enable
                                0.05           0.00 r        -0.05  (VIOLATED)
   u_ctrl/ct_hold_fast_reg[47]/next_state
                                0.05           0.00 r        -0.05  (VIOLATED)
   u_ctrl/ct_hold_fast_reg[47]/synch_enable
                                0.05           0.00 r        -0.05  (VIOLATED)
   u_ctrl/ct_hold_fast_reg[48]/next_state
                                0.05           0.00 r        -0.05  (VIOLATED)
   u_ctrl/ct_hold_fast_reg[48]/synch_enable
                                0.05           0.00 r        -0.05  (VIOLATED)
   u_ctrl/ct_hold_fast_reg[49]/next_state
                                0.05           0.00 r        -0.05  (VIOLATED)
   u_ctrl/ct_hold_fast_reg[49]/synch_enable
                                0.05           0.00 r        -0.05  (VIOLATED)
   u_ctrl/ct_hold_fast_reg[50]/next_state
                                0.05           0.00 r        -0.05  (VIOLATED)
   u_ctrl/ct_hold_fast_reg[50]/synch_enable
                                0.05           0.00 r        -0.05  (VIOLATED)
   u_ctrl/ct_hold_fast_reg[51]/next_state
                                0.05           0.00 r        -0.05  (VIOLATED)
   u_ctrl/ct_hold_fast_reg[51]/synch_enable
                                0.05           0.00 r        -0.05  (VIOLATED)
   u_ctrl/ct_hold_fast_reg[52]/next_state
                                0.05           0.00 r        -0.05  (VIOLATED)
   u_ctrl/ct_hold_fast_reg[52]/synch_enable
                                0.05           0.00 r        -0.05  (VIOLATED)
   u_ctrl/ct_hold_fast_reg[53]/next_state
                                0.05           0.00 r        -0.05  (VIOLATED)
   u_ctrl/ct_hold_fast_reg[53]/synch_enable
                                0.05           0.00 r        -0.05  (VIOLATED)
   u_ctrl/ct_hold_fast_reg[54]/next_state
                                0.05           0.00 r        -0.05  (VIOLATED)
   u_ctrl/ct_hold_fast_reg[54]/synch_enable
                                0.05           0.00 r        -0.05  (VIOLATED)
   u_ctrl/ct_hold_fast_reg[55]/next_state
                                0.05           0.00 r        -0.05  (VIOLATED)
   u_ctrl/ct_hold_fast_reg[55]/synch_enable
                                0.05           0.00 r        -0.05  (VIOLATED)
   u_ctrl/ct_hold_fast_reg[56]/next_state
                                0.05           0.00 r        -0.05  (VIOLATED)
   u_ctrl/ct_hold_fast_reg[56]/synch_enable
                                0.05           0.00 r        -0.05  (VIOLATED)
   u_ctrl/ct_hold_fast_reg[57]/next_state
                                0.05           0.00 r        -0.05  (VIOLATED)
   u_ctrl/ct_hold_fast_reg[57]/synch_enable
                                0.05           0.00 r        -0.05  (VIOLATED)
   u_ctrl/ct_hold_fast_reg[58]/next_state
                                0.05           0.00 r        -0.05  (VIOLATED)
   u_ctrl/ct_hold_fast_reg[58]/synch_enable
                                0.05           0.00 r        -0.05  (VIOLATED)
   u_ctrl/ct_hold_fast_reg[59]/next_state
                                0.05           0.00 r        -0.05  (VIOLATED)
   u_ctrl/ct_hold_fast_reg[59]/synch_enable
                                0.05           0.00 r        -0.05  (VIOLATED)
   u_ctrl/ct_hold_fast_reg[60]/next_state
                                0.05           0.00 r        -0.05  (VIOLATED)
   u_ctrl/ct_hold_fast_reg[60]/synch_enable
                                0.05           0.00 r        -0.05  (VIOLATED)
   u_ctrl/ct_hold_fast_reg[61]/next_state
                                0.05           0.00 r        -0.05  (VIOLATED)
   u_ctrl/ct_hold_fast_reg[61]/synch_enable
                                0.05           0.00 r        -0.05  (VIOLATED)
   u_ctrl/ct_hold_fast_reg[62]/next_state
                                0.05           0.00 r        -0.05  (VIOLATED)
   u_ctrl/ct_hold_fast_reg[62]/synch_enable
                                0.05           0.00 r        -0.05  (VIOLATED)
   u_ctrl/ct_hold_fast_reg[63]/next_state
                                0.05           0.00 r        -0.05  (VIOLATED)
   u_ctrl/ct_hold_fast_reg[63]/synch_enable
                                0.05           0.00 r        -0.05  (VIOLATED)
   u_ctrl/ct_hold_fast_reg[64]/next_state
                                0.05           0.00 r        -0.05  (VIOLATED)
   u_ctrl/ct_hold_fast_reg[64]/synch_enable
                                0.05           0.00 r        -0.05  (VIOLATED)
   u_ctrl/ct_hold_fast_reg[65]/next_state
                                0.05           0.00 r        -0.05  (VIOLATED)
   u_ctrl/ct_hold_fast_reg[65]/synch_enable
                                0.05           0.00 r        -0.05  (VIOLATED)
   u_ctrl/ct_hold_fast_reg[66]/next_state
                                0.05           0.00 r        -0.05  (VIOLATED)
   u_ctrl/ct_hold_fast_reg[66]/synch_enable
                                0.05           0.00 r        -0.05  (VIOLATED)
   u_ctrl/ct_hold_fast_reg[67]/next_state
                                0.05           0.00 r        -0.05  (VIOLATED)
   u_ctrl/ct_hold_fast_reg[67]/synch_enable
                                0.05           0.00 r        -0.05  (VIOLATED)
   u_ctrl/ct_hold_fast_reg[68]/next_state
                                0.05           0.00 r        -0.05  (VIOLATED)
   u_ctrl/ct_hold_fast_reg[68]/synch_enable
                                0.05           0.00 r        -0.05  (VIOLATED)
   u_ctrl/ct_hold_fast_reg[69]/next_state
                                0.05           0.00 r        -0.05  (VIOLATED)
   u_ctrl/ct_hold_fast_reg[69]/synch_enable
                                0.05           0.00 r        -0.05  (VIOLATED)
   u_ctrl/ct_hold_fast_reg[70]/next_state
                                0.05           0.00 r        -0.05  (VIOLATED)
   u_ctrl/ct_hold_fast_reg[70]/synch_enable
                                0.05           0.00 r        -0.05  (VIOLATED)
   u_ctrl/ct_hold_fast_reg[71]/next_state
                                0.05           0.00 r        -0.05  (VIOLATED)
   u_ctrl/ct_hold_fast_reg[71]/synch_enable
                                0.05           0.00 r        -0.05  (VIOLATED)
   u_ctrl/ct_hold_fast_reg[72]/next_state
                                0.05           0.00 r        -0.05  (VIOLATED)
   u_ctrl/ct_hold_fast_reg[72]/synch_enable
                                0.05           0.00 r        -0.05  (VIOLATED)
   u_ctrl/ct_hold_fast_reg[73]/next_state
                                0.05           0.00 r        -0.05  (VIOLATED)
   u_ctrl/ct_hold_fast_reg[73]/synch_enable
                                0.05           0.00 r        -0.05  (VIOLATED)
   u_ctrl/ct_hold_fast_reg[74]/next_state
                                0.05           0.00 r        -0.05  (VIOLATED)
   u_ctrl/ct_hold_fast_reg[74]/synch_enable
                                0.05           0.00 r        -0.05  (VIOLATED)
   u_ctrl/ct_hold_fast_reg[75]/next_state
                                0.05           0.00 r        -0.05  (VIOLATED)
   u_ctrl/ct_hold_fast_reg[75]/synch_enable
                                0.05           0.00 r        -0.05  (VIOLATED)
   u_ctrl/ct_hold_fast_reg[76]/next_state
                                0.05           0.00 r        -0.05  (VIOLATED)
   u_ctrl/ct_hold_fast_reg[76]/synch_enable
                                0.05           0.00 r        -0.05  (VIOLATED)
   u_ctrl/ct_hold_fast_reg[77]/next_state
                                0.05           0.00 r        -0.05  (VIOLATED)
   u_ctrl/ct_hold_fast_reg[77]/synch_enable
                                0.05           0.00 r        -0.05  (VIOLATED)
   u_ctrl/ct_hold_fast_reg[78]/next_state
                                0.05           0.00 r        -0.05  (VIOLATED)
   u_ctrl/ct_hold_fast_reg[78]/synch_enable
                                0.05           0.00 r        -0.05  (VIOLATED)
   u_ctrl/ct_hold_fast_reg[79]/next_state
                                0.05           0.00 r        -0.05  (VIOLATED)
   u_ctrl/ct_hold_fast_reg[79]/synch_enable
                                0.05           0.00 r        -0.05  (VIOLATED)
   u_ctrl/ct_hold_fast_reg[80]/next_state
                                0.05           0.00 r        -0.05  (VIOLATED)
   u_ctrl/ct_hold_fast_reg[80]/synch_enable
                                0.05           0.00 r        -0.05  (VIOLATED)
   u_ctrl/ct_hold_fast_reg[81]/next_state
                                0.05           0.00 r        -0.05  (VIOLATED)
   u_ctrl/ct_hold_fast_reg[81]/synch_enable
                                0.05           0.00 r        -0.05  (VIOLATED)
   u_ctrl/ct_hold_fast_reg[82]/next_state
                                0.05           0.00 r        -0.05  (VIOLATED)
   u_ctrl/ct_hold_fast_reg[82]/synch_enable
                                0.05           0.00 r        -0.05  (VIOLATED)
   u_ctrl/ct_hold_fast_reg[83]/next_state
                                0.05           0.00 r        -0.05  (VIOLATED)
   u_ctrl/ct_hold_fast_reg[83]/synch_enable
                                0.05           0.00 r        -0.05  (VIOLATED)
   u_ctrl/ct_hold_fast_reg[84]/next_state
                                0.05           0.00 r        -0.05  (VIOLATED)
   u_ctrl/ct_hold_fast_reg[84]/synch_enable
                                0.05           0.00 r        -0.05  (VIOLATED)
   u_ctrl/ct_hold_fast_reg[85]/next_state
                                0.05           0.00 r        -0.05  (VIOLATED)
   u_ctrl/ct_hold_fast_reg[85]/synch_enable
                                0.05           0.00 r        -0.05  (VIOLATED)
   u_ctrl/ct_hold_fast_reg[86]/next_state
                                0.05           0.00 r        -0.05  (VIOLATED)
   u_ctrl/ct_hold_fast_reg[86]/synch_enable
                                0.05           0.00 r        -0.05  (VIOLATED)
   u_ctrl/ct_hold_fast_reg[87]/next_state
                                0.05           0.00 r        -0.05  (VIOLATED)
   u_ctrl/ct_hold_fast_reg[87]/synch_enable
                                0.05           0.00 r        -0.05  (VIOLATED)
   u_ctrl/ct_hold_fast_reg[88]/next_state
                                0.05           0.00 r        -0.05  (VIOLATED)
   u_ctrl/ct_hold_fast_reg[88]/synch_enable
                                0.05           0.00 r        -0.05  (VIOLATED)
   u_ctrl/ct_hold_fast_reg[89]/next_state
                                0.05           0.00 r        -0.05  (VIOLATED)
   u_ctrl/ct_hold_fast_reg[89]/synch_enable
                                0.05           0.00 r        -0.05  (VIOLATED)
   u_ctrl/ct_hold_fast_reg[90]/next_state
                                0.05           0.00 r        -0.05  (VIOLATED)
   u_ctrl/ct_hold_fast_reg[90]/synch_enable
                                0.05           0.00 r        -0.05  (VIOLATED)
   u_ctrl/ct_hold_fast_reg[91]/next_state
                                0.05           0.00 r        -0.05  (VIOLATED)
   u_ctrl/ct_hold_fast_reg[91]/synch_enable
                                0.05           0.00 r        -0.05  (VIOLATED)
   u_ctrl/ct_hold_fast_reg[92]/next_state
                                0.05           0.00 r        -0.05  (VIOLATED)
   u_ctrl/ct_hold_fast_reg[92]/synch_enable
                                0.05           0.00 r        -0.05  (VIOLATED)
   u_ctrl/ct_hold_fast_reg[93]/next_state
                                0.05           0.00 r        -0.05  (VIOLATED)
   u_ctrl/ct_hold_fast_reg[93]/synch_enable
                                0.05           0.00 r        -0.05  (VIOLATED)
   u_ctrl/ct_hold_fast_reg[94]/next_state
                                0.05           0.00 r        -0.05  (VIOLATED)
   u_ctrl/ct_hold_fast_reg[94]/synch_enable
                                0.05           0.00 r        -0.05  (VIOLATED)
   u_ctrl/ct_hold_fast_reg[95]/next_state
                                0.05           0.00 r        -0.05  (VIOLATED)
   u_ctrl/ct_hold_fast_reg[95]/synch_enable
                                0.05           0.00 r        -0.05  (VIOLATED)
   u_ctrl/ct_hold_fast_reg[96]/next_state
                                0.05           0.00 r        -0.05  (VIOLATED)
   u_ctrl/ct_hold_fast_reg[96]/synch_enable
                                0.05           0.00 r        -0.05  (VIOLATED)
   u_ctrl/ct_hold_fast_reg[97]/next_state
                                0.05           0.00 r        -0.05  (VIOLATED)
   u_ctrl/ct_hold_fast_reg[97]/synch_enable
                                0.05           0.00 r        -0.05  (VIOLATED)
   u_ctrl/ct_hold_fast_reg[98]/next_state
                                0.05           0.00 r        -0.05  (VIOLATED)
   u_ctrl/ct_hold_fast_reg[98]/synch_enable
                                0.05           0.00 r        -0.05  (VIOLATED)
   u_ctrl/ct_hold_fast_reg[99]/next_state
                                0.05           0.00 r        -0.05  (VIOLATED)
   u_ctrl/ct_hold_fast_reg[99]/synch_enable
                                0.05           0.00 r        -0.05  (VIOLATED)
   u_ctrl/ct_hold_fast_reg[100]/next_state
                                0.05           0.00 r        -0.05  (VIOLATED)
   u_ctrl/ct_hold_fast_reg[100]/synch_enable
                                0.05           0.00 r        -0.05  (VIOLATED)
   u_ctrl/ct_hold_fast_reg[101]/next_state
                                0.05           0.00 r        -0.05  (VIOLATED)
   u_ctrl/ct_hold_fast_reg[101]/synch_enable
                                0.05           0.00 r        -0.05  (VIOLATED)
   u_ctrl/ct_hold_fast_reg[102]/next_state
                                0.05           0.00 r        -0.05  (VIOLATED)
   u_ctrl/ct_hold_fast_reg[102]/synch_enable
                                0.05           0.00 r        -0.05  (VIOLATED)
   u_ctrl/ct_hold_fast_reg[103]/next_state
                                0.05           0.00 r        -0.05  (VIOLATED)
   u_ctrl/ct_hold_fast_reg[103]/synch_enable
                                0.05           0.00 r        -0.05  (VIOLATED)
   u_ctrl/ct_hold_fast_reg[104]/next_state
                                0.05           0.00 r        -0.05  (VIOLATED)
   u_ctrl/ct_hold_fast_reg[104]/synch_enable
                                0.05           0.00 r        -0.05  (VIOLATED)
   u_ctrl/ct_hold_fast_reg[105]/next_state
                                0.05           0.00 r        -0.05  (VIOLATED)
   u_ctrl/ct_hold_fast_reg[105]/synch_enable
                                0.05           0.00 r        -0.05  (VIOLATED)
   u_ctrl/ct_hold_fast_reg[106]/next_state
                                0.05           0.00 r        -0.05  (VIOLATED)
   u_ctrl/ct_hold_fast_reg[106]/synch_enable
                                0.05           0.00 r        -0.05  (VIOLATED)
   u_ctrl/ct_hold_fast_reg[107]/next_state
                                0.05           0.00 r        -0.05  (VIOLATED)
   u_ctrl/ct_hold_fast_reg[107]/synch_enable
                                0.05           0.00 r        -0.05  (VIOLATED)
   u_ctrl/ct_hold_fast_reg[108]/next_state
                                0.05           0.00 r        -0.05  (VIOLATED)
   u_ctrl/ct_hold_fast_reg[108]/synch_enable
                                0.05           0.00 r        -0.05  (VIOLATED)
   u_ctrl/ct_hold_fast_reg[109]/next_state
                                0.05           0.00 r        -0.05  (VIOLATED)
   u_ctrl/ct_hold_fast_reg[109]/synch_enable
                                0.05           0.00 r        -0.05  (VIOLATED)
   u_ctrl/ct_hold_fast_reg[110]/next_state
                                0.05           0.00 r        -0.05  (VIOLATED)
   u_ctrl/ct_hold_fast_reg[110]/synch_enable
                                0.05           0.00 r        -0.05  (VIOLATED)
   u_ctrl/ct_hold_fast_reg[111]/next_state
                                0.05           0.00 r        -0.05  (VIOLATED)
   u_ctrl/ct_hold_fast_reg[111]/synch_enable
                                0.05           0.00 r        -0.05  (VIOLATED)
   u_ctrl/ct_hold_fast_reg[112]/next_state
                                0.05           0.00 r        -0.05  (VIOLATED)
   u_ctrl/ct_hold_fast_reg[112]/synch_enable
                                0.05           0.00 r        -0.05  (VIOLATED)
   u_ctrl/ct_hold_fast_reg[113]/next_state
                                0.05           0.00 r        -0.05  (VIOLATED)
   u_ctrl/ct_hold_fast_reg[113]/synch_enable
                                0.05           0.00 r        -0.05  (VIOLATED)
   u_ctrl/ct_hold_fast_reg[114]/next_state
                                0.05           0.00 r        -0.05  (VIOLATED)
   u_ctrl/ct_hold_fast_reg[114]/synch_enable
                                0.05           0.00 r        -0.05  (VIOLATED)
   u_ctrl/ct_hold_fast_reg[115]/next_state
                                0.05           0.00 r        -0.05  (VIOLATED)
   u_ctrl/ct_hold_fast_reg[115]/synch_enable
                                0.05           0.00 r        -0.05  (VIOLATED)
   u_ctrl/ct_hold_fast_reg[116]/next_state
                                0.05           0.00 r        -0.05  (VIOLATED)
   u_ctrl/ct_hold_fast_reg[116]/synch_enable
                                0.05           0.00 r        -0.05  (VIOLATED)
   u_ctrl/ct_hold_fast_reg[117]/next_state
                                0.05           0.00 r        -0.05  (VIOLATED)
   u_ctrl/ct_hold_fast_reg[117]/synch_enable
                                0.05           0.00 r        -0.05  (VIOLATED)
   u_ctrl/ct_hold_fast_reg[118]/next_state
                                0.05           0.00 r        -0.05  (VIOLATED)
   u_ctrl/ct_hold_fast_reg[118]/synch_enable
                                0.05           0.00 r        -0.05  (VIOLATED)
   u_ctrl/ct_hold_fast_reg[119]/next_state
                                0.05           0.00 r        -0.05  (VIOLATED)
   u_ctrl/ct_hold_fast_reg[119]/synch_enable
                                0.05           0.00 r        -0.05  (VIOLATED)
   u_ctrl/ct_hold_fast_reg[120]/next_state
                                0.05           0.00 r        -0.05  (VIOLATED)
   u_ctrl/ct_hold_fast_reg[120]/synch_enable
                                0.05           0.00 r        -0.05  (VIOLATED)
   u_ctrl/ct_hold_fast_reg[121]/next_state
                                0.05           0.00 r        -0.05  (VIOLATED)
   u_ctrl/ct_hold_fast_reg[121]/synch_enable
                                0.05           0.00 r        -0.05  (VIOLATED)
   u_ctrl/ct_hold_fast_reg[122]/next_state
                                0.05           0.00 r        -0.05  (VIOLATED)
   u_ctrl/ct_hold_fast_reg[122]/synch_enable
                                0.05           0.00 r        -0.05  (VIOLATED)
   u_ctrl/ct_hold_fast_reg[123]/next_state
                                0.05           0.00 r        -0.05  (VIOLATED)
   u_ctrl/ct_hold_fast_reg[123]/synch_enable
                                0.05           0.00 r        -0.05  (VIOLATED)
   u_ctrl/ct_hold_fast_reg[124]/next_state
                                0.05           0.00 r        -0.05  (VIOLATED)
   u_ctrl/ct_hold_fast_reg[124]/synch_enable
                                0.05           0.00 r        -0.05  (VIOLATED)
   u_ctrl/ct_hold_fast_reg[125]/next_state
                                0.05           0.00 r        -0.05  (VIOLATED)
   u_ctrl/ct_hold_fast_reg[125]/synch_enable
                                0.05           0.00 r        -0.05  (VIOLATED)
   u_ctrl/ct_hold_fast_reg[126]/next_state
                                0.05           0.00 r        -0.05  (VIOLATED)
   u_ctrl/ct_hold_fast_reg[126]/synch_enable
                                0.05           0.00 r        -0.05  (VIOLATED)
   u_ctrl/ct_hold_fast_reg[127]/next_state
                                0.05           0.00 r        -0.05  (VIOLATED)
   u_ctrl/ct_hold_fast_reg[127]/synch_enable
                                0.05           0.00 r        -0.05  (VIOLATED)
   u_ctrl/ct_ok_reg/next_state
                                0.05           0.00 r        -0.05  (VIOLATED)
   u_ctrl/ct_ok_reg/synch_enable
                                0.05           0.00 r        -0.05  (VIOLATED)
   u_ctrl/ct_req_pulse_fast_reg/next_state
                                0.05           0.00 r        -0.05  (VIOLATED)
   u_ctrl/done_reg/next_state
                                0.05           0.00 r        -0.05  (VIOLATED)
   u_ctrl/done_reg/synch_enable
                                0.05           0.00 r        -0.05  (VIOLATED)
   u_ctrl/fail_ff1_reg/next_state
                                0.05           0.00 r        -0.05  (VIOLATED)
   u_ctrl/fail_ff2_reg/next_state
                                0.05           0.00 r        -0.05  (VIOLATED)
   u_ctrl/fail_reg/next_state
                                0.05           0.00 r        -0.05  (VIOLATED)
   u_ctrl/fail_reg/synch_enable
                                0.05           0.00 r        -0.05  (VIOLATED)
   u_ctrl/mem_addr_reg[0]/next_state
                                0.05           0.00 r        -0.05  (VIOLATED)
   u_ctrl/mem_addr_reg[0]/synch_enable
                                0.05           0.00 r        -0.05  (VIOLATED)
   u_ctrl/mem_addr_reg[1]/next_state
                                0.05           0.00 r        -0.05  (VIOLATED)
   u_ctrl/mem_addr_reg[1]/synch_enable
                                0.05           0.00 r        -0.05  (VIOLATED)
   u_ctrl/mem_addr_reg[2]/next_state
                                0.05           0.00 r        -0.05  (VIOLATED)
   u_ctrl/mem_addr_reg[2]/synch_enable
                                0.05           0.00 r        -0.05  (VIOLATED)
   u_ctrl/mem_addr_reg[3]/next_state
                                0.05           0.00 r        -0.05  (VIOLATED)
   u_ctrl/mem_addr_reg[3]/synch_enable
                                0.05           0.00 r        -0.05  (VIOLATED)
   u_ctrl/mem_addr_reg[4]/next_state
                                0.05           0.00 r        -0.05  (VIOLATED)
   u_ctrl/mem_addr_reg[4]/synch_enable
                                0.05           0.00 r        -0.05  (VIOLATED)
   u_ctrl/mem_addr_reg[5]/synch_enable
                                0.05           0.00 r        -0.05  (VIOLATED)
   u_ctrl/mem_addr_reg[6]/synch_enable
                                0.05           0.00 r        -0.05  (VIOLATED)
   u_ctrl/mem_addr_reg[7]/synch_enable
                                0.05           0.00 r        -0.05  (VIOLATED)
   u_ctrl/mem_addr_reg[8]/synch_enable
                                0.05           0.00 r        -0.05  (VIOLATED)
   u_ctrl/mem_addr_reg[9]/synch_enable
                                0.05           0.00 r        -0.05  (VIOLATED)
   u_ctrl/mem_cs_reg/next_state
                                0.05           0.00 r        -0.05  (VIOLATED)
   u_ctrl/mem_cs_reg/synch_enable
                                0.05           0.00 r        -0.05  (VIOLATED)
   u_ctrl/mem_oe_reg/next_state
                                0.05           0.00 r        -0.05  (VIOLATED)
   u_ctrl/mem_oe_reg/synch_enable
                                0.05           0.00 r        -0.05  (VIOLATED)
   u_ctrl/mem_wdata_reg[0]/next_state
                                0.05           0.00 r        -0.05  (VIOLATED)
   u_ctrl/mem_wdata_reg[0]/synch_enable
                                0.05           0.00 r        -0.05  (VIOLATED)
   u_ctrl/mem_wdata_reg[1]/next_state
                                0.05           0.00 r        -0.05  (VIOLATED)
   u_ctrl/mem_wdata_reg[1]/synch_enable
                                0.05           0.00 r        -0.05  (VIOLATED)
   u_ctrl/mem_wdata_reg[2]/next_state
                                0.05           0.00 r        -0.05  (VIOLATED)
   u_ctrl/mem_wdata_reg[2]/synch_enable
                                0.05           0.00 r        -0.05  (VIOLATED)
   u_ctrl/mem_wdata_reg[3]/next_state
                                0.05           0.00 r        -0.05  (VIOLATED)
   u_ctrl/mem_wdata_reg[3]/synch_enable
                                0.05           0.00 r        -0.05  (VIOLATED)
   u_ctrl/mem_wdata_reg[4]/next_state
                                0.05           0.00 r        -0.05  (VIOLATED)
   u_ctrl/mem_wdata_reg[4]/synch_enable
                                0.05           0.00 r        -0.05  (VIOLATED)
   u_ctrl/mem_wdata_reg[5]/next_state
                                0.05           0.00 r        -0.05  (VIOLATED)
   u_ctrl/mem_wdata_reg[5]/synch_enable
                                0.05           0.00 r        -0.05  (VIOLATED)
   u_ctrl/mem_wdata_reg[6]/next_state
                                0.05           0.00 r        -0.05  (VIOLATED)
   u_ctrl/mem_wdata_reg[6]/synch_enable
                                0.05           0.00 r        -0.05  (VIOLATED)
   u_ctrl/mem_wdata_reg[7]/next_state
                                0.05           0.00 r        -0.05  (VIOLATED)
   u_ctrl/mem_wdata_reg[7]/synch_enable
                                0.05           0.00 r        -0.05  (VIOLATED)
   u_ctrl/mem_we_reg/next_state
                                0.05           0.00 r        -0.05  (VIOLATED)
   u_ctrl/mem_we_reg/synch_enable
                                0.05           0.00 r        -0.05  (VIOLATED)
   u_ctrl/pass_reg/next_state
                                0.05           0.00 r        -0.05  (VIOLATED)
   u_ctrl/pass_reg/synch_enable
                                0.05           0.00 r        -0.05  (VIOLATED)
   u_ctrl/send_go_div2_reg/next_state
                                0.05           0.00 r        -0.05  (VIOLATED)
   u_ctrl/sst_reg[0]/next_state
                                0.05           0.00 r        -0.05  (VIOLATED)
   u_ctrl/sst_reg[0]/synch_enable
                                0.05           0.00 r        -0.05  (VIOLATED)
   u_ctrl/sst_reg[1]/next_state
                                0.05           0.00 r        -0.05  (VIOLATED)
   u_ctrl/sst_reg[1]/synch_enable
                                0.05           0.00 r        -0.05  (VIOLATED)
   u_ctrl/sst_reg[2]/next_state
                                0.05           0.00 r        -0.05  (VIOLATED)
   u_ctrl/sst_reg[2]/synch_enable
                                0.05           0.00 r        -0.05  (VIOLATED)
   u_ctrl/start_seen_reg/next_state
                                0.05           0.00 r        -0.05  (VIOLATED)
   u_ctrl/start_seen_reg/synch_enable
                                0.05           0.00 r        -0.05  (VIOLATED)
   u_ctrl/start_uart_cmd_reg/next_state
                                0.05           0.00 r        -0.05  (VIOLATED)
   u_ctrl/start_uart_cmd_reg/synch_enable
                                0.05           0.00 r        -0.05  (VIOLATED)
   u_ctrl/stream_ready_div2_reg/next_state
                                0.05           0.00 r        -0.05  (VIOLATED)
   u_ctrl/stream_ready_div2_reg/synch_enable
                                0.05           0.00 r        -0.05  (VIOLATED)
   u_ctrl/stream_sent_div2_reg/next_state
                                0.05           0.00 r        -0.05  (VIOLATED)
   u_ctrl/stream_sent_div2_reg/synch_enable
                                0.05           0.00 r        -0.05  (VIOLATED)
   u_ctrl/su_ff1_reg/next_state
                                0.05           0.00 r        -0.05  (VIOLATED)
   u_ctrl/su_ff2_reg/next_state
                                0.05           0.00 r        -0.05  (VIOLATED)
   u_ctrl/tx_active_div4_reg/next_state
                                0.05           0.00 r        -0.05  (VIOLATED)
   u_ctrl/tx_active_div4_reg/synch_enable
                                0.05           0.00 r        -0.05  (VIOLATED)
   u_ctrl/tx_all_started_div4_reg/next_state
                                0.05           0.00 r        -0.05  (VIOLATED)
   u_ctrl/tx_all_started_div4_reg/synch_enable
                                0.05           0.00 r        -0.05  (VIOLATED)
   u_ctrl/tx_buf_data_reg[0]/next_state
                                0.05           0.00 r        -0.05  (VIOLATED)
   u_ctrl/tx_buf_data_reg[0]/synch_enable
                                0.05           0.00 r        -0.05  (VIOLATED)
   u_ctrl/tx_buf_data_reg[1]/next_state
                                0.05           0.00 r        -0.05  (VIOLATED)
   u_ctrl/tx_buf_data_reg[1]/synch_enable
                                0.05           0.00 r        -0.05  (VIOLATED)
   u_ctrl/tx_buf_data_reg[2]/next_state
                                0.05           0.00 r        -0.05  (VIOLATED)
   u_ctrl/tx_buf_data_reg[2]/synch_enable
                                0.05           0.00 r        -0.05  (VIOLATED)
   u_ctrl/tx_buf_data_reg[3]/next_state
                                0.05           0.00 r        -0.05  (VIOLATED)
   u_ctrl/tx_buf_data_reg[3]/synch_enable
                                0.05           0.00 r        -0.05  (VIOLATED)
   u_ctrl/tx_buf_data_reg[4]/next_state
                                0.05           0.00 r        -0.05  (VIOLATED)
   u_ctrl/tx_buf_data_reg[4]/synch_enable
                                0.05           0.00 r        -0.05  (VIOLATED)
   u_ctrl/tx_buf_data_reg[5]/next_state
                                0.05           0.00 r        -0.05  (VIOLATED)
   u_ctrl/tx_buf_data_reg[5]/synch_enable
                                0.05           0.00 r        -0.05  (VIOLATED)
   u_ctrl/tx_buf_data_reg[6]/next_state
                                0.05           0.00 r        -0.05  (VIOLATED)
   u_ctrl/tx_buf_data_reg[6]/synch_enable
                                0.05           0.00 r        -0.05  (VIOLATED)
   u_ctrl/tx_buf_data_reg[7]/next_state
                                0.05           0.00 r        -0.05  (VIOLATED)
   u_ctrl/tx_buf_data_reg[7]/synch_enable
                                0.05           0.00 r        -0.05  (VIOLATED)
   u_ctrl/tx_buf_valid_reg/next_state
                                0.05           0.00 r        -0.05  (VIOLATED)
   u_ctrl/tx_buf_valid_reg/synch_enable
                                0.05           0.00 r        -0.05  (VIOLATED)
   u_ctrl/tx_busy_d_reg/next_state
                                0.05           0.00 r        -0.05  (VIOLATED)
   u_ctrl/tx_byte_div2_reg[0]/next_state
                                0.05           0.00 r        -0.05  (VIOLATED)
   u_ctrl/tx_byte_div2_reg[0]/synch_enable
                                0.05           0.00 r        -0.05  (VIOLATED)
   u_ctrl/tx_byte_div2_reg[1]/next_state
                                0.05           0.00 r        -0.05  (VIOLATED)
   u_ctrl/tx_byte_div2_reg[1]/synch_enable
                                0.05           0.00 r        -0.05  (VIOLATED)
   u_ctrl/tx_byte_div2_reg[2]/next_state
                                0.05           0.00 r        -0.05  (VIOLATED)
   u_ctrl/tx_byte_div2_reg[2]/synch_enable
                                0.05           0.00 r        -0.05  (VIOLATED)
   u_ctrl/tx_byte_div2_reg[3]/next_state
                                0.05           0.00 r        -0.05  (VIOLATED)
   u_ctrl/tx_byte_div2_reg[3]/synch_enable
                                0.05           0.00 r        -0.05  (VIOLATED)
   u_ctrl/tx_byte_div2_reg[4]/next_state
                                0.05           0.00 r        -0.05  (VIOLATED)
   u_ctrl/tx_byte_div2_reg[4]/synch_enable
                                0.05           0.00 r        -0.05  (VIOLATED)
   u_ctrl/tx_byte_div2_reg[5]/next_state
                                0.05           0.00 r        -0.05  (VIOLATED)
   u_ctrl/tx_byte_div2_reg[5]/synch_enable
                                0.05           0.00 r        -0.05  (VIOLATED)
   u_ctrl/tx_byte_div2_reg[6]/next_state
                                0.05           0.00 r        -0.05  (VIOLATED)
   u_ctrl/tx_byte_div2_reg[6]/synch_enable
                                0.05           0.00 r        -0.05  (VIOLATED)
   u_ctrl/tx_byte_div2_reg[7]/next_state
                                0.05           0.00 r        -0.05  (VIOLATED)
   u_ctrl/tx_byte_div2_reg[7]/synch_enable
                                0.05           0.00 r        -0.05  (VIOLATED)
   u_ctrl/tx_byte_ff1_reg[0]/next_state
                                0.05           0.00 r        -0.05  (VIOLATED)
   u_ctrl/tx_byte_ff1_reg[1]/next_state
                                0.05           0.00 r        -0.05  (VIOLATED)
   u_ctrl/tx_byte_ff1_reg[2]/next_state
                                0.05           0.00 r        -0.05  (VIOLATED)
   u_ctrl/tx_byte_ff1_reg[3]/next_state
                                0.05           0.00 r        -0.05  (VIOLATED)
   u_ctrl/tx_byte_ff1_reg[4]/next_state
                                0.05           0.00 r        -0.05  (VIOLATED)
   u_ctrl/tx_byte_ff1_reg[5]/next_state
                                0.05           0.00 r        -0.05  (VIOLATED)
   u_ctrl/tx_byte_ff1_reg[6]/next_state
                                0.05           0.00 r        -0.05  (VIOLATED)
   u_ctrl/tx_byte_ff1_reg[7]/next_state
                                0.05           0.00 r        -0.05  (VIOLATED)
   u_ctrl/tx_byte_ff2_reg[0]/next_state
                                0.05           0.00 r        -0.05  (VIOLATED)
   u_ctrl/tx_byte_ff2_reg[1]/next_state
                                0.05           0.00 r        -0.05  (VIOLATED)
   u_ctrl/tx_byte_ff2_reg[2]/next_state
                                0.05           0.00 r        -0.05  (VIOLATED)
   u_ctrl/tx_byte_ff2_reg[3]/next_state
                                0.05           0.00 r        -0.05  (VIOLATED)
   u_ctrl/tx_byte_ff2_reg[4]/next_state
                                0.05           0.00 r        -0.05  (VIOLATED)
   u_ctrl/tx_byte_ff2_reg[5]/next_state
                                0.05           0.00 r        -0.05  (VIOLATED)
   u_ctrl/tx_byte_ff2_reg[6]/next_state
                                0.05           0.00 r        -0.05  (VIOLATED)
   u_ctrl/tx_byte_ff2_reg[7]/next_state
                                0.05           0.00 r        -0.05  (VIOLATED)
   u_ctrl/tx_cnt_div4_reg[0]/next_state
                                0.05           0.00 r        -0.05  (VIOLATED)
   u_ctrl/tx_cnt_div4_reg[0]/synch_enable
                                0.05           0.00 r        -0.05  (VIOLATED)
   u_ctrl/tx_cnt_div4_reg[1]/next_state
                                0.05           0.00 r        -0.05  (VIOLATED)
   u_ctrl/tx_cnt_div4_reg[1]/synch_enable
                                0.05           0.00 r        -0.05  (VIOLATED)
   u_ctrl/tx_cnt_div4_reg[2]/next_state
                                0.05           0.00 r        -0.05  (VIOLATED)
   u_ctrl/tx_cnt_div4_reg[2]/synch_enable
                                0.05           0.00 r        -0.05  (VIOLATED)
   u_ctrl/tx_cnt_div4_reg[3]/next_state
                                0.05           0.00 r        -0.05  (VIOLATED)
   u_ctrl/tx_cnt_div4_reg[3]/synch_enable
                                0.05           0.00 r        -0.05  (VIOLATED)
   u_ctrl/tx_cnt_div4_reg[4]/next_state
                                0.05           0.00 r        -0.05  (VIOLATED)
   u_ctrl/tx_cnt_div4_reg[4]/synch_enable
                                0.05           0.00 r        -0.05  (VIOLATED)
   u_ctrl/tx_data_reg[0]/next_state
                                0.05           0.00 r        -0.05  (VIOLATED)
   u_ctrl/tx_data_reg[0]/synch_enable
                                0.05           0.00 r        -0.05  (VIOLATED)
   u_ctrl/tx_data_reg[1]/next_state
                                0.05           0.00 r        -0.05  (VIOLATED)
   u_ctrl/tx_data_reg[1]/synch_enable
                                0.05           0.00 r        -0.05  (VIOLATED)
   u_ctrl/tx_data_reg[2]/next_state
                                0.05           0.00 r        -0.05  (VIOLATED)
   u_ctrl/tx_data_reg[2]/synch_enable
                                0.05           0.00 r        -0.05  (VIOLATED)
   u_ctrl/tx_data_reg[3]/next_state
                                0.05           0.00 r        -0.05  (VIOLATED)
   u_ctrl/tx_data_reg[3]/synch_enable
                                0.05           0.00 r        -0.05  (VIOLATED)
   u_ctrl/tx_data_reg[4]/next_state
                                0.05           0.00 r        -0.05  (VIOLATED)
   u_ctrl/tx_data_reg[4]/synch_enable
                                0.05           0.00 r        -0.05  (VIOLATED)
   u_ctrl/tx_data_reg[5]/next_state
                                0.05           0.00 r        -0.05  (VIOLATED)
   u_ctrl/tx_data_reg[5]/synch_enable
                                0.05           0.00 r        -0.05  (VIOLATED)
   u_ctrl/tx_data_reg[6]/next_state
                                0.05           0.00 r        -0.05  (VIOLATED)
   u_ctrl/tx_data_reg[6]/synch_enable
                                0.05           0.00 r        -0.05  (VIOLATED)
   u_ctrl/tx_data_reg[7]/next_state
                                0.05           0.00 r        -0.05  (VIOLATED)
   u_ctrl/tx_data_reg[7]/synch_enable
                                0.05           0.00 r        -0.05  (VIOLATED)
   u_ctrl/tx_done_div4_reg/next_state
                                0.05           0.00 r        -0.05  (VIOLATED)
   u_ctrl/tx_done_div4_reg/synch_enable
                                0.05           0.00 r        -0.05  (VIOLATED)
   u_ctrl/tx_idx_div2_reg[0]/next_state
                                0.05           0.00 r        -0.05  (VIOLATED)
   u_ctrl/tx_idx_div2_reg[0]/synch_enable
                                0.05           0.00 r        -0.05  (VIOLATED)
   u_ctrl/tx_idx_div2_reg[1]/next_state
                                0.05           0.00 r        -0.05  (VIOLATED)
   u_ctrl/tx_idx_div2_reg[1]/synch_enable
                                0.05           0.00 r        -0.05  (VIOLATED)
   u_ctrl/tx_idx_div2_reg[2]/next_state
                                0.05           0.00 r        -0.05  (VIOLATED)
   u_ctrl/tx_idx_div2_reg[2]/synch_enable
                                0.05           0.00 r        -0.05  (VIOLATED)
   u_ctrl/tx_idx_div2_reg[3]/next_state
                                0.05           0.00 r        -0.05  (VIOLATED)
   u_ctrl/tx_idx_div2_reg[3]/synch_enable
                                0.05           0.00 r        -0.05  (VIOLATED)
   u_ctrl/tx_idx_div2_reg[4]/next_state
                                0.05           0.00 r        -0.05  (VIOLATED)
   u_ctrl/tx_idx_div2_reg[4]/synch_enable
                                0.05           0.00 r        -0.05  (VIOLATED)
   u_ctrl/tx_start_reg/next_state
                                0.05           0.00 r        -0.05  (VIOLATED)
   u_ctrl/txdone_ff1_reg/next_state
                                0.05           0.00 r        -0.05  (VIOLATED)
   u_ctrl/txdone_ff2_reg/next_state
                                0.05           0.00 r        -0.05  (VIOLATED)
   u_ctrl/u_aes/busy_reg/next_state
                                0.05           0.00 r        -0.05  (VIOLATED)
   u_ctrl/u_aes/busy_reg/synch_enable
                                0.05           0.00 r        -0.05  (VIOLATED)
   u_ctrl/u_aes/ct_out_reg[0]/next_state
                                0.05           0.00 r        -0.05  (VIOLATED)
   u_ctrl/u_aes/ct_out_reg[0]/synch_enable
                                0.05           0.00 r        -0.05  (VIOLATED)
   u_ctrl/u_aes/ct_out_reg[1]/next_state
                                0.05           0.00 r        -0.05  (VIOLATED)
   u_ctrl/u_aes/ct_out_reg[1]/synch_enable
                                0.05           0.00 r        -0.05  (VIOLATED)
   u_ctrl/u_aes/ct_out_reg[2]/next_state
                                0.05           0.00 r        -0.05  (VIOLATED)
   u_ctrl/u_aes/ct_out_reg[2]/synch_enable
                                0.05           0.00 r        -0.05  (VIOLATED)
   u_ctrl/u_aes/ct_out_reg[3]/next_state
                                0.05           0.00 r        -0.05  (VIOLATED)
   u_ctrl/u_aes/ct_out_reg[3]/synch_enable
                                0.05           0.00 r        -0.05  (VIOLATED)
   u_ctrl/u_aes/ct_out_reg[4]/next_state
                                0.05           0.00 r        -0.05  (VIOLATED)
   u_ctrl/u_aes/ct_out_reg[4]/synch_enable
                                0.05           0.00 r        -0.05  (VIOLATED)
   u_ctrl/u_aes/ct_out_reg[5]/next_state
                                0.05           0.00 r        -0.05  (VIOLATED)
   u_ctrl/u_aes/ct_out_reg[5]/synch_enable
                                0.05           0.00 r        -0.05  (VIOLATED)
   u_ctrl/u_aes/ct_out_reg[6]/next_state
                                0.05           0.00 r        -0.05  (VIOLATED)
   u_ctrl/u_aes/ct_out_reg[6]/synch_enable
                                0.05           0.00 r        -0.05  (VIOLATED)
   u_ctrl/u_aes/ct_out_reg[7]/next_state
                                0.05           0.00 r        -0.05  (VIOLATED)
   u_ctrl/u_aes/ct_out_reg[7]/synch_enable
                                0.05           0.00 r        -0.05  (VIOLATED)
   u_ctrl/u_aes/ct_out_reg[8]/next_state
                                0.05           0.00 r        -0.05  (VIOLATED)
   u_ctrl/u_aes/ct_out_reg[8]/synch_enable
                                0.05           0.00 r        -0.05  (VIOLATED)
   u_ctrl/u_aes/ct_out_reg[9]/next_state
                                0.05           0.00 r        -0.05  (VIOLATED)
   u_ctrl/u_aes/ct_out_reg[9]/synch_enable
                                0.05           0.00 r        -0.05  (VIOLATED)
   u_ctrl/u_aes/ct_out_reg[10]/next_state
                                0.05           0.00 r        -0.05  (VIOLATED)
   u_ctrl/u_aes/ct_out_reg[10]/synch_enable
                                0.05           0.00 r        -0.05  (VIOLATED)
   u_ctrl/u_aes/ct_out_reg[11]/next_state
                                0.05           0.00 r        -0.05  (VIOLATED)
   u_ctrl/u_aes/ct_out_reg[11]/synch_enable
                                0.05           0.00 r        -0.05  (VIOLATED)
   u_ctrl/u_aes/ct_out_reg[12]/next_state
                                0.05           0.00 r        -0.05  (VIOLATED)
   u_ctrl/u_aes/ct_out_reg[12]/synch_enable
                                0.05           0.00 r        -0.05  (VIOLATED)
   u_ctrl/u_aes/ct_out_reg[13]/next_state
                                0.05           0.00 r        -0.05  (VIOLATED)
   u_ctrl/u_aes/ct_out_reg[13]/synch_enable
                                0.05           0.00 r        -0.05  (VIOLATED)
   u_ctrl/u_aes/ct_out_reg[14]/next_state
                                0.05           0.00 r        -0.05  (VIOLATED)
   u_ctrl/u_aes/ct_out_reg[14]/synch_enable
                                0.05           0.00 r        -0.05  (VIOLATED)
   u_ctrl/u_aes/ct_out_reg[15]/next_state
                                0.05           0.00 r        -0.05  (VIOLATED)
   u_ctrl/u_aes/ct_out_reg[15]/synch_enable
                                0.05           0.00 r        -0.05  (VIOLATED)
   u_ctrl/u_aes/ct_out_reg[16]/next_state
                                0.05           0.00 r        -0.05  (VIOLATED)
   u_ctrl/u_aes/ct_out_reg[16]/synch_enable
                                0.05           0.00 r        -0.05  (VIOLATED)
   u_ctrl/u_aes/ct_out_reg[17]/next_state
                                0.05           0.00 r        -0.05  (VIOLATED)
   u_ctrl/u_aes/ct_out_reg[17]/synch_enable
                                0.05           0.00 r        -0.05  (VIOLATED)
   u_ctrl/u_aes/ct_out_reg[18]/next_state
                                0.05           0.00 r        -0.05  (VIOLATED)
   u_ctrl/u_aes/ct_out_reg[18]/synch_enable
                                0.05           0.00 r        -0.05  (VIOLATED)
   u_ctrl/u_aes/ct_out_reg[19]/next_state
                                0.05           0.00 r        -0.05  (VIOLATED)
   u_ctrl/u_aes/ct_out_reg[19]/synch_enable
                                0.05           0.00 r        -0.05  (VIOLATED)
   u_ctrl/u_aes/ct_out_reg[20]/next_state
                                0.05           0.00 r        -0.05  (VIOLATED)
   u_ctrl/u_aes/ct_out_reg[20]/synch_enable
                                0.05           0.00 r        -0.05  (VIOLATED)
   u_ctrl/u_aes/ct_out_reg[21]/next_state
                                0.05           0.00 r        -0.05  (VIOLATED)
   u_ctrl/u_aes/ct_out_reg[21]/synch_enable
                                0.05           0.00 r        -0.05  (VIOLATED)
   u_ctrl/u_aes/ct_out_reg[22]/next_state
                                0.05           0.00 r        -0.05  (VIOLATED)
   u_ctrl/u_aes/ct_out_reg[22]/synch_enable
                                0.05           0.00 r        -0.05  (VIOLATED)
   u_ctrl/u_aes/ct_out_reg[23]/next_state
                                0.05           0.00 r        -0.05  (VIOLATED)
   u_ctrl/u_aes/ct_out_reg[23]/synch_enable
                                0.05           0.00 r        -0.05  (VIOLATED)
   u_ctrl/u_aes/ct_out_reg[24]/next_state
                                0.05           0.00 r        -0.05  (VIOLATED)
   u_ctrl/u_aes/ct_out_reg[24]/synch_enable
                                0.05           0.00 r        -0.05  (VIOLATED)
   u_ctrl/u_aes/ct_out_reg[25]/next_state
                                0.05           0.00 r        -0.05  (VIOLATED)
   u_ctrl/u_aes/ct_out_reg[25]/synch_enable
                                0.05           0.00 r        -0.05  (VIOLATED)
   u_ctrl/u_aes/ct_out_reg[26]/next_state
                                0.05           0.00 r        -0.05  (VIOLATED)
   u_ctrl/u_aes/ct_out_reg[26]/synch_enable
                                0.05           0.00 r        -0.05  (VIOLATED)
   u_ctrl/u_aes/ct_out_reg[27]/next_state
                                0.05           0.00 r        -0.05  (VIOLATED)
   u_ctrl/u_aes/ct_out_reg[27]/synch_enable
                                0.05           0.00 r        -0.05  (VIOLATED)
   u_ctrl/u_aes/ct_out_reg[28]/next_state
                                0.05           0.00 r        -0.05  (VIOLATED)
   u_ctrl/u_aes/ct_out_reg[28]/synch_enable
                                0.05           0.00 r        -0.05  (VIOLATED)
   u_ctrl/u_aes/ct_out_reg[29]/next_state
                                0.05           0.00 r        -0.05  (VIOLATED)
   u_ctrl/u_aes/ct_out_reg[29]/synch_enable
                                0.05           0.00 r        -0.05  (VIOLATED)
   u_ctrl/u_aes/ct_out_reg[30]/next_state
                                0.05           0.00 r        -0.05  (VIOLATED)
   u_ctrl/u_aes/ct_out_reg[30]/synch_enable
                                0.05           0.00 r        -0.05  (VIOLATED)
   u_ctrl/u_aes/ct_out_reg[31]/next_state
                                0.05           0.00 r        -0.05  (VIOLATED)
   u_ctrl/u_aes/ct_out_reg[31]/synch_enable
                                0.05           0.00 r        -0.05  (VIOLATED)
   u_ctrl/u_aes/ct_out_reg[32]/next_state
                                0.05           0.00 r        -0.05  (VIOLATED)
   u_ctrl/u_aes/ct_out_reg[32]/synch_enable
                                0.05           0.00 r        -0.05  (VIOLATED)
   u_ctrl/u_aes/ct_out_reg[33]/next_state
                                0.05           0.00 r        -0.05  (VIOLATED)
   u_ctrl/u_aes/ct_out_reg[33]/synch_enable
                                0.05           0.00 r        -0.05  (VIOLATED)
   u_ctrl/u_aes/ct_out_reg[34]/next_state
                                0.05           0.00 r        -0.05  (VIOLATED)
   u_ctrl/u_aes/ct_out_reg[34]/synch_enable
                                0.05           0.00 r        -0.05  (VIOLATED)
   u_ctrl/u_aes/ct_out_reg[35]/next_state
                                0.05           0.00 r        -0.05  (VIOLATED)
   u_ctrl/u_aes/ct_out_reg[35]/synch_enable
                                0.05           0.00 r        -0.05  (VIOLATED)
   u_ctrl/u_aes/ct_out_reg[36]/next_state
                                0.05           0.00 r        -0.05  (VIOLATED)
   u_ctrl/u_aes/ct_out_reg[36]/synch_enable
                                0.05           0.00 r        -0.05  (VIOLATED)
   u_ctrl/u_aes/ct_out_reg[37]/next_state
                                0.05           0.00 r        -0.05  (VIOLATED)
   u_ctrl/u_aes/ct_out_reg[37]/synch_enable
                                0.05           0.00 r        -0.05  (VIOLATED)
   u_ctrl/u_aes/ct_out_reg[38]/next_state
                                0.05           0.00 r        -0.05  (VIOLATED)
   u_ctrl/u_aes/ct_out_reg[38]/synch_enable
                                0.05           0.00 r        -0.05  (VIOLATED)
   u_ctrl/u_aes/ct_out_reg[39]/next_state
                                0.05           0.00 r        -0.05  (VIOLATED)
   u_ctrl/u_aes/ct_out_reg[39]/synch_enable
                                0.05           0.00 r        -0.05  (VIOLATED)
   u_ctrl/u_aes/ct_out_reg[40]/next_state
                                0.05           0.00 r        -0.05  (VIOLATED)
   u_ctrl/u_aes/ct_out_reg[40]/synch_enable
                                0.05           0.00 r        -0.05  (VIOLATED)
   u_ctrl/u_aes/ct_out_reg[41]/next_state
                                0.05           0.00 r        -0.05  (VIOLATED)
   u_ctrl/u_aes/ct_out_reg[41]/synch_enable
                                0.05           0.00 r        -0.05  (VIOLATED)
   u_ctrl/u_aes/ct_out_reg[42]/next_state
                                0.05           0.00 r        -0.05  (VIOLATED)
   u_ctrl/u_aes/ct_out_reg[42]/synch_enable
                                0.05           0.00 r        -0.05  (VIOLATED)
   u_ctrl/u_aes/ct_out_reg[43]/next_state
                                0.05           0.00 r        -0.05  (VIOLATED)
   u_ctrl/u_aes/ct_out_reg[43]/synch_enable
                                0.05           0.00 r        -0.05  (VIOLATED)
   u_ctrl/u_aes/ct_out_reg[44]/next_state
                                0.05           0.00 r        -0.05  (VIOLATED)
   u_ctrl/u_aes/ct_out_reg[44]/synch_enable
                                0.05           0.00 r        -0.05  (VIOLATED)
   u_ctrl/u_aes/ct_out_reg[45]/next_state
                                0.05           0.00 r        -0.05  (VIOLATED)
   u_ctrl/u_aes/ct_out_reg[45]/synch_enable
                                0.05           0.00 r        -0.05  (VIOLATED)
   u_ctrl/u_aes/ct_out_reg[46]/next_state
                                0.05           0.00 r        -0.05  (VIOLATED)
   u_ctrl/u_aes/ct_out_reg[46]/synch_enable
                                0.05           0.00 r        -0.05  (VIOLATED)
   u_ctrl/u_aes/ct_out_reg[47]/next_state
                                0.05           0.00 r        -0.05  (VIOLATED)
   u_ctrl/u_aes/ct_out_reg[47]/synch_enable
                                0.05           0.00 r        -0.05  (VIOLATED)
   u_ctrl/u_aes/ct_out_reg[48]/next_state
                                0.05           0.00 r        -0.05  (VIOLATED)
   u_ctrl/u_aes/ct_out_reg[48]/synch_enable
                                0.05           0.00 r        -0.05  (VIOLATED)
   u_ctrl/u_aes/ct_out_reg[49]/next_state
                                0.05           0.00 r        -0.05  (VIOLATED)
   u_ctrl/u_aes/ct_out_reg[49]/synch_enable
                                0.05           0.00 r        -0.05  (VIOLATED)
   u_ctrl/u_aes/ct_out_reg[50]/next_state
                                0.05           0.00 r        -0.05  (VIOLATED)
   u_ctrl/u_aes/ct_out_reg[50]/synch_enable
                                0.05           0.00 r        -0.05  (VIOLATED)
   u_ctrl/u_aes/ct_out_reg[51]/next_state
                                0.05           0.00 r        -0.05  (VIOLATED)
   u_ctrl/u_aes/ct_out_reg[51]/synch_enable
                                0.05           0.00 r        -0.05  (VIOLATED)
   u_ctrl/u_aes/ct_out_reg[52]/next_state
                                0.05           0.00 r        -0.05  (VIOLATED)
   u_ctrl/u_aes/ct_out_reg[52]/synch_enable
                                0.05           0.00 r        -0.05  (VIOLATED)
   u_ctrl/u_aes/ct_out_reg[53]/next_state
                                0.05           0.00 r        -0.05  (VIOLATED)
   u_ctrl/u_aes/ct_out_reg[53]/synch_enable
                                0.05           0.00 r        -0.05  (VIOLATED)
   u_ctrl/u_aes/ct_out_reg[54]/next_state
                                0.05           0.00 r        -0.05  (VIOLATED)
   u_ctrl/u_aes/ct_out_reg[54]/synch_enable
                                0.05           0.00 r        -0.05  (VIOLATED)
   u_ctrl/u_aes/ct_out_reg[55]/next_state
                                0.05           0.00 r        -0.05  (VIOLATED)
   u_ctrl/u_aes/ct_out_reg[55]/synch_enable
                                0.05           0.00 r        -0.05  (VIOLATED)
   u_ctrl/u_aes/ct_out_reg[56]/next_state
                                0.05           0.00 r        -0.05  (VIOLATED)
   u_ctrl/u_aes/ct_out_reg[56]/synch_enable
                                0.05           0.00 r        -0.05  (VIOLATED)
   u_ctrl/u_aes/ct_out_reg[57]/next_state
                                0.05           0.00 r        -0.05  (VIOLATED)
   u_ctrl/u_aes/ct_out_reg[57]/synch_enable
                                0.05           0.00 r        -0.05  (VIOLATED)
   u_ctrl/u_aes/ct_out_reg[58]/next_state
                                0.05           0.00 r        -0.05  (VIOLATED)
   u_ctrl/u_aes/ct_out_reg[58]/synch_enable
                                0.05           0.00 r        -0.05  (VIOLATED)
   u_ctrl/u_aes/ct_out_reg[59]/next_state
                                0.05           0.00 r        -0.05  (VIOLATED)
   u_ctrl/u_aes/ct_out_reg[59]/synch_enable
                                0.05           0.00 r        -0.05  (VIOLATED)
   u_ctrl/u_aes/ct_out_reg[60]/next_state
                                0.05           0.00 r        -0.05  (VIOLATED)
   u_ctrl/u_aes/ct_out_reg[60]/synch_enable
                                0.05           0.00 r        -0.05  (VIOLATED)
   u_ctrl/u_aes/ct_out_reg[61]/next_state
                                0.05           0.00 r        -0.05  (VIOLATED)
   u_ctrl/u_aes/ct_out_reg[61]/synch_enable
                                0.05           0.00 r        -0.05  (VIOLATED)
   u_ctrl/u_aes/ct_out_reg[62]/next_state
                                0.05           0.00 r        -0.05  (VIOLATED)
   u_ctrl/u_aes/ct_out_reg[62]/synch_enable
                                0.05           0.00 r        -0.05  (VIOLATED)
   u_ctrl/u_aes/ct_out_reg[63]/next_state
                                0.05           0.00 r        -0.05  (VIOLATED)
   u_ctrl/u_aes/ct_out_reg[63]/synch_enable
                                0.05           0.00 r        -0.05  (VIOLATED)
   u_ctrl/u_aes/ct_out_reg[64]/next_state
                                0.05           0.00 r        -0.05  (VIOLATED)
   u_ctrl/u_aes/ct_out_reg[64]/synch_enable
                                0.05           0.00 r        -0.05  (VIOLATED)
   u_ctrl/u_aes/ct_out_reg[65]/next_state
                                0.05           0.00 r        -0.05  (VIOLATED)
   u_ctrl/u_aes/ct_out_reg[65]/synch_enable
                                0.05           0.00 r        -0.05  (VIOLATED)
   u_ctrl/u_aes/ct_out_reg[66]/next_state
                                0.05           0.00 r        -0.05  (VIOLATED)
   u_ctrl/u_aes/ct_out_reg[66]/synch_enable
                                0.05           0.00 r        -0.05  (VIOLATED)
   u_ctrl/u_aes/ct_out_reg[67]/next_state
                                0.05           0.00 r        -0.05  (VIOLATED)
   u_ctrl/u_aes/ct_out_reg[67]/synch_enable
                                0.05           0.00 r        -0.05  (VIOLATED)
   u_ctrl/u_aes/ct_out_reg[68]/next_state
                                0.05           0.00 r        -0.05  (VIOLATED)
   u_ctrl/u_aes/ct_out_reg[68]/synch_enable
                                0.05           0.00 r        -0.05  (VIOLATED)
   u_ctrl/u_aes/ct_out_reg[69]/next_state
                                0.05           0.00 r        -0.05  (VIOLATED)
   u_ctrl/u_aes/ct_out_reg[69]/synch_enable
                                0.05           0.00 r        -0.05  (VIOLATED)
   u_ctrl/u_aes/ct_out_reg[70]/next_state
                                0.05           0.00 r        -0.05  (VIOLATED)
   u_ctrl/u_aes/ct_out_reg[70]/synch_enable
                                0.05           0.00 r        -0.05  (VIOLATED)
   u_ctrl/u_aes/ct_out_reg[71]/next_state
                                0.05           0.00 r        -0.05  (VIOLATED)
   u_ctrl/u_aes/ct_out_reg[71]/synch_enable
                                0.05           0.00 r        -0.05  (VIOLATED)
   u_ctrl/u_aes/ct_out_reg[72]/next_state
                                0.05           0.00 r        -0.05  (VIOLATED)
   u_ctrl/u_aes/ct_out_reg[72]/synch_enable
                                0.05           0.00 r        -0.05  (VIOLATED)
   u_ctrl/u_aes/ct_out_reg[73]/next_state
                                0.05           0.00 r        -0.05  (VIOLATED)
   u_ctrl/u_aes/ct_out_reg[73]/synch_enable
                                0.05           0.00 r        -0.05  (VIOLATED)
   u_ctrl/u_aes/ct_out_reg[74]/next_state
                                0.05           0.00 r        -0.05  (VIOLATED)
   u_ctrl/u_aes/ct_out_reg[74]/synch_enable
                                0.05           0.00 r        -0.05  (VIOLATED)
   u_ctrl/u_aes/ct_out_reg[75]/next_state
                                0.05           0.00 r        -0.05  (VIOLATED)
   u_ctrl/u_aes/ct_out_reg[75]/synch_enable
                                0.05           0.00 r        -0.05  (VIOLATED)
   u_ctrl/u_aes/ct_out_reg[76]/next_state
                                0.05           0.00 r        -0.05  (VIOLATED)
   u_ctrl/u_aes/ct_out_reg[76]/synch_enable
                                0.05           0.00 r        -0.05  (VIOLATED)
   u_ctrl/u_aes/ct_out_reg[77]/next_state
                                0.05           0.00 r        -0.05  (VIOLATED)
   u_ctrl/u_aes/ct_out_reg[77]/synch_enable
                                0.05           0.00 r        -0.05  (VIOLATED)
   u_ctrl/u_aes/ct_out_reg[78]/next_state
                                0.05           0.00 r        -0.05  (VIOLATED)
   u_ctrl/u_aes/ct_out_reg[78]/synch_enable
                                0.05           0.00 r        -0.05  (VIOLATED)
   u_ctrl/u_aes/ct_out_reg[79]/next_state
                                0.05           0.00 r        -0.05  (VIOLATED)
   u_ctrl/u_aes/ct_out_reg[79]/synch_enable
                                0.05           0.00 r        -0.05  (VIOLATED)
   u_ctrl/u_aes/ct_out_reg[80]/next_state
                                0.05           0.00 r        -0.05  (VIOLATED)
   u_ctrl/u_aes/ct_out_reg[80]/synch_enable
                                0.05           0.00 r        -0.05  (VIOLATED)
   u_ctrl/u_aes/ct_out_reg[81]/next_state
                                0.05           0.00 r        -0.05  (VIOLATED)
   u_ctrl/u_aes/ct_out_reg[81]/synch_enable
                                0.05           0.00 r        -0.05  (VIOLATED)
   u_ctrl/u_aes/ct_out_reg[82]/next_state
                                0.05           0.00 r        -0.05  (VIOLATED)
   u_ctrl/u_aes/ct_out_reg[82]/synch_enable
                                0.05           0.00 r        -0.05  (VIOLATED)
   u_ctrl/u_aes/ct_out_reg[83]/next_state
                                0.05           0.00 r        -0.05  (VIOLATED)
   u_ctrl/u_aes/ct_out_reg[83]/synch_enable
                                0.05           0.00 r        -0.05  (VIOLATED)
   u_ctrl/u_aes/ct_out_reg[84]/next_state
                                0.05           0.00 r        -0.05  (VIOLATED)
   u_ctrl/u_aes/ct_out_reg[84]/synch_enable
                                0.05           0.00 r        -0.05  (VIOLATED)
   u_ctrl/u_aes/ct_out_reg[85]/next_state
                                0.05           0.00 r        -0.05  (VIOLATED)
   u_ctrl/u_aes/ct_out_reg[85]/synch_enable
                                0.05           0.00 r        -0.05  (VIOLATED)
   u_ctrl/u_aes/ct_out_reg[86]/next_state
                                0.05           0.00 r        -0.05  (VIOLATED)
   u_ctrl/u_aes/ct_out_reg[86]/synch_enable
                                0.05           0.00 r        -0.05  (VIOLATED)
   u_ctrl/u_aes/ct_out_reg[87]/next_state
                                0.05           0.00 r        -0.05  (VIOLATED)
   u_ctrl/u_aes/ct_out_reg[87]/synch_enable
                                0.05           0.00 r        -0.05  (VIOLATED)
   u_ctrl/u_aes/ct_out_reg[88]/next_state
                                0.05           0.00 r        -0.05  (VIOLATED)
   u_ctrl/u_aes/ct_out_reg[88]/synch_enable
                                0.05           0.00 r        -0.05  (VIOLATED)
   u_ctrl/u_aes/ct_out_reg[89]/next_state
                                0.05           0.00 r        -0.05  (VIOLATED)
   u_ctrl/u_aes/ct_out_reg[89]/synch_enable
                                0.05           0.00 r        -0.05  (VIOLATED)
   u_ctrl/u_aes/ct_out_reg[90]/next_state
                                0.05           0.00 r        -0.05  (VIOLATED)
   u_ctrl/u_aes/ct_out_reg[90]/synch_enable
                                0.05           0.00 r        -0.05  (VIOLATED)
   u_ctrl/u_aes/ct_out_reg[91]/next_state
                                0.05           0.00 r        -0.05  (VIOLATED)
   u_ctrl/u_aes/ct_out_reg[91]/synch_enable
                                0.05           0.00 r        -0.05  (VIOLATED)
   u_ctrl/u_aes/ct_out_reg[92]/next_state
                                0.05           0.00 r        -0.05  (VIOLATED)
   u_ctrl/u_aes/ct_out_reg[92]/synch_enable
                                0.05           0.00 r        -0.05  (VIOLATED)
   u_ctrl/u_aes/ct_out_reg[93]/next_state
                                0.05           0.00 r        -0.05  (VIOLATED)
   u_ctrl/u_aes/ct_out_reg[93]/synch_enable
                                0.05           0.00 r        -0.05  (VIOLATED)
   u_ctrl/u_aes/ct_out_reg[94]/next_state
                                0.05           0.00 r        -0.05  (VIOLATED)
   u_ctrl/u_aes/ct_out_reg[94]/synch_enable
                                0.05           0.00 r        -0.05  (VIOLATED)
   u_ctrl/u_aes/ct_out_reg[95]/next_state
                                0.05           0.00 r        -0.05  (VIOLATED)
   u_ctrl/u_aes/ct_out_reg[95]/synch_enable
                                0.05           0.00 r        -0.05  (VIOLATED)
   u_ctrl/u_aes/ct_out_reg[96]/next_state
                                0.05           0.00 r        -0.05  (VIOLATED)
   u_ctrl/u_aes/ct_out_reg[96]/synch_enable
                                0.05           0.00 r        -0.05  (VIOLATED)
   u_ctrl/u_aes/ct_out_reg[97]/next_state
                                0.05           0.00 r        -0.05  (VIOLATED)
   u_ctrl/u_aes/ct_out_reg[97]/synch_enable
                                0.05           0.00 r        -0.05  (VIOLATED)
   u_ctrl/u_aes/ct_out_reg[98]/next_state
                                0.05           0.00 r        -0.05  (VIOLATED)
   u_ctrl/u_aes/ct_out_reg[98]/synch_enable
                                0.05           0.00 r        -0.05  (VIOLATED)
   u_ctrl/u_aes/ct_out_reg[99]/next_state
                                0.05           0.00 r        -0.05  (VIOLATED)
   u_ctrl/u_aes/ct_out_reg[99]/synch_enable
                                0.05           0.00 r        -0.05  (VIOLATED)
   u_ctrl/u_aes/ct_out_reg[100]/next_state
                                0.05           0.00 r        -0.05  (VIOLATED)
   u_ctrl/u_aes/ct_out_reg[100]/synch_enable
                                0.05           0.00 r        -0.05  (VIOLATED)
   u_ctrl/u_aes/ct_out_reg[101]/next_state
                                0.05           0.00 r        -0.05  (VIOLATED)
   u_ctrl/u_aes/ct_out_reg[101]/synch_enable
                                0.05           0.00 r        -0.05  (VIOLATED)
   u_ctrl/u_aes/ct_out_reg[102]/next_state
                                0.05           0.00 r        -0.05  (VIOLATED)
   u_ctrl/u_aes/ct_out_reg[102]/synch_enable
                                0.05           0.00 r        -0.05  (VIOLATED)
   u_ctrl/u_aes/ct_out_reg[103]/next_state
                                0.05           0.00 r        -0.05  (VIOLATED)
   u_ctrl/u_aes/ct_out_reg[103]/synch_enable
                                0.05           0.00 r        -0.05  (VIOLATED)
   u_ctrl/u_aes/ct_out_reg[104]/next_state
                                0.05           0.00 r        -0.05  (VIOLATED)
   u_ctrl/u_aes/ct_out_reg[104]/synch_enable
                                0.05           0.00 r        -0.05  (VIOLATED)
   u_ctrl/u_aes/ct_out_reg[105]/next_state
                                0.05           0.00 r        -0.05  (VIOLATED)
   u_ctrl/u_aes/ct_out_reg[105]/synch_enable
                                0.05           0.00 r        -0.05  (VIOLATED)
   u_ctrl/u_aes/ct_out_reg[106]/next_state
                                0.05           0.00 r        -0.05  (VIOLATED)
   u_ctrl/u_aes/ct_out_reg[106]/synch_enable
                                0.05           0.00 r        -0.05  (VIOLATED)
   u_ctrl/u_aes/ct_out_reg[107]/next_state
                                0.05           0.00 r        -0.05  (VIOLATED)
   u_ctrl/u_aes/ct_out_reg[107]/synch_enable
                                0.05           0.00 r        -0.05  (VIOLATED)
   u_ctrl/u_aes/ct_out_reg[108]/next_state
                                0.05           0.00 r        -0.05  (VIOLATED)
   u_ctrl/u_aes/ct_out_reg[108]/synch_enable
                                0.05           0.00 r        -0.05  (VIOLATED)
   u_ctrl/u_aes/ct_out_reg[109]/next_state
                                0.05           0.00 r        -0.05  (VIOLATED)
   u_ctrl/u_aes/ct_out_reg[109]/synch_enable
                                0.05           0.00 r        -0.05  (VIOLATED)
   u_ctrl/u_aes/ct_out_reg[110]/next_state
                                0.05           0.00 r        -0.05  (VIOLATED)
   u_ctrl/u_aes/ct_out_reg[110]/synch_enable
                                0.05           0.00 r        -0.05  (VIOLATED)
   u_ctrl/u_aes/ct_out_reg[111]/next_state
                                0.05           0.00 r        -0.05  (VIOLATED)
   u_ctrl/u_aes/ct_out_reg[111]/synch_enable
                                0.05           0.00 r        -0.05  (VIOLATED)
   u_ctrl/u_aes/ct_out_reg[112]/next_state
                                0.05           0.00 r        -0.05  (VIOLATED)
   u_ctrl/u_aes/ct_out_reg[112]/synch_enable
                                0.05           0.00 r        -0.05  (VIOLATED)
   u_ctrl/u_aes/ct_out_reg[113]/next_state
                                0.05           0.00 r        -0.05  (VIOLATED)
   u_ctrl/u_aes/ct_out_reg[113]/synch_enable
                                0.05           0.00 r        -0.05  (VIOLATED)
   u_ctrl/u_aes/ct_out_reg[114]/next_state
                                0.05           0.00 r        -0.05  (VIOLATED)
   u_ctrl/u_aes/ct_out_reg[114]/synch_enable
                                0.05           0.00 r        -0.05  (VIOLATED)
   u_ctrl/u_aes/ct_out_reg[115]/next_state
                                0.05           0.00 r        -0.05  (VIOLATED)
   u_ctrl/u_aes/ct_out_reg[115]/synch_enable
                                0.05           0.00 r        -0.05  (VIOLATED)
   u_ctrl/u_aes/ct_out_reg[116]/next_state
                                0.05           0.00 r        -0.05  (VIOLATED)
   u_ctrl/u_aes/ct_out_reg[116]/synch_enable
                                0.05           0.00 r        -0.05  (VIOLATED)
   u_ctrl/u_aes/ct_out_reg[117]/next_state
                                0.05           0.00 r        -0.05  (VIOLATED)
   u_ctrl/u_aes/ct_out_reg[117]/synch_enable
                                0.05           0.00 r        -0.05  (VIOLATED)
   u_ctrl/u_aes/ct_out_reg[118]/next_state
                                0.05           0.00 r        -0.05  (VIOLATED)
   u_ctrl/u_aes/ct_out_reg[118]/synch_enable
                                0.05           0.00 r        -0.05  (VIOLATED)
   u_ctrl/u_aes/ct_out_reg[119]/next_state
                                0.05           0.00 r        -0.05  (VIOLATED)
   u_ctrl/u_aes/ct_out_reg[119]/synch_enable
                                0.05           0.00 r        -0.05  (VIOLATED)
   u_ctrl/u_aes/ct_out_reg[120]/next_state
                                0.05           0.00 r        -0.05  (VIOLATED)
   u_ctrl/u_aes/ct_out_reg[120]/synch_enable
                                0.05           0.00 r        -0.05  (VIOLATED)
   u_ctrl/u_aes/ct_out_reg[121]/next_state
                                0.05           0.00 r        -0.05  (VIOLATED)
   u_ctrl/u_aes/ct_out_reg[121]/synch_enable
                                0.05           0.00 r        -0.05  (VIOLATED)
   u_ctrl/u_aes/ct_out_reg[122]/next_state
                                0.05           0.00 r        -0.05  (VIOLATED)
   u_ctrl/u_aes/ct_out_reg[122]/synch_enable
                                0.05           0.00 r        -0.05  (VIOLATED)
   u_ctrl/u_aes/ct_out_reg[123]/next_state
                                0.05           0.00 r        -0.05  (VIOLATED)
   u_ctrl/u_aes/ct_out_reg[123]/synch_enable
                                0.05           0.00 r        -0.05  (VIOLATED)
   u_ctrl/u_aes/ct_out_reg[124]/next_state
                                0.05           0.00 r        -0.05  (VIOLATED)
   u_ctrl/u_aes/ct_out_reg[124]/synch_enable
                                0.05           0.00 r        -0.05  (VIOLATED)
   u_ctrl/u_aes/ct_out_reg[125]/next_state
                                0.05           0.00 r        -0.05  (VIOLATED)
   u_ctrl/u_aes/ct_out_reg[125]/synch_enable
                                0.05           0.00 r        -0.05  (VIOLATED)
   u_ctrl/u_aes/ct_out_reg[126]/next_state
                                0.05           0.00 r        -0.05  (VIOLATED)
   u_ctrl/u_aes/ct_out_reg[126]/synch_enable
                                0.05           0.00 r        -0.05  (VIOLATED)
   u_ctrl/u_aes/ct_out_reg[127]/next_state
                                0.05           0.00 r        -0.05  (VIOLATED)
   u_ctrl/u_aes/ct_out_reg[127]/synch_enable
                                0.05           0.00 r        -0.05  (VIOLATED)
   u_ctrl/u_aes/done_reg/next_state
                                0.05           0.00 r        -0.05  (VIOLATED)
   u_ctrl/u_aes/rkeys_reg[0]/synch_enable
                                0.05           0.00 r        -0.05  (VIOLATED)
   u_ctrl/u_aes/rkeys_reg[1]/synch_enable
                                0.05           0.00 r        -0.05  (VIOLATED)
   u_ctrl/u_aes/rkeys_reg[2]/synch_enable
                                0.05           0.00 r        -0.05  (VIOLATED)
   u_ctrl/u_aes/rkeys_reg[3]/synch_enable
                                0.05           0.00 r        -0.05  (VIOLATED)
   u_ctrl/u_aes/rkeys_reg[4]/synch_enable
                                0.05           0.00 r        -0.05  (VIOLATED)
   u_ctrl/u_aes/rkeys_reg[5]/synch_enable
                                0.05           0.00 r        -0.05  (VIOLATED)
   u_ctrl/u_aes/rkeys_reg[6]/synch_enable
                                0.05           0.00 r        -0.05  (VIOLATED)
   u_ctrl/u_aes/rkeys_reg[7]/synch_enable
                                0.05           0.00 r        -0.05  (VIOLATED)
   u_ctrl/u_aes/rkeys_reg[8]/synch_enable
                                0.05           0.00 r        -0.05  (VIOLATED)
   u_ctrl/u_aes/rkeys_reg[9]/synch_enable
                                0.05           0.00 r        -0.05  (VIOLATED)
   u_ctrl/u_aes/rkeys_reg[10]/synch_enable
                                0.05           0.00 r        -0.05  (VIOLATED)
   u_ctrl/u_aes/rkeys_reg[11]/synch_enable
                                0.05           0.00 r        -0.05  (VIOLATED)
   u_ctrl/u_aes/rkeys_reg[12]/synch_enable
                                0.05           0.00 r        -0.05  (VIOLATED)
   u_ctrl/u_aes/rkeys_reg[13]/synch_enable
                                0.05           0.00 r        -0.05  (VIOLATED)
   u_ctrl/u_aes/rkeys_reg[14]/synch_enable
                                0.05           0.00 r        -0.05  (VIOLATED)
   u_ctrl/u_aes/rkeys_reg[15]/synch_enable
                                0.05           0.00 r        -0.05  (VIOLATED)
   u_ctrl/u_aes/rkeys_reg[16]/synch_enable
                                0.05           0.00 r        -0.05  (VIOLATED)
   u_ctrl/u_aes/rkeys_reg[17]/synch_enable
                                0.05           0.00 r        -0.05  (VIOLATED)
   u_ctrl/u_aes/rkeys_reg[18]/synch_enable
                                0.05           0.00 r        -0.05  (VIOLATED)
   u_ctrl/u_aes/rkeys_reg[19]/synch_enable
                                0.05           0.00 r        -0.05  (VIOLATED)
   u_ctrl/u_aes/rkeys_reg[20]/synch_enable
                                0.05           0.00 r        -0.05  (VIOLATED)
   u_ctrl/u_aes/rkeys_reg[21]/synch_enable
                                0.05           0.00 r        -0.05  (VIOLATED)
   u_ctrl/u_aes/rkeys_reg[22]/synch_enable
                                0.05           0.00 r        -0.05  (VIOLATED)
   u_ctrl/u_aes/rkeys_reg[23]/synch_enable
                                0.05           0.00 r        -0.05  (VIOLATED)
   u_ctrl/u_aes/rkeys_reg[24]/synch_enable
                                0.05           0.00 r        -0.05  (VIOLATED)
   u_ctrl/u_aes/rkeys_reg[25]/synch_enable
                                0.05           0.00 r        -0.05  (VIOLATED)
   u_ctrl/u_aes/rkeys_reg[26]/synch_enable
                                0.05           0.00 r        -0.05  (VIOLATED)
   u_ctrl/u_aes/rkeys_reg[27]/synch_enable
                                0.05           0.00 r        -0.05  (VIOLATED)
   u_ctrl/u_aes/rkeys_reg[28]/synch_enable
                                0.05           0.00 r        -0.05  (VIOLATED)
   u_ctrl/u_aes/rkeys_reg[29]/synch_enable
                                0.05           0.00 r        -0.05  (VIOLATED)
   u_ctrl/u_aes/rkeys_reg[30]/synch_enable
                                0.05           0.00 r        -0.05  (VIOLATED)
   u_ctrl/u_aes/rkeys_reg[31]/synch_enable
                                0.05           0.00 r        -0.05  (VIOLATED)
   u_ctrl/u_aes/rkeys_reg[32]/synch_enable
                                0.05           0.00 r        -0.05  (VIOLATED)
   u_ctrl/u_aes/rkeys_reg[33]/synch_enable
                                0.05           0.00 r        -0.05  (VIOLATED)
   u_ctrl/u_aes/rkeys_reg[34]/synch_enable
                                0.05           0.00 r        -0.05  (VIOLATED)
   u_ctrl/u_aes/rkeys_reg[35]/synch_enable
                                0.05           0.00 r        -0.05  (VIOLATED)
   u_ctrl/u_aes/rkeys_reg[36]/synch_enable
                                0.05           0.00 r        -0.05  (VIOLATED)
   u_ctrl/u_aes/rkeys_reg[37]/synch_enable
                                0.05           0.00 r        -0.05  (VIOLATED)
   u_ctrl/u_aes/rkeys_reg[38]/synch_enable
                                0.05           0.00 r        -0.05  (VIOLATED)
   u_ctrl/u_aes/rkeys_reg[39]/synch_enable
                                0.05           0.00 r        -0.05  (VIOLATED)
   u_ctrl/u_aes/rkeys_reg[40]/synch_enable
                                0.05           0.00 r        -0.05  (VIOLATED)
   u_ctrl/u_aes/rkeys_reg[41]/synch_enable
                                0.05           0.00 r        -0.05  (VIOLATED)
   u_ctrl/u_aes/rkeys_reg[42]/synch_enable
                                0.05           0.00 r        -0.05  (VIOLATED)
   u_ctrl/u_aes/rkeys_reg[43]/synch_enable
                                0.05           0.00 r        -0.05  (VIOLATED)
   u_ctrl/u_aes/rkeys_reg[44]/synch_enable
                                0.05           0.00 r        -0.05  (VIOLATED)
   u_ctrl/u_aes/rkeys_reg[45]/synch_enable
                                0.05           0.00 r        -0.05  (VIOLATED)
   u_ctrl/u_aes/rkeys_reg[46]/synch_enable
                                0.05           0.00 r        -0.05  (VIOLATED)
   u_ctrl/u_aes/rkeys_reg[47]/synch_enable
                                0.05           0.00 r        -0.05  (VIOLATED)
   u_ctrl/u_aes/rkeys_reg[48]/synch_enable
                                0.05           0.00 r        -0.05  (VIOLATED)
   u_ctrl/u_aes/rkeys_reg[49]/synch_enable
                                0.05           0.00 r        -0.05  (VIOLATED)
   u_ctrl/u_aes/rkeys_reg[50]/synch_enable
                                0.05           0.00 r        -0.05  (VIOLATED)
   u_ctrl/u_aes/rkeys_reg[51]/synch_enable
                                0.05           0.00 r        -0.05  (VIOLATED)
   u_ctrl/u_aes/rkeys_reg[52]/synch_enable
                                0.05           0.00 r        -0.05  (VIOLATED)
   u_ctrl/u_aes/rkeys_reg[53]/synch_enable
                                0.05           0.00 r        -0.05  (VIOLATED)
   u_ctrl/u_aes/rkeys_reg[54]/synch_enable
                                0.05           0.00 r        -0.05  (VIOLATED)
   u_ctrl/u_aes/rkeys_reg[55]/synch_enable
                                0.05           0.00 r        -0.05  (VIOLATED)
   u_ctrl/u_aes/rkeys_reg[56]/synch_enable
                                0.05           0.00 r        -0.05  (VIOLATED)
   u_ctrl/u_aes/rkeys_reg[57]/synch_enable
                                0.05           0.00 r        -0.05  (VIOLATED)
   u_ctrl/u_aes/rkeys_reg[58]/synch_enable
                                0.05           0.00 r        -0.05  (VIOLATED)
   u_ctrl/u_aes/rkeys_reg[59]/synch_enable
                                0.05           0.00 r        -0.05  (VIOLATED)
   u_ctrl/u_aes/rkeys_reg[60]/synch_enable
                                0.05           0.00 r        -0.05  (VIOLATED)
   u_ctrl/u_aes/rkeys_reg[61]/synch_enable
                                0.05           0.00 r        -0.05  (VIOLATED)
   u_ctrl/u_aes/rkeys_reg[62]/synch_enable
                                0.05           0.00 r        -0.05  (VIOLATED)
   u_ctrl/u_aes/rkeys_reg[63]/synch_enable
                                0.05           0.00 r        -0.05  (VIOLATED)
   u_ctrl/u_aes/rkeys_reg[64]/synch_enable
                                0.05           0.00 r        -0.05  (VIOLATED)
   u_ctrl/u_aes/rkeys_reg[65]/synch_enable
                                0.05           0.00 r        -0.05  (VIOLATED)
   u_ctrl/u_aes/rkeys_reg[66]/synch_enable
                                0.05           0.00 r        -0.05  (VIOLATED)
   u_ctrl/u_aes/rkeys_reg[67]/synch_enable
                                0.05           0.00 r        -0.05  (VIOLATED)
   u_ctrl/u_aes/rkeys_reg[68]/synch_enable
                                0.05           0.00 r        -0.05  (VIOLATED)
   u_ctrl/u_aes/rkeys_reg[69]/synch_enable
                                0.05           0.00 r        -0.05  (VIOLATED)
   u_ctrl/u_aes/rkeys_reg[70]/synch_enable
                                0.05           0.00 r        -0.05  (VIOLATED)
   u_ctrl/u_aes/rkeys_reg[71]/synch_enable
                                0.05           0.00 r        -0.05  (VIOLATED)
   u_ctrl/u_aes/rkeys_reg[72]/synch_enable
                                0.05           0.00 r        -0.05  (VIOLATED)
   u_ctrl/u_aes/rkeys_reg[73]/synch_enable
                                0.05           0.00 r        -0.05  (VIOLATED)
   u_ctrl/u_aes/rkeys_reg[74]/synch_enable
                                0.05           0.00 r        -0.05  (VIOLATED)
   u_ctrl/u_aes/rkeys_reg[75]/synch_enable
                                0.05           0.00 r        -0.05  (VIOLATED)
   u_ctrl/u_aes/rkeys_reg[76]/synch_enable
                                0.05           0.00 r        -0.05  (VIOLATED)
   u_ctrl/u_aes/rkeys_reg[77]/synch_enable
                                0.05           0.00 r        -0.05  (VIOLATED)
   u_ctrl/u_aes/rkeys_reg[78]/synch_enable
                                0.05           0.00 r        -0.05  (VIOLATED)
   u_ctrl/u_aes/rkeys_reg[79]/synch_enable
                                0.05           0.00 r        -0.05  (VIOLATED)
   u_ctrl/u_aes/rkeys_reg[80]/synch_enable
                                0.05           0.00 r        -0.05  (VIOLATED)
   u_ctrl/u_aes/rkeys_reg[81]/synch_enable
                                0.05           0.00 r        -0.05  (VIOLATED)
   u_ctrl/u_aes/rkeys_reg[82]/synch_enable
                                0.05           0.00 r        -0.05  (VIOLATED)
   u_ctrl/u_aes/rkeys_reg[83]/synch_enable
                                0.05           0.00 r        -0.05  (VIOLATED)
   u_ctrl/u_aes/rkeys_reg[84]/synch_enable
                                0.05           0.00 r        -0.05  (VIOLATED)
   u_ctrl/u_aes/rkeys_reg[85]/synch_enable
                                0.05           0.00 r        -0.05  (VIOLATED)
   u_ctrl/u_aes/rkeys_reg[86]/synch_enable
                                0.05           0.00 r        -0.05  (VIOLATED)
   u_ctrl/u_aes/rkeys_reg[87]/synch_enable
                                0.05           0.00 r        -0.05  (VIOLATED)
   u_ctrl/u_aes/rkeys_reg[88]/synch_enable
                                0.05           0.00 r        -0.05  (VIOLATED)
   u_ctrl/u_aes/rkeys_reg[89]/synch_enable
                                0.05           0.00 r        -0.05  (VIOLATED)
   u_ctrl/u_aes/rkeys_reg[90]/synch_enable
                                0.05           0.00 r        -0.05  (VIOLATED)
   u_ctrl/u_aes/rkeys_reg[91]/synch_enable
                                0.05           0.00 r        -0.05  (VIOLATED)
   u_ctrl/u_aes/rkeys_reg[92]/synch_enable
                                0.05           0.00 r        -0.05  (VIOLATED)
   u_ctrl/u_aes/rkeys_reg[93]/synch_enable
                                0.05           0.00 r        -0.05  (VIOLATED)
   u_ctrl/u_aes/rkeys_reg[94]/synch_enable
                                0.05           0.00 r        -0.05  (VIOLATED)
   u_ctrl/u_aes/rkeys_reg[95]/synch_enable
                                0.05           0.00 r        -0.05  (VIOLATED)
   u_ctrl/u_aes/rkeys_reg[96]/synch_enable
                                0.05           0.00 r        -0.05  (VIOLATED)
   u_ctrl/u_aes/rkeys_reg[97]/synch_enable
                                0.05           0.00 r        -0.05  (VIOLATED)
   u_ctrl/u_aes/rkeys_reg[98]/synch_enable
                                0.05           0.00 r        -0.05  (VIOLATED)
   u_ctrl/u_aes/rkeys_reg[99]/synch_enable
                                0.05           0.00 r        -0.05  (VIOLATED)
   u_ctrl/u_aes/rkeys_reg[100]/synch_enable
                                0.05           0.00 r        -0.05  (VIOLATED)
   u_ctrl/u_aes/rkeys_reg[101]/synch_enable
                                0.05           0.00 r        -0.05  (VIOLATED)
   u_ctrl/u_aes/rkeys_reg[102]/synch_enable
                                0.05           0.00 r        -0.05  (VIOLATED)
   u_ctrl/u_aes/rkeys_reg[103]/synch_enable
                                0.05           0.00 r        -0.05  (VIOLATED)
   u_ctrl/u_aes/rkeys_reg[104]/synch_enable
                                0.05           0.00 r        -0.05  (VIOLATED)
   u_ctrl/u_aes/rkeys_reg[105]/synch_enable
                                0.05           0.00 r        -0.05  (VIOLATED)
   u_ctrl/u_aes/rkeys_reg[106]/synch_enable
                                0.05           0.00 r        -0.05  (VIOLATED)
   u_ctrl/u_aes/rkeys_reg[107]/synch_enable
                                0.05           0.00 r        -0.05  (VIOLATED)
   u_ctrl/u_aes/rkeys_reg[108]/synch_enable
                                0.05           0.00 r        -0.05  (VIOLATED)
   u_ctrl/u_aes/rkeys_reg[109]/synch_enable
                                0.05           0.00 r        -0.05  (VIOLATED)
   u_ctrl/u_aes/rkeys_reg[110]/synch_enable
                                0.05           0.00 r        -0.05  (VIOLATED)
   u_ctrl/u_aes/rkeys_reg[111]/synch_enable
                                0.05           0.00 r        -0.05  (VIOLATED)
   u_ctrl/u_aes/rkeys_reg[112]/synch_enable
                                0.05           0.00 r        -0.05  (VIOLATED)
   u_ctrl/u_aes/rkeys_reg[113]/synch_enable
                                0.05           0.00 r        -0.05  (VIOLATED)
   u_ctrl/u_aes/rkeys_reg[114]/synch_enable
                                0.05           0.00 r        -0.05  (VIOLATED)
   u_ctrl/u_aes/rkeys_reg[115]/synch_enable
                                0.05           0.00 r        -0.05  (VIOLATED)
   u_ctrl/u_aes/rkeys_reg[116]/synch_enable
                                0.05           0.00 r        -0.05  (VIOLATED)
   u_ctrl/u_aes/rkeys_reg[117]/synch_enable
                                0.05           0.00 r        -0.05  (VIOLATED)
   u_ctrl/u_aes/rkeys_reg[118]/synch_enable
                                0.05           0.00 r        -0.05  (VIOLATED)
   u_ctrl/u_aes/rkeys_reg[119]/synch_enable
                                0.05           0.00 r        -0.05  (VIOLATED)
   u_ctrl/u_aes/rkeys_reg[120]/synch_enable
                                0.05           0.00 r        -0.05  (VIOLATED)
   u_ctrl/u_aes/rkeys_reg[121]/synch_enable
                                0.05           0.00 r        -0.05  (VIOLATED)
   u_ctrl/u_aes/rkeys_reg[122]/synch_enable
                                0.05           0.00 r        -0.05  (VIOLATED)
   u_ctrl/u_aes/rkeys_reg[123]/synch_enable
                                0.05           0.00 r        -0.05  (VIOLATED)
   u_ctrl/u_aes/rkeys_reg[124]/synch_enable
                                0.05           0.00 r        -0.05  (VIOLATED)
   u_ctrl/u_aes/rkeys_reg[125]/synch_enable
                                0.05           0.00 r        -0.05  (VIOLATED)
   u_ctrl/u_aes/rkeys_reg[126]/synch_enable
                                0.05           0.00 r        -0.05  (VIOLATED)
   u_ctrl/u_aes/rkeys_reg[127]/synch_enable
                                0.05           0.00 r        -0.05  (VIOLATED)
   u_ctrl/u_aes/rkeys_reg[128]/synch_enable
                                0.05           0.00 r        -0.05  (VIOLATED)
   u_ctrl/u_aes/rkeys_reg[129]/synch_enable
                                0.05           0.00 r        -0.05  (VIOLATED)
   u_ctrl/u_aes/rkeys_reg[130]/synch_enable
                                0.05           0.00 r        -0.05  (VIOLATED)
   u_ctrl/u_aes/rkeys_reg[131]/synch_enable
                                0.05           0.00 r        -0.05  (VIOLATED)
   u_ctrl/u_aes/rkeys_reg[132]/synch_enable
                                0.05           0.00 r        -0.05  (VIOLATED)
   u_ctrl/u_aes/rkeys_reg[133]/synch_enable
                                0.05           0.00 r        -0.05  (VIOLATED)
   u_ctrl/u_aes/rkeys_reg[134]/synch_enable
                                0.05           0.00 r        -0.05  (VIOLATED)
   u_ctrl/u_aes/rkeys_reg[135]/synch_enable
                                0.05           0.00 r        -0.05  (VIOLATED)
   u_ctrl/u_aes/rkeys_reg[136]/synch_enable
                                0.05           0.00 r        -0.05  (VIOLATED)
   u_ctrl/u_aes/rkeys_reg[137]/synch_enable
                                0.05           0.00 r        -0.05  (VIOLATED)
   u_ctrl/u_aes/rkeys_reg[138]/synch_enable
                                0.05           0.00 r        -0.05  (VIOLATED)
   u_ctrl/u_aes/rkeys_reg[139]/synch_enable
                                0.05           0.00 r        -0.05  (VIOLATED)
   u_ctrl/u_aes/rkeys_reg[140]/synch_enable
                                0.05           0.00 r        -0.05  (VIOLATED)
   u_ctrl/u_aes/rkeys_reg[141]/synch_enable
                                0.05           0.00 r        -0.05  (VIOLATED)
   u_ctrl/u_aes/rkeys_reg[142]/synch_enable
                                0.05           0.00 r        -0.05  (VIOLATED)
   u_ctrl/u_aes/rkeys_reg[143]/synch_enable
                                0.05           0.00 r        -0.05  (VIOLATED)
   u_ctrl/u_aes/rkeys_reg[144]/synch_enable
                                0.05           0.00 r        -0.05  (VIOLATED)
   u_ctrl/u_aes/rkeys_reg[145]/synch_enable
                                0.05           0.00 r        -0.05  (VIOLATED)
   u_ctrl/u_aes/rkeys_reg[146]/synch_enable
                                0.05           0.00 r        -0.05  (VIOLATED)
   u_ctrl/u_aes/rkeys_reg[147]/synch_enable
                                0.05           0.00 r        -0.05  (VIOLATED)
   u_ctrl/u_aes/rkeys_reg[148]/synch_enable
                                0.05           0.00 r        -0.05  (VIOLATED)
   u_ctrl/u_aes/rkeys_reg[149]/synch_enable
                                0.05           0.00 r        -0.05  (VIOLATED)
   u_ctrl/u_aes/rkeys_reg[150]/synch_enable
                                0.05           0.00 r        -0.05  (VIOLATED)
   u_ctrl/u_aes/rkeys_reg[151]/synch_enable
                                0.05           0.00 r        -0.05  (VIOLATED)
   u_ctrl/u_aes/rkeys_reg[152]/synch_enable
                                0.05           0.00 r        -0.05  (VIOLATED)
   u_ctrl/u_aes/rkeys_reg[153]/synch_enable
                                0.05           0.00 r        -0.05  (VIOLATED)
   u_ctrl/u_aes/rkeys_reg[154]/synch_enable
                                0.05           0.00 r        -0.05  (VIOLATED)
   u_ctrl/u_aes/rkeys_reg[155]/synch_enable
                                0.05           0.00 r        -0.05  (VIOLATED)
   u_ctrl/u_aes/rkeys_reg[156]/synch_enable
                                0.05           0.00 r        -0.05  (VIOLATED)
   u_ctrl/u_aes/rkeys_reg[157]/synch_enable
                                0.05           0.00 r        -0.05  (VIOLATED)
   u_ctrl/u_aes/rkeys_reg[158]/synch_enable
                                0.05           0.00 r        -0.05  (VIOLATED)
   u_ctrl/u_aes/rkeys_reg[159]/synch_enable
                                0.05           0.00 r        -0.05  (VIOLATED)
   u_ctrl/u_aes/rkeys_reg[160]/synch_enable
                                0.05           0.00 r        -0.05  (VIOLATED)
   u_ctrl/u_aes/rkeys_reg[161]/synch_enable
                                0.05           0.00 r        -0.05  (VIOLATED)
   u_ctrl/u_aes/rkeys_reg[162]/synch_enable
                                0.05           0.00 r        -0.05  (VIOLATED)
   u_ctrl/u_aes/rkeys_reg[163]/synch_enable
                                0.05           0.00 r        -0.05  (VIOLATED)
   u_ctrl/u_aes/rkeys_reg[164]/synch_enable
                                0.05           0.00 r        -0.05  (VIOLATED)
   u_ctrl/u_aes/rkeys_reg[165]/synch_enable
                                0.05           0.00 r        -0.05  (VIOLATED)
   u_ctrl/u_aes/rkeys_reg[166]/synch_enable
                                0.05           0.00 r        -0.05  (VIOLATED)
   u_ctrl/u_aes/rkeys_reg[167]/synch_enable
                                0.05           0.00 r        -0.05  (VIOLATED)
   u_ctrl/u_aes/rkeys_reg[168]/synch_enable
                                0.05           0.00 r        -0.05  (VIOLATED)
   u_ctrl/u_aes/rkeys_reg[169]/synch_enable
                                0.05           0.00 r        -0.05  (VIOLATED)
   u_ctrl/u_aes/rkeys_reg[170]/synch_enable
                                0.05           0.00 r        -0.05  (VIOLATED)
   u_ctrl/u_aes/rkeys_reg[171]/synch_enable
                                0.05           0.00 r        -0.05  (VIOLATED)
   u_ctrl/u_aes/rkeys_reg[172]/synch_enable
                                0.05           0.00 r        -0.05  (VIOLATED)
   u_ctrl/u_aes/rkeys_reg[173]/synch_enable
                                0.05           0.00 r        -0.05  (VIOLATED)
   u_ctrl/u_aes/rkeys_reg[174]/synch_enable
                                0.05           0.00 r        -0.05  (VIOLATED)
   u_ctrl/u_aes/rkeys_reg[175]/synch_enable
                                0.05           0.00 r        -0.05  (VIOLATED)
   u_ctrl/u_aes/rkeys_reg[176]/synch_enable
                                0.05           0.00 r        -0.05  (VIOLATED)
   u_ctrl/u_aes/rkeys_reg[177]/synch_enable
                                0.05           0.00 r        -0.05  (VIOLATED)
   u_ctrl/u_aes/rkeys_reg[178]/synch_enable
                                0.05           0.00 r        -0.05  (VIOLATED)
   u_ctrl/u_aes/rkeys_reg[179]/synch_enable
                                0.05           0.00 r        -0.05  (VIOLATED)
   u_ctrl/u_aes/rkeys_reg[180]/synch_enable
                                0.05           0.00 r        -0.05  (VIOLATED)
   u_ctrl/u_aes/rkeys_reg[181]/synch_enable
                                0.05           0.00 r        -0.05  (VIOLATED)
   u_ctrl/u_aes/rkeys_reg[182]/synch_enable
                                0.05           0.00 r        -0.05  (VIOLATED)
   u_ctrl/u_aes/rkeys_reg[183]/synch_enable
                                0.05           0.00 r        -0.05  (VIOLATED)
   u_ctrl/u_aes/rkeys_reg[184]/synch_enable
                                0.05           0.00 r        -0.05  (VIOLATED)
   u_ctrl/u_aes/rkeys_reg[185]/synch_enable
                                0.05           0.00 r        -0.05  (VIOLATED)
   u_ctrl/u_aes/rkeys_reg[186]/synch_enable
                                0.05           0.00 r        -0.05  (VIOLATED)
   u_ctrl/u_aes/rkeys_reg[187]/synch_enable
                                0.05           0.00 r        -0.05  (VIOLATED)
   u_ctrl/u_aes/rkeys_reg[188]/synch_enable
                                0.05           0.00 r        -0.05  (VIOLATED)
   u_ctrl/u_aes/rkeys_reg[189]/synch_enable
                                0.05           0.00 r        -0.05  (VIOLATED)
   u_ctrl/u_aes/rkeys_reg[190]/synch_enable
                                0.05           0.00 r        -0.05  (VIOLATED)
   u_ctrl/u_aes/rkeys_reg[191]/synch_enable
                                0.05           0.00 r        -0.05  (VIOLATED)
   u_ctrl/u_aes/rkeys_reg[192]/synch_enable
                                0.05           0.00 r        -0.05  (VIOLATED)
   u_ctrl/u_aes/rkeys_reg[193]/synch_enable
                                0.05           0.00 r        -0.05  (VIOLATED)
   u_ctrl/u_aes/rkeys_reg[194]/synch_enable
                                0.05           0.00 r        -0.05  (VIOLATED)
   u_ctrl/u_aes/rkeys_reg[195]/synch_enable
                                0.05           0.00 r        -0.05  (VIOLATED)
   u_ctrl/u_aes/rkeys_reg[196]/synch_enable
                                0.05           0.00 r        -0.05  (VIOLATED)
   u_ctrl/u_aes/rkeys_reg[197]/synch_enable
                                0.05           0.00 r        -0.05  (VIOLATED)
   u_ctrl/u_aes/rkeys_reg[198]/synch_enable
                                0.05           0.00 r        -0.05  (VIOLATED)
   u_ctrl/u_aes/rkeys_reg[199]/synch_enable
                                0.05           0.00 r        -0.05  (VIOLATED)
   u_ctrl/u_aes/rkeys_reg[200]/synch_enable
                                0.05           0.00 r        -0.05  (VIOLATED)
   u_ctrl/u_aes/rkeys_reg[201]/synch_enable
                                0.05           0.00 r        -0.05  (VIOLATED)
   u_ctrl/u_aes/rkeys_reg[202]/synch_enable
                                0.05           0.00 r        -0.05  (VIOLATED)
   u_ctrl/u_aes/rkeys_reg[203]/synch_enable
                                0.05           0.00 r        -0.05  (VIOLATED)
   u_ctrl/u_aes/rkeys_reg[204]/synch_enable
                                0.05           0.00 r        -0.05  (VIOLATED)
   u_ctrl/u_aes/rkeys_reg[205]/synch_enable
                                0.05           0.00 r        -0.05  (VIOLATED)
   u_ctrl/u_aes/rkeys_reg[206]/synch_enable
                                0.05           0.00 r        -0.05  (VIOLATED)
   u_ctrl/u_aes/rkeys_reg[207]/synch_enable
                                0.05           0.00 r        -0.05  (VIOLATED)
   u_ctrl/u_aes/rkeys_reg[208]/synch_enable
                                0.05           0.00 r        -0.05  (VIOLATED)
   u_ctrl/u_aes/rkeys_reg[209]/synch_enable
                                0.05           0.00 r        -0.05  (VIOLATED)
   u_ctrl/u_aes/rkeys_reg[210]/synch_enable
                                0.05           0.00 r        -0.05  (VIOLATED)
   u_ctrl/u_aes/rkeys_reg[211]/synch_enable
                                0.05           0.00 r        -0.05  (VIOLATED)
   u_ctrl/u_aes/rkeys_reg[212]/synch_enable
                                0.05           0.00 r        -0.05  (VIOLATED)
   u_ctrl/u_aes/rkeys_reg[213]/synch_enable
                                0.05           0.00 r        -0.05  (VIOLATED)
   u_ctrl/u_aes/rkeys_reg[214]/synch_enable
                                0.05           0.00 r        -0.05  (VIOLATED)
   u_ctrl/u_aes/rkeys_reg[215]/synch_enable
                                0.05           0.00 r        -0.05  (VIOLATED)
   u_ctrl/u_aes/rkeys_reg[216]/synch_enable
                                0.05           0.00 r        -0.05  (VIOLATED)
   u_ctrl/u_aes/rkeys_reg[217]/synch_enable
                                0.05           0.00 r        -0.05  (VIOLATED)
   u_ctrl/u_aes/rkeys_reg[218]/synch_enable
                                0.05           0.00 r        -0.05  (VIOLATED)
   u_ctrl/u_aes/rkeys_reg[219]/synch_enable
                                0.05           0.00 r        -0.05  (VIOLATED)
   u_ctrl/u_aes/rkeys_reg[220]/synch_enable
                                0.05           0.00 r        -0.05  (VIOLATED)
   u_ctrl/u_aes/rkeys_reg[221]/synch_enable
                                0.05           0.00 r        -0.05  (VIOLATED)
   u_ctrl/u_aes/rkeys_reg[222]/synch_enable
                                0.05           0.00 r        -0.05  (VIOLATED)
   u_ctrl/u_aes/rkeys_reg[223]/synch_enable
                                0.05           0.00 r        -0.05  (VIOLATED)
   u_ctrl/u_aes/rkeys_reg[224]/synch_enable
                                0.05           0.00 r        -0.05  (VIOLATED)
   u_ctrl/u_aes/rkeys_reg[225]/synch_enable
                                0.05           0.00 r        -0.05  (VIOLATED)
   u_ctrl/u_aes/rkeys_reg[226]/synch_enable
                                0.05           0.00 r        -0.05  (VIOLATED)
   u_ctrl/u_aes/rkeys_reg[227]/synch_enable
                                0.05           0.00 r        -0.05  (VIOLATED)
   u_ctrl/u_aes/rkeys_reg[228]/synch_enable
                                0.05           0.00 r        -0.05  (VIOLATED)
   u_ctrl/u_aes/rkeys_reg[229]/synch_enable
                                0.05           0.00 r        -0.05  (VIOLATED)
   u_ctrl/u_aes/rkeys_reg[230]/synch_enable
                                0.05           0.00 r        -0.05  (VIOLATED)
   u_ctrl/u_aes/rkeys_reg[231]/synch_enable
                                0.05           0.00 r        -0.05  (VIOLATED)
   u_ctrl/u_aes/rkeys_reg[232]/synch_enable
                                0.05           0.00 r        -0.05  (VIOLATED)
   u_ctrl/u_aes/rkeys_reg[233]/synch_enable
                                0.05           0.00 r        -0.05  (VIOLATED)
   u_ctrl/u_aes/rkeys_reg[234]/synch_enable
                                0.05           0.00 r        -0.05  (VIOLATED)
   u_ctrl/u_aes/rkeys_reg[235]/synch_enable
                                0.05           0.00 r        -0.05  (VIOLATED)
   u_ctrl/u_aes/rkeys_reg[236]/synch_enable
                                0.05           0.00 r        -0.05  (VIOLATED)
   u_ctrl/u_aes/rkeys_reg[237]/synch_enable
                                0.05           0.00 r        -0.05  (VIOLATED)
   u_ctrl/u_aes/rkeys_reg[238]/synch_enable
                                0.05           0.00 r        -0.05  (VIOLATED)
   u_ctrl/u_aes/rkeys_reg[239]/synch_enable
                                0.05           0.00 r        -0.05  (VIOLATED)
   u_ctrl/u_aes/rkeys_reg[240]/synch_enable
                                0.05           0.00 r        -0.05  (VIOLATED)
   u_ctrl/u_aes/rkeys_reg[241]/synch_enable
                                0.05           0.00 r        -0.05  (VIOLATED)
   u_ctrl/u_aes/rkeys_reg[242]/synch_enable
                                0.05           0.00 r        -0.05  (VIOLATED)
   u_ctrl/u_aes/rkeys_reg[243]/synch_enable
                                0.05           0.00 r        -0.05  (VIOLATED)
   u_ctrl/u_aes/rkeys_reg[244]/synch_enable
                                0.05           0.00 r        -0.05  (VIOLATED)
   u_ctrl/u_aes/rkeys_reg[245]/synch_enable
                                0.05           0.00 r        -0.05  (VIOLATED)
   u_ctrl/u_aes/rkeys_reg[246]/synch_enable
                                0.05           0.00 r        -0.05  (VIOLATED)
   u_ctrl/u_aes/rkeys_reg[247]/synch_enable
                                0.05           0.00 r        -0.05  (VIOLATED)
   u_ctrl/u_aes/rkeys_reg[248]/synch_enable
                                0.05           0.00 r        -0.05  (VIOLATED)
   u_ctrl/u_aes/rkeys_reg[249]/synch_enable
                                0.05           0.00 r        -0.05  (VIOLATED)
   u_ctrl/u_aes/rkeys_reg[250]/synch_enable
                                0.05           0.00 r        -0.05  (VIOLATED)
   u_ctrl/u_aes/rkeys_reg[251]/synch_enable
                                0.05           0.00 r        -0.05  (VIOLATED)
   u_ctrl/u_aes/rkeys_reg[252]/synch_enable
                                0.05           0.00 r        -0.05  (VIOLATED)
   u_ctrl/u_aes/rkeys_reg[253]/synch_enable
                                0.05           0.00 r        -0.05  (VIOLATED)
   u_ctrl/u_aes/rkeys_reg[254]/synch_enable
                                0.05           0.00 r        -0.05  (VIOLATED)
   u_ctrl/u_aes/rkeys_reg[255]/synch_enable
                                0.05           0.00 r        -0.05  (VIOLATED)
   u_ctrl/u_aes/rkeys_reg[256]/synch_enable
                                0.05           0.00 r        -0.05  (VIOLATED)
   u_ctrl/u_aes/rkeys_reg[257]/synch_enable
                                0.05           0.00 r        -0.05  (VIOLATED)
   u_ctrl/u_aes/rkeys_reg[258]/synch_enable
                                0.05           0.00 r        -0.05  (VIOLATED)
   u_ctrl/u_aes/rkeys_reg[259]/synch_enable
                                0.05           0.00 r        -0.05  (VIOLATED)
   u_ctrl/u_aes/rkeys_reg[260]/synch_enable
                                0.05           0.00 r        -0.05  (VIOLATED)
   u_ctrl/u_aes/rkeys_reg[261]/synch_enable
                                0.05           0.00 r        -0.05  (VIOLATED)
   u_ctrl/u_aes/rkeys_reg[262]/synch_enable
                                0.05           0.00 r        -0.05  (VIOLATED)
   u_ctrl/u_aes/rkeys_reg[263]/synch_enable
                                0.05           0.00 r        -0.05  (VIOLATED)
   u_ctrl/u_aes/rkeys_reg[264]/synch_enable
                                0.05           0.00 r        -0.05  (VIOLATED)
   u_ctrl/u_aes/rkeys_reg[265]/synch_enable
                                0.05           0.00 r        -0.05  (VIOLATED)
   u_ctrl/u_aes/rkeys_reg[266]/synch_enable
                                0.05           0.00 r        -0.05  (VIOLATED)
   u_ctrl/u_aes/rkeys_reg[267]/synch_enable
                                0.05           0.00 r        -0.05  (VIOLATED)
   u_ctrl/u_aes/rkeys_reg[268]/synch_enable
                                0.05           0.00 r        -0.05  (VIOLATED)
   u_ctrl/u_aes/rkeys_reg[269]/synch_enable
                                0.05           0.00 r        -0.05  (VIOLATED)
   u_ctrl/u_aes/rkeys_reg[270]/synch_enable
                                0.05           0.00 r        -0.05  (VIOLATED)
   u_ctrl/u_aes/rkeys_reg[271]/synch_enable
                                0.05           0.00 r        -0.05  (VIOLATED)
   u_ctrl/u_aes/rkeys_reg[272]/synch_enable
                                0.05           0.00 r        -0.05  (VIOLATED)
   u_ctrl/u_aes/rkeys_reg[273]/synch_enable
                                0.05           0.00 r        -0.05  (VIOLATED)
   u_ctrl/u_aes/rkeys_reg[274]/synch_enable
                                0.05           0.00 r        -0.05  (VIOLATED)
   u_ctrl/u_aes/rkeys_reg[275]/synch_enable
                                0.05           0.00 r        -0.05  (VIOLATED)
   u_ctrl/u_aes/rkeys_reg[276]/synch_enable
                                0.05           0.00 r        -0.05  (VIOLATED)
   u_ctrl/u_aes/rkeys_reg[277]/synch_enable
                                0.05           0.00 r        -0.05  (VIOLATED)
   u_ctrl/u_aes/rkeys_reg[278]/synch_enable
                                0.05           0.00 r        -0.05  (VIOLATED)
   u_ctrl/u_aes/rkeys_reg[279]/synch_enable
                                0.05           0.00 r        -0.05  (VIOLATED)
   u_ctrl/u_aes/rkeys_reg[280]/synch_enable
                                0.05           0.00 r        -0.05  (VIOLATED)
   u_ctrl/u_aes/rkeys_reg[281]/synch_enable
                                0.05           0.00 r        -0.05  (VIOLATED)
   u_ctrl/u_aes/rkeys_reg[282]/synch_enable
                                0.05           0.00 r        -0.05  (VIOLATED)
   u_ctrl/u_aes/rkeys_reg[283]/synch_enable
                                0.05           0.00 r        -0.05  (VIOLATED)
   u_ctrl/u_aes/rkeys_reg[284]/synch_enable
                                0.05           0.00 r        -0.05  (VIOLATED)
   u_ctrl/u_aes/rkeys_reg[285]/synch_enable
                                0.05           0.00 r        -0.05  (VIOLATED)
   u_ctrl/u_aes/rkeys_reg[286]/synch_enable
                                0.05           0.00 r        -0.05  (VIOLATED)
   u_ctrl/u_aes/rkeys_reg[287]/synch_enable
                                0.05           0.00 r        -0.05  (VIOLATED)
   u_ctrl/u_aes/rkeys_reg[288]/synch_enable
                                0.05           0.00 r        -0.05  (VIOLATED)
   u_ctrl/u_aes/rkeys_reg[289]/synch_enable
                                0.05           0.00 r        -0.05  (VIOLATED)
   u_ctrl/u_aes/rkeys_reg[290]/synch_enable
                                0.05           0.00 r        -0.05  (VIOLATED)
   u_ctrl/u_aes/rkeys_reg[291]/synch_enable
                                0.05           0.00 r        -0.05  (VIOLATED)
   u_ctrl/u_aes/rkeys_reg[292]/synch_enable
                                0.05           0.00 r        -0.05  (VIOLATED)
   u_ctrl/u_aes/rkeys_reg[293]/synch_enable
                                0.05           0.00 r        -0.05  (VIOLATED)
   u_ctrl/u_aes/rkeys_reg[294]/synch_enable
                                0.05           0.00 r        -0.05  (VIOLATED)
   u_ctrl/u_aes/rkeys_reg[295]/synch_enable
                                0.05           0.00 r        -0.05  (VIOLATED)
   u_ctrl/u_aes/rkeys_reg[296]/synch_enable
                                0.05           0.00 r        -0.05  (VIOLATED)
   u_ctrl/u_aes/rkeys_reg[297]/synch_enable
                                0.05           0.00 r        -0.05  (VIOLATED)
   u_ctrl/u_aes/rkeys_reg[298]/synch_enable
                                0.05           0.00 r        -0.05  (VIOLATED)
   u_ctrl/u_aes/rkeys_reg[299]/synch_enable
                                0.05           0.00 r        -0.05  (VIOLATED)
   u_ctrl/u_aes/rkeys_reg[300]/synch_enable
                                0.05           0.00 r        -0.05  (VIOLATED)
   u_ctrl/u_aes/rkeys_reg[301]/synch_enable
                                0.05           0.00 r        -0.05  (VIOLATED)
   u_ctrl/u_aes/rkeys_reg[302]/synch_enable
                                0.05           0.00 r        -0.05  (VIOLATED)
   u_ctrl/u_aes/rkeys_reg[303]/synch_enable
                                0.05           0.00 r        -0.05  (VIOLATED)
   u_ctrl/u_aes/rkeys_reg[304]/synch_enable
                                0.05           0.00 r        -0.05  (VIOLATED)
   u_ctrl/u_aes/rkeys_reg[305]/synch_enable
                                0.05           0.00 r        -0.05  (VIOLATED)
   u_ctrl/u_aes/rkeys_reg[306]/synch_enable
                                0.05           0.00 r        -0.05  (VIOLATED)
   u_ctrl/u_aes/rkeys_reg[307]/synch_enable
                                0.05           0.00 r        -0.05  (VIOLATED)
   u_ctrl/u_aes/rkeys_reg[308]/synch_enable
                                0.05           0.00 r        -0.05  (VIOLATED)
   u_ctrl/u_aes/rkeys_reg[309]/synch_enable
                                0.05           0.00 r        -0.05  (VIOLATED)
   u_ctrl/u_aes/rkeys_reg[310]/synch_enable
                                0.05           0.00 r        -0.05  (VIOLATED)
   u_ctrl/u_aes/rkeys_reg[311]/synch_enable
                                0.05           0.00 r        -0.05  (VIOLATED)
   u_ctrl/u_aes/rkeys_reg[312]/synch_enable
                                0.05           0.00 r        -0.05  (VIOLATED)
   u_ctrl/u_aes/rkeys_reg[313]/synch_enable
                                0.05           0.00 r        -0.05  (VIOLATED)
   u_ctrl/u_aes/rkeys_reg[314]/synch_enable
                                0.05           0.00 r        -0.05  (VIOLATED)
   u_ctrl/u_aes/rkeys_reg[315]/synch_enable
                                0.05           0.00 r        -0.05  (VIOLATED)
   u_ctrl/u_aes/rkeys_reg[316]/synch_enable
                                0.05           0.00 r        -0.05  (VIOLATED)
   u_ctrl/u_aes/rkeys_reg[317]/synch_enable
                                0.05           0.00 r        -0.05  (VIOLATED)
   u_ctrl/u_aes/rkeys_reg[318]/synch_enable
                                0.05           0.00 r        -0.05  (VIOLATED)
   u_ctrl/u_aes/rkeys_reg[319]/synch_enable
                                0.05           0.00 r        -0.05  (VIOLATED)
   u_ctrl/u_aes/rkeys_reg[320]/synch_enable
                                0.05           0.00 r        -0.05  (VIOLATED)
   u_ctrl/u_aes/rkeys_reg[321]/synch_enable
                                0.05           0.00 r        -0.05  (VIOLATED)
   u_ctrl/u_aes/rkeys_reg[322]/synch_enable
                                0.05           0.00 r        -0.05  (VIOLATED)
   u_ctrl/u_aes/rkeys_reg[323]/synch_enable
                                0.05           0.00 r        -0.05  (VIOLATED)
   u_ctrl/u_aes/rkeys_reg[324]/synch_enable
                                0.05           0.00 r        -0.05  (VIOLATED)
   u_ctrl/u_aes/rkeys_reg[325]/synch_enable
                                0.05           0.00 r        -0.05  (VIOLATED)
   u_ctrl/u_aes/rkeys_reg[326]/synch_enable
                                0.05           0.00 r        -0.05  (VIOLATED)
   u_ctrl/u_aes/rkeys_reg[327]/synch_enable
                                0.05           0.00 r        -0.05  (VIOLATED)
   u_ctrl/u_aes/rkeys_reg[328]/synch_enable
                                0.05           0.00 r        -0.05  (VIOLATED)
   u_ctrl/u_aes/rkeys_reg[329]/synch_enable
                                0.05           0.00 r        -0.05  (VIOLATED)
   u_ctrl/u_aes/rkeys_reg[330]/synch_enable
                                0.05           0.00 r        -0.05  (VIOLATED)
   u_ctrl/u_aes/rkeys_reg[331]/synch_enable
                                0.05           0.00 r        -0.05  (VIOLATED)
   u_ctrl/u_aes/rkeys_reg[332]/synch_enable
                                0.05           0.00 r        -0.05  (VIOLATED)
   u_ctrl/u_aes/rkeys_reg[333]/synch_enable
                                0.05           0.00 r        -0.05  (VIOLATED)
   u_ctrl/u_aes/rkeys_reg[334]/synch_enable
                                0.05           0.00 r        -0.05  (VIOLATED)
   u_ctrl/u_aes/rkeys_reg[335]/synch_enable
                                0.05           0.00 r        -0.05  (VIOLATED)
   u_ctrl/u_aes/rkeys_reg[336]/synch_enable
                                0.05           0.00 r        -0.05  (VIOLATED)
   u_ctrl/u_aes/rkeys_reg[337]/synch_enable
                                0.05           0.00 r        -0.05  (VIOLATED)
   u_ctrl/u_aes/rkeys_reg[338]/synch_enable
                                0.05           0.00 r        -0.05  (VIOLATED)
   u_ctrl/u_aes/rkeys_reg[339]/synch_enable
                                0.05           0.00 r        -0.05  (VIOLATED)
   u_ctrl/u_aes/rkeys_reg[340]/synch_enable
                                0.05           0.00 r        -0.05  (VIOLATED)
   u_ctrl/u_aes/rkeys_reg[341]/synch_enable
                                0.05           0.00 r        -0.05  (VIOLATED)
   u_ctrl/u_aes/rkeys_reg[342]/synch_enable
                                0.05           0.00 r        -0.05  (VIOLATED)
   u_ctrl/u_aes/rkeys_reg[343]/synch_enable
                                0.05           0.00 r        -0.05  (VIOLATED)
   u_ctrl/u_aes/rkeys_reg[344]/synch_enable
                                0.05           0.00 r        -0.05  (VIOLATED)
   u_ctrl/u_aes/rkeys_reg[345]/synch_enable
                                0.05           0.00 r        -0.05  (VIOLATED)
   u_ctrl/u_aes/rkeys_reg[346]/synch_enable
                                0.05           0.00 r        -0.05  (VIOLATED)
   u_ctrl/u_aes/rkeys_reg[347]/synch_enable
                                0.05           0.00 r        -0.05  (VIOLATED)
   u_ctrl/u_aes/rkeys_reg[348]/synch_enable
                                0.05           0.00 r        -0.05  (VIOLATED)
   u_ctrl/u_aes/rkeys_reg[349]/synch_enable
                                0.05           0.00 r        -0.05  (VIOLATED)
   u_ctrl/u_aes/rkeys_reg[350]/synch_enable
                                0.05           0.00 r        -0.05  (VIOLATED)
   u_ctrl/u_aes/rkeys_reg[351]/synch_enable
                                0.05           0.00 r        -0.05  (VIOLATED)
   u_ctrl/u_aes/rkeys_reg[352]/synch_enable
                                0.05           0.00 r        -0.05  (VIOLATED)
   u_ctrl/u_aes/rkeys_reg[353]/synch_enable
                                0.05           0.00 r        -0.05  (VIOLATED)
   u_ctrl/u_aes/rkeys_reg[354]/synch_enable
                                0.05           0.00 r        -0.05  (VIOLATED)
   u_ctrl/u_aes/rkeys_reg[355]/synch_enable
                                0.05           0.00 r        -0.05  (VIOLATED)
   u_ctrl/u_aes/rkeys_reg[356]/synch_enable
                                0.05           0.00 r        -0.05  (VIOLATED)
   u_ctrl/u_aes/rkeys_reg[357]/synch_enable
                                0.05           0.00 r        -0.05  (VIOLATED)
   u_ctrl/u_aes/rkeys_reg[358]/synch_enable
                                0.05           0.00 r        -0.05  (VIOLATED)
   u_ctrl/u_aes/rkeys_reg[359]/synch_enable
                                0.05           0.00 r        -0.05  (VIOLATED)
   u_ctrl/u_aes/rkeys_reg[360]/synch_enable
                                0.05           0.00 r        -0.05  (VIOLATED)
   u_ctrl/u_aes/rkeys_reg[361]/synch_enable
                                0.05           0.00 r        -0.05  (VIOLATED)
   u_ctrl/u_aes/rkeys_reg[362]/synch_enable
                                0.05           0.00 r        -0.05  (VIOLATED)
   u_ctrl/u_aes/rkeys_reg[363]/synch_enable
                                0.05           0.00 r        -0.05  (VIOLATED)
   u_ctrl/u_aes/rkeys_reg[364]/synch_enable
                                0.05           0.00 r        -0.05  (VIOLATED)
   u_ctrl/u_aes/rkeys_reg[365]/synch_enable
                                0.05           0.00 r        -0.05  (VIOLATED)
   u_ctrl/u_aes/rkeys_reg[366]/synch_enable
                                0.05           0.00 r        -0.05  (VIOLATED)
   u_ctrl/u_aes/rkeys_reg[367]/synch_enable
                                0.05           0.00 r        -0.05  (VIOLATED)
   u_ctrl/u_aes/rkeys_reg[368]/synch_enable
                                0.05           0.00 r        -0.05  (VIOLATED)
   u_ctrl/u_aes/rkeys_reg[369]/synch_enable
                                0.05           0.00 r        -0.05  (VIOLATED)
   u_ctrl/u_aes/rkeys_reg[370]/synch_enable
                                0.05           0.00 r        -0.05  (VIOLATED)
   u_ctrl/u_aes/rkeys_reg[371]/synch_enable
                                0.05           0.00 r        -0.05  (VIOLATED)
   u_ctrl/u_aes/rkeys_reg[372]/synch_enable
                                0.05           0.00 r        -0.05  (VIOLATED)
   u_ctrl/u_aes/rkeys_reg[373]/synch_enable
                                0.05           0.00 r        -0.05  (VIOLATED)
   u_ctrl/u_aes/rkeys_reg[374]/synch_enable
                                0.05           0.00 r        -0.05  (VIOLATED)
   u_ctrl/u_aes/rkeys_reg[375]/synch_enable
                                0.05           0.00 r        -0.05  (VIOLATED)
   u_ctrl/u_aes/rkeys_reg[376]/synch_enable
                                0.05           0.00 r        -0.05  (VIOLATED)
   u_ctrl/u_aes/rkeys_reg[377]/synch_enable
                                0.05           0.00 r        -0.05  (VIOLATED)
   u_ctrl/u_aes/rkeys_reg[378]/synch_enable
                                0.05           0.00 r        -0.05  (VIOLATED)
   u_ctrl/u_aes/rkeys_reg[379]/synch_enable
                                0.05           0.00 r        -0.05  (VIOLATED)
   u_ctrl/u_aes/rkeys_reg[380]/synch_enable
                                0.05           0.00 r        -0.05  (VIOLATED)
   u_ctrl/u_aes/rkeys_reg[381]/synch_enable
                                0.05           0.00 r        -0.05  (VIOLATED)
   u_ctrl/u_aes/rkeys_reg[382]/synch_enable
                                0.05           0.00 r        -0.05  (VIOLATED)
   u_ctrl/u_aes/rkeys_reg[383]/synch_enable
                                0.05           0.00 r        -0.05  (VIOLATED)
   u_ctrl/u_aes/rkeys_reg[384]/synch_enable
                                0.05           0.00 r        -0.05  (VIOLATED)
   u_ctrl/u_aes/rkeys_reg[385]/synch_enable
                                0.05           0.00 r        -0.05  (VIOLATED)
   u_ctrl/u_aes/rkeys_reg[386]/synch_enable
                                0.05           0.00 r        -0.05  (VIOLATED)
   u_ctrl/u_aes/rkeys_reg[387]/synch_enable
                                0.05           0.00 r        -0.05  (VIOLATED)
   u_ctrl/u_aes/rkeys_reg[388]/synch_enable
                                0.05           0.00 r        -0.05  (VIOLATED)
   u_ctrl/u_aes/rkeys_reg[389]/synch_enable
                                0.05           0.00 r        -0.05  (VIOLATED)
   u_ctrl/u_aes/rkeys_reg[390]/synch_enable
                                0.05           0.00 r        -0.05  (VIOLATED)
   u_ctrl/u_aes/rkeys_reg[391]/synch_enable
                                0.05           0.00 r        -0.05  (VIOLATED)
   u_ctrl/u_aes/rkeys_reg[392]/synch_enable
                                0.05           0.00 r        -0.05  (VIOLATED)
   u_ctrl/u_aes/rkeys_reg[393]/synch_enable
                                0.05           0.00 r        -0.05  (VIOLATED)
   u_ctrl/u_aes/rkeys_reg[394]/synch_enable
                                0.05           0.00 r        -0.05  (VIOLATED)
   u_ctrl/u_aes/rkeys_reg[395]/synch_enable
                                0.05           0.00 r        -0.05  (VIOLATED)
   u_ctrl/u_aes/rkeys_reg[396]/synch_enable
                                0.05           0.00 r        -0.05  (VIOLATED)
   u_ctrl/u_aes/rkeys_reg[397]/synch_enable
                                0.05           0.00 r        -0.05  (VIOLATED)
   u_ctrl/u_aes/rkeys_reg[398]/synch_enable
                                0.05           0.00 r        -0.05  (VIOLATED)
   u_ctrl/u_aes/rkeys_reg[399]/synch_enable
                                0.05           0.00 r        -0.05  (VIOLATED)
   u_ctrl/u_aes/rkeys_reg[400]/synch_enable
                                0.05           0.00 r        -0.05  (VIOLATED)
   u_ctrl/u_aes/rkeys_reg[401]/synch_enable
                                0.05           0.00 r        -0.05  (VIOLATED)
   u_ctrl/u_aes/rkeys_reg[402]/synch_enable
                                0.05           0.00 r        -0.05  (VIOLATED)
   u_ctrl/u_aes/rkeys_reg[403]/synch_enable
                                0.05           0.00 r        -0.05  (VIOLATED)
   u_ctrl/u_aes/rkeys_reg[404]/synch_enable
                                0.05           0.00 r        -0.05  (VIOLATED)
   u_ctrl/u_aes/rkeys_reg[405]/synch_enable
                                0.05           0.00 r        -0.05  (VIOLATED)
   u_ctrl/u_aes/rkeys_reg[406]/synch_enable
                                0.05           0.00 r        -0.05  (VIOLATED)
   u_ctrl/u_aes/rkeys_reg[407]/synch_enable
                                0.05           0.00 r        -0.05  (VIOLATED)
   u_ctrl/u_aes/rkeys_reg[408]/synch_enable
                                0.05           0.00 r        -0.05  (VIOLATED)
   u_ctrl/u_aes/rkeys_reg[409]/synch_enable
                                0.05           0.00 r        -0.05  (VIOLATED)
   u_ctrl/u_aes/rkeys_reg[410]/synch_enable
                                0.05           0.00 r        -0.05  (VIOLATED)
   u_ctrl/u_aes/rkeys_reg[411]/synch_enable
                                0.05           0.00 r        -0.05  (VIOLATED)
   u_ctrl/u_aes/rkeys_reg[412]/synch_enable
                                0.05           0.00 r        -0.05  (VIOLATED)
   u_ctrl/u_aes/rkeys_reg[413]/synch_enable
                                0.05           0.00 r        -0.05  (VIOLATED)
   u_ctrl/u_aes/rkeys_reg[414]/synch_enable
                                0.05           0.00 r        -0.05  (VIOLATED)
   u_ctrl/u_aes/rkeys_reg[415]/synch_enable
                                0.05           0.00 r        -0.05  (VIOLATED)
   u_ctrl/u_aes/rkeys_reg[416]/synch_enable
                                0.05           0.00 r        -0.05  (VIOLATED)
   u_ctrl/u_aes/rkeys_reg[417]/synch_enable
                                0.05           0.00 r        -0.05  (VIOLATED)
   u_ctrl/u_aes/rkeys_reg[418]/synch_enable
                                0.05           0.00 r        -0.05  (VIOLATED)
   u_ctrl/u_aes/rkeys_reg[419]/synch_enable
                                0.05           0.00 r        -0.05  (VIOLATED)
   u_ctrl/u_aes/rkeys_reg[420]/synch_enable
                                0.05           0.00 r        -0.05  (VIOLATED)
   u_ctrl/u_aes/rkeys_reg[421]/synch_enable
                                0.05           0.00 r        -0.05  (VIOLATED)
   u_ctrl/u_aes/rkeys_reg[422]/synch_enable
                                0.05           0.00 r        -0.05  (VIOLATED)
   u_ctrl/u_aes/rkeys_reg[423]/synch_enable
                                0.05           0.00 r        -0.05  (VIOLATED)
   u_ctrl/u_aes/rkeys_reg[424]/synch_enable
                                0.05           0.00 r        -0.05  (VIOLATED)
   u_ctrl/u_aes/rkeys_reg[425]/synch_enable
                                0.05           0.00 r        -0.05  (VIOLATED)
   u_ctrl/u_aes/rkeys_reg[426]/synch_enable
                                0.05           0.00 r        -0.05  (VIOLATED)
   u_ctrl/u_aes/rkeys_reg[427]/synch_enable
                                0.05           0.00 r        -0.05  (VIOLATED)
   u_ctrl/u_aes/rkeys_reg[428]/synch_enable
                                0.05           0.00 r        -0.05  (VIOLATED)
   u_ctrl/u_aes/rkeys_reg[429]/synch_enable
                                0.05           0.00 r        -0.05  (VIOLATED)
   u_ctrl/u_aes/rkeys_reg[430]/synch_enable
                                0.05           0.00 r        -0.05  (VIOLATED)
   u_ctrl/u_aes/rkeys_reg[431]/synch_enable
                                0.05           0.00 r        -0.05  (VIOLATED)
   u_ctrl/u_aes/rkeys_reg[432]/synch_enable
                                0.05           0.00 r        -0.05  (VIOLATED)
   u_ctrl/u_aes/rkeys_reg[433]/synch_enable
                                0.05           0.00 r        -0.05  (VIOLATED)
   u_ctrl/u_aes/rkeys_reg[434]/synch_enable
                                0.05           0.00 r        -0.05  (VIOLATED)
   u_ctrl/u_aes/rkeys_reg[435]/synch_enable
                                0.05           0.00 r        -0.05  (VIOLATED)
   u_ctrl/u_aes/rkeys_reg[436]/synch_enable
                                0.05           0.00 r        -0.05  (VIOLATED)
   u_ctrl/u_aes/rkeys_reg[437]/synch_enable
                                0.05           0.00 r        -0.05  (VIOLATED)
   u_ctrl/u_aes/rkeys_reg[438]/synch_enable
                                0.05           0.00 r        -0.05  (VIOLATED)
   u_ctrl/u_aes/rkeys_reg[439]/synch_enable
                                0.05           0.00 r        -0.05  (VIOLATED)
   u_ctrl/u_aes/rkeys_reg[440]/synch_enable
                                0.05           0.00 r        -0.05  (VIOLATED)
   u_ctrl/u_aes/rkeys_reg[441]/synch_enable
                                0.05           0.00 r        -0.05  (VIOLATED)
   u_ctrl/u_aes/rkeys_reg[442]/synch_enable
                                0.05           0.00 r        -0.05  (VIOLATED)
   u_ctrl/u_aes/rkeys_reg[443]/synch_enable
                                0.05           0.00 r        -0.05  (VIOLATED)
   u_ctrl/u_aes/rkeys_reg[444]/synch_enable
                                0.05           0.00 r        -0.05  (VIOLATED)
   u_ctrl/u_aes/rkeys_reg[445]/synch_enable
                                0.05           0.00 r        -0.05  (VIOLATED)
   u_ctrl/u_aes/rkeys_reg[446]/synch_enable
                                0.05           0.00 r        -0.05  (VIOLATED)
   u_ctrl/u_aes/rkeys_reg[447]/synch_enable
                                0.05           0.00 r        -0.05  (VIOLATED)
   u_ctrl/u_aes/rkeys_reg[448]/synch_enable
                                0.05           0.00 r        -0.05  (VIOLATED)
   u_ctrl/u_aes/rkeys_reg[449]/synch_enable
                                0.05           0.00 r        -0.05  (VIOLATED)
   u_ctrl/u_aes/rkeys_reg[450]/synch_enable
                                0.05           0.00 r        -0.05  (VIOLATED)
   u_ctrl/u_aes/rkeys_reg[451]/synch_enable
                                0.05           0.00 r        -0.05  (VIOLATED)
   u_ctrl/u_aes/rkeys_reg[452]/synch_enable
                                0.05           0.00 r        -0.05  (VIOLATED)
   u_ctrl/u_aes/rkeys_reg[453]/synch_enable
                                0.05           0.00 r        -0.05  (VIOLATED)
   u_ctrl/u_aes/rkeys_reg[454]/synch_enable
                                0.05           0.00 r        -0.05  (VIOLATED)
   u_ctrl/u_aes/rkeys_reg[455]/synch_enable
                                0.05           0.00 r        -0.05  (VIOLATED)
   u_ctrl/u_aes/rkeys_reg[456]/synch_enable
                                0.05           0.00 r        -0.05  (VIOLATED)
   u_ctrl/u_aes/rkeys_reg[457]/synch_enable
                                0.05           0.00 r        -0.05  (VIOLATED)
   u_ctrl/u_aes/rkeys_reg[458]/synch_enable
                                0.05           0.00 r        -0.05  (VIOLATED)
   u_ctrl/u_aes/rkeys_reg[459]/synch_enable
                                0.05           0.00 r        -0.05  (VIOLATED)
   u_ctrl/u_aes/rkeys_reg[460]/synch_enable
                                0.05           0.00 r        -0.05  (VIOLATED)
   u_ctrl/u_aes/rkeys_reg[461]/synch_enable
                                0.05           0.00 r        -0.05  (VIOLATED)
   u_ctrl/u_aes/rkeys_reg[462]/synch_enable
                                0.05           0.00 r        -0.05  (VIOLATED)
   u_ctrl/u_aes/rkeys_reg[463]/synch_enable
                                0.05           0.00 r        -0.05  (VIOLATED)
   u_ctrl/u_aes/rkeys_reg[464]/synch_enable
                                0.05           0.00 r        -0.05  (VIOLATED)
   u_ctrl/u_aes/rkeys_reg[465]/synch_enable
                                0.05           0.00 r        -0.05  (VIOLATED)
   u_ctrl/u_aes/rkeys_reg[466]/synch_enable
                                0.05           0.00 r        -0.05  (VIOLATED)
   u_ctrl/u_aes/rkeys_reg[467]/synch_enable
                                0.05           0.00 r        -0.05  (VIOLATED)
   u_ctrl/u_aes/rkeys_reg[468]/synch_enable
                                0.05           0.00 r        -0.05  (VIOLATED)
   u_ctrl/u_aes/rkeys_reg[469]/synch_enable
                                0.05           0.00 r        -0.05  (VIOLATED)
   u_ctrl/u_aes/rkeys_reg[470]/synch_enable
                                0.05           0.00 r        -0.05  (VIOLATED)
   u_ctrl/u_aes/rkeys_reg[471]/synch_enable
                                0.05           0.00 r        -0.05  (VIOLATED)
   u_ctrl/u_aes/rkeys_reg[472]/synch_enable
                                0.05           0.00 r        -0.05  (VIOLATED)
   u_ctrl/u_aes/rkeys_reg[473]/synch_enable
                                0.05           0.00 r        -0.05  (VIOLATED)
   u_ctrl/u_aes/rkeys_reg[474]/synch_enable
                                0.05           0.00 r        -0.05  (VIOLATED)
   u_ctrl/u_aes/rkeys_reg[475]/synch_enable
                                0.05           0.00 r        -0.05  (VIOLATED)
   u_ctrl/u_aes/rkeys_reg[476]/synch_enable
                                0.05           0.00 r        -0.05  (VIOLATED)
   u_ctrl/u_aes/rkeys_reg[477]/synch_enable
                                0.05           0.00 r        -0.05  (VIOLATED)
   u_ctrl/u_aes/rkeys_reg[478]/synch_enable
                                0.05           0.00 r        -0.05  (VIOLATED)
   u_ctrl/u_aes/rkeys_reg[479]/synch_enable
                                0.05           0.00 r        -0.05  (VIOLATED)
   u_ctrl/u_aes/rkeys_reg[480]/synch_enable
                                0.05           0.00 r        -0.05  (VIOLATED)
   u_ctrl/u_aes/rkeys_reg[481]/synch_enable
                                0.05           0.00 r        -0.05  (VIOLATED)
   u_ctrl/u_aes/rkeys_reg[482]/synch_enable
                                0.05           0.00 r        -0.05  (VIOLATED)
   u_ctrl/u_aes/rkeys_reg[483]/synch_enable
                                0.05           0.00 r        -0.05  (VIOLATED)
   u_ctrl/u_aes/rkeys_reg[484]/synch_enable
                                0.05           0.00 r        -0.05  (VIOLATED)
   u_ctrl/u_aes/rkeys_reg[485]/synch_enable
                                0.05           0.00 r        -0.05  (VIOLATED)
   u_ctrl/u_aes/rkeys_reg[486]/synch_enable
                                0.05           0.00 r        -0.05  (VIOLATED)
   u_ctrl/u_aes/rkeys_reg[487]/synch_enable
                                0.05           0.00 r        -0.05  (VIOLATED)
   u_ctrl/u_aes/rkeys_reg[488]/synch_enable
                                0.05           0.00 r        -0.05  (VIOLATED)
   u_ctrl/u_aes/rkeys_reg[489]/synch_enable
                                0.05           0.00 r        -0.05  (VIOLATED)
   u_ctrl/u_aes/rkeys_reg[490]/synch_enable
                                0.05           0.00 r        -0.05  (VIOLATED)
   u_ctrl/u_aes/rkeys_reg[491]/synch_enable
                                0.05           0.00 r        -0.05  (VIOLATED)
   u_ctrl/u_aes/rkeys_reg[492]/synch_enable
                                0.05           0.00 r        -0.05  (VIOLATED)
   u_ctrl/u_aes/rkeys_reg[493]/synch_enable
                                0.05           0.00 r        -0.05  (VIOLATED)
   u_ctrl/u_aes/rkeys_reg[494]/synch_enable
                                0.05           0.00 r        -0.05  (VIOLATED)
   u_ctrl/u_aes/rkeys_reg[495]/synch_enable
                                0.05           0.00 r        -0.05  (VIOLATED)
   u_ctrl/u_aes/rkeys_reg[496]/synch_enable
                                0.05           0.00 r        -0.05  (VIOLATED)
   u_ctrl/u_aes/rkeys_reg[497]/synch_enable
                                0.05           0.00 r        -0.05  (VIOLATED)
   u_ctrl/u_aes/rkeys_reg[498]/synch_enable
                                0.05           0.00 r        -0.05  (VIOLATED)
   u_ctrl/u_aes/rkeys_reg[499]/synch_enable
                                0.05           0.00 r        -0.05  (VIOLATED)
   u_ctrl/u_aes/rkeys_reg[500]/synch_enable
                                0.05           0.00 r        -0.05  (VIOLATED)
   u_ctrl/u_aes/rkeys_reg[501]/synch_enable
                                0.05           0.00 r        -0.05  (VIOLATED)
   u_ctrl/u_aes/rkeys_reg[502]/synch_enable
                                0.05           0.00 r        -0.05  (VIOLATED)
   u_ctrl/u_aes/rkeys_reg[503]/synch_enable
                                0.05           0.00 r        -0.05  (VIOLATED)
   u_ctrl/u_aes/rkeys_reg[504]/synch_enable
                                0.05           0.00 r        -0.05  (VIOLATED)
   u_ctrl/u_aes/rkeys_reg[505]/synch_enable
                                0.05           0.00 r        -0.05  (VIOLATED)
   u_ctrl/u_aes/rkeys_reg[506]/synch_enable
                                0.05           0.00 r        -0.05  (VIOLATED)
   u_ctrl/u_aes/rkeys_reg[507]/synch_enable
                                0.05           0.00 r        -0.05  (VIOLATED)
   u_ctrl/u_aes/rkeys_reg[508]/synch_enable
                                0.05           0.00 r        -0.05  (VIOLATED)
   u_ctrl/u_aes/rkeys_reg[509]/synch_enable
                                0.05           0.00 r        -0.05  (VIOLATED)
   u_ctrl/u_aes/rkeys_reg[510]/synch_enable
                                0.05           0.00 r        -0.05  (VIOLATED)
   u_ctrl/u_aes/rkeys_reg[511]/synch_enable
                                0.05           0.00 r        -0.05  (VIOLATED)
   u_ctrl/u_aes/rkeys_reg[512]/synch_enable
                                0.05           0.00 r        -0.05  (VIOLATED)
   u_ctrl/u_aes/rkeys_reg[513]/synch_enable
                                0.05           0.00 r        -0.05  (VIOLATED)
   u_ctrl/u_aes/rkeys_reg[514]/synch_enable
                                0.05           0.00 r        -0.05  (VIOLATED)
   u_ctrl/u_aes/rkeys_reg[515]/synch_enable
                                0.05           0.00 r        -0.05  (VIOLATED)
   u_ctrl/u_aes/rkeys_reg[516]/synch_enable
                                0.05           0.00 r        -0.05  (VIOLATED)
   u_ctrl/u_aes/rkeys_reg[517]/synch_enable
                                0.05           0.00 r        -0.05  (VIOLATED)
   u_ctrl/u_aes/rkeys_reg[518]/synch_enable
                                0.05           0.00 r        -0.05  (VIOLATED)
   u_ctrl/u_aes/rkeys_reg[519]/synch_enable
                                0.05           0.00 r        -0.05  (VIOLATED)
   u_ctrl/u_aes/rkeys_reg[520]/synch_enable
                                0.05           0.00 r        -0.05  (VIOLATED)
   u_ctrl/u_aes/rkeys_reg[521]/synch_enable
                                0.05           0.00 r        -0.05  (VIOLATED)
   u_ctrl/u_aes/rkeys_reg[522]/synch_enable
                                0.05           0.00 r        -0.05  (VIOLATED)
   u_ctrl/u_aes/rkeys_reg[523]/synch_enable
                                0.05           0.00 r        -0.05  (VIOLATED)
   u_ctrl/u_aes/rkeys_reg[524]/synch_enable
                                0.05           0.00 r        -0.05  (VIOLATED)
   u_ctrl/u_aes/rkeys_reg[525]/synch_enable
                                0.05           0.00 r        -0.05  (VIOLATED)
   u_ctrl/u_aes/rkeys_reg[526]/synch_enable
                                0.05           0.00 r        -0.05  (VIOLATED)
   u_ctrl/u_aes/rkeys_reg[527]/synch_enable
                                0.05           0.00 r        -0.05  (VIOLATED)
   u_ctrl/u_aes/rkeys_reg[528]/synch_enable
                                0.05           0.00 r        -0.05  (VIOLATED)
   u_ctrl/u_aes/rkeys_reg[529]/synch_enable
                                0.05           0.00 r        -0.05  (VIOLATED)
   u_ctrl/u_aes/rkeys_reg[530]/synch_enable
                                0.05           0.00 r        -0.05  (VIOLATED)
   u_ctrl/u_aes/rkeys_reg[531]/synch_enable
                                0.05           0.00 r        -0.05  (VIOLATED)
   u_ctrl/u_aes/rkeys_reg[532]/synch_enable
                                0.05           0.00 r        -0.05  (VIOLATED)
   u_ctrl/u_aes/rkeys_reg[533]/synch_enable
                                0.05           0.00 r        -0.05  (VIOLATED)
   u_ctrl/u_aes/rkeys_reg[534]/synch_enable
                                0.05           0.00 r        -0.05  (VIOLATED)
   u_ctrl/u_aes/rkeys_reg[535]/synch_enable
                                0.05           0.00 r        -0.05  (VIOLATED)
   u_ctrl/u_aes/rkeys_reg[536]/synch_enable
                                0.05           0.00 r        -0.05  (VIOLATED)
   u_ctrl/u_aes/rkeys_reg[537]/synch_enable
                                0.05           0.00 r        -0.05  (VIOLATED)
   u_ctrl/u_aes/rkeys_reg[538]/synch_enable
                                0.05           0.00 r        -0.05  (VIOLATED)
   u_ctrl/u_aes/rkeys_reg[539]/synch_enable
                                0.05           0.00 r        -0.05  (VIOLATED)
   u_ctrl/u_aes/rkeys_reg[540]/synch_enable
                                0.05           0.00 r        -0.05  (VIOLATED)
   u_ctrl/u_aes/rkeys_reg[541]/synch_enable
                                0.05           0.00 r        -0.05  (VIOLATED)
   u_ctrl/u_aes/rkeys_reg[542]/synch_enable
                                0.05           0.00 r        -0.05  (VIOLATED)
   u_ctrl/u_aes/rkeys_reg[543]/synch_enable
                                0.05           0.00 r        -0.05  (VIOLATED)
   u_ctrl/u_aes/rkeys_reg[544]/synch_enable
                                0.05           0.00 r        -0.05  (VIOLATED)
   u_ctrl/u_aes/rkeys_reg[545]/synch_enable
                                0.05           0.00 r        -0.05  (VIOLATED)
   u_ctrl/u_aes/rkeys_reg[546]/synch_enable
                                0.05           0.00 r        -0.05  (VIOLATED)
   u_ctrl/u_aes/rkeys_reg[547]/synch_enable
                                0.05           0.00 r        -0.05  (VIOLATED)
   u_ctrl/u_aes/rkeys_reg[548]/synch_enable
                                0.05           0.00 r        -0.05  (VIOLATED)
   u_ctrl/u_aes/rkeys_reg[549]/synch_enable
                                0.05           0.00 r        -0.05  (VIOLATED)
   u_ctrl/u_aes/rkeys_reg[550]/synch_enable
                                0.05           0.00 r        -0.05  (VIOLATED)
   u_ctrl/u_aes/rkeys_reg[551]/synch_enable
                                0.05           0.00 r        -0.05  (VIOLATED)
   u_ctrl/u_aes/rkeys_reg[552]/synch_enable
                                0.05           0.00 r        -0.05  (VIOLATED)
   u_ctrl/u_aes/rkeys_reg[553]/synch_enable
                                0.05           0.00 r        -0.05  (VIOLATED)
   u_ctrl/u_aes/rkeys_reg[554]/synch_enable
                                0.05           0.00 r        -0.05  (VIOLATED)
   u_ctrl/u_aes/rkeys_reg[555]/synch_enable
                                0.05           0.00 r        -0.05  (VIOLATED)
   u_ctrl/u_aes/rkeys_reg[556]/synch_enable
                                0.05           0.00 r        -0.05  (VIOLATED)
   u_ctrl/u_aes/rkeys_reg[557]/synch_enable
                                0.05           0.00 r        -0.05  (VIOLATED)
   u_ctrl/u_aes/rkeys_reg[558]/synch_enable
                                0.05           0.00 r        -0.05  (VIOLATED)
   u_ctrl/u_aes/rkeys_reg[559]/synch_enable
                                0.05           0.00 r        -0.05  (VIOLATED)
   u_ctrl/u_aes/rkeys_reg[560]/synch_enable
                                0.05           0.00 r        -0.05  (VIOLATED)
   u_ctrl/u_aes/rkeys_reg[561]/synch_enable
                                0.05           0.00 r        -0.05  (VIOLATED)
   u_ctrl/u_aes/rkeys_reg[562]/synch_enable
                                0.05           0.00 r        -0.05  (VIOLATED)
   u_ctrl/u_aes/rkeys_reg[563]/synch_enable
                                0.05           0.00 r        -0.05  (VIOLATED)
   u_ctrl/u_aes/rkeys_reg[564]/synch_enable
                                0.05           0.00 r        -0.05  (VIOLATED)
   u_ctrl/u_aes/rkeys_reg[565]/synch_enable
                                0.05           0.00 r        -0.05  (VIOLATED)
   u_ctrl/u_aes/rkeys_reg[566]/synch_enable
                                0.05           0.00 r        -0.05  (VIOLATED)
   u_ctrl/u_aes/rkeys_reg[567]/synch_enable
                                0.05           0.00 r        -0.05  (VIOLATED)
   u_ctrl/u_aes/rkeys_reg[568]/synch_enable
                                0.05           0.00 r        -0.05  (VIOLATED)
   u_ctrl/u_aes/rkeys_reg[569]/synch_enable
                                0.05           0.00 r        -0.05  (VIOLATED)
   u_ctrl/u_aes/rkeys_reg[570]/synch_enable
                                0.05           0.00 r        -0.05  (VIOLATED)
   u_ctrl/u_aes/rkeys_reg[571]/synch_enable
                                0.05           0.00 r        -0.05  (VIOLATED)
   u_ctrl/u_aes/rkeys_reg[572]/synch_enable
                                0.05           0.00 r        -0.05  (VIOLATED)
   u_ctrl/u_aes/rkeys_reg[573]/synch_enable
                                0.05           0.00 r        -0.05  (VIOLATED)
   u_ctrl/u_aes/rkeys_reg[574]/synch_enable
                                0.05           0.00 r        -0.05  (VIOLATED)
   u_ctrl/u_aes/rkeys_reg[575]/synch_enable
                                0.05           0.00 r        -0.05  (VIOLATED)
   u_ctrl/u_aes/rkeys_reg[576]/synch_enable
                                0.05           0.00 r        -0.05  (VIOLATED)
   u_ctrl/u_aes/rkeys_reg[577]/synch_enable
                                0.05           0.00 r        -0.05  (VIOLATED)
   u_ctrl/u_aes/rkeys_reg[578]/synch_enable
                                0.05           0.00 r        -0.05  (VIOLATED)
   u_ctrl/u_aes/rkeys_reg[579]/synch_enable
                                0.05           0.00 r        -0.05  (VIOLATED)
   u_ctrl/u_aes/rkeys_reg[580]/synch_enable
                                0.05           0.00 r        -0.05  (VIOLATED)
   u_ctrl/u_aes/rkeys_reg[581]/synch_enable
                                0.05           0.00 r        -0.05  (VIOLATED)
   u_ctrl/u_aes/rkeys_reg[582]/synch_enable
                                0.05           0.00 r        -0.05  (VIOLATED)
   u_ctrl/u_aes/rkeys_reg[583]/synch_enable
                                0.05           0.00 r        -0.05  (VIOLATED)
   u_ctrl/u_aes/rkeys_reg[584]/synch_enable
                                0.05           0.00 r        -0.05  (VIOLATED)
   u_ctrl/u_aes/rkeys_reg[585]/synch_enable
                                0.05           0.00 r        -0.05  (VIOLATED)
   u_ctrl/u_aes/rkeys_reg[586]/synch_enable
                                0.05           0.00 r        -0.05  (VIOLATED)
   u_ctrl/u_aes/rkeys_reg[587]/synch_enable
                                0.05           0.00 r        -0.05  (VIOLATED)
   u_ctrl/u_aes/rkeys_reg[588]/synch_enable
                                0.05           0.00 r        -0.05  (VIOLATED)
   u_ctrl/u_aes/rkeys_reg[589]/synch_enable
                                0.05           0.00 r        -0.05  (VIOLATED)
   u_ctrl/u_aes/rkeys_reg[590]/synch_enable
                                0.05           0.00 r        -0.05  (VIOLATED)
   u_ctrl/u_aes/rkeys_reg[591]/synch_enable
                                0.05           0.00 r        -0.05  (VIOLATED)
   u_ctrl/u_aes/rkeys_reg[592]/synch_enable
                                0.05           0.00 r        -0.05  (VIOLATED)
   u_ctrl/u_aes/rkeys_reg[593]/synch_enable
                                0.05           0.00 r        -0.05  (VIOLATED)
   u_ctrl/u_aes/rkeys_reg[594]/synch_enable
                                0.05           0.00 r        -0.05  (VIOLATED)
   u_ctrl/u_aes/rkeys_reg[595]/synch_enable
                                0.05           0.00 r        -0.05  (VIOLATED)
   u_ctrl/u_aes/rkeys_reg[596]/synch_enable
                                0.05           0.00 r        -0.05  (VIOLATED)
   u_ctrl/u_aes/rkeys_reg[597]/synch_enable
                                0.05           0.00 r        -0.05  (VIOLATED)
   u_ctrl/u_aes/rkeys_reg[598]/synch_enable
                                0.05           0.00 r        -0.05  (VIOLATED)
   u_ctrl/u_aes/rkeys_reg[599]/synch_enable
                                0.05           0.00 r        -0.05  (VIOLATED)
   u_ctrl/u_aes/rkeys_reg[600]/synch_enable
                                0.05           0.00 r        -0.05  (VIOLATED)
   u_ctrl/u_aes/rkeys_reg[601]/synch_enable
                                0.05           0.00 r        -0.05  (VIOLATED)
   u_ctrl/u_aes/rkeys_reg[602]/synch_enable
                                0.05           0.00 r        -0.05  (VIOLATED)
   u_ctrl/u_aes/rkeys_reg[603]/synch_enable
                                0.05           0.00 r        -0.05  (VIOLATED)
   u_ctrl/u_aes/rkeys_reg[604]/synch_enable
                                0.05           0.00 r        -0.05  (VIOLATED)
   u_ctrl/u_aes/rkeys_reg[605]/synch_enable
                                0.05           0.00 r        -0.05  (VIOLATED)
   u_ctrl/u_aes/rkeys_reg[606]/synch_enable
                                0.05           0.00 r        -0.05  (VIOLATED)
   u_ctrl/u_aes/rkeys_reg[607]/synch_enable
                                0.05           0.00 r        -0.05  (VIOLATED)
   u_ctrl/u_aes/rkeys_reg[608]/synch_enable
                                0.05           0.00 r        -0.05  (VIOLATED)
   u_ctrl/u_aes/rkeys_reg[609]/synch_enable
                                0.05           0.00 r        -0.05  (VIOLATED)
   u_ctrl/u_aes/rkeys_reg[610]/synch_enable
                                0.05           0.00 r        -0.05  (VIOLATED)
   u_ctrl/u_aes/rkeys_reg[611]/synch_enable
                                0.05           0.00 r        -0.05  (VIOLATED)
   u_ctrl/u_aes/rkeys_reg[612]/synch_enable
                                0.05           0.00 r        -0.05  (VIOLATED)
   u_ctrl/u_aes/rkeys_reg[613]/synch_enable
                                0.05           0.00 r        -0.05  (VIOLATED)
   u_ctrl/u_aes/rkeys_reg[614]/synch_enable
                                0.05           0.00 r        -0.05  (VIOLATED)
   u_ctrl/u_aes/rkeys_reg[615]/synch_enable
                                0.05           0.00 r        -0.05  (VIOLATED)
   u_ctrl/u_aes/rkeys_reg[616]/synch_enable
                                0.05           0.00 r        -0.05  (VIOLATED)
   u_ctrl/u_aes/rkeys_reg[617]/synch_enable
                                0.05           0.00 r        -0.05  (VIOLATED)
   u_ctrl/u_aes/rkeys_reg[618]/synch_enable
                                0.05           0.00 r        -0.05  (VIOLATED)
   u_ctrl/u_aes/rkeys_reg[619]/synch_enable
                                0.05           0.00 r        -0.05  (VIOLATED)
   u_ctrl/u_aes/rkeys_reg[620]/synch_enable
                                0.05           0.00 r        -0.05  (VIOLATED)
   u_ctrl/u_aes/rkeys_reg[621]/synch_enable
                                0.05           0.00 r        -0.05  (VIOLATED)
   u_ctrl/u_aes/rkeys_reg[622]/synch_enable
                                0.05           0.00 r        -0.05  (VIOLATED)
   u_ctrl/u_aes/rkeys_reg[623]/synch_enable
                                0.05           0.00 r        -0.05  (VIOLATED)
   u_ctrl/u_aes/rkeys_reg[624]/synch_enable
                                0.05           0.00 r        -0.05  (VIOLATED)
   u_ctrl/u_aes/rkeys_reg[625]/synch_enable
                                0.05           0.00 r        -0.05  (VIOLATED)
   u_ctrl/u_aes/rkeys_reg[626]/synch_enable
                                0.05           0.00 r        -0.05  (VIOLATED)
   u_ctrl/u_aes/rkeys_reg[627]/synch_enable
                                0.05           0.00 r        -0.05  (VIOLATED)
   u_ctrl/u_aes/rkeys_reg[628]/synch_enable
                                0.05           0.00 r        -0.05  (VIOLATED)
   u_ctrl/u_aes/rkeys_reg[629]/synch_enable
                                0.05           0.00 r        -0.05  (VIOLATED)
   u_ctrl/u_aes/rkeys_reg[630]/synch_enable
                                0.05           0.00 r        -0.05  (VIOLATED)
   u_ctrl/u_aes/rkeys_reg[631]/synch_enable
                                0.05           0.00 r        -0.05  (VIOLATED)
   u_ctrl/u_aes/rkeys_reg[632]/synch_enable
                                0.05           0.00 r        -0.05  (VIOLATED)
   u_ctrl/u_aes/rkeys_reg[633]/synch_enable
                                0.05           0.00 r        -0.05  (VIOLATED)
   u_ctrl/u_aes/rkeys_reg[634]/synch_enable
                                0.05           0.00 r        -0.05  (VIOLATED)
   u_ctrl/u_aes/rkeys_reg[635]/synch_enable
                                0.05           0.00 r        -0.05  (VIOLATED)
   u_ctrl/u_aes/rkeys_reg[636]/synch_enable
                                0.05           0.00 r        -0.05  (VIOLATED)
   u_ctrl/u_aes/rkeys_reg[637]/synch_enable
                                0.05           0.00 r        -0.05  (VIOLATED)
   u_ctrl/u_aes/rkeys_reg[638]/synch_enable
                                0.05           0.00 r        -0.05  (VIOLATED)
   u_ctrl/u_aes/rkeys_reg[639]/synch_enable
                                0.05           0.00 r        -0.05  (VIOLATED)
   u_ctrl/u_aes/rkeys_reg[640]/synch_enable
                                0.05           0.00 r        -0.05  (VIOLATED)
   u_ctrl/u_aes/rkeys_reg[641]/synch_enable
                                0.05           0.00 r        -0.05  (VIOLATED)
   u_ctrl/u_aes/rkeys_reg[642]/synch_enable
                                0.05           0.00 r        -0.05  (VIOLATED)
   u_ctrl/u_aes/rkeys_reg[643]/synch_enable
                                0.05           0.00 r        -0.05  (VIOLATED)
   u_ctrl/u_aes/rkeys_reg[644]/synch_enable
                                0.05           0.00 r        -0.05  (VIOLATED)
   u_ctrl/u_aes/rkeys_reg[645]/synch_enable
                                0.05           0.00 r        -0.05  (VIOLATED)
   u_ctrl/u_aes/rkeys_reg[646]/synch_enable
                                0.05           0.00 r        -0.05  (VIOLATED)
   u_ctrl/u_aes/rkeys_reg[647]/synch_enable
                                0.05           0.00 r        -0.05  (VIOLATED)
   u_ctrl/u_aes/rkeys_reg[648]/synch_enable
                                0.05           0.00 r        -0.05  (VIOLATED)
   u_ctrl/u_aes/rkeys_reg[649]/synch_enable
                                0.05           0.00 r        -0.05  (VIOLATED)
   u_ctrl/u_aes/rkeys_reg[650]/synch_enable
                                0.05           0.00 r        -0.05  (VIOLATED)
   u_ctrl/u_aes/rkeys_reg[651]/synch_enable
                                0.05           0.00 r        -0.05  (VIOLATED)
   u_ctrl/u_aes/rkeys_reg[652]/synch_enable
                                0.05           0.00 r        -0.05  (VIOLATED)
   u_ctrl/u_aes/rkeys_reg[653]/synch_enable
                                0.05           0.00 r        -0.05  (VIOLATED)
   u_ctrl/u_aes/rkeys_reg[654]/synch_enable
                                0.05           0.00 r        -0.05  (VIOLATED)
   u_ctrl/u_aes/rkeys_reg[655]/synch_enable
                                0.05           0.00 r        -0.05  (VIOLATED)
   u_ctrl/u_aes/rkeys_reg[656]/synch_enable
                                0.05           0.00 r        -0.05  (VIOLATED)
   u_ctrl/u_aes/rkeys_reg[657]/synch_enable
                                0.05           0.00 r        -0.05  (VIOLATED)
   u_ctrl/u_aes/rkeys_reg[658]/synch_enable
                                0.05           0.00 r        -0.05  (VIOLATED)
   u_ctrl/u_aes/rkeys_reg[659]/synch_enable
                                0.05           0.00 r        -0.05  (VIOLATED)
   u_ctrl/u_aes/rkeys_reg[660]/synch_enable
                                0.05           0.00 r        -0.05  (VIOLATED)
   u_ctrl/u_aes/rkeys_reg[661]/synch_enable
                                0.05           0.00 r        -0.05  (VIOLATED)
   u_ctrl/u_aes/rkeys_reg[662]/synch_enable
                                0.05           0.00 r        -0.05  (VIOLATED)
   u_ctrl/u_aes/rkeys_reg[663]/synch_enable
                                0.05           0.00 r        -0.05  (VIOLATED)
   u_ctrl/u_aes/rkeys_reg[664]/synch_enable
                                0.05           0.00 r        -0.05  (VIOLATED)
   u_ctrl/u_aes/rkeys_reg[665]/synch_enable
                                0.05           0.00 r        -0.05  (VIOLATED)
   u_ctrl/u_aes/rkeys_reg[666]/synch_enable
                                0.05           0.00 r        -0.05  (VIOLATED)
   u_ctrl/u_aes/rkeys_reg[667]/synch_enable
                                0.05           0.00 r        -0.05  (VIOLATED)
   u_ctrl/u_aes/rkeys_reg[668]/synch_enable
                                0.05           0.00 r        -0.05  (VIOLATED)
   u_ctrl/u_aes/rkeys_reg[669]/synch_enable
                                0.05           0.00 r        -0.05  (VIOLATED)
   u_ctrl/u_aes/rkeys_reg[670]/synch_enable
                                0.05           0.00 r        -0.05  (VIOLATED)
   u_ctrl/u_aes/rkeys_reg[671]/synch_enable
                                0.05           0.00 r        -0.05  (VIOLATED)
   u_ctrl/u_aes/rkeys_reg[672]/synch_enable
                                0.05           0.00 r        -0.05  (VIOLATED)
   u_ctrl/u_aes/rkeys_reg[673]/synch_enable
                                0.05           0.00 r        -0.05  (VIOLATED)
   u_ctrl/u_aes/rkeys_reg[674]/synch_enable
                                0.05           0.00 r        -0.05  (VIOLATED)
   u_ctrl/u_aes/rkeys_reg[675]/synch_enable
                                0.05           0.00 r        -0.05  (VIOLATED)
   u_ctrl/u_aes/rkeys_reg[676]/synch_enable
                                0.05           0.00 r        -0.05  (VIOLATED)
   u_ctrl/u_aes/rkeys_reg[677]/synch_enable
                                0.05           0.00 r        -0.05  (VIOLATED)
   u_ctrl/u_aes/rkeys_reg[678]/synch_enable
                                0.05           0.00 r        -0.05  (VIOLATED)
   u_ctrl/u_aes/rkeys_reg[679]/synch_enable
                                0.05           0.00 r        -0.05  (VIOLATED)
   u_ctrl/u_aes/rkeys_reg[680]/synch_enable
                                0.05           0.00 r        -0.05  (VIOLATED)
   u_ctrl/u_aes/rkeys_reg[681]/synch_enable
                                0.05           0.00 r        -0.05  (VIOLATED)
   u_ctrl/u_aes/rkeys_reg[682]/synch_enable
                                0.05           0.00 r        -0.05  (VIOLATED)
   u_ctrl/u_aes/rkeys_reg[683]/synch_enable
                                0.05           0.00 r        -0.05  (VIOLATED)
   u_ctrl/u_aes/rkeys_reg[684]/synch_enable
                                0.05           0.00 r        -0.05  (VIOLATED)
   u_ctrl/u_aes/rkeys_reg[685]/synch_enable
                                0.05           0.00 r        -0.05  (VIOLATED)
   u_ctrl/u_aes/rkeys_reg[686]/synch_enable
                                0.05           0.00 r        -0.05  (VIOLATED)
   u_ctrl/u_aes/rkeys_reg[687]/synch_enable
                                0.05           0.00 r        -0.05  (VIOLATED)
   u_ctrl/u_aes/rkeys_reg[688]/synch_enable
                                0.05           0.00 r        -0.05  (VIOLATED)
   u_ctrl/u_aes/rkeys_reg[689]/synch_enable
                                0.05           0.00 r        -0.05  (VIOLATED)
   u_ctrl/u_aes/rkeys_reg[690]/synch_enable
                                0.05           0.00 r        -0.05  (VIOLATED)
   u_ctrl/u_aes/rkeys_reg[691]/synch_enable
                                0.05           0.00 r        -0.05  (VIOLATED)
   u_ctrl/u_aes/rkeys_reg[692]/synch_enable
                                0.05           0.00 r        -0.05  (VIOLATED)
   u_ctrl/u_aes/rkeys_reg[693]/synch_enable
                                0.05           0.00 r        -0.05  (VIOLATED)
   u_ctrl/u_aes/rkeys_reg[694]/synch_enable
                                0.05           0.00 r        -0.05  (VIOLATED)
   u_ctrl/u_aes/rkeys_reg[695]/synch_enable
                                0.05           0.00 r        -0.05  (VIOLATED)
   u_ctrl/u_aes/rkeys_reg[696]/synch_enable
                                0.05           0.00 r        -0.05  (VIOLATED)
   u_ctrl/u_aes/rkeys_reg[697]/synch_enable
                                0.05           0.00 r        -0.05  (VIOLATED)
   u_ctrl/u_aes/rkeys_reg[698]/synch_enable
                                0.05           0.00 r        -0.05  (VIOLATED)
   u_ctrl/u_aes/rkeys_reg[699]/synch_enable
                                0.05           0.00 r        -0.05  (VIOLATED)
   u_ctrl/u_aes/rkeys_reg[700]/synch_enable
                                0.05           0.00 r        -0.05  (VIOLATED)
   u_ctrl/u_aes/rkeys_reg[701]/synch_enable
                                0.05           0.00 r        -0.05  (VIOLATED)
   u_ctrl/u_aes/rkeys_reg[702]/synch_enable
                                0.05           0.00 r        -0.05  (VIOLATED)
   u_ctrl/u_aes/rkeys_reg[703]/synch_enable
                                0.05           0.00 r        -0.05  (VIOLATED)
   u_ctrl/u_aes/rkeys_reg[704]/synch_enable
                                0.05           0.00 r        -0.05  (VIOLATED)
   u_ctrl/u_aes/rkeys_reg[705]/synch_enable
                                0.05           0.00 r        -0.05  (VIOLATED)
   u_ctrl/u_aes/rkeys_reg[706]/synch_enable
                                0.05           0.00 r        -0.05  (VIOLATED)
   u_ctrl/u_aes/rkeys_reg[707]/synch_enable
                                0.05           0.00 r        -0.05  (VIOLATED)
   u_ctrl/u_aes/rkeys_reg[708]/synch_enable
                                0.05           0.00 r        -0.05  (VIOLATED)
   u_ctrl/u_aes/rkeys_reg[709]/synch_enable
                                0.05           0.00 r        -0.05  (VIOLATED)
   u_ctrl/u_aes/rkeys_reg[710]/synch_enable
                                0.05           0.00 r        -0.05  (VIOLATED)
   u_ctrl/u_aes/rkeys_reg[711]/synch_enable
                                0.05           0.00 r        -0.05  (VIOLATED)
   u_ctrl/u_aes/rkeys_reg[712]/synch_enable
                                0.05           0.00 r        -0.05  (VIOLATED)
   u_ctrl/u_aes/rkeys_reg[713]/synch_enable
                                0.05           0.00 r        -0.05  (VIOLATED)
   u_ctrl/u_aes/rkeys_reg[714]/synch_enable
                                0.05           0.00 r        -0.05  (VIOLATED)
   u_ctrl/u_aes/rkeys_reg[715]/synch_enable
                                0.05           0.00 r        -0.05  (VIOLATED)
   u_ctrl/u_aes/rkeys_reg[716]/synch_enable
                                0.05           0.00 r        -0.05  (VIOLATED)
   u_ctrl/u_aes/rkeys_reg[717]/synch_enable
                                0.05           0.00 r        -0.05  (VIOLATED)
   u_ctrl/u_aes/rkeys_reg[718]/synch_enable
                                0.05           0.00 r        -0.05  (VIOLATED)
   u_ctrl/u_aes/rkeys_reg[719]/synch_enable
                                0.05           0.00 r        -0.05  (VIOLATED)
   u_ctrl/u_aes/rkeys_reg[720]/synch_enable
                                0.05           0.00 r        -0.05  (VIOLATED)
   u_ctrl/u_aes/rkeys_reg[721]/synch_enable
                                0.05           0.00 r        -0.05  (VIOLATED)
   u_ctrl/u_aes/rkeys_reg[722]/synch_enable
                                0.05           0.00 r        -0.05  (VIOLATED)
   u_ctrl/u_aes/rkeys_reg[723]/synch_enable
                                0.05           0.00 r        -0.05  (VIOLATED)
   u_ctrl/u_aes/rkeys_reg[724]/synch_enable
                                0.05           0.00 r        -0.05  (VIOLATED)
   u_ctrl/u_aes/rkeys_reg[725]/synch_enable
                                0.05           0.00 r        -0.05  (VIOLATED)
   u_ctrl/u_aes/rkeys_reg[726]/synch_enable
                                0.05           0.00 r        -0.05  (VIOLATED)
   u_ctrl/u_aes/rkeys_reg[727]/synch_enable
                                0.05           0.00 r        -0.05  (VIOLATED)
   u_ctrl/u_aes/rkeys_reg[728]/synch_enable
                                0.05           0.00 r        -0.05  (VIOLATED)
   u_ctrl/u_aes/rkeys_reg[729]/synch_enable
                                0.05           0.00 r        -0.05  (VIOLATED)
   u_ctrl/u_aes/rkeys_reg[730]/synch_enable
                                0.05           0.00 r        -0.05  (VIOLATED)
   u_ctrl/u_aes/rkeys_reg[731]/synch_enable
                                0.05           0.00 r        -0.05  (VIOLATED)
   u_ctrl/u_aes/rkeys_reg[732]/synch_enable
                                0.05           0.00 r        -0.05  (VIOLATED)
   u_ctrl/u_aes/rkeys_reg[733]/synch_enable
                                0.05           0.00 r        -0.05  (VIOLATED)
   u_ctrl/u_aes/rkeys_reg[734]/synch_enable
                                0.05           0.00 r        -0.05  (VIOLATED)
   u_ctrl/u_aes/rkeys_reg[735]/synch_enable
                                0.05           0.00 r        -0.05  (VIOLATED)
   u_ctrl/u_aes/rkeys_reg[736]/synch_enable
                                0.05           0.00 r        -0.05  (VIOLATED)
   u_ctrl/u_aes/rkeys_reg[737]/synch_enable
                                0.05           0.00 r        -0.05  (VIOLATED)
   u_ctrl/u_aes/rkeys_reg[738]/synch_enable
                                0.05           0.00 r        -0.05  (VIOLATED)
   u_ctrl/u_aes/rkeys_reg[739]/synch_enable
                                0.05           0.00 r        -0.05  (VIOLATED)
   u_ctrl/u_aes/rkeys_reg[740]/synch_enable
                                0.05           0.00 r        -0.05  (VIOLATED)
   u_ctrl/u_aes/rkeys_reg[741]/synch_enable
                                0.05           0.00 r        -0.05  (VIOLATED)
   u_ctrl/u_aes/rkeys_reg[742]/synch_enable
                                0.05           0.00 r        -0.05  (VIOLATED)
   u_ctrl/u_aes/rkeys_reg[743]/synch_enable
                                0.05           0.00 r        -0.05  (VIOLATED)
   u_ctrl/u_aes/rkeys_reg[744]/synch_enable
                                0.05           0.00 r        -0.05  (VIOLATED)
   u_ctrl/u_aes/rkeys_reg[745]/synch_enable
                                0.05           0.00 r        -0.05  (VIOLATED)
   u_ctrl/u_aes/rkeys_reg[746]/synch_enable
                                0.05           0.00 r        -0.05  (VIOLATED)
   u_ctrl/u_aes/rkeys_reg[747]/synch_enable
                                0.05           0.00 r        -0.05  (VIOLATED)
   u_ctrl/u_aes/rkeys_reg[748]/synch_enable
                                0.05           0.00 r        -0.05  (VIOLATED)
   u_ctrl/u_aes/rkeys_reg[749]/synch_enable
                                0.05           0.00 r        -0.05  (VIOLATED)
   u_ctrl/u_aes/rkeys_reg[750]/synch_enable
                                0.05           0.00 r        -0.05  (VIOLATED)
   u_ctrl/u_aes/rkeys_reg[751]/synch_enable
                                0.05           0.00 r        -0.05  (VIOLATED)
   u_ctrl/u_aes/rkeys_reg[752]/synch_enable
                                0.05           0.00 r        -0.05  (VIOLATED)
   u_ctrl/u_aes/rkeys_reg[753]/synch_enable
                                0.05           0.00 r        -0.05  (VIOLATED)
   u_ctrl/u_aes/rkeys_reg[754]/synch_enable
                                0.05           0.00 r        -0.05  (VIOLATED)
   u_ctrl/u_aes/rkeys_reg[755]/synch_enable
                                0.05           0.00 r        -0.05  (VIOLATED)
   u_ctrl/u_aes/rkeys_reg[756]/synch_enable
                                0.05           0.00 r        -0.05  (VIOLATED)
   u_ctrl/u_aes/rkeys_reg[757]/synch_enable
                                0.05           0.00 r        -0.05  (VIOLATED)
   u_ctrl/u_aes/rkeys_reg[758]/synch_enable
                                0.05           0.00 r        -0.05  (VIOLATED)
   u_ctrl/u_aes/rkeys_reg[759]/synch_enable
                                0.05           0.00 r        -0.05  (VIOLATED)
   u_ctrl/u_aes/rkeys_reg[760]/synch_enable
                                0.05           0.00 r        -0.05  (VIOLATED)
   u_ctrl/u_aes/rkeys_reg[761]/synch_enable
                                0.05           0.00 r        -0.05  (VIOLATED)
   u_ctrl/u_aes/rkeys_reg[762]/synch_enable
                                0.05           0.00 r        -0.05  (VIOLATED)
   u_ctrl/u_aes/rkeys_reg[763]/synch_enable
                                0.05           0.00 r        -0.05  (VIOLATED)
   u_ctrl/u_aes/rkeys_reg[764]/synch_enable
                                0.05           0.00 r        -0.05  (VIOLATED)
   u_ctrl/u_aes/rkeys_reg[765]/synch_enable
                                0.05           0.00 r        -0.05  (VIOLATED)
   u_ctrl/u_aes/rkeys_reg[766]/synch_enable
                                0.05           0.00 r        -0.05  (VIOLATED)
   u_ctrl/u_aes/rkeys_reg[767]/synch_enable
                                0.05           0.00 r        -0.05  (VIOLATED)
   u_ctrl/u_aes/rkeys_reg[768]/synch_enable
                                0.05           0.00 r        -0.05  (VIOLATED)
   u_ctrl/u_aes/rkeys_reg[769]/synch_enable
                                0.05           0.00 r        -0.05  (VIOLATED)
   u_ctrl/u_aes/rkeys_reg[770]/synch_enable
                                0.05           0.00 r        -0.05  (VIOLATED)
   u_ctrl/u_aes/rkeys_reg[771]/synch_enable
                                0.05           0.00 r        -0.05  (VIOLATED)
   u_ctrl/u_aes/rkeys_reg[772]/synch_enable
                                0.05           0.00 r        -0.05  (VIOLATED)
   u_ctrl/u_aes/rkeys_reg[773]/synch_enable
                                0.05           0.00 r        -0.05  (VIOLATED)
   u_ctrl/u_aes/rkeys_reg[774]/synch_enable
                                0.05           0.00 r        -0.05  (VIOLATED)
   u_ctrl/u_aes/rkeys_reg[775]/synch_enable
                                0.05           0.00 r        -0.05  (VIOLATED)
   u_ctrl/u_aes/rkeys_reg[776]/synch_enable
                                0.05           0.00 r        -0.05  (VIOLATED)
   u_ctrl/u_aes/rkeys_reg[777]/synch_enable
                                0.05           0.00 r        -0.05  (VIOLATED)
   u_ctrl/u_aes/rkeys_reg[778]/synch_enable
                                0.05           0.00 r        -0.05  (VIOLATED)
   u_ctrl/u_aes/rkeys_reg[779]/synch_enable
                                0.05           0.00 r        -0.05  (VIOLATED)
   u_ctrl/u_aes/rkeys_reg[780]/synch_enable
                                0.05           0.00 r        -0.05  (VIOLATED)
   u_ctrl/u_aes/rkeys_reg[781]/synch_enable
                                0.05           0.00 r        -0.05  (VIOLATED)
   u_ctrl/u_aes/rkeys_reg[782]/synch_enable
                                0.05           0.00 r        -0.05  (VIOLATED)
   u_ctrl/u_aes/rkeys_reg[783]/synch_enable
                                0.05           0.00 r        -0.05  (VIOLATED)
   u_ctrl/u_aes/rkeys_reg[784]/synch_enable
                                0.05           0.00 r        -0.05  (VIOLATED)
   u_ctrl/u_aes/rkeys_reg[785]/synch_enable
                                0.05           0.00 r        -0.05  (VIOLATED)
   u_ctrl/u_aes/rkeys_reg[786]/synch_enable
                                0.05           0.00 r        -0.05  (VIOLATED)
   u_ctrl/u_aes/rkeys_reg[787]/synch_enable
                                0.05           0.00 r        -0.05  (VIOLATED)
   u_ctrl/u_aes/rkeys_reg[788]/synch_enable
                                0.05           0.00 r        -0.05  (VIOLATED)
   u_ctrl/u_aes/rkeys_reg[789]/synch_enable
                                0.05           0.00 r        -0.05  (VIOLATED)
   u_ctrl/u_aes/rkeys_reg[790]/synch_enable
                                0.05           0.00 r        -0.05  (VIOLATED)
   u_ctrl/u_aes/rkeys_reg[791]/synch_enable
                                0.05           0.00 r        -0.05  (VIOLATED)
   u_ctrl/u_aes/rkeys_reg[792]/synch_enable
                                0.05           0.00 r        -0.05  (VIOLATED)
   u_ctrl/u_aes/rkeys_reg[793]/synch_enable
                                0.05           0.00 r        -0.05  (VIOLATED)
   u_ctrl/u_aes/rkeys_reg[794]/synch_enable
                                0.05           0.00 r        -0.05  (VIOLATED)
   u_ctrl/u_aes/rkeys_reg[795]/synch_enable
                                0.05           0.00 r        -0.05  (VIOLATED)
   u_ctrl/u_aes/rkeys_reg[796]/synch_enable
                                0.05           0.00 r        -0.05  (VIOLATED)
   u_ctrl/u_aes/rkeys_reg[797]/synch_enable
                                0.05           0.00 r        -0.05  (VIOLATED)
   u_ctrl/u_aes/rkeys_reg[798]/synch_enable
                                0.05           0.00 r        -0.05  (VIOLATED)
   u_ctrl/u_aes/rkeys_reg[799]/synch_enable
                                0.05           0.00 r        -0.05  (VIOLATED)
   u_ctrl/u_aes/rkeys_reg[800]/synch_enable
                                0.05           0.00 r        -0.05  (VIOLATED)
   u_ctrl/u_aes/rkeys_reg[801]/synch_enable
                                0.05           0.00 r        -0.05  (VIOLATED)
   u_ctrl/u_aes/rkeys_reg[802]/synch_enable
                                0.05           0.00 r        -0.05  (VIOLATED)
   u_ctrl/u_aes/rkeys_reg[803]/synch_enable
                                0.05           0.00 r        -0.05  (VIOLATED)
   u_ctrl/u_aes/rkeys_reg[804]/synch_enable
                                0.05           0.00 r        -0.05  (VIOLATED)
   u_ctrl/u_aes/rkeys_reg[805]/synch_enable
                                0.05           0.00 r        -0.05  (VIOLATED)
   u_ctrl/u_aes/rkeys_reg[806]/synch_enable
                                0.05           0.00 r        -0.05  (VIOLATED)
   u_ctrl/u_aes/rkeys_reg[807]/synch_enable
                                0.05           0.00 r        -0.05  (VIOLATED)
   u_ctrl/u_aes/rkeys_reg[808]/synch_enable
                                0.05           0.00 r        -0.05  (VIOLATED)
   u_ctrl/u_aes/rkeys_reg[809]/synch_enable
                                0.05           0.00 r        -0.05  (VIOLATED)
   u_ctrl/u_aes/rkeys_reg[810]/synch_enable
                                0.05           0.00 r        -0.05  (VIOLATED)
   u_ctrl/u_aes/rkeys_reg[811]/synch_enable
                                0.05           0.00 r        -0.05  (VIOLATED)
   u_ctrl/u_aes/rkeys_reg[812]/synch_enable
                                0.05           0.00 r        -0.05  (VIOLATED)
   u_ctrl/u_aes/rkeys_reg[813]/synch_enable
                                0.05           0.00 r        -0.05  (VIOLATED)
   u_ctrl/u_aes/rkeys_reg[814]/synch_enable
                                0.05           0.00 r        -0.05  (VIOLATED)
   u_ctrl/u_aes/rkeys_reg[815]/synch_enable
                                0.05           0.00 r        -0.05  (VIOLATED)
   u_ctrl/u_aes/rkeys_reg[816]/synch_enable
                                0.05           0.00 r        -0.05  (VIOLATED)
   u_ctrl/u_aes/rkeys_reg[817]/synch_enable
                                0.05           0.00 r        -0.05  (VIOLATED)
   u_ctrl/u_aes/rkeys_reg[818]/synch_enable
                                0.05           0.00 r        -0.05  (VIOLATED)
   u_ctrl/u_aes/rkeys_reg[819]/synch_enable
                                0.05           0.00 r        -0.05  (VIOLATED)
   u_ctrl/u_aes/rkeys_reg[820]/synch_enable
                                0.05           0.00 r        -0.05  (VIOLATED)
   u_ctrl/u_aes/rkeys_reg[821]/synch_enable
                                0.05           0.00 r        -0.05  (VIOLATED)
   u_ctrl/u_aes/rkeys_reg[822]/synch_enable
                                0.05           0.00 r        -0.05  (VIOLATED)
   u_ctrl/u_aes/rkeys_reg[823]/synch_enable
                                0.05           0.00 r        -0.05  (VIOLATED)
   u_ctrl/u_aes/rkeys_reg[824]/synch_enable
                                0.05           0.00 r        -0.05  (VIOLATED)
   u_ctrl/u_aes/rkeys_reg[825]/synch_enable
                                0.05           0.00 r        -0.05  (VIOLATED)
   u_ctrl/u_aes/rkeys_reg[826]/synch_enable
                                0.05           0.00 r        -0.05  (VIOLATED)
   u_ctrl/u_aes/rkeys_reg[827]/synch_enable
                                0.05           0.00 r        -0.05  (VIOLATED)
   u_ctrl/u_aes/rkeys_reg[828]/synch_enable
                                0.05           0.00 r        -0.05  (VIOLATED)
   u_ctrl/u_aes/rkeys_reg[829]/synch_enable
                                0.05           0.00 r        -0.05  (VIOLATED)
   u_ctrl/u_aes/rkeys_reg[830]/synch_enable
                                0.05           0.00 r        -0.05  (VIOLATED)
   u_ctrl/u_aes/rkeys_reg[831]/synch_enable
                                0.05           0.00 r        -0.05  (VIOLATED)
   u_ctrl/u_aes/rkeys_reg[832]/synch_enable
                                0.05           0.00 r        -0.05  (VIOLATED)
   u_ctrl/u_aes/rkeys_reg[833]/synch_enable
                                0.05           0.00 r        -0.05  (VIOLATED)
   u_ctrl/u_aes/rkeys_reg[834]/synch_enable
                                0.05           0.00 r        -0.05  (VIOLATED)
   u_ctrl/u_aes/rkeys_reg[835]/synch_enable
                                0.05           0.00 r        -0.05  (VIOLATED)
   u_ctrl/u_aes/rkeys_reg[836]/synch_enable
                                0.05           0.00 r        -0.05  (VIOLATED)
   u_ctrl/u_aes/rkeys_reg[837]/synch_enable
                                0.05           0.00 r        -0.05  (VIOLATED)
   u_ctrl/u_aes/rkeys_reg[838]/synch_enable
                                0.05           0.00 r        -0.05  (VIOLATED)
   u_ctrl/u_aes/rkeys_reg[839]/synch_enable
                                0.05           0.00 r        -0.05  (VIOLATED)
   u_ctrl/u_aes/rkeys_reg[840]/synch_enable
                                0.05           0.00 r        -0.05  (VIOLATED)
   u_ctrl/u_aes/rkeys_reg[841]/synch_enable
                                0.05           0.00 r        -0.05  (VIOLATED)
   u_ctrl/u_aes/rkeys_reg[842]/synch_enable
                                0.05           0.00 r        -0.05  (VIOLATED)
   u_ctrl/u_aes/rkeys_reg[843]/synch_enable
                                0.05           0.00 r        -0.05  (VIOLATED)
   u_ctrl/u_aes/rkeys_reg[844]/synch_enable
                                0.05           0.00 r        -0.05  (VIOLATED)
   u_ctrl/u_aes/rkeys_reg[845]/synch_enable
                                0.05           0.00 r        -0.05  (VIOLATED)
   u_ctrl/u_aes/rkeys_reg[846]/synch_enable
                                0.05           0.00 r        -0.05  (VIOLATED)
   u_ctrl/u_aes/rkeys_reg[847]/synch_enable
                                0.05           0.00 r        -0.05  (VIOLATED)
   u_ctrl/u_aes/rkeys_reg[848]/synch_enable
                                0.05           0.00 r        -0.05  (VIOLATED)
   u_ctrl/u_aes/rkeys_reg[849]/synch_enable
                                0.05           0.00 r        -0.05  (VIOLATED)
   u_ctrl/u_aes/rkeys_reg[850]/synch_enable
                                0.05           0.00 r        -0.05  (VIOLATED)
   u_ctrl/u_aes/rkeys_reg[851]/synch_enable
                                0.05           0.00 r        -0.05  (VIOLATED)
   u_ctrl/u_aes/rkeys_reg[852]/synch_enable
                                0.05           0.00 r        -0.05  (VIOLATED)
   u_ctrl/u_aes/rkeys_reg[853]/synch_enable
                                0.05           0.00 r        -0.05  (VIOLATED)
   u_ctrl/u_aes/rkeys_reg[854]/synch_enable
                                0.05           0.00 r        -0.05  (VIOLATED)
   u_ctrl/u_aes/rkeys_reg[855]/synch_enable
                                0.05           0.00 r        -0.05  (VIOLATED)
   u_ctrl/u_aes/rkeys_reg[856]/synch_enable
                                0.05           0.00 r        -0.05  (VIOLATED)
   u_ctrl/u_aes/rkeys_reg[857]/synch_enable
                                0.05           0.00 r        -0.05  (VIOLATED)
   u_ctrl/u_aes/rkeys_reg[858]/synch_enable
                                0.05           0.00 r        -0.05  (VIOLATED)
   u_ctrl/u_aes/rkeys_reg[859]/synch_enable
                                0.05           0.00 r        -0.05  (VIOLATED)
   u_ctrl/u_aes/rkeys_reg[860]/synch_enable
                                0.05           0.00 r        -0.05  (VIOLATED)
   u_ctrl/u_aes/rkeys_reg[861]/synch_enable
                                0.05           0.00 r        -0.05  (VIOLATED)
   u_ctrl/u_aes/rkeys_reg[862]/synch_enable
                                0.05           0.00 r        -0.05  (VIOLATED)
   u_ctrl/u_aes/rkeys_reg[863]/synch_enable
                                0.05           0.00 r        -0.05  (VIOLATED)
   u_ctrl/u_aes/rkeys_reg[864]/synch_enable
                                0.05           0.00 r        -0.05  (VIOLATED)
   u_ctrl/u_aes/rkeys_reg[865]/synch_enable
                                0.05           0.00 r        -0.05  (VIOLATED)
   u_ctrl/u_aes/rkeys_reg[866]/synch_enable
                                0.05           0.00 r        -0.05  (VIOLATED)
   u_ctrl/u_aes/rkeys_reg[867]/synch_enable
                                0.05           0.00 r        -0.05  (VIOLATED)
   u_ctrl/u_aes/rkeys_reg[868]/synch_enable
                                0.05           0.00 r        -0.05  (VIOLATED)
   u_ctrl/u_aes/rkeys_reg[869]/synch_enable
                                0.05           0.00 r        -0.05  (VIOLATED)
   u_ctrl/u_aes/rkeys_reg[870]/synch_enable
                                0.05           0.00 r        -0.05  (VIOLATED)
   u_ctrl/u_aes/rkeys_reg[871]/synch_enable
                                0.05           0.00 r        -0.05  (VIOLATED)
   u_ctrl/u_aes/rkeys_reg[872]/synch_enable
                                0.05           0.00 r        -0.05  (VIOLATED)
   u_ctrl/u_aes/rkeys_reg[873]/synch_enable
                                0.05           0.00 r        -0.05  (VIOLATED)
   u_ctrl/u_aes/rkeys_reg[874]/synch_enable
                                0.05           0.00 r        -0.05  (VIOLATED)
   u_ctrl/u_aes/rkeys_reg[875]/synch_enable
                                0.05           0.00 r        -0.05  (VIOLATED)
   u_ctrl/u_aes/rkeys_reg[876]/synch_enable
                                0.05           0.00 r        -0.05  (VIOLATED)
   u_ctrl/u_aes/rkeys_reg[877]/synch_enable
                                0.05           0.00 r        -0.05  (VIOLATED)
   u_ctrl/u_aes/rkeys_reg[878]/synch_enable
                                0.05           0.00 r        -0.05  (VIOLATED)
   u_ctrl/u_aes/rkeys_reg[879]/synch_enable
                                0.05           0.00 r        -0.05  (VIOLATED)
   u_ctrl/u_aes/rkeys_reg[880]/synch_enable
                                0.05           0.00 r        -0.05  (VIOLATED)
   u_ctrl/u_aes/rkeys_reg[881]/synch_enable
                                0.05           0.00 r        -0.05  (VIOLATED)
   u_ctrl/u_aes/rkeys_reg[882]/synch_enable
                                0.05           0.00 r        -0.05  (VIOLATED)
   u_ctrl/u_aes/rkeys_reg[883]/synch_enable
                                0.05           0.00 r        -0.05  (VIOLATED)
   u_ctrl/u_aes/rkeys_reg[884]/synch_enable
                                0.05           0.00 r        -0.05  (VIOLATED)
   u_ctrl/u_aes/rkeys_reg[885]/synch_enable
                                0.05           0.00 r        -0.05  (VIOLATED)
   u_ctrl/u_aes/rkeys_reg[886]/synch_enable
                                0.05           0.00 r        -0.05  (VIOLATED)
   u_ctrl/u_aes/rkeys_reg[887]/synch_enable
                                0.05           0.00 r        -0.05  (VIOLATED)
   u_ctrl/u_aes/rkeys_reg[888]/synch_enable
                                0.05           0.00 r        -0.05  (VIOLATED)
   u_ctrl/u_aes/rkeys_reg[889]/synch_enable
                                0.05           0.00 r        -0.05  (VIOLATED)
   u_ctrl/u_aes/rkeys_reg[890]/synch_enable
                                0.05           0.00 r        -0.05  (VIOLATED)
   u_ctrl/u_aes/rkeys_reg[891]/synch_enable
                                0.05           0.00 r        -0.05  (VIOLATED)
   u_ctrl/u_aes/rkeys_reg[892]/synch_enable
                                0.05           0.00 r        -0.05  (VIOLATED)
   u_ctrl/u_aes/rkeys_reg[893]/synch_enable
                                0.05           0.00 r        -0.05  (VIOLATED)
   u_ctrl/u_aes/rkeys_reg[894]/synch_enable
                                0.05           0.00 r        -0.05  (VIOLATED)
   u_ctrl/u_aes/rkeys_reg[895]/synch_enable
                                0.05           0.00 r        -0.05  (VIOLATED)
   u_ctrl/u_aes/rkeys_reg[896]/synch_enable
                                0.05           0.00 r        -0.05  (VIOLATED)
   u_ctrl/u_aes/rkeys_reg[897]/synch_enable
                                0.05           0.00 r        -0.05  (VIOLATED)
   u_ctrl/u_aes/rkeys_reg[898]/synch_enable
                                0.05           0.00 r        -0.05  (VIOLATED)
   u_ctrl/u_aes/rkeys_reg[899]/synch_enable
                                0.05           0.00 r        -0.05  (VIOLATED)
   u_ctrl/u_aes/rkeys_reg[900]/synch_enable
                                0.05           0.00 r        -0.05  (VIOLATED)
   u_ctrl/u_aes/rkeys_reg[901]/synch_enable
                                0.05           0.00 r        -0.05  (VIOLATED)
   u_ctrl/u_aes/rkeys_reg[902]/synch_enable
                                0.05           0.00 r        -0.05  (VIOLATED)
   u_ctrl/u_aes/rkeys_reg[903]/synch_enable
                                0.05           0.00 r        -0.05  (VIOLATED)
   u_ctrl/u_aes/rkeys_reg[904]/synch_enable
                                0.05           0.00 r        -0.05  (VIOLATED)
   u_ctrl/u_aes/rkeys_reg[905]/synch_enable
                                0.05           0.00 r        -0.05  (VIOLATED)
   u_ctrl/u_aes/rkeys_reg[906]/synch_enable
                                0.05           0.00 r        -0.05  (VIOLATED)
   u_ctrl/u_aes/rkeys_reg[907]/synch_enable
                                0.05           0.00 r        -0.05  (VIOLATED)
   u_ctrl/u_aes/rkeys_reg[908]/synch_enable
                                0.05           0.00 r        -0.05  (VIOLATED)
   u_ctrl/u_aes/rkeys_reg[909]/synch_enable
                                0.05           0.00 r        -0.05  (VIOLATED)
   u_ctrl/u_aes/rkeys_reg[910]/synch_enable
                                0.05           0.00 r        -0.05  (VIOLATED)
   u_ctrl/u_aes/rkeys_reg[911]/synch_enable
                                0.05           0.00 r        -0.05  (VIOLATED)
   u_ctrl/u_aes/rkeys_reg[912]/synch_enable
                                0.05           0.00 r        -0.05  (VIOLATED)
   u_ctrl/u_aes/rkeys_reg[913]/synch_enable
                                0.05           0.00 r        -0.05  (VIOLATED)
   u_ctrl/u_aes/rkeys_reg[914]/synch_enable
                                0.05           0.00 r        -0.05  (VIOLATED)
   u_ctrl/u_aes/rkeys_reg[915]/synch_enable
                                0.05           0.00 r        -0.05  (VIOLATED)
   u_ctrl/u_aes/rkeys_reg[916]/synch_enable
                                0.05           0.00 r        -0.05  (VIOLATED)
   u_ctrl/u_aes/rkeys_reg[917]/synch_enable
                                0.05           0.00 r        -0.05  (VIOLATED)
   u_ctrl/u_aes/rkeys_reg[918]/synch_enable
                                0.05           0.00 r        -0.05  (VIOLATED)
   u_ctrl/u_aes/rkeys_reg[919]/synch_enable
                                0.05           0.00 r        -0.05  (VIOLATED)
   u_ctrl/u_aes/rkeys_reg[920]/synch_enable
                                0.05           0.00 r        -0.05  (VIOLATED)
   u_ctrl/u_aes/rkeys_reg[921]/synch_enable
                                0.05           0.00 r        -0.05  (VIOLATED)
   u_ctrl/u_aes/rkeys_reg[922]/synch_enable
                                0.05           0.00 r        -0.05  (VIOLATED)
   u_ctrl/u_aes/rkeys_reg[923]/synch_enable
                                0.05           0.00 r        -0.05  (VIOLATED)
   u_ctrl/u_aes/rkeys_reg[924]/synch_enable
                                0.05           0.00 r        -0.05  (VIOLATED)
   u_ctrl/u_aes/rkeys_reg[925]/synch_enable
                                0.05           0.00 r        -0.05  (VIOLATED)
   u_ctrl/u_aes/rkeys_reg[926]/synch_enable
                                0.05           0.00 r        -0.05  (VIOLATED)
   u_ctrl/u_aes/rkeys_reg[927]/synch_enable
                                0.05           0.00 r        -0.05  (VIOLATED)
   u_ctrl/u_aes/rkeys_reg[928]/synch_enable
                                0.05           0.00 r        -0.05  (VIOLATED)
   u_ctrl/u_aes/rkeys_reg[929]/synch_enable
                                0.05           0.00 r        -0.05  (VIOLATED)
   u_ctrl/u_aes/rkeys_reg[930]/synch_enable
                                0.05           0.00 r        -0.05  (VIOLATED)
   u_ctrl/u_aes/rkeys_reg[931]/synch_enable
                                0.05           0.00 r        -0.05  (VIOLATED)
   u_ctrl/u_aes/rkeys_reg[932]/synch_enable
                                0.05           0.00 r        -0.05  (VIOLATED)
   u_ctrl/u_aes/rkeys_reg[933]/synch_enable
                                0.05           0.00 r        -0.05  (VIOLATED)
   u_ctrl/u_aes/rkeys_reg[934]/synch_enable
                                0.05           0.00 r        -0.05  (VIOLATED)
   u_ctrl/u_aes/rkeys_reg[935]/synch_enable
                                0.05           0.00 r        -0.05  (VIOLATED)
   u_ctrl/u_aes/rkeys_reg[936]/synch_enable
                                0.05           0.00 r        -0.05  (VIOLATED)
   u_ctrl/u_aes/rkeys_reg[937]/synch_enable
                                0.05           0.00 r        -0.05  (VIOLATED)
   u_ctrl/u_aes/rkeys_reg[938]/synch_enable
                                0.05           0.00 r        -0.05  (VIOLATED)
   u_ctrl/u_aes/rkeys_reg[939]/synch_enable
                                0.05           0.00 r        -0.05  (VIOLATED)
   u_ctrl/u_aes/rkeys_reg[940]/synch_enable
                                0.05           0.00 r        -0.05  (VIOLATED)
   u_ctrl/u_aes/rkeys_reg[941]/synch_enable
                                0.05           0.00 r        -0.05  (VIOLATED)
   u_ctrl/u_aes/rkeys_reg[942]/synch_enable
                                0.05           0.00 r        -0.05  (VIOLATED)
   u_ctrl/u_aes/rkeys_reg[943]/synch_enable
                                0.05           0.00 r        -0.05  (VIOLATED)
   u_ctrl/u_aes/rkeys_reg[944]/synch_enable
                                0.05           0.00 r        -0.05  (VIOLATED)
   u_ctrl/u_aes/rkeys_reg[945]/synch_enable
                                0.05           0.00 r        -0.05  (VIOLATED)
   u_ctrl/u_aes/rkeys_reg[946]/synch_enable
                                0.05           0.00 r        -0.05  (VIOLATED)
   u_ctrl/u_aes/rkeys_reg[947]/synch_enable
                                0.05           0.00 r        -0.05  (VIOLATED)
   u_ctrl/u_aes/rkeys_reg[948]/synch_enable
                                0.05           0.00 r        -0.05  (VIOLATED)
   u_ctrl/u_aes/rkeys_reg[949]/synch_enable
                                0.05           0.00 r        -0.05  (VIOLATED)
   u_ctrl/u_aes/rkeys_reg[950]/synch_enable
                                0.05           0.00 r        -0.05  (VIOLATED)
   u_ctrl/u_aes/rkeys_reg[951]/synch_enable
                                0.05           0.00 r        -0.05  (VIOLATED)
   u_ctrl/u_aes/rkeys_reg[952]/synch_enable
                                0.05           0.00 r        -0.05  (VIOLATED)
   u_ctrl/u_aes/rkeys_reg[953]/synch_enable
                                0.05           0.00 r        -0.05  (VIOLATED)
   u_ctrl/u_aes/rkeys_reg[954]/synch_enable
                                0.05           0.00 r        -0.05  (VIOLATED)
   u_ctrl/u_aes/rkeys_reg[955]/synch_enable
                                0.05           0.00 r        -0.05  (VIOLATED)
   u_ctrl/u_aes/rkeys_reg[956]/synch_enable
                                0.05           0.00 r        -0.05  (VIOLATED)
   u_ctrl/u_aes/rkeys_reg[957]/synch_enable
                                0.05           0.00 r        -0.05  (VIOLATED)
   u_ctrl/u_aes/rkeys_reg[958]/synch_enable
                                0.05           0.00 r        -0.05  (VIOLATED)
   u_ctrl/u_aes/rkeys_reg[959]/synch_enable
                                0.05           0.00 r        -0.05  (VIOLATED)
   u_ctrl/u_aes/rkeys_reg[960]/synch_enable
                                0.05           0.00 r        -0.05  (VIOLATED)
   u_ctrl/u_aes/rkeys_reg[961]/synch_enable
                                0.05           0.00 r        -0.05  (VIOLATED)
   u_ctrl/u_aes/rkeys_reg[962]/synch_enable
                                0.05           0.00 r        -0.05  (VIOLATED)
   u_ctrl/u_aes/rkeys_reg[963]/synch_enable
                                0.05           0.00 r        -0.05  (VIOLATED)
   u_ctrl/u_aes/rkeys_reg[964]/synch_enable
                                0.05           0.00 r        -0.05  (VIOLATED)
   u_ctrl/u_aes/rkeys_reg[965]/synch_enable
                                0.05           0.00 r        -0.05  (VIOLATED)
   u_ctrl/u_aes/rkeys_reg[966]/synch_enable
                                0.05           0.00 r        -0.05  (VIOLATED)
   u_ctrl/u_aes/rkeys_reg[967]/synch_enable
                                0.05           0.00 r        -0.05  (VIOLATED)
   u_ctrl/u_aes/rkeys_reg[968]/synch_enable
                                0.05           0.00 r        -0.05  (VIOLATED)
   u_ctrl/u_aes/rkeys_reg[969]/synch_enable
                                0.05           0.00 r        -0.05  (VIOLATED)
   u_ctrl/u_aes/rkeys_reg[970]/synch_enable
                                0.05           0.00 r        -0.05  (VIOLATED)
   u_ctrl/u_aes/rkeys_reg[971]/synch_enable
                                0.05           0.00 r        -0.05  (VIOLATED)
   u_ctrl/u_aes/rkeys_reg[972]/synch_enable
                                0.05           0.00 r        -0.05  (VIOLATED)
   u_ctrl/u_aes/rkeys_reg[973]/synch_enable
                                0.05           0.00 r        -0.05  (VIOLATED)
   u_ctrl/u_aes/rkeys_reg[974]/synch_enable
                                0.05           0.00 r        -0.05  (VIOLATED)
   u_ctrl/u_aes/rkeys_reg[975]/synch_enable
                                0.05           0.00 r        -0.05  (VIOLATED)
   u_ctrl/u_aes/rkeys_reg[976]/synch_enable
                                0.05           0.00 r        -0.05  (VIOLATED)
   u_ctrl/u_aes/rkeys_reg[977]/synch_enable
                                0.05           0.00 r        -0.05  (VIOLATED)
   u_ctrl/u_aes/rkeys_reg[978]/synch_enable
                                0.05           0.00 r        -0.05  (VIOLATED)
   u_ctrl/u_aes/rkeys_reg[979]/synch_enable
                                0.05           0.00 r        -0.05  (VIOLATED)
   u_ctrl/u_aes/rkeys_reg[980]/synch_enable
                                0.05           0.00 r        -0.05  (VIOLATED)
   u_ctrl/u_aes/rkeys_reg[981]/synch_enable
                                0.05           0.00 r        -0.05  (VIOLATED)
   u_ctrl/u_aes/rkeys_reg[982]/synch_enable
                                0.05           0.00 r        -0.05  (VIOLATED)
   u_ctrl/u_aes/rkeys_reg[983]/synch_enable
                                0.05           0.00 r        -0.05  (VIOLATED)
   u_ctrl/u_aes/rkeys_reg[984]/synch_enable
                                0.05           0.00 r        -0.05  (VIOLATED)
   u_ctrl/u_aes/rkeys_reg[985]/synch_enable
                                0.05           0.00 r        -0.05  (VIOLATED)
   u_ctrl/u_aes/rkeys_reg[986]/synch_enable
                                0.05           0.00 r        -0.05  (VIOLATED)
   u_ctrl/u_aes/rkeys_reg[987]/synch_enable
                                0.05           0.00 r        -0.05  (VIOLATED)
   u_ctrl/u_aes/rkeys_reg[988]/synch_enable
                                0.05           0.00 r        -0.05  (VIOLATED)
   u_ctrl/u_aes/rkeys_reg[989]/synch_enable
                                0.05           0.00 r        -0.05  (VIOLATED)
   u_ctrl/u_aes/rkeys_reg[990]/synch_enable
                                0.05           0.00 r        -0.05  (VIOLATED)
   u_ctrl/u_aes/rkeys_reg[991]/synch_enable
                                0.05           0.00 r        -0.05  (VIOLATED)
   u_ctrl/u_aes/rkeys_reg[992]/synch_enable
                                0.05           0.00 r        -0.05  (VIOLATED)
   u_ctrl/u_aes/rkeys_reg[993]/synch_enable
                                0.05           0.00 r        -0.05  (VIOLATED)
   u_ctrl/u_aes/rkeys_reg[994]/synch_enable
                                0.05           0.00 r        -0.05  (VIOLATED)
   u_ctrl/u_aes/rkeys_reg[995]/synch_enable
                                0.05           0.00 r        -0.05  (VIOLATED)
   u_ctrl/u_aes/rkeys_reg[996]/synch_enable
                                0.05           0.00 r        -0.05  (VIOLATED)
   u_ctrl/u_aes/rkeys_reg[997]/synch_enable
                                0.05           0.00 r        -0.05  (VIOLATED)
   u_ctrl/u_aes/rkeys_reg[998]/synch_enable
                                0.05           0.00 r        -0.05  (VIOLATED)
   u_ctrl/u_aes/rkeys_reg[999]/synch_enable
                                0.05           0.00 r        -0.05  (VIOLATED)
   u_ctrl/u_aes/rkeys_reg[1000]/synch_enable
                                0.05           0.00 r        -0.05  (VIOLATED)
   u_ctrl/u_aes/rkeys_reg[1001]/synch_enable
                                0.05           0.00 r        -0.05  (VIOLATED)
   u_ctrl/u_aes/rkeys_reg[1002]/synch_enable
                                0.05           0.00 r        -0.05  (VIOLATED)
   u_ctrl/u_aes/rkeys_reg[1003]/synch_enable
                                0.05           0.00 r        -0.05  (VIOLATED)
   u_ctrl/u_aes/rkeys_reg[1004]/synch_enable
                                0.05           0.00 r        -0.05  (VIOLATED)
   u_ctrl/u_aes/rkeys_reg[1005]/synch_enable
                                0.05           0.00 r        -0.05  (VIOLATED)
   u_ctrl/u_aes/rkeys_reg[1006]/synch_enable
                                0.05           0.00 r        -0.05  (VIOLATED)
   u_ctrl/u_aes/rkeys_reg[1007]/synch_enable
                                0.05           0.00 r        -0.05  (VIOLATED)
   u_ctrl/u_aes/rkeys_reg[1008]/synch_enable
                                0.05           0.00 r        -0.05  (VIOLATED)
   u_ctrl/u_aes/rkeys_reg[1009]/synch_enable
                                0.05           0.00 r        -0.05  (VIOLATED)
   u_ctrl/u_aes/rkeys_reg[1010]/synch_enable
                                0.05           0.00 r        -0.05  (VIOLATED)
   u_ctrl/u_aes/rkeys_reg[1011]/synch_enable
                                0.05           0.00 r        -0.05  (VIOLATED)
   u_ctrl/u_aes/rkeys_reg[1012]/synch_enable
                                0.05           0.00 r        -0.05  (VIOLATED)
   u_ctrl/u_aes/rkeys_reg[1013]/synch_enable
                                0.05           0.00 r        -0.05  (VIOLATED)
   u_ctrl/u_aes/rkeys_reg[1014]/synch_enable
                                0.05           0.00 r        -0.05  (VIOLATED)
   u_ctrl/u_aes/rkeys_reg[1015]/synch_enable
                                0.05           0.00 r        -0.05  (VIOLATED)
   u_ctrl/u_aes/rkeys_reg[1016]/synch_enable
                                0.05           0.00 r        -0.05  (VIOLATED)
   u_ctrl/u_aes/rkeys_reg[1017]/synch_enable
                                0.05           0.00 r        -0.05  (VIOLATED)
   u_ctrl/u_aes/rkeys_reg[1018]/synch_enable
                                0.05           0.00 r        -0.05  (VIOLATED)
   u_ctrl/u_aes/rkeys_reg[1019]/synch_enable
                                0.05           0.00 r        -0.05  (VIOLATED)
   u_ctrl/u_aes/rkeys_reg[1020]/synch_enable
                                0.05           0.00 r        -0.05  (VIOLATED)
   u_ctrl/u_aes/rkeys_reg[1021]/synch_enable
                                0.05           0.00 r        -0.05  (VIOLATED)
   u_ctrl/u_aes/rkeys_reg[1022]/synch_enable
                                0.05           0.00 r        -0.05  (VIOLATED)
   u_ctrl/u_aes/rkeys_reg[1023]/synch_enable
                                0.05           0.00 r        -0.05  (VIOLATED)
   u_ctrl/u_aes/rkeys_reg[1024]/synch_enable
                                0.05           0.00 r        -0.05  (VIOLATED)
   u_ctrl/u_aes/rkeys_reg[1025]/synch_enable
                                0.05           0.00 r        -0.05  (VIOLATED)
   u_ctrl/u_aes/rkeys_reg[1026]/synch_enable
                                0.05           0.00 r        -0.05  (VIOLATED)
   u_ctrl/u_aes/rkeys_reg[1027]/synch_enable
                                0.05           0.00 r        -0.05  (VIOLATED)
   u_ctrl/u_aes/rkeys_reg[1028]/synch_enable
                                0.05           0.00 r        -0.05  (VIOLATED)
   u_ctrl/u_aes/rkeys_reg[1029]/synch_enable
                                0.05           0.00 r        -0.05  (VIOLATED)
   u_ctrl/u_aes/rkeys_reg[1030]/synch_enable
                                0.05           0.00 r        -0.05  (VIOLATED)
   u_ctrl/u_aes/rkeys_reg[1031]/synch_enable
                                0.05           0.00 r        -0.05  (VIOLATED)
   u_ctrl/u_aes/rkeys_reg[1032]/synch_enable
                                0.05           0.00 r        -0.05  (VIOLATED)
   u_ctrl/u_aes/rkeys_reg[1033]/synch_enable
                                0.05           0.00 r        -0.05  (VIOLATED)
   u_ctrl/u_aes/rkeys_reg[1034]/synch_enable
                                0.05           0.00 r        -0.05  (VIOLATED)
   u_ctrl/u_aes/rkeys_reg[1035]/synch_enable
                                0.05           0.00 r        -0.05  (VIOLATED)
   u_ctrl/u_aes/rkeys_reg[1036]/synch_enable
                                0.05           0.00 r        -0.05  (VIOLATED)
   u_ctrl/u_aes/rkeys_reg[1037]/synch_enable
                                0.05           0.00 r        -0.05  (VIOLATED)
   u_ctrl/u_aes/rkeys_reg[1038]/synch_enable
                                0.05           0.00 r        -0.05  (VIOLATED)
   u_ctrl/u_aes/rkeys_reg[1039]/synch_enable
                                0.05           0.00 r        -0.05  (VIOLATED)
   u_ctrl/u_aes/rkeys_reg[1040]/synch_enable
                                0.05           0.00 r        -0.05  (VIOLATED)
   u_ctrl/u_aes/rkeys_reg[1041]/synch_enable
                                0.05           0.00 r        -0.05  (VIOLATED)
   u_ctrl/u_aes/rkeys_reg[1042]/synch_enable
                                0.05           0.00 r        -0.05  (VIOLATED)
   u_ctrl/u_aes/rkeys_reg[1043]/synch_enable
                                0.05           0.00 r        -0.05  (VIOLATED)
   u_ctrl/u_aes/rkeys_reg[1044]/synch_enable
                                0.05           0.00 r        -0.05  (VIOLATED)
   u_ctrl/u_aes/rkeys_reg[1045]/synch_enable
                                0.05           0.00 r        -0.05  (VIOLATED)
   u_ctrl/u_aes/rkeys_reg[1046]/synch_enable
                                0.05           0.00 r        -0.05  (VIOLATED)
   u_ctrl/u_aes/rkeys_reg[1047]/synch_enable
                                0.05           0.00 r        -0.05  (VIOLATED)
   u_ctrl/u_aes/rkeys_reg[1048]/synch_enable
                                0.05           0.00 r        -0.05  (VIOLATED)
   u_ctrl/u_aes/rkeys_reg[1049]/synch_enable
                                0.05           0.00 r        -0.05  (VIOLATED)
   u_ctrl/u_aes/rkeys_reg[1050]/synch_enable
                                0.05           0.00 r        -0.05  (VIOLATED)
   u_ctrl/u_aes/rkeys_reg[1051]/synch_enable
                                0.05           0.00 r        -0.05  (VIOLATED)
   u_ctrl/u_aes/rkeys_reg[1052]/synch_enable
                                0.05           0.00 r        -0.05  (VIOLATED)
   u_ctrl/u_aes/rkeys_reg[1053]/synch_enable
                                0.05           0.00 r        -0.05  (VIOLATED)
   u_ctrl/u_aes/rkeys_reg[1054]/synch_enable
                                0.05           0.00 r        -0.05  (VIOLATED)
   u_ctrl/u_aes/rkeys_reg[1055]/synch_enable
                                0.05           0.00 r        -0.05  (VIOLATED)
   u_ctrl/u_aes/rkeys_reg[1056]/synch_enable
                                0.05           0.00 r        -0.05  (VIOLATED)
   u_ctrl/u_aes/rkeys_reg[1057]/synch_enable
                                0.05           0.00 r        -0.05  (VIOLATED)
   u_ctrl/u_aes/rkeys_reg[1058]/synch_enable
                                0.05           0.00 r        -0.05  (VIOLATED)
   u_ctrl/u_aes/rkeys_reg[1059]/synch_enable
                                0.05           0.00 r        -0.05  (VIOLATED)
   u_ctrl/u_aes/rkeys_reg[1060]/synch_enable
                                0.05           0.00 r        -0.05  (VIOLATED)
   u_ctrl/u_aes/rkeys_reg[1061]/synch_enable
                                0.05           0.00 r        -0.05  (VIOLATED)
   u_ctrl/u_aes/rkeys_reg[1062]/synch_enable
                                0.05           0.00 r        -0.05  (VIOLATED)
   u_ctrl/u_aes/rkeys_reg[1063]/synch_enable
                                0.05           0.00 r        -0.05  (VIOLATED)
   u_ctrl/u_aes/rkeys_reg[1064]/synch_enable
                                0.05           0.00 r        -0.05  (VIOLATED)
   u_ctrl/u_aes/rkeys_reg[1065]/synch_enable
                                0.05           0.00 r        -0.05  (VIOLATED)
   u_ctrl/u_aes/rkeys_reg[1066]/synch_enable
                                0.05           0.00 r        -0.05  (VIOLATED)
   u_ctrl/u_aes/rkeys_reg[1067]/synch_enable
                                0.05           0.00 r        -0.05  (VIOLATED)
   u_ctrl/u_aes/rkeys_reg[1068]/synch_enable
                                0.05           0.00 r        -0.05  (VIOLATED)
   u_ctrl/u_aes/rkeys_reg[1069]/synch_enable
                                0.05           0.00 r        -0.05  (VIOLATED)
   u_ctrl/u_aes/rkeys_reg[1070]/synch_enable
                                0.05           0.00 r        -0.05  (VIOLATED)
   u_ctrl/u_aes/rkeys_reg[1071]/synch_enable
                                0.05           0.00 r        -0.05  (VIOLATED)
   u_ctrl/u_aes/rkeys_reg[1072]/synch_enable
                                0.05           0.00 r        -0.05  (VIOLATED)
   u_ctrl/u_aes/rkeys_reg[1073]/synch_enable
                                0.05           0.00 r        -0.05  (VIOLATED)
   u_ctrl/u_aes/rkeys_reg[1074]/synch_enable
                                0.05           0.00 r        -0.05  (VIOLATED)
   u_ctrl/u_aes/rkeys_reg[1075]/synch_enable
                                0.05           0.00 r        -0.05  (VIOLATED)
   u_ctrl/u_aes/rkeys_reg[1076]/synch_enable
                                0.05           0.00 r        -0.05  (VIOLATED)
   u_ctrl/u_aes/rkeys_reg[1077]/synch_enable
                                0.05           0.00 r        -0.05  (VIOLATED)
   u_ctrl/u_aes/rkeys_reg[1078]/synch_enable
                                0.05           0.00 r        -0.05  (VIOLATED)
   u_ctrl/u_aes/rkeys_reg[1079]/synch_enable
                                0.05           0.00 r        -0.05  (VIOLATED)
   u_ctrl/u_aes/rkeys_reg[1080]/synch_enable
                                0.05           0.00 r        -0.05  (VIOLATED)
   u_ctrl/u_aes/rkeys_reg[1081]/synch_enable
                                0.05           0.00 r        -0.05  (VIOLATED)
   u_ctrl/u_aes/rkeys_reg[1082]/synch_enable
                                0.05           0.00 r        -0.05  (VIOLATED)
   u_ctrl/u_aes/rkeys_reg[1083]/synch_enable
                                0.05           0.00 r        -0.05  (VIOLATED)
   u_ctrl/u_aes/rkeys_reg[1084]/synch_enable
                                0.05           0.00 r        -0.05  (VIOLATED)
   u_ctrl/u_aes/rkeys_reg[1085]/synch_enable
                                0.05           0.00 r        -0.05  (VIOLATED)
   u_ctrl/u_aes/rkeys_reg[1086]/synch_enable
                                0.05           0.00 r        -0.05  (VIOLATED)
   u_ctrl/u_aes/rkeys_reg[1087]/synch_enable
                                0.05           0.00 r        -0.05  (VIOLATED)
   u_ctrl/u_aes/rkeys_reg[1088]/synch_enable
                                0.05           0.00 r        -0.05  (VIOLATED)
   u_ctrl/u_aes/rkeys_reg[1089]/synch_enable
                                0.05           0.00 r        -0.05  (VIOLATED)
   u_ctrl/u_aes/rkeys_reg[1090]/synch_enable
                                0.05           0.00 r        -0.05  (VIOLATED)
   u_ctrl/u_aes/rkeys_reg[1091]/synch_enable
                                0.05           0.00 r        -0.05  (VIOLATED)
   u_ctrl/u_aes/rkeys_reg[1092]/synch_enable
                                0.05           0.00 r        -0.05  (VIOLATED)
   u_ctrl/u_aes/rkeys_reg[1093]/synch_enable
                                0.05           0.00 r        -0.05  (VIOLATED)
   u_ctrl/u_aes/rkeys_reg[1094]/synch_enable
                                0.05           0.00 r        -0.05  (VIOLATED)
   u_ctrl/u_aes/rkeys_reg[1095]/synch_enable
                                0.05           0.00 r        -0.05  (VIOLATED)
   u_ctrl/u_aes/rkeys_reg[1096]/synch_enable
                                0.05           0.00 r        -0.05  (VIOLATED)
   u_ctrl/u_aes/rkeys_reg[1097]/synch_enable
                                0.05           0.00 r        -0.05  (VIOLATED)
   u_ctrl/u_aes/rkeys_reg[1098]/synch_enable
                                0.05           0.00 r        -0.05  (VIOLATED)
   u_ctrl/u_aes/rkeys_reg[1099]/synch_enable
                                0.05           0.00 r        -0.05  (VIOLATED)
   u_ctrl/u_aes/rkeys_reg[1100]/synch_enable
                                0.05           0.00 r        -0.05  (VIOLATED)
   u_ctrl/u_aes/rkeys_reg[1101]/synch_enable
                                0.05           0.00 r        -0.05  (VIOLATED)
   u_ctrl/u_aes/rkeys_reg[1102]/synch_enable
                                0.05           0.00 r        -0.05  (VIOLATED)
   u_ctrl/u_aes/rkeys_reg[1103]/synch_enable
                                0.05           0.00 r        -0.05  (VIOLATED)
   u_ctrl/u_aes/rkeys_reg[1104]/synch_enable
                                0.05           0.00 r        -0.05  (VIOLATED)
   u_ctrl/u_aes/rkeys_reg[1105]/synch_enable
                                0.05           0.00 r        -0.05  (VIOLATED)
   u_ctrl/u_aes/rkeys_reg[1106]/synch_enable
                                0.05           0.00 r        -0.05  (VIOLATED)
   u_ctrl/u_aes/rkeys_reg[1107]/synch_enable
                                0.05           0.00 r        -0.05  (VIOLATED)
   u_ctrl/u_aes/rkeys_reg[1108]/synch_enable
                                0.05           0.00 r        -0.05  (VIOLATED)
   u_ctrl/u_aes/rkeys_reg[1109]/synch_enable
                                0.05           0.00 r        -0.05  (VIOLATED)
   u_ctrl/u_aes/rkeys_reg[1110]/synch_enable
                                0.05           0.00 r        -0.05  (VIOLATED)
   u_ctrl/u_aes/rkeys_reg[1111]/synch_enable
                                0.05           0.00 r        -0.05  (VIOLATED)
   u_ctrl/u_aes/rkeys_reg[1112]/synch_enable
                                0.05           0.00 r        -0.05  (VIOLATED)
   u_ctrl/u_aes/rkeys_reg[1113]/synch_enable
                                0.05           0.00 r        -0.05  (VIOLATED)
   u_ctrl/u_aes/rkeys_reg[1114]/synch_enable
                                0.05           0.00 r        -0.05  (VIOLATED)
   u_ctrl/u_aes/rkeys_reg[1115]/synch_enable
                                0.05           0.00 r        -0.05  (VIOLATED)
   u_ctrl/u_aes/rkeys_reg[1116]/synch_enable
                                0.05           0.00 r        -0.05  (VIOLATED)
   u_ctrl/u_aes/rkeys_reg[1117]/synch_enable
                                0.05           0.00 r        -0.05  (VIOLATED)
   u_ctrl/u_aes/rkeys_reg[1118]/synch_enable
                                0.05           0.00 r        -0.05  (VIOLATED)
   u_ctrl/u_aes/rkeys_reg[1119]/synch_enable
                                0.05           0.00 r        -0.05  (VIOLATED)
   u_ctrl/u_aes/rkeys_reg[1120]/synch_enable
                                0.05           0.00 r        -0.05  (VIOLATED)
   u_ctrl/u_aes/rkeys_reg[1121]/synch_enable
                                0.05           0.00 r        -0.05  (VIOLATED)
   u_ctrl/u_aes/rkeys_reg[1122]/synch_enable
                                0.05           0.00 r        -0.05  (VIOLATED)
   u_ctrl/u_aes/rkeys_reg[1123]/synch_enable
                                0.05           0.00 r        -0.05  (VIOLATED)
   u_ctrl/u_aes/rkeys_reg[1124]/synch_enable
                                0.05           0.00 r        -0.05  (VIOLATED)
   u_ctrl/u_aes/rkeys_reg[1125]/synch_enable
                                0.05           0.00 r        -0.05  (VIOLATED)
   u_ctrl/u_aes/rkeys_reg[1126]/synch_enable
                                0.05           0.00 r        -0.05  (VIOLATED)
   u_ctrl/u_aes/rkeys_reg[1127]/synch_enable
                                0.05           0.00 r        -0.05  (VIOLATED)
   u_ctrl/u_aes/rkeys_reg[1128]/synch_enable
                                0.05           0.00 r        -0.05  (VIOLATED)
   u_ctrl/u_aes/rkeys_reg[1129]/synch_enable
                                0.05           0.00 r        -0.05  (VIOLATED)
   u_ctrl/u_aes/rkeys_reg[1130]/synch_enable
                                0.05           0.00 r        -0.05  (VIOLATED)
   u_ctrl/u_aes/rkeys_reg[1131]/synch_enable
                                0.05           0.00 r        -0.05  (VIOLATED)
   u_ctrl/u_aes/rkeys_reg[1132]/synch_enable
                                0.05           0.00 r        -0.05  (VIOLATED)
   u_ctrl/u_aes/rkeys_reg[1133]/synch_enable
                                0.05           0.00 r        -0.05  (VIOLATED)
   u_ctrl/u_aes/rkeys_reg[1134]/synch_enable
                                0.05           0.00 r        -0.05  (VIOLATED)
   u_ctrl/u_aes/rkeys_reg[1135]/synch_enable
                                0.05           0.00 r        -0.05  (VIOLATED)
   u_ctrl/u_aes/rkeys_reg[1136]/synch_enable
                                0.05           0.00 r        -0.05  (VIOLATED)
   u_ctrl/u_aes/rkeys_reg[1137]/synch_enable
                                0.05           0.00 r        -0.05  (VIOLATED)
   u_ctrl/u_aes/rkeys_reg[1138]/synch_enable
                                0.05           0.00 r        -0.05  (VIOLATED)
   u_ctrl/u_aes/rkeys_reg[1139]/synch_enable
                                0.05           0.00 r        -0.05  (VIOLATED)
   u_ctrl/u_aes/rkeys_reg[1140]/synch_enable
                                0.05           0.00 r        -0.05  (VIOLATED)
   u_ctrl/u_aes/rkeys_reg[1141]/synch_enable
                                0.05           0.00 r        -0.05  (VIOLATED)
   u_ctrl/u_aes/rkeys_reg[1142]/synch_enable
                                0.05           0.00 r        -0.05  (VIOLATED)
   u_ctrl/u_aes/rkeys_reg[1143]/synch_enable
                                0.05           0.00 r        -0.05  (VIOLATED)
   u_ctrl/u_aes/rkeys_reg[1144]/synch_enable
                                0.05           0.00 r        -0.05  (VIOLATED)
   u_ctrl/u_aes/rkeys_reg[1145]/synch_enable
                                0.05           0.00 r        -0.05  (VIOLATED)
   u_ctrl/u_aes/rkeys_reg[1146]/synch_enable
                                0.05           0.00 r        -0.05  (VIOLATED)
   u_ctrl/u_aes/rkeys_reg[1147]/synch_enable
                                0.05           0.00 r        -0.05  (VIOLATED)
   u_ctrl/u_aes/rkeys_reg[1148]/synch_enable
                                0.05           0.00 r        -0.05  (VIOLATED)
   u_ctrl/u_aes/rkeys_reg[1149]/synch_enable
                                0.05           0.00 r        -0.05  (VIOLATED)
   u_ctrl/u_aes/rkeys_reg[1150]/synch_enable
                                0.05           0.00 r        -0.05  (VIOLATED)
   u_ctrl/u_aes/rkeys_reg[1151]/synch_enable
                                0.05           0.00 r        -0.05  (VIOLATED)
   u_ctrl/u_aes/rkeys_reg[1152]/synch_enable
                                0.05           0.00 r        -0.05  (VIOLATED)
   u_ctrl/u_aes/rkeys_reg[1153]/synch_enable
                                0.05           0.00 r        -0.05  (VIOLATED)
   u_ctrl/u_aes/rkeys_reg[1154]/synch_enable
                                0.05           0.00 r        -0.05  (VIOLATED)
   u_ctrl/u_aes/rkeys_reg[1155]/synch_enable
                                0.05           0.00 r        -0.05  (VIOLATED)
   u_ctrl/u_aes/rkeys_reg[1156]/synch_enable
                                0.05           0.00 r        -0.05  (VIOLATED)
   u_ctrl/u_aes/rkeys_reg[1157]/synch_enable
                                0.05           0.00 r        -0.05  (VIOLATED)
   u_ctrl/u_aes/rkeys_reg[1158]/synch_enable
                                0.05           0.00 r        -0.05  (VIOLATED)
   u_ctrl/u_aes/rkeys_reg[1159]/synch_enable
                                0.05           0.00 r        -0.05  (VIOLATED)
   u_ctrl/u_aes/rkeys_reg[1160]/synch_enable
                                0.05           0.00 r        -0.05  (VIOLATED)
   u_ctrl/u_aes/rkeys_reg[1161]/synch_enable
                                0.05           0.00 r        -0.05  (VIOLATED)
   u_ctrl/u_aes/rkeys_reg[1162]/synch_enable
                                0.05           0.00 r        -0.05  (VIOLATED)
   u_ctrl/u_aes/rkeys_reg[1163]/synch_enable
                                0.05           0.00 r        -0.05  (VIOLATED)
   u_ctrl/u_aes/rkeys_reg[1164]/synch_enable
                                0.05           0.00 r        -0.05  (VIOLATED)
   u_ctrl/u_aes/rkeys_reg[1165]/synch_enable
                                0.05           0.00 r        -0.05  (VIOLATED)
   u_ctrl/u_aes/rkeys_reg[1166]/synch_enable
                                0.05           0.00 r        -0.05  (VIOLATED)
   u_ctrl/u_aes/rkeys_reg[1167]/synch_enable
                                0.05           0.00 r        -0.05  (VIOLATED)
   u_ctrl/u_aes/rkeys_reg[1168]/synch_enable
                                0.05           0.00 r        -0.05  (VIOLATED)
   u_ctrl/u_aes/rkeys_reg[1169]/synch_enable
                                0.05           0.00 r        -0.05  (VIOLATED)
   u_ctrl/u_aes/rkeys_reg[1170]/synch_enable
                                0.05           0.00 r        -0.05  (VIOLATED)
   u_ctrl/u_aes/rkeys_reg[1171]/synch_enable
                                0.05           0.00 r        -0.05  (VIOLATED)
   u_ctrl/u_aes/rkeys_reg[1172]/synch_enable
                                0.05           0.00 r        -0.05  (VIOLATED)
   u_ctrl/u_aes/rkeys_reg[1173]/synch_enable
                                0.05           0.00 r        -0.05  (VIOLATED)
   u_ctrl/u_aes/rkeys_reg[1174]/synch_enable
                                0.05           0.00 r        -0.05  (VIOLATED)
   u_ctrl/u_aes/rkeys_reg[1175]/synch_enable
                                0.05           0.00 r        -0.05  (VIOLATED)
   u_ctrl/u_aes/rkeys_reg[1176]/synch_enable
                                0.05           0.00 r        -0.05  (VIOLATED)
   u_ctrl/u_aes/rkeys_reg[1177]/synch_enable
                                0.05           0.00 r        -0.05  (VIOLATED)
   u_ctrl/u_aes/rkeys_reg[1178]/synch_enable
                                0.05           0.00 r        -0.05  (VIOLATED)
   u_ctrl/u_aes/rkeys_reg[1179]/synch_enable
                                0.05           0.00 r        -0.05  (VIOLATED)
   u_ctrl/u_aes/rkeys_reg[1180]/synch_enable
                                0.05           0.00 r        -0.05  (VIOLATED)
   u_ctrl/u_aes/rkeys_reg[1181]/synch_enable
                                0.05           0.00 r        -0.05  (VIOLATED)
   u_ctrl/u_aes/rkeys_reg[1182]/synch_enable
                                0.05           0.00 r        -0.05  (VIOLATED)
   u_ctrl/u_aes/rkeys_reg[1183]/synch_enable
                                0.05           0.00 r        -0.05  (VIOLATED)
   u_ctrl/u_aes/rkeys_reg[1184]/synch_enable
                                0.05           0.00 r        -0.05  (VIOLATED)
   u_ctrl/u_aes/rkeys_reg[1185]/synch_enable
                                0.05           0.00 r        -0.05  (VIOLATED)
   u_ctrl/u_aes/rkeys_reg[1186]/synch_enable
                                0.05           0.00 r        -0.05  (VIOLATED)
   u_ctrl/u_aes/rkeys_reg[1187]/synch_enable
                                0.05           0.00 r        -0.05  (VIOLATED)
   u_ctrl/u_aes/rkeys_reg[1188]/synch_enable
                                0.05           0.00 r        -0.05  (VIOLATED)
   u_ctrl/u_aes/rkeys_reg[1189]/synch_enable
                                0.05           0.00 r        -0.05  (VIOLATED)
   u_ctrl/u_aes/rkeys_reg[1190]/synch_enable
                                0.05           0.00 r        -0.05  (VIOLATED)
   u_ctrl/u_aes/rkeys_reg[1191]/synch_enable
                                0.05           0.00 r        -0.05  (VIOLATED)
   u_ctrl/u_aes/rkeys_reg[1192]/synch_enable
                                0.05           0.00 r        -0.05  (VIOLATED)
   u_ctrl/u_aes/rkeys_reg[1193]/synch_enable
                                0.05           0.00 r        -0.05  (VIOLATED)
   u_ctrl/u_aes/rkeys_reg[1194]/synch_enable
                                0.05           0.00 r        -0.05  (VIOLATED)
   u_ctrl/u_aes/rkeys_reg[1195]/synch_enable
                                0.05           0.00 r        -0.05  (VIOLATED)
   u_ctrl/u_aes/rkeys_reg[1196]/synch_enable
                                0.05           0.00 r        -0.05  (VIOLATED)
   u_ctrl/u_aes/rkeys_reg[1197]/synch_enable
                                0.05           0.00 r        -0.05  (VIOLATED)
   u_ctrl/u_aes/rkeys_reg[1198]/synch_enable
                                0.05           0.00 r        -0.05  (VIOLATED)
   u_ctrl/u_aes/rkeys_reg[1199]/synch_enable
                                0.05           0.00 r        -0.05  (VIOLATED)
   u_ctrl/u_aes/rkeys_reg[1200]/synch_enable
                                0.05           0.00 r        -0.05  (VIOLATED)
   u_ctrl/u_aes/rkeys_reg[1201]/synch_enable
                                0.05           0.00 r        -0.05  (VIOLATED)
   u_ctrl/u_aes/rkeys_reg[1202]/synch_enable
                                0.05           0.00 r        -0.05  (VIOLATED)
   u_ctrl/u_aes/rkeys_reg[1203]/synch_enable
                                0.05           0.00 r        -0.05  (VIOLATED)
   u_ctrl/u_aes/rkeys_reg[1204]/synch_enable
                                0.05           0.00 r        -0.05  (VIOLATED)
   u_ctrl/u_aes/rkeys_reg[1205]/synch_enable
                                0.05           0.00 r        -0.05  (VIOLATED)
   u_ctrl/u_aes/rkeys_reg[1206]/synch_enable
                                0.05           0.00 r        -0.05  (VIOLATED)
   u_ctrl/u_aes/rkeys_reg[1207]/synch_enable
                                0.05           0.00 r        -0.05  (VIOLATED)
   u_ctrl/u_aes/rkeys_reg[1208]/synch_enable
                                0.05           0.00 r        -0.05  (VIOLATED)
   u_ctrl/u_aes/rkeys_reg[1209]/synch_enable
                                0.05           0.00 r        -0.05  (VIOLATED)
   u_ctrl/u_aes/rkeys_reg[1210]/synch_enable
                                0.05           0.00 r        -0.05  (VIOLATED)
   u_ctrl/u_aes/rkeys_reg[1211]/synch_enable
                                0.05           0.00 r        -0.05  (VIOLATED)
   u_ctrl/u_aes/rkeys_reg[1212]/synch_enable
                                0.05           0.00 r        -0.05  (VIOLATED)
   u_ctrl/u_aes/rkeys_reg[1213]/synch_enable
                                0.05           0.00 r        -0.05  (VIOLATED)
   u_ctrl/u_aes/rkeys_reg[1214]/synch_enable
                                0.05           0.00 r        -0.05  (VIOLATED)
   u_ctrl/u_aes/rkeys_reg[1215]/synch_enable
                                0.05           0.00 r        -0.05  (VIOLATED)
   u_ctrl/u_aes/rkeys_reg[1216]/synch_enable
                                0.05           0.00 r        -0.05  (VIOLATED)
   u_ctrl/u_aes/rkeys_reg[1217]/synch_enable
                                0.05           0.00 r        -0.05  (VIOLATED)
   u_ctrl/u_aes/rkeys_reg[1218]/synch_enable
                                0.05           0.00 r        -0.05  (VIOLATED)
   u_ctrl/u_aes/rkeys_reg[1219]/synch_enable
                                0.05           0.00 r        -0.05  (VIOLATED)
   u_ctrl/u_aes/rkeys_reg[1220]/synch_enable
                                0.05           0.00 r        -0.05  (VIOLATED)
   u_ctrl/u_aes/rkeys_reg[1221]/synch_enable
                                0.05           0.00 r        -0.05  (VIOLATED)
   u_ctrl/u_aes/rkeys_reg[1222]/synch_enable
                                0.05           0.00 r        -0.05  (VIOLATED)
   u_ctrl/u_aes/rkeys_reg[1223]/synch_enable
                                0.05           0.00 r        -0.05  (VIOLATED)
   u_ctrl/u_aes/rkeys_reg[1224]/synch_enable
                                0.05           0.00 r        -0.05  (VIOLATED)
   u_ctrl/u_aes/rkeys_reg[1225]/synch_enable
                                0.05           0.00 r        -0.05  (VIOLATED)
   u_ctrl/u_aes/rkeys_reg[1226]/synch_enable
                                0.05           0.00 r        -0.05  (VIOLATED)
   u_ctrl/u_aes/rkeys_reg[1227]/synch_enable
                                0.05           0.00 r        -0.05  (VIOLATED)
   u_ctrl/u_aes/rkeys_reg[1228]/synch_enable
                                0.05           0.00 r        -0.05  (VIOLATED)
   u_ctrl/u_aes/rkeys_reg[1229]/synch_enable
                                0.05           0.00 r        -0.05  (VIOLATED)
   u_ctrl/u_aes/rkeys_reg[1230]/synch_enable
                                0.05           0.00 r        -0.05  (VIOLATED)
   u_ctrl/u_aes/rkeys_reg[1231]/synch_enable
                                0.05           0.00 r        -0.05  (VIOLATED)
   u_ctrl/u_aes/rkeys_reg[1232]/synch_enable
                                0.05           0.00 r        -0.05  (VIOLATED)
   u_ctrl/u_aes/rkeys_reg[1233]/synch_enable
                                0.05           0.00 r        -0.05  (VIOLATED)
   u_ctrl/u_aes/rkeys_reg[1234]/synch_enable
                                0.05           0.00 r        -0.05  (VIOLATED)
   u_ctrl/u_aes/rkeys_reg[1235]/synch_enable
                                0.05           0.00 r        -0.05  (VIOLATED)
   u_ctrl/u_aes/rkeys_reg[1236]/synch_enable
                                0.05           0.00 r        -0.05  (VIOLATED)
   u_ctrl/u_aes/rkeys_reg[1237]/synch_enable
                                0.05           0.00 r        -0.05  (VIOLATED)
   u_ctrl/u_aes/rkeys_reg[1238]/synch_enable
                                0.05           0.00 r        -0.05  (VIOLATED)
   u_ctrl/u_aes/rkeys_reg[1239]/synch_enable
                                0.05           0.00 r        -0.05  (VIOLATED)
   u_ctrl/u_aes/rkeys_reg[1240]/synch_enable
                                0.05           0.00 r        -0.05  (VIOLATED)
   u_ctrl/u_aes/rkeys_reg[1241]/synch_enable
                                0.05           0.00 r        -0.05  (VIOLATED)
   u_ctrl/u_aes/rkeys_reg[1242]/synch_enable
                                0.05           0.00 r        -0.05  (VIOLATED)
   u_ctrl/u_aes/rkeys_reg[1243]/synch_enable
                                0.05           0.00 r        -0.05  (VIOLATED)
   u_ctrl/u_aes/rkeys_reg[1244]/synch_enable
                                0.05           0.00 r        -0.05  (VIOLATED)
   u_ctrl/u_aes/rkeys_reg[1245]/synch_enable
                                0.05           0.00 r        -0.05  (VIOLATED)
   u_ctrl/u_aes/rkeys_reg[1246]/synch_enable
                                0.05           0.00 r        -0.05  (VIOLATED)
   u_ctrl/u_aes/rkeys_reg[1247]/synch_enable
                                0.05           0.00 r        -0.05  (VIOLATED)
   u_ctrl/u_aes/rkeys_reg[1248]/synch_enable
                                0.05           0.00 r        -0.05  (VIOLATED)
   u_ctrl/u_aes/rkeys_reg[1249]/synch_enable
                                0.05           0.00 r        -0.05  (VIOLATED)
   u_ctrl/u_aes/rkeys_reg[1250]/synch_enable
                                0.05           0.00 r        -0.05  (VIOLATED)
   u_ctrl/u_aes/rkeys_reg[1251]/synch_enable
                                0.05           0.00 r        -0.05  (VIOLATED)
   u_ctrl/u_aes/rkeys_reg[1252]/synch_enable
                                0.05           0.00 r        -0.05  (VIOLATED)
   u_ctrl/u_aes/rkeys_reg[1253]/synch_enable
                                0.05           0.00 r        -0.05  (VIOLATED)
   u_ctrl/u_aes/rkeys_reg[1254]/synch_enable
                                0.05           0.00 r        -0.05  (VIOLATED)
   u_ctrl/u_aes/rkeys_reg[1255]/synch_enable
                                0.05           0.00 r        -0.05  (VIOLATED)
   u_ctrl/u_aes/rkeys_reg[1256]/synch_enable
                                0.05           0.00 r        -0.05  (VIOLATED)
   u_ctrl/u_aes/rkeys_reg[1257]/synch_enable
                                0.05           0.00 r        -0.05  (VIOLATED)
   u_ctrl/u_aes/rkeys_reg[1258]/synch_enable
                                0.05           0.00 r        -0.05  (VIOLATED)
   u_ctrl/u_aes/rkeys_reg[1259]/synch_enable
                                0.05           0.00 r        -0.05  (VIOLATED)
   u_ctrl/u_aes/rkeys_reg[1260]/synch_enable
                                0.05           0.00 r        -0.05  (VIOLATED)
   u_ctrl/u_aes/rkeys_reg[1261]/synch_enable
                                0.05           0.00 r        -0.05  (VIOLATED)
   u_ctrl/u_aes/rkeys_reg[1262]/synch_enable
                                0.05           0.00 r        -0.05  (VIOLATED)
   u_ctrl/u_aes/rkeys_reg[1263]/synch_enable
                                0.05           0.00 r        -0.05  (VIOLATED)
   u_ctrl/u_aes/rkeys_reg[1264]/synch_enable
                                0.05           0.00 r        -0.05  (VIOLATED)
   u_ctrl/u_aes/rkeys_reg[1265]/synch_enable
                                0.05           0.00 r        -0.05  (VIOLATED)
   u_ctrl/u_aes/rkeys_reg[1266]/synch_enable
                                0.05           0.00 r        -0.05  (VIOLATED)
   u_ctrl/u_aes/rkeys_reg[1267]/synch_enable
                                0.05           0.00 r        -0.05  (VIOLATED)
   u_ctrl/u_aes/rkeys_reg[1268]/synch_enable
                                0.05           0.00 r        -0.05  (VIOLATED)
   u_ctrl/u_aes/rkeys_reg[1269]/synch_enable
                                0.05           0.00 r        -0.05  (VIOLATED)
   u_ctrl/u_aes/rkeys_reg[1270]/synch_enable
                                0.05           0.00 r        -0.05  (VIOLATED)
   u_ctrl/u_aes/rkeys_reg[1271]/synch_enable
                                0.05           0.00 r        -0.05  (VIOLATED)
   u_ctrl/u_aes/rkeys_reg[1272]/synch_enable
                                0.05           0.00 r        -0.05  (VIOLATED)
   u_ctrl/u_aes/rkeys_reg[1273]/synch_enable
                                0.05           0.00 r        -0.05  (VIOLATED)
   u_ctrl/u_aes/rkeys_reg[1274]/synch_enable
                                0.05           0.00 r        -0.05  (VIOLATED)
   u_ctrl/u_aes/rkeys_reg[1275]/synch_enable
                                0.05           0.00 r        -0.05  (VIOLATED)
   u_ctrl/u_aes/rkeys_reg[1276]/synch_enable
                                0.05           0.00 r        -0.05  (VIOLATED)
   u_ctrl/u_aes/rkeys_reg[1277]/synch_enable
                                0.05           0.00 r        -0.05  (VIOLATED)
   u_ctrl/u_aes/rkeys_reg[1278]/synch_enable
                                0.05           0.00 r        -0.05  (VIOLATED)
   u_ctrl/u_aes/rkeys_reg[1279]/synch_enable
                                0.05           0.00 r        -0.05  (VIOLATED)
   u_ctrl/u_aes/rkeys_reg[1280]/synch_enable
                                0.05           0.00 r        -0.05  (VIOLATED)
   u_ctrl/u_aes/rkeys_reg[1281]/synch_enable
                                0.05           0.00 r        -0.05  (VIOLATED)
   u_ctrl/u_aes/rkeys_reg[1282]/synch_enable
                                0.05           0.00 r        -0.05  (VIOLATED)
   u_ctrl/u_aes/rkeys_reg[1283]/synch_enable
                                0.05           0.00 r        -0.05  (VIOLATED)
   u_ctrl/u_aes/rkeys_reg[1284]/synch_enable
                                0.05           0.00 r        -0.05  (VIOLATED)
   u_ctrl/u_aes/rkeys_reg[1285]/synch_enable
                                0.05           0.00 r        -0.05  (VIOLATED)
   u_ctrl/u_aes/rkeys_reg[1286]/synch_enable
                                0.05           0.00 r        -0.05  (VIOLATED)
   u_ctrl/u_aes/rkeys_reg[1287]/synch_enable
                                0.05           0.00 r        -0.05  (VIOLATED)
   u_ctrl/u_aes/rkeys_reg[1288]/synch_enable
                                0.05           0.00 r        -0.05  (VIOLATED)
   u_ctrl/u_aes/rkeys_reg[1289]/synch_enable
                                0.05           0.00 r        -0.05  (VIOLATED)
   u_ctrl/u_aes/rkeys_reg[1290]/synch_enable
                                0.05           0.00 r        -0.05  (VIOLATED)
   u_ctrl/u_aes/rkeys_reg[1291]/synch_enable
                                0.05           0.00 r        -0.05  (VIOLATED)
   u_ctrl/u_aes/rkeys_reg[1292]/synch_enable
                                0.05           0.00 r        -0.05  (VIOLATED)
   u_ctrl/u_aes/rkeys_reg[1293]/synch_enable
                                0.05           0.00 r        -0.05  (VIOLATED)
   u_ctrl/u_aes/rkeys_reg[1294]/synch_enable
                                0.05           0.00 r        -0.05  (VIOLATED)
   u_ctrl/u_aes/rkeys_reg[1295]/synch_enable
                                0.05           0.00 r        -0.05  (VIOLATED)
   u_ctrl/u_aes/rkeys_reg[1296]/synch_enable
                                0.05           0.00 r        -0.05  (VIOLATED)
   u_ctrl/u_aes/rkeys_reg[1297]/synch_enable
                                0.05           0.00 r        -0.05  (VIOLATED)
   u_ctrl/u_aes/rkeys_reg[1298]/synch_enable
                                0.05           0.00 r        -0.05  (VIOLATED)
   u_ctrl/u_aes/rkeys_reg[1299]/synch_enable
                                0.05           0.00 r        -0.05  (VIOLATED)
   u_ctrl/u_aes/rkeys_reg[1300]/synch_enable
                                0.05           0.00 r        -0.05  (VIOLATED)
   u_ctrl/u_aes/rkeys_reg[1301]/synch_enable
                                0.05           0.00 r        -0.05  (VIOLATED)
   u_ctrl/u_aes/rkeys_reg[1302]/synch_enable
                                0.05           0.00 r        -0.05  (VIOLATED)
   u_ctrl/u_aes/rkeys_reg[1303]/synch_enable
                                0.05           0.00 r        -0.05  (VIOLATED)
   u_ctrl/u_aes/rkeys_reg[1304]/synch_enable
                                0.05           0.00 r        -0.05  (VIOLATED)
   u_ctrl/u_aes/rkeys_reg[1305]/synch_enable
                                0.05           0.00 r        -0.05  (VIOLATED)
   u_ctrl/u_aes/rkeys_reg[1306]/synch_enable
                                0.05           0.00 r        -0.05  (VIOLATED)
   u_ctrl/u_aes/rkeys_reg[1307]/synch_enable
                                0.05           0.00 r        -0.05  (VIOLATED)
   u_ctrl/u_aes/rkeys_reg[1308]/synch_enable
                                0.05           0.00 r        -0.05  (VIOLATED)
   u_ctrl/u_aes/rkeys_reg[1309]/synch_enable
                                0.05           0.00 r        -0.05  (VIOLATED)
   u_ctrl/u_aes/rkeys_reg[1310]/synch_enable
                                0.05           0.00 r        -0.05  (VIOLATED)
   u_ctrl/u_aes/rkeys_reg[1311]/synch_enable
                                0.05           0.00 r        -0.05  (VIOLATED)
   u_ctrl/u_aes/rkeys_reg[1312]/synch_enable
                                0.05           0.00 r        -0.05  (VIOLATED)
   u_ctrl/u_aes/rkeys_reg[1313]/synch_enable
                                0.05           0.00 r        -0.05  (VIOLATED)
   u_ctrl/u_aes/rkeys_reg[1314]/synch_enable
                                0.05           0.00 r        -0.05  (VIOLATED)
   u_ctrl/u_aes/rkeys_reg[1315]/synch_enable
                                0.05           0.00 r        -0.05  (VIOLATED)
   u_ctrl/u_aes/rkeys_reg[1316]/synch_enable
                                0.05           0.00 r        -0.05  (VIOLATED)
   u_ctrl/u_aes/rkeys_reg[1317]/synch_enable
                                0.05           0.00 r        -0.05  (VIOLATED)
   u_ctrl/u_aes/rkeys_reg[1318]/synch_enable
                                0.05           0.00 r        -0.05  (VIOLATED)
   u_ctrl/u_aes/rkeys_reg[1319]/synch_enable
                                0.05           0.00 r        -0.05  (VIOLATED)
   u_ctrl/u_aes/rkeys_reg[1320]/synch_enable
                                0.05           0.00 r        -0.05  (VIOLATED)
   u_ctrl/u_aes/rkeys_reg[1321]/synch_enable
                                0.05           0.00 r        -0.05  (VIOLATED)
   u_ctrl/u_aes/rkeys_reg[1322]/synch_enable
                                0.05           0.00 r        -0.05  (VIOLATED)
   u_ctrl/u_aes/rkeys_reg[1323]/synch_enable
                                0.05           0.00 r        -0.05  (VIOLATED)
   u_ctrl/u_aes/rkeys_reg[1324]/synch_enable
                                0.05           0.00 r        -0.05  (VIOLATED)
   u_ctrl/u_aes/rkeys_reg[1325]/synch_enable
                                0.05           0.00 r        -0.05  (VIOLATED)
   u_ctrl/u_aes/rkeys_reg[1326]/synch_enable
                                0.05           0.00 r        -0.05  (VIOLATED)
   u_ctrl/u_aes/rkeys_reg[1327]/synch_enable
                                0.05           0.00 r        -0.05  (VIOLATED)
   u_ctrl/u_aes/rkeys_reg[1328]/synch_enable
                                0.05           0.00 r        -0.05  (VIOLATED)
   u_ctrl/u_aes/rkeys_reg[1329]/synch_enable
                                0.05           0.00 r        -0.05  (VIOLATED)
   u_ctrl/u_aes/rkeys_reg[1330]/synch_enable
                                0.05           0.00 r        -0.05  (VIOLATED)
   u_ctrl/u_aes/rkeys_reg[1331]/synch_enable
                                0.05           0.00 r        -0.05  (VIOLATED)
   u_ctrl/u_aes/rkeys_reg[1332]/synch_enable
                                0.05           0.00 r        -0.05  (VIOLATED)
   u_ctrl/u_aes/rkeys_reg[1333]/synch_enable
                                0.05           0.00 r        -0.05  (VIOLATED)
   u_ctrl/u_aes/rkeys_reg[1334]/synch_enable
                                0.05           0.00 r        -0.05  (VIOLATED)
   u_ctrl/u_aes/rkeys_reg[1335]/synch_enable
                                0.05           0.00 r        -0.05  (VIOLATED)
   u_ctrl/u_aes/rkeys_reg[1336]/synch_enable
                                0.05           0.00 r        -0.05  (VIOLATED)
   u_ctrl/u_aes/rkeys_reg[1337]/synch_enable
                                0.05           0.00 r        -0.05  (VIOLATED)
   u_ctrl/u_aes/rkeys_reg[1338]/synch_enable
                                0.05           0.00 r        -0.05  (VIOLATED)
   u_ctrl/u_aes/rkeys_reg[1339]/synch_enable
                                0.05           0.00 r        -0.05  (VIOLATED)
   u_ctrl/u_aes/rkeys_reg[1340]/synch_enable
                                0.05           0.00 r        -0.05  (VIOLATED)
   u_ctrl/u_aes/rkeys_reg[1341]/synch_enable
                                0.05           0.00 r        -0.05  (VIOLATED)
   u_ctrl/u_aes/rkeys_reg[1342]/synch_enable
                                0.05           0.00 r        -0.05  (VIOLATED)
   u_ctrl/u_aes/rkeys_reg[1343]/synch_enable
                                0.05           0.00 r        -0.05  (VIOLATED)
   u_ctrl/u_aes/rkeys_reg[1344]/synch_enable
                                0.05           0.00 r        -0.05  (VIOLATED)
   u_ctrl/u_aes/rkeys_reg[1345]/synch_enable
                                0.05           0.00 r        -0.05  (VIOLATED)
   u_ctrl/u_aes/rkeys_reg[1346]/synch_enable
                                0.05           0.00 r        -0.05  (VIOLATED)
   u_ctrl/u_aes/rkeys_reg[1347]/synch_enable
                                0.05           0.00 r        -0.05  (VIOLATED)
   u_ctrl/u_aes/rkeys_reg[1348]/synch_enable
                                0.05           0.00 r        -0.05  (VIOLATED)
   u_ctrl/u_aes/rkeys_reg[1349]/synch_enable
                                0.05           0.00 r        -0.05  (VIOLATED)
   u_ctrl/u_aes/rkeys_reg[1350]/synch_enable
                                0.05           0.00 r        -0.05  (VIOLATED)
   u_ctrl/u_aes/rkeys_reg[1351]/synch_enable
                                0.05           0.00 r        -0.05  (VIOLATED)
   u_ctrl/u_aes/rkeys_reg[1352]/synch_enable
                                0.05           0.00 r        -0.05  (VIOLATED)
   u_ctrl/u_aes/rkeys_reg[1353]/synch_enable
                                0.05           0.00 r        -0.05  (VIOLATED)
   u_ctrl/u_aes/rkeys_reg[1354]/synch_enable
                                0.05           0.00 r        -0.05  (VIOLATED)
   u_ctrl/u_aes/rkeys_reg[1355]/synch_enable
                                0.05           0.00 r        -0.05  (VIOLATED)
   u_ctrl/u_aes/rkeys_reg[1356]/synch_enable
                                0.05           0.00 r        -0.05  (VIOLATED)
   u_ctrl/u_aes/rkeys_reg[1357]/synch_enable
                                0.05           0.00 r        -0.05  (VIOLATED)
   u_ctrl/u_aes/rkeys_reg[1358]/synch_enable
                                0.05           0.00 r        -0.05  (VIOLATED)
   u_ctrl/u_aes/rkeys_reg[1359]/synch_enable
                                0.05           0.00 r        -0.05  (VIOLATED)
   u_ctrl/u_aes/rkeys_reg[1360]/synch_enable
                                0.05           0.00 r        -0.05  (VIOLATED)
   u_ctrl/u_aes/rkeys_reg[1361]/synch_enable
                                0.05           0.00 r        -0.05  (VIOLATED)
   u_ctrl/u_aes/rkeys_reg[1362]/synch_enable
                                0.05           0.00 r        -0.05  (VIOLATED)
   u_ctrl/u_aes/rkeys_reg[1363]/synch_enable
                                0.05           0.00 r        -0.05  (VIOLATED)
   u_ctrl/u_aes/rkeys_reg[1364]/synch_enable
                                0.05           0.00 r        -0.05  (VIOLATED)
   u_ctrl/u_aes/rkeys_reg[1365]/synch_enable
                                0.05           0.00 r        -0.05  (VIOLATED)
   u_ctrl/u_aes/rkeys_reg[1366]/synch_enable
                                0.05           0.00 r        -0.05  (VIOLATED)
   u_ctrl/u_aes/rkeys_reg[1367]/synch_enable
                                0.05           0.00 r        -0.05  (VIOLATED)
   u_ctrl/u_aes/rkeys_reg[1368]/synch_enable
                                0.05           0.00 r        -0.05  (VIOLATED)
   u_ctrl/u_aes/rkeys_reg[1369]/synch_enable
                                0.05           0.00 r        -0.05  (VIOLATED)
   u_ctrl/u_aes/rkeys_reg[1370]/synch_enable
                                0.05           0.00 r        -0.05  (VIOLATED)
   u_ctrl/u_aes/rkeys_reg[1371]/synch_enable
                                0.05           0.00 r        -0.05  (VIOLATED)
   u_ctrl/u_aes/rkeys_reg[1372]/synch_enable
                                0.05           0.00 r        -0.05  (VIOLATED)
   u_ctrl/u_aes/rkeys_reg[1373]/synch_enable
                                0.05           0.00 r        -0.05  (VIOLATED)
   u_ctrl/u_aes/rkeys_reg[1374]/synch_enable
                                0.05           0.00 r        -0.05  (VIOLATED)
   u_ctrl/u_aes/rkeys_reg[1375]/synch_enable
                                0.05           0.00 r        -0.05  (VIOLATED)
   u_ctrl/u_aes/rkeys_reg[1376]/synch_enable
                                0.05           0.00 r        -0.05  (VIOLATED)
   u_ctrl/u_aes/rkeys_reg[1377]/synch_enable
                                0.05           0.00 r        -0.05  (VIOLATED)
   u_ctrl/u_aes/rkeys_reg[1378]/synch_enable
                                0.05           0.00 r        -0.05  (VIOLATED)
   u_ctrl/u_aes/rkeys_reg[1379]/synch_enable
                                0.05           0.00 r        -0.05  (VIOLATED)
   u_ctrl/u_aes/rkeys_reg[1380]/synch_enable
                                0.05           0.00 r        -0.05  (VIOLATED)
   u_ctrl/u_aes/rkeys_reg[1381]/synch_enable
                                0.05           0.00 r        -0.05  (VIOLATED)
   u_ctrl/u_aes/rkeys_reg[1382]/synch_enable
                                0.05           0.00 r        -0.05  (VIOLATED)
   u_ctrl/u_aes/rkeys_reg[1383]/synch_enable
                                0.05           0.00 r        -0.05  (VIOLATED)
   u_ctrl/u_aes/rkeys_reg[1384]/synch_enable
                                0.05           0.00 r        -0.05  (VIOLATED)
   u_ctrl/u_aes/rkeys_reg[1385]/synch_enable
                                0.05           0.00 r        -0.05  (VIOLATED)
   u_ctrl/u_aes/rkeys_reg[1386]/synch_enable
                                0.05           0.00 r        -0.05  (VIOLATED)
   u_ctrl/u_aes/rkeys_reg[1387]/synch_enable
                                0.05           0.00 r        -0.05  (VIOLATED)
   u_ctrl/u_aes/rkeys_reg[1388]/synch_enable
                                0.05           0.00 r        -0.05  (VIOLATED)
   u_ctrl/u_aes/rkeys_reg[1389]/synch_enable
                                0.05           0.00 r        -0.05  (VIOLATED)
   u_ctrl/u_aes/rkeys_reg[1390]/synch_enable
                                0.05           0.00 r        -0.05  (VIOLATED)
   u_ctrl/u_aes/rkeys_reg[1391]/synch_enable
                                0.05           0.00 r        -0.05  (VIOLATED)
   u_ctrl/u_aes/rkeys_reg[1392]/synch_enable
                                0.05           0.00 r        -0.05  (VIOLATED)
   u_ctrl/u_aes/rkeys_reg[1393]/synch_enable
                                0.05           0.00 r        -0.05  (VIOLATED)
   u_ctrl/u_aes/rkeys_reg[1394]/synch_enable
                                0.05           0.00 r        -0.05  (VIOLATED)
   u_ctrl/u_aes/rkeys_reg[1395]/synch_enable
                                0.05           0.00 r        -0.05  (VIOLATED)
   u_ctrl/u_aes/rkeys_reg[1396]/synch_enable
                                0.05           0.00 r        -0.05  (VIOLATED)
   u_ctrl/u_aes/rkeys_reg[1397]/synch_enable
                                0.05           0.00 r        -0.05  (VIOLATED)
   u_ctrl/u_aes/rkeys_reg[1398]/synch_enable
                                0.05           0.00 r        -0.05  (VIOLATED)
   u_ctrl/u_aes/rkeys_reg[1399]/synch_enable
                                0.05           0.00 r        -0.05  (VIOLATED)
   u_ctrl/u_aes/rkeys_reg[1400]/synch_enable
                                0.05           0.00 r        -0.05  (VIOLATED)
   u_ctrl/u_aes/rkeys_reg[1401]/synch_enable
                                0.05           0.00 r        -0.05  (VIOLATED)
   u_ctrl/u_aes/rkeys_reg[1402]/synch_enable
                                0.05           0.00 r        -0.05  (VIOLATED)
   u_ctrl/u_aes/rkeys_reg[1403]/synch_enable
                                0.05           0.00 r        -0.05  (VIOLATED)
   u_ctrl/u_aes/rkeys_reg[1404]/synch_enable
                                0.05           0.00 r        -0.05  (VIOLATED)
   u_ctrl/u_aes/rkeys_reg[1405]/synch_enable
                                0.05           0.00 r        -0.05  (VIOLATED)
   u_ctrl/u_aes/rkeys_reg[1406]/synch_enable
                                0.05           0.00 r        -0.05  (VIOLATED)
   u_ctrl/u_aes/rkeys_reg[1407]/synch_enable
                                0.05           0.00 r        -0.05  (VIOLATED)
   u_ctrl/u_aes/round_reg[0]/next_state
                                0.05           0.00 r        -0.05  (VIOLATED)
   u_ctrl/u_aes/round_reg[0]/synch_enable
                                0.05           0.00 r        -0.05  (VIOLATED)
   u_ctrl/u_aes/round_reg[1]/next_state
                                0.05           0.00 r        -0.05  (VIOLATED)
   u_ctrl/u_aes/round_reg[1]/synch_enable
                                0.05           0.00 r        -0.05  (VIOLATED)
   u_ctrl/u_aes/round_reg[2]/next_state
                                0.05           0.00 r        -0.05  (VIOLATED)
   u_ctrl/u_aes/round_reg[2]/synch_enable
                                0.05           0.00 r        -0.05  (VIOLATED)
   u_ctrl/u_aes/round_reg[3]/next_state
                                0.05           0.00 r        -0.05  (VIOLATED)
   u_ctrl/u_aes/round_reg[3]/synch_enable
                                0.05           0.00 r        -0.05  (VIOLATED)
   u_ctrl/u_aes/state_reg[0]/next_state
                                0.05           0.00 r        -0.05  (VIOLATED)
   u_ctrl/u_aes/state_reg[0]/synch_enable
                                0.05           0.00 r        -0.05  (VIOLATED)
   u_ctrl/u_aes/state_reg[1]/next_state
                                0.05           0.00 r        -0.05  (VIOLATED)
   u_ctrl/u_aes/state_reg[1]/synch_enable
                                0.05           0.00 r        -0.05  (VIOLATED)
   u_ctrl/u_aes/state_reg[2]/next_state
                                0.05           0.00 r        -0.05  (VIOLATED)
   u_ctrl/u_aes/state_reg[2]/synch_enable
                                0.05           0.00 r        -0.05  (VIOLATED)
   u_ctrl/u_aes/state_reg[3]/next_state
                                0.05           0.00 r        -0.05  (VIOLATED)
   u_ctrl/u_aes/state_reg[3]/synch_enable
                                0.05           0.00 r        -0.05  (VIOLATED)
   u_ctrl/u_aes/state_reg[4]/next_state
                                0.05           0.00 r        -0.05  (VIOLATED)
   u_ctrl/u_aes/state_reg[4]/synch_enable
                                0.05           0.00 r        -0.05  (VIOLATED)
   u_ctrl/u_aes/state_reg[5]/next_state
                                0.05           0.00 r        -0.05  (VIOLATED)
   u_ctrl/u_aes/state_reg[5]/synch_enable
                                0.05           0.00 r        -0.05  (VIOLATED)
   u_ctrl/u_aes/state_reg[6]/next_state
                                0.05           0.00 r        -0.05  (VIOLATED)
   u_ctrl/u_aes/state_reg[6]/synch_enable
                                0.05           0.00 r        -0.05  (VIOLATED)
   u_ctrl/u_aes/state_reg[7]/next_state
                                0.05           0.00 r        -0.05  (VIOLATED)
   u_ctrl/u_aes/state_reg[7]/synch_enable
                                0.05           0.00 r        -0.05  (VIOLATED)
   u_ctrl/u_aes/state_reg[8]/next_state
                                0.05           0.00 r        -0.05  (VIOLATED)
   u_ctrl/u_aes/state_reg[8]/synch_enable
                                0.05           0.00 r        -0.05  (VIOLATED)
   u_ctrl/u_aes/state_reg[9]/next_state
                                0.05           0.00 r        -0.05  (VIOLATED)
   u_ctrl/u_aes/state_reg[9]/synch_enable
                                0.05           0.00 r        -0.05  (VIOLATED)
   u_ctrl/u_aes/state_reg[10]/next_state
                                0.05           0.00 r        -0.05  (VIOLATED)
   u_ctrl/u_aes/state_reg[10]/synch_enable
                                0.05           0.00 r        -0.05  (VIOLATED)
   u_ctrl/u_aes/state_reg[11]/next_state
                                0.05           0.00 r        -0.05  (VIOLATED)
   u_ctrl/u_aes/state_reg[11]/synch_enable
                                0.05           0.00 r        -0.05  (VIOLATED)
   u_ctrl/u_aes/state_reg[12]/next_state
                                0.05           0.00 r        -0.05  (VIOLATED)
   u_ctrl/u_aes/state_reg[12]/synch_enable
                                0.05           0.00 r        -0.05  (VIOLATED)
   u_ctrl/u_aes/state_reg[13]/next_state
                                0.05           0.00 r        -0.05  (VIOLATED)
   u_ctrl/u_aes/state_reg[13]/synch_enable
                                0.05           0.00 r        -0.05  (VIOLATED)
   u_ctrl/u_aes/state_reg[14]/next_state
                                0.05           0.00 r        -0.05  (VIOLATED)
   u_ctrl/u_aes/state_reg[14]/synch_enable
                                0.05           0.00 r        -0.05  (VIOLATED)
   u_ctrl/u_aes/state_reg[15]/next_state
                                0.05           0.00 r        -0.05  (VIOLATED)
   u_ctrl/u_aes/state_reg[15]/synch_enable
                                0.05           0.00 r        -0.05  (VIOLATED)
   u_ctrl/u_aes/state_reg[16]/next_state
                                0.05           0.00 r        -0.05  (VIOLATED)
   u_ctrl/u_aes/state_reg[16]/synch_enable
                                0.05           0.00 r        -0.05  (VIOLATED)
   u_ctrl/u_aes/state_reg[17]/next_state
                                0.05           0.00 r        -0.05  (VIOLATED)
   u_ctrl/u_aes/state_reg[17]/synch_enable
                                0.05           0.00 r        -0.05  (VIOLATED)
   u_ctrl/u_aes/state_reg[18]/next_state
                                0.05           0.00 r        -0.05  (VIOLATED)
   u_ctrl/u_aes/state_reg[18]/synch_enable
                                0.05           0.00 r        -0.05  (VIOLATED)
   u_ctrl/u_aes/state_reg[19]/next_state
                                0.05           0.00 r        -0.05  (VIOLATED)
   u_ctrl/u_aes/state_reg[19]/synch_enable
                                0.05           0.00 r        -0.05  (VIOLATED)
   u_ctrl/u_aes/state_reg[20]/next_state
                                0.05           0.00 r        -0.05  (VIOLATED)
   u_ctrl/u_aes/state_reg[20]/synch_enable
                                0.05           0.00 r        -0.05  (VIOLATED)
   u_ctrl/u_aes/state_reg[21]/next_state
                                0.05           0.00 r        -0.05  (VIOLATED)
   u_ctrl/u_aes/state_reg[21]/synch_enable
                                0.05           0.00 r        -0.05  (VIOLATED)
   u_ctrl/u_aes/state_reg[22]/next_state
                                0.05           0.00 r        -0.05  (VIOLATED)
   u_ctrl/u_aes/state_reg[22]/synch_enable
                                0.05           0.00 r        -0.05  (VIOLATED)
   u_ctrl/u_aes/state_reg[23]/next_state
                                0.05           0.00 r        -0.05  (VIOLATED)
   u_ctrl/u_aes/state_reg[23]/synch_enable
                                0.05           0.00 r        -0.05  (VIOLATED)
   u_ctrl/u_aes/state_reg[24]/next_state
                                0.05           0.00 r        -0.05  (VIOLATED)
   u_ctrl/u_aes/state_reg[24]/synch_enable
                                0.05           0.00 r        -0.05  (VIOLATED)
   u_ctrl/u_aes/state_reg[25]/next_state
                                0.05           0.00 r        -0.05  (VIOLATED)
   u_ctrl/u_aes/state_reg[25]/synch_enable
                                0.05           0.00 r        -0.05  (VIOLATED)
   u_ctrl/u_aes/state_reg[26]/next_state
                                0.05           0.00 r        -0.05  (VIOLATED)
   u_ctrl/u_aes/state_reg[26]/synch_enable
                                0.05           0.00 r        -0.05  (VIOLATED)
   u_ctrl/u_aes/state_reg[27]/next_state
                                0.05           0.00 r        -0.05  (VIOLATED)
   u_ctrl/u_aes/state_reg[27]/synch_enable
                                0.05           0.00 r        -0.05  (VIOLATED)
   u_ctrl/u_aes/state_reg[28]/next_state
                                0.05           0.00 r        -0.05  (VIOLATED)
   u_ctrl/u_aes/state_reg[28]/synch_enable
                                0.05           0.00 r        -0.05  (VIOLATED)
   u_ctrl/u_aes/state_reg[29]/next_state
                                0.05           0.00 r        -0.05  (VIOLATED)
   u_ctrl/u_aes/state_reg[29]/synch_enable
                                0.05           0.00 r        -0.05  (VIOLATED)
   u_ctrl/u_aes/state_reg[30]/next_state
                                0.05           0.00 r        -0.05  (VIOLATED)
   u_ctrl/u_aes/state_reg[30]/synch_enable
                                0.05           0.00 r        -0.05  (VIOLATED)
   u_ctrl/u_aes/state_reg[31]/next_state
                                0.05           0.00 r        -0.05  (VIOLATED)
   u_ctrl/u_aes/state_reg[31]/synch_enable
                                0.05           0.00 r        -0.05  (VIOLATED)
   u_ctrl/u_aes/state_reg[32]/next_state
                                0.05           0.00 r        -0.05  (VIOLATED)
   u_ctrl/u_aes/state_reg[32]/synch_enable
                                0.05           0.00 r        -0.05  (VIOLATED)
   u_ctrl/u_aes/state_reg[33]/next_state
                                0.05           0.00 r        -0.05  (VIOLATED)
   u_ctrl/u_aes/state_reg[33]/synch_enable
                                0.05           0.00 r        -0.05  (VIOLATED)
   u_ctrl/u_aes/state_reg[34]/next_state
                                0.05           0.00 r        -0.05  (VIOLATED)
   u_ctrl/u_aes/state_reg[34]/synch_enable
                                0.05           0.00 r        -0.05  (VIOLATED)
   u_ctrl/u_aes/state_reg[35]/next_state
                                0.05           0.00 r        -0.05  (VIOLATED)
   u_ctrl/u_aes/state_reg[35]/synch_enable
                                0.05           0.00 r        -0.05  (VIOLATED)
   u_ctrl/u_aes/state_reg[36]/next_state
                                0.05           0.00 r        -0.05  (VIOLATED)
   u_ctrl/u_aes/state_reg[36]/synch_enable
                                0.05           0.00 r        -0.05  (VIOLATED)
   u_ctrl/u_aes/state_reg[37]/next_state
                                0.05           0.00 r        -0.05  (VIOLATED)
   u_ctrl/u_aes/state_reg[37]/synch_enable
                                0.05           0.00 r        -0.05  (VIOLATED)
   u_ctrl/u_aes/state_reg[38]/next_state
                                0.05           0.00 r        -0.05  (VIOLATED)
   u_ctrl/u_aes/state_reg[38]/synch_enable
                                0.05           0.00 r        -0.05  (VIOLATED)
   u_ctrl/u_aes/state_reg[39]/next_state
                                0.05           0.00 r        -0.05  (VIOLATED)
   u_ctrl/u_aes/state_reg[39]/synch_enable
                                0.05           0.00 r        -0.05  (VIOLATED)
   u_ctrl/u_aes/state_reg[40]/next_state
                                0.05           0.00 r        -0.05  (VIOLATED)
   u_ctrl/u_aes/state_reg[40]/synch_enable
                                0.05           0.00 r        -0.05  (VIOLATED)
   u_ctrl/u_aes/state_reg[41]/next_state
                                0.05           0.00 r        -0.05  (VIOLATED)
   u_ctrl/u_aes/state_reg[41]/synch_enable
                                0.05           0.00 r        -0.05  (VIOLATED)
   u_ctrl/u_aes/state_reg[42]/next_state
                                0.05           0.00 r        -0.05  (VIOLATED)
   u_ctrl/u_aes/state_reg[42]/synch_enable
                                0.05           0.00 r        -0.05  (VIOLATED)
   u_ctrl/u_aes/state_reg[43]/next_state
                                0.05           0.00 r        -0.05  (VIOLATED)
   u_ctrl/u_aes/state_reg[43]/synch_enable
                                0.05           0.00 r        -0.05  (VIOLATED)
   u_ctrl/u_aes/state_reg[44]/next_state
                                0.05           0.00 r        -0.05  (VIOLATED)
   u_ctrl/u_aes/state_reg[44]/synch_enable
                                0.05           0.00 r        -0.05  (VIOLATED)
   u_ctrl/u_aes/state_reg[45]/next_state
                                0.05           0.00 r        -0.05  (VIOLATED)
   u_ctrl/u_aes/state_reg[45]/synch_enable
                                0.05           0.00 r        -0.05  (VIOLATED)
   u_ctrl/u_aes/state_reg[46]/next_state
                                0.05           0.00 r        -0.05  (VIOLATED)
   u_ctrl/u_aes/state_reg[46]/synch_enable
                                0.05           0.00 r        -0.05  (VIOLATED)
   u_ctrl/u_aes/state_reg[47]/next_state
                                0.05           0.00 r        -0.05  (VIOLATED)
   u_ctrl/u_aes/state_reg[47]/synch_enable
                                0.05           0.00 r        -0.05  (VIOLATED)
   u_ctrl/u_aes/state_reg[48]/next_state
                                0.05           0.00 r        -0.05  (VIOLATED)
   u_ctrl/u_aes/state_reg[48]/synch_enable
                                0.05           0.00 r        -0.05  (VIOLATED)
   u_ctrl/u_aes/state_reg[49]/next_state
                                0.05           0.00 r        -0.05  (VIOLATED)
   u_ctrl/u_aes/state_reg[49]/synch_enable
                                0.05           0.00 r        -0.05  (VIOLATED)
   u_ctrl/u_aes/state_reg[50]/next_state
                                0.05           0.00 r        -0.05  (VIOLATED)
   u_ctrl/u_aes/state_reg[50]/synch_enable
                                0.05           0.00 r        -0.05  (VIOLATED)
   u_ctrl/u_aes/state_reg[51]/next_state
                                0.05           0.00 r        -0.05  (VIOLATED)
   u_ctrl/u_aes/state_reg[51]/synch_enable
                                0.05           0.00 r        -0.05  (VIOLATED)
   u_ctrl/u_aes/state_reg[52]/next_state
                                0.05           0.00 r        -0.05  (VIOLATED)
   u_ctrl/u_aes/state_reg[52]/synch_enable
                                0.05           0.00 r        -0.05  (VIOLATED)
   u_ctrl/u_aes/state_reg[53]/next_state
                                0.05           0.00 r        -0.05  (VIOLATED)
   u_ctrl/u_aes/state_reg[53]/synch_enable
                                0.05           0.00 r        -0.05  (VIOLATED)
   u_ctrl/u_aes/state_reg[54]/next_state
                                0.05           0.00 r        -0.05  (VIOLATED)
   u_ctrl/u_aes/state_reg[54]/synch_enable
                                0.05           0.00 r        -0.05  (VIOLATED)
   u_ctrl/u_aes/state_reg[55]/next_state
                                0.05           0.00 r        -0.05  (VIOLATED)
   u_ctrl/u_aes/state_reg[55]/synch_enable
                                0.05           0.00 r        -0.05  (VIOLATED)
   u_ctrl/u_aes/state_reg[56]/next_state
                                0.05           0.00 r        -0.05  (VIOLATED)
   u_ctrl/u_aes/state_reg[56]/synch_enable
                                0.05           0.00 r        -0.05  (VIOLATED)
   u_ctrl/u_aes/state_reg[57]/next_state
                                0.05           0.00 r        -0.05  (VIOLATED)
   u_ctrl/u_aes/state_reg[57]/synch_enable
                                0.05           0.00 r        -0.05  (VIOLATED)
   u_ctrl/u_aes/state_reg[58]/next_state
                                0.05           0.00 r        -0.05  (VIOLATED)
   u_ctrl/u_aes/state_reg[58]/synch_enable
                                0.05           0.00 r        -0.05  (VIOLATED)
   u_ctrl/u_aes/state_reg[59]/next_state
                                0.05           0.00 r        -0.05  (VIOLATED)
   u_ctrl/u_aes/state_reg[59]/synch_enable
                                0.05           0.00 r        -0.05  (VIOLATED)
   u_ctrl/u_aes/state_reg[60]/next_state
                                0.05           0.00 r        -0.05  (VIOLATED)
   u_ctrl/u_aes/state_reg[60]/synch_enable
                                0.05           0.00 r        -0.05  (VIOLATED)
   u_ctrl/u_aes/state_reg[61]/next_state
                                0.05           0.00 r        -0.05  (VIOLATED)
   u_ctrl/u_aes/state_reg[61]/synch_enable
                                0.05           0.00 r        -0.05  (VIOLATED)
   u_ctrl/u_aes/state_reg[62]/next_state
                                0.05           0.00 r        -0.05  (VIOLATED)
   u_ctrl/u_aes/state_reg[62]/synch_enable
                                0.05           0.00 r        -0.05  (VIOLATED)
   u_ctrl/u_aes/state_reg[63]/next_state
                                0.05           0.00 r        -0.05  (VIOLATED)
   u_ctrl/u_aes/state_reg[63]/synch_enable
                                0.05           0.00 r        -0.05  (VIOLATED)
   u_ctrl/u_aes/state_reg[64]/next_state
                                0.05           0.00 r        -0.05  (VIOLATED)
   u_ctrl/u_aes/state_reg[64]/synch_enable
                                0.05           0.00 r        -0.05  (VIOLATED)
   u_ctrl/u_aes/state_reg[65]/next_state
                                0.05           0.00 r        -0.05  (VIOLATED)
   u_ctrl/u_aes/state_reg[65]/synch_enable
                                0.05           0.00 r        -0.05  (VIOLATED)
   u_ctrl/u_aes/state_reg[66]/next_state
                                0.05           0.00 r        -0.05  (VIOLATED)
   u_ctrl/u_aes/state_reg[66]/synch_enable
                                0.05           0.00 r        -0.05  (VIOLATED)
   u_ctrl/u_aes/state_reg[67]/next_state
                                0.05           0.00 r        -0.05  (VIOLATED)
   u_ctrl/u_aes/state_reg[67]/synch_enable
                                0.05           0.00 r        -0.05  (VIOLATED)
   u_ctrl/u_aes/state_reg[68]/next_state
                                0.05           0.00 r        -0.05  (VIOLATED)
   u_ctrl/u_aes/state_reg[68]/synch_enable
                                0.05           0.00 r        -0.05  (VIOLATED)
   u_ctrl/u_aes/state_reg[69]/next_state
                                0.05           0.00 r        -0.05  (VIOLATED)
   u_ctrl/u_aes/state_reg[69]/synch_enable
                                0.05           0.00 r        -0.05  (VIOLATED)
   u_ctrl/u_aes/state_reg[70]/next_state
                                0.05           0.00 r        -0.05  (VIOLATED)
   u_ctrl/u_aes/state_reg[70]/synch_enable
                                0.05           0.00 r        -0.05  (VIOLATED)
   u_ctrl/u_aes/state_reg[71]/next_state
                                0.05           0.00 r        -0.05  (VIOLATED)
   u_ctrl/u_aes/state_reg[71]/synch_enable
                                0.05           0.00 r        -0.05  (VIOLATED)
   u_ctrl/u_aes/state_reg[72]/next_state
                                0.05           0.00 r        -0.05  (VIOLATED)
   u_ctrl/u_aes/state_reg[72]/synch_enable
                                0.05           0.00 r        -0.05  (VIOLATED)
   u_ctrl/u_aes/state_reg[73]/next_state
                                0.05           0.00 r        -0.05  (VIOLATED)
   u_ctrl/u_aes/state_reg[73]/synch_enable
                                0.05           0.00 r        -0.05  (VIOLATED)
   u_ctrl/u_aes/state_reg[74]/next_state
                                0.05           0.00 r        -0.05  (VIOLATED)
   u_ctrl/u_aes/state_reg[74]/synch_enable
                                0.05           0.00 r        -0.05  (VIOLATED)
   u_ctrl/u_aes/state_reg[75]/next_state
                                0.05           0.00 r        -0.05  (VIOLATED)
   u_ctrl/u_aes/state_reg[75]/synch_enable
                                0.05           0.00 r        -0.05  (VIOLATED)
   u_ctrl/u_aes/state_reg[76]/next_state
                                0.05           0.00 r        -0.05  (VIOLATED)
   u_ctrl/u_aes/state_reg[76]/synch_enable
                                0.05           0.00 r        -0.05  (VIOLATED)
   u_ctrl/u_aes/state_reg[77]/next_state
                                0.05           0.00 r        -0.05  (VIOLATED)
   u_ctrl/u_aes/state_reg[77]/synch_enable
                                0.05           0.00 r        -0.05  (VIOLATED)
   u_ctrl/u_aes/state_reg[78]/next_state
                                0.05           0.00 r        -0.05  (VIOLATED)
   u_ctrl/u_aes/state_reg[78]/synch_enable
                                0.05           0.00 r        -0.05  (VIOLATED)
   u_ctrl/u_aes/state_reg[79]/next_state
                                0.05           0.00 r        -0.05  (VIOLATED)
   u_ctrl/u_aes/state_reg[79]/synch_enable
                                0.05           0.00 r        -0.05  (VIOLATED)
   u_ctrl/u_aes/state_reg[80]/next_state
                                0.05           0.00 r        -0.05  (VIOLATED)
   u_ctrl/u_aes/state_reg[80]/synch_enable
                                0.05           0.00 r        -0.05  (VIOLATED)
   u_ctrl/u_aes/state_reg[81]/next_state
                                0.05           0.00 r        -0.05  (VIOLATED)
   u_ctrl/u_aes/state_reg[81]/synch_enable
                                0.05           0.00 r        -0.05  (VIOLATED)
   u_ctrl/u_aes/state_reg[82]/next_state
                                0.05           0.00 r        -0.05  (VIOLATED)
   u_ctrl/u_aes/state_reg[82]/synch_enable
                                0.05           0.00 r        -0.05  (VIOLATED)
   u_ctrl/u_aes/state_reg[83]/next_state
                                0.05           0.00 r        -0.05  (VIOLATED)
   u_ctrl/u_aes/state_reg[83]/synch_enable
                                0.05           0.00 r        -0.05  (VIOLATED)
   u_ctrl/u_aes/state_reg[84]/next_state
                                0.05           0.00 r        -0.05  (VIOLATED)
   u_ctrl/u_aes/state_reg[84]/synch_enable
                                0.05           0.00 r        -0.05  (VIOLATED)
   u_ctrl/u_aes/state_reg[85]/next_state
                                0.05           0.00 r        -0.05  (VIOLATED)
   u_ctrl/u_aes/state_reg[85]/synch_enable
                                0.05           0.00 r        -0.05  (VIOLATED)
   u_ctrl/u_aes/state_reg[86]/next_state
                                0.05           0.00 r        -0.05  (VIOLATED)
   u_ctrl/u_aes/state_reg[86]/synch_enable
                                0.05           0.00 r        -0.05  (VIOLATED)
   u_ctrl/u_aes/state_reg[87]/next_state
                                0.05           0.00 r        -0.05  (VIOLATED)
   u_ctrl/u_aes/state_reg[87]/synch_enable
                                0.05           0.00 r        -0.05  (VIOLATED)
   u_ctrl/u_aes/state_reg[88]/next_state
                                0.05           0.00 r        -0.05  (VIOLATED)
   u_ctrl/u_aes/state_reg[88]/synch_enable
                                0.05           0.00 r        -0.05  (VIOLATED)
   u_ctrl/u_aes/state_reg[89]/next_state
                                0.05           0.00 r        -0.05  (VIOLATED)
   u_ctrl/u_aes/state_reg[89]/synch_enable
                                0.05           0.00 r        -0.05  (VIOLATED)
   u_ctrl/u_aes/state_reg[90]/next_state
                                0.05           0.00 r        -0.05  (VIOLATED)
   u_ctrl/u_aes/state_reg[90]/synch_enable
                                0.05           0.00 r        -0.05  (VIOLATED)
   u_ctrl/u_aes/state_reg[91]/next_state
                                0.05           0.00 r        -0.05  (VIOLATED)
   u_ctrl/u_aes/state_reg[91]/synch_enable
                                0.05           0.00 r        -0.05  (VIOLATED)
   u_ctrl/u_aes/state_reg[92]/next_state
                                0.05           0.00 r        -0.05  (VIOLATED)
   u_ctrl/u_aes/state_reg[92]/synch_enable
                                0.05           0.00 r        -0.05  (VIOLATED)
   u_ctrl/u_aes/state_reg[93]/next_state
                                0.05           0.00 r        -0.05  (VIOLATED)
   u_ctrl/u_aes/state_reg[93]/synch_enable
                                0.05           0.00 r        -0.05  (VIOLATED)
   u_ctrl/u_aes/state_reg[94]/next_state
                                0.05           0.00 r        -0.05  (VIOLATED)
   u_ctrl/u_aes/state_reg[94]/synch_enable
                                0.05           0.00 r        -0.05  (VIOLATED)
   u_ctrl/u_aes/state_reg[95]/next_state
                                0.05           0.00 r        -0.05  (VIOLATED)
   u_ctrl/u_aes/state_reg[95]/synch_enable
                                0.05           0.00 r        -0.05  (VIOLATED)
   u_ctrl/u_aes/state_reg[96]/next_state
                                0.05           0.00 r        -0.05  (VIOLATED)
   u_ctrl/u_aes/state_reg[96]/synch_enable
                                0.05           0.00 r        -0.05  (VIOLATED)
   u_ctrl/u_aes/state_reg[97]/next_state
                                0.05           0.00 r        -0.05  (VIOLATED)
   u_ctrl/u_aes/state_reg[97]/synch_enable
                                0.05           0.00 r        -0.05  (VIOLATED)
   u_ctrl/u_aes/state_reg[98]/next_state
                                0.05           0.00 r        -0.05  (VIOLATED)
   u_ctrl/u_aes/state_reg[98]/synch_enable
                                0.05           0.00 r        -0.05  (VIOLATED)
   u_ctrl/u_aes/state_reg[99]/next_state
                                0.05           0.00 r        -0.05  (VIOLATED)
   u_ctrl/u_aes/state_reg[99]/synch_enable
                                0.05           0.00 r        -0.05  (VIOLATED)
   u_ctrl/u_aes/state_reg[100]/next_state
                                0.05           0.00 r        -0.05  (VIOLATED)
   u_ctrl/u_aes/state_reg[100]/synch_enable
                                0.05           0.00 r        -0.05  (VIOLATED)
   u_ctrl/u_aes/state_reg[101]/next_state
                                0.05           0.00 r        -0.05  (VIOLATED)
   u_ctrl/u_aes/state_reg[101]/synch_enable
                                0.05           0.00 r        -0.05  (VIOLATED)
   u_ctrl/u_aes/state_reg[102]/next_state
                                0.05           0.00 r        -0.05  (VIOLATED)
   u_ctrl/u_aes/state_reg[102]/synch_enable
                                0.05           0.00 r        -0.05  (VIOLATED)
   u_ctrl/u_aes/state_reg[103]/next_state
                                0.05           0.00 r        -0.05  (VIOLATED)
   u_ctrl/u_aes/state_reg[103]/synch_enable
                                0.05           0.00 r        -0.05  (VIOLATED)
   u_ctrl/u_aes/state_reg[104]/next_state
                                0.05           0.00 r        -0.05  (VIOLATED)
   u_ctrl/u_aes/state_reg[104]/synch_enable
                                0.05           0.00 r        -0.05  (VIOLATED)
   u_ctrl/u_aes/state_reg[105]/next_state
                                0.05           0.00 r        -0.05  (VIOLATED)
   u_ctrl/u_aes/state_reg[105]/synch_enable
                                0.05           0.00 r        -0.05  (VIOLATED)
   u_ctrl/u_aes/state_reg[106]/next_state
                                0.05           0.00 r        -0.05  (VIOLATED)
   u_ctrl/u_aes/state_reg[106]/synch_enable
                                0.05           0.00 r        -0.05  (VIOLATED)
   u_ctrl/u_aes/state_reg[107]/next_state
                                0.05           0.00 r        -0.05  (VIOLATED)
   u_ctrl/u_aes/state_reg[107]/synch_enable
                                0.05           0.00 r        -0.05  (VIOLATED)
   u_ctrl/u_aes/state_reg[108]/next_state
                                0.05           0.00 r        -0.05  (VIOLATED)
   u_ctrl/u_aes/state_reg[108]/synch_enable
                                0.05           0.00 r        -0.05  (VIOLATED)
   u_ctrl/u_aes/state_reg[109]/next_state
                                0.05           0.00 r        -0.05  (VIOLATED)
   u_ctrl/u_aes/state_reg[109]/synch_enable
                                0.05           0.00 r        -0.05  (VIOLATED)
   u_ctrl/u_aes/state_reg[110]/next_state
                                0.05           0.00 r        -0.05  (VIOLATED)
   u_ctrl/u_aes/state_reg[110]/synch_enable
                                0.05           0.00 r        -0.05  (VIOLATED)
   u_ctrl/u_aes/state_reg[111]/next_state
                                0.05           0.00 r        -0.05  (VIOLATED)
   u_ctrl/u_aes/state_reg[111]/synch_enable
                                0.05           0.00 r        -0.05  (VIOLATED)
   u_ctrl/u_aes/state_reg[112]/next_state
                                0.05           0.00 r        -0.05  (VIOLATED)
   u_ctrl/u_aes/state_reg[112]/synch_enable
                                0.05           0.00 r        -0.05  (VIOLATED)
   u_ctrl/u_aes/state_reg[113]/next_state
                                0.05           0.00 r        -0.05  (VIOLATED)
   u_ctrl/u_aes/state_reg[113]/synch_enable
                                0.05           0.00 r        -0.05  (VIOLATED)
   u_ctrl/u_aes/state_reg[114]/next_state
                                0.05           0.00 r        -0.05  (VIOLATED)
   u_ctrl/u_aes/state_reg[114]/synch_enable
                                0.05           0.00 r        -0.05  (VIOLATED)
   u_ctrl/u_aes/state_reg[115]/next_state
                                0.05           0.00 r        -0.05  (VIOLATED)
   u_ctrl/u_aes/state_reg[115]/synch_enable
                                0.05           0.00 r        -0.05  (VIOLATED)
   u_ctrl/u_aes/state_reg[116]/next_state
                                0.05           0.00 r        -0.05  (VIOLATED)
   u_ctrl/u_aes/state_reg[116]/synch_enable
                                0.05           0.00 r        -0.05  (VIOLATED)
   u_ctrl/u_aes/state_reg[117]/next_state
                                0.05           0.00 r        -0.05  (VIOLATED)
   u_ctrl/u_aes/state_reg[117]/synch_enable
                                0.05           0.00 r        -0.05  (VIOLATED)
   u_ctrl/u_aes/state_reg[118]/next_state
                                0.05           0.00 r        -0.05  (VIOLATED)
   u_ctrl/u_aes/state_reg[118]/synch_enable
                                0.05           0.00 r        -0.05  (VIOLATED)
   u_ctrl/u_aes/state_reg[119]/next_state
                                0.05           0.00 r        -0.05  (VIOLATED)
   u_ctrl/u_aes/state_reg[119]/synch_enable
                                0.05           0.00 r        -0.05  (VIOLATED)
   u_ctrl/u_aes/state_reg[120]/next_state
                                0.05           0.00 r        -0.05  (VIOLATED)
   u_ctrl/u_aes/state_reg[120]/synch_enable
                                0.05           0.00 r        -0.05  (VIOLATED)
   u_ctrl/u_aes/state_reg[121]/next_state
                                0.05           0.00 r        -0.05  (VIOLATED)
   u_ctrl/u_aes/state_reg[121]/synch_enable
                                0.05           0.00 r        -0.05  (VIOLATED)
   u_ctrl/u_aes/state_reg[122]/next_state
                                0.05           0.00 r        -0.05  (VIOLATED)
   u_ctrl/u_aes/state_reg[122]/synch_enable
                                0.05           0.00 r        -0.05  (VIOLATED)
   u_ctrl/u_aes/state_reg[123]/next_state
                                0.05           0.00 r        -0.05  (VIOLATED)
   u_ctrl/u_aes/state_reg[123]/synch_enable
                                0.05           0.00 r        -0.05  (VIOLATED)
   u_ctrl/u_aes/state_reg[124]/next_state
                                0.05           0.00 r        -0.05  (VIOLATED)
   u_ctrl/u_aes/state_reg[124]/synch_enable
                                0.05           0.00 r        -0.05  (VIOLATED)
   u_ctrl/u_aes/state_reg[125]/next_state
                                0.05           0.00 r        -0.05  (VIOLATED)
   u_ctrl/u_aes/state_reg[125]/synch_enable
                                0.05           0.00 r        -0.05  (VIOLATED)
   u_ctrl/u_aes/state_reg[126]/next_state
                                0.05           0.00 r        -0.05  (VIOLATED)
   u_ctrl/u_aes/state_reg[126]/synch_enable
                                0.05           0.00 r        -0.05  (VIOLATED)
   u_ctrl/u_aes/state_reg[127]/next_state
                                0.05           0.00 r        -0.05  (VIOLATED)
   u_ctrl/u_aes/state_reg[127]/synch_enable
                                0.05           0.00 r        -0.05  (VIOLATED)
   u_ctrl/u_crc/crc_out_reg[0]/next_state
                                0.05           0.00 r        -0.05  (VIOLATED)
   u_ctrl/u_crc/crc_out_reg[0]/synch_enable
                                0.05           0.00 r        -0.05  (VIOLATED)
   u_ctrl/u_crc/crc_out_reg[1]/next_state
                                0.05           0.00 r        -0.05  (VIOLATED)
   u_ctrl/u_crc/crc_out_reg[1]/synch_enable
                                0.05           0.00 r        -0.05  (VIOLATED)
   u_ctrl/u_crc/crc_out_reg[2]/next_state
                                0.05           0.00 r        -0.05  (VIOLATED)
   u_ctrl/u_crc/crc_out_reg[2]/synch_enable
                                0.05           0.00 r        -0.05  (VIOLATED)
   u_ctrl/u_crc/crc_out_reg[3]/next_state
                                0.05           0.00 r        -0.05  (VIOLATED)
   u_ctrl/u_crc/crc_out_reg[3]/synch_enable
                                0.05           0.00 r        -0.05  (VIOLATED)
   u_ctrl/u_crc/crc_out_reg[4]/next_state
                                0.05           0.00 r        -0.05  (VIOLATED)
   u_ctrl/u_crc/crc_out_reg[4]/synch_enable
                                0.05           0.00 r        -0.05  (VIOLATED)
   u_ctrl/u_crc/crc_out_reg[5]/next_state
                                0.05           0.00 r        -0.05  (VIOLATED)
   u_ctrl/u_crc/crc_out_reg[5]/synch_enable
                                0.05           0.00 r        -0.05  (VIOLATED)
   u_ctrl/u_crc/crc_out_reg[6]/next_state
                                0.05           0.00 r        -0.05  (VIOLATED)
   u_ctrl/u_crc/crc_out_reg[6]/synch_enable
                                0.05           0.00 r        -0.05  (VIOLATED)
   u_ctrl/u_crc/crc_out_reg[7]/next_state
                                0.05           0.00 r        -0.05  (VIOLATED)
   u_ctrl/u_crc/crc_out_reg[7]/synch_enable
                                0.05           0.00 r        -0.05  (VIOLATED)
   u_ctrl/u_crc/crc_out_reg[8]/next_state
                                0.05           0.00 r        -0.05  (VIOLATED)
   u_ctrl/u_crc/crc_out_reg[8]/synch_enable
                                0.05           0.00 r        -0.05  (VIOLATED)
   u_ctrl/u_crc/crc_out_reg[9]/next_state
                                0.05           0.00 r        -0.05  (VIOLATED)
   u_ctrl/u_crc/crc_out_reg[9]/synch_enable
                                0.05           0.00 r        -0.05  (VIOLATED)
   u_ctrl/u_crc/crc_out_reg[10]/next_state
                                0.05           0.00 r        -0.05  (VIOLATED)
   u_ctrl/u_crc/crc_out_reg[10]/synch_enable
                                0.05           0.00 r        -0.05  (VIOLATED)
   u_ctrl/u_crc/crc_out_reg[11]/next_state
                                0.05           0.00 r        -0.05  (VIOLATED)
   u_ctrl/u_crc/crc_out_reg[11]/synch_enable
                                0.05           0.00 r        -0.05  (VIOLATED)
   u_ctrl/u_crc/crc_out_reg[12]/next_state
                                0.05           0.00 r        -0.05  (VIOLATED)
   u_ctrl/u_crc/crc_out_reg[12]/synch_enable
                                0.05           0.00 r        -0.05  (VIOLATED)
   u_ctrl/u_crc/crc_out_reg[13]/next_state
                                0.05           0.00 r        -0.05  (VIOLATED)
   u_ctrl/u_crc/crc_out_reg[13]/synch_enable
                                0.05           0.00 r        -0.05  (VIOLATED)
   u_ctrl/u_crc/crc_out_reg[14]/next_state
                                0.05           0.00 r        -0.05  (VIOLATED)
   u_ctrl/u_crc/crc_out_reg[14]/synch_enable
                                0.05           0.00 r        -0.05  (VIOLATED)
   u_ctrl/u_crc/crc_out_reg[15]/next_state
                                0.05           0.00 r        -0.05  (VIOLATED)
   u_ctrl/u_crc/crc_out_reg[15]/synch_enable
                                0.05           0.00 r        -0.05  (VIOLATED)
   u_ctrl/u_crc/crc_out_reg[16]/next_state
                                0.05           0.00 r        -0.05  (VIOLATED)
   u_ctrl/u_crc/crc_out_reg[16]/synch_enable
                                0.05           0.00 r        -0.05  (VIOLATED)
   u_ctrl/u_crc/crc_out_reg[17]/next_state
                                0.05           0.00 r        -0.05  (VIOLATED)
   u_ctrl/u_crc/crc_out_reg[17]/synch_enable
                                0.05           0.00 r        -0.05  (VIOLATED)
   u_ctrl/u_crc/crc_out_reg[18]/next_state
                                0.05           0.00 r        -0.05  (VIOLATED)
   u_ctrl/u_crc/crc_out_reg[18]/synch_enable
                                0.05           0.00 r        -0.05  (VIOLATED)
   u_ctrl/u_crc/crc_out_reg[19]/next_state
                                0.05           0.00 r        -0.05  (VIOLATED)
   u_ctrl/u_crc/crc_out_reg[19]/synch_enable
                                0.05           0.00 r        -0.05  (VIOLATED)
   u_ctrl/u_crc/crc_out_reg[20]/next_state
                                0.05           0.00 r        -0.05  (VIOLATED)
   u_ctrl/u_crc/crc_out_reg[20]/synch_enable
                                0.05           0.00 r        -0.05  (VIOLATED)
   u_ctrl/u_crc/crc_out_reg[21]/next_state
                                0.05           0.00 r        -0.05  (VIOLATED)
   u_ctrl/u_crc/crc_out_reg[21]/synch_enable
                                0.05           0.00 r        -0.05  (VIOLATED)
   u_ctrl/u_crc/crc_out_reg[22]/next_state
                                0.05           0.00 r        -0.05  (VIOLATED)
   u_ctrl/u_crc/crc_out_reg[22]/synch_enable
                                0.05           0.00 r        -0.05  (VIOLATED)
   u_ctrl/u_crc/crc_out_reg[23]/next_state
                                0.05           0.00 r        -0.05  (VIOLATED)
   u_ctrl/u_crc/crc_out_reg[23]/synch_enable
                                0.05           0.00 r        -0.05  (VIOLATED)
   u_ctrl/u_crc/crc_out_reg[24]/next_state
                                0.05           0.00 r        -0.05  (VIOLATED)
   u_ctrl/u_crc/crc_out_reg[24]/synch_enable
                                0.05           0.00 r        -0.05  (VIOLATED)
   u_ctrl/u_crc/crc_out_reg[25]/next_state
                                0.05           0.00 r        -0.05  (VIOLATED)
   u_ctrl/u_crc/crc_out_reg[25]/synch_enable
                                0.05           0.00 r        -0.05  (VIOLATED)
   u_ctrl/u_crc/crc_out_reg[26]/next_state
                                0.05           0.00 r        -0.05  (VIOLATED)
   u_ctrl/u_crc/crc_out_reg[26]/synch_enable
                                0.05           0.00 r        -0.05  (VIOLATED)
   u_ctrl/u_crc/crc_out_reg[27]/next_state
                                0.05           0.00 r        -0.05  (VIOLATED)
   u_ctrl/u_crc/crc_out_reg[27]/synch_enable
                                0.05           0.00 r        -0.05  (VIOLATED)
   u_ctrl/u_crc/crc_out_reg[28]/next_state
                                0.05           0.00 r        -0.05  (VIOLATED)
   u_ctrl/u_crc/crc_out_reg[28]/synch_enable
                                0.05           0.00 r        -0.05  (VIOLATED)
   u_ctrl/u_crc/crc_out_reg[29]/next_state
                                0.05           0.00 r        -0.05  (VIOLATED)
   u_ctrl/u_crc/crc_out_reg[29]/synch_enable
                                0.05           0.00 r        -0.05  (VIOLATED)
   u_ctrl/u_crc/crc_out_reg[30]/next_state
                                0.05           0.00 r        -0.05  (VIOLATED)
   u_ctrl/u_crc/crc_out_reg[30]/synch_enable
                                0.05           0.00 r        -0.05  (VIOLATED)
   u_ctrl/u_crc/crc_out_reg[31]/next_state
                                0.05           0.00 r        -0.05  (VIOLATED)
   u_ctrl/u_crc/crc_out_reg[31]/synch_enable
                                0.05           0.00 r        -0.05  (VIOLATED)
   u_ctrl/u_crc/crc_reg[0]/next_state
                                0.05           0.00 r        -0.05  (VIOLATED)
   u_ctrl/u_crc/crc_reg[0]/synch_enable
                                0.05           0.00 r        -0.05  (VIOLATED)
   u_ctrl/u_crc/crc_reg[1]/next_state
                                0.05           0.00 r        -0.05  (VIOLATED)
   u_ctrl/u_crc/crc_reg[1]/synch_enable
                                0.05           0.00 r        -0.05  (VIOLATED)
   u_ctrl/u_crc/crc_reg[2]/next_state
                                0.05           0.00 r        -0.05  (VIOLATED)
   u_ctrl/u_crc/crc_reg[2]/synch_enable
                                0.05           0.00 r        -0.05  (VIOLATED)
   u_ctrl/u_crc/crc_reg[3]/next_state
                                0.05           0.00 r        -0.05  (VIOLATED)
   u_ctrl/u_crc/crc_reg[3]/synch_enable
                                0.05           0.00 r        -0.05  (VIOLATED)
   u_ctrl/u_crc/crc_reg[4]/next_state
                                0.05           0.00 r        -0.05  (VIOLATED)
   u_ctrl/u_crc/crc_reg[4]/synch_enable
                                0.05           0.00 r        -0.05  (VIOLATED)
   u_ctrl/u_crc/crc_reg[5]/next_state
                                0.05           0.00 r        -0.05  (VIOLATED)
   u_ctrl/u_crc/crc_reg[5]/synch_enable
                                0.05           0.00 r        -0.05  (VIOLATED)
   u_ctrl/u_crc/crc_reg[6]/next_state
                                0.05           0.00 r        -0.05  (VIOLATED)
   u_ctrl/u_crc/crc_reg[6]/synch_enable
                                0.05           0.00 r        -0.05  (VIOLATED)
   u_ctrl/u_crc/crc_reg[7]/next_state
                                0.05           0.00 r        -0.05  (VIOLATED)
   u_ctrl/u_crc/crc_reg[7]/synch_enable
                                0.05           0.00 r        -0.05  (VIOLATED)
   u_ctrl/u_crc/crc_reg[8]/next_state
                                0.05           0.00 r        -0.05  (VIOLATED)
   u_ctrl/u_crc/crc_reg[8]/synch_enable
                                0.05           0.00 r        -0.05  (VIOLATED)
   u_ctrl/u_crc/crc_reg[9]/next_state
                                0.05           0.00 r        -0.05  (VIOLATED)
   u_ctrl/u_crc/crc_reg[9]/synch_enable
                                0.05           0.00 r        -0.05  (VIOLATED)
   u_ctrl/u_crc/crc_reg[10]/next_state
                                0.05           0.00 r        -0.05  (VIOLATED)
   u_ctrl/u_crc/crc_reg[10]/synch_enable
                                0.05           0.00 r        -0.05  (VIOLATED)
   u_ctrl/u_crc/crc_reg[11]/next_state
                                0.05           0.00 r        -0.05  (VIOLATED)
   u_ctrl/u_crc/crc_reg[11]/synch_enable
                                0.05           0.00 r        -0.05  (VIOLATED)
   u_ctrl/u_crc/crc_reg[12]/next_state
                                0.05           0.00 r        -0.05  (VIOLATED)
   u_ctrl/u_crc/crc_reg[12]/synch_enable
                                0.05           0.00 r        -0.05  (VIOLATED)
   u_ctrl/u_crc/crc_reg[13]/next_state
                                0.05           0.00 r        -0.05  (VIOLATED)
   u_ctrl/u_crc/crc_reg[13]/synch_enable
                                0.05           0.00 r        -0.05  (VIOLATED)
   u_ctrl/u_crc/crc_reg[14]/next_state
                                0.05           0.00 r        -0.05  (VIOLATED)
   u_ctrl/u_crc/crc_reg[14]/synch_enable
                                0.05           0.00 r        -0.05  (VIOLATED)
   u_ctrl/u_crc/crc_reg[15]/next_state
                                0.05           0.00 r        -0.05  (VIOLATED)
   u_ctrl/u_crc/crc_reg[15]/synch_enable
                                0.05           0.00 r        -0.05  (VIOLATED)
   u_ctrl/u_crc/crc_reg[16]/next_state
                                0.05           0.00 r        -0.05  (VIOLATED)
   u_ctrl/u_crc/crc_reg[16]/synch_enable
                                0.05           0.00 r        -0.05  (VIOLATED)
   u_ctrl/u_crc/crc_reg[17]/next_state
                                0.05           0.00 r        -0.05  (VIOLATED)
   u_ctrl/u_crc/crc_reg[17]/synch_enable
                                0.05           0.00 r        -0.05  (VIOLATED)
   u_ctrl/u_crc/crc_reg[18]/next_state
                                0.05           0.00 r        -0.05  (VIOLATED)
   u_ctrl/u_crc/crc_reg[18]/synch_enable
                                0.05           0.00 r        -0.05  (VIOLATED)
   u_ctrl/u_crc/crc_reg[19]/next_state
                                0.05           0.00 r        -0.05  (VIOLATED)
   u_ctrl/u_crc/crc_reg[19]/synch_enable
                                0.05           0.00 r        -0.05  (VIOLATED)
   u_ctrl/u_crc/crc_reg[20]/next_state
                                0.05           0.00 r        -0.05  (VIOLATED)
   u_ctrl/u_crc/crc_reg[20]/synch_enable
                                0.05           0.00 r        -0.05  (VIOLATED)
   u_ctrl/u_crc/crc_reg[21]/next_state
                                0.05           0.00 r        -0.05  (VIOLATED)
   u_ctrl/u_crc/crc_reg[21]/synch_enable
                                0.05           0.00 r        -0.05  (VIOLATED)
   u_ctrl/u_crc/crc_reg[22]/next_state
                                0.05           0.00 r        -0.05  (VIOLATED)
   u_ctrl/u_crc/crc_reg[22]/synch_enable
                                0.05           0.00 r        -0.05  (VIOLATED)
   u_ctrl/u_crc/crc_reg[23]/next_state
                                0.05           0.00 r        -0.05  (VIOLATED)
   u_ctrl/u_crc/crc_reg[23]/synch_enable
                                0.05           0.00 r        -0.05  (VIOLATED)
   u_ctrl/u_crc/crc_reg[24]/next_state
                                0.05           0.00 r        -0.05  (VIOLATED)
   u_ctrl/u_crc/crc_reg[24]/synch_enable
                                0.05           0.00 r        -0.05  (VIOLATED)
   u_ctrl/u_crc/crc_reg[25]/next_state
                                0.05           0.00 r        -0.05  (VIOLATED)
   u_ctrl/u_crc/crc_reg[25]/synch_enable
                                0.05           0.00 r        -0.05  (VIOLATED)
   u_ctrl/u_crc/crc_reg[26]/next_state
                                0.05           0.00 r        -0.05  (VIOLATED)
   u_ctrl/u_crc/crc_reg[26]/synch_enable
                                0.05           0.00 r        -0.05  (VIOLATED)
   u_ctrl/u_crc/crc_reg[27]/next_state
                                0.05           0.00 r        -0.05  (VIOLATED)
   u_ctrl/u_crc/crc_reg[27]/synch_enable
                                0.05           0.00 r        -0.05  (VIOLATED)
   u_ctrl/u_crc/crc_reg[28]/next_state
                                0.05           0.00 r        -0.05  (VIOLATED)
   u_ctrl/u_crc/crc_reg[28]/synch_enable
                                0.05           0.00 r        -0.05  (VIOLATED)
   u_ctrl/u_crc/crc_reg[29]/next_state
                                0.05           0.00 r        -0.05  (VIOLATED)
   u_ctrl/u_crc/crc_reg[29]/synch_enable
                                0.05           0.00 r        -0.05  (VIOLATED)
   u_ctrl/u_crc/crc_reg[30]/next_state
                                0.05           0.00 r        -0.05  (VIOLATED)
   u_ctrl/u_crc/crc_reg[30]/synch_enable
                                0.05           0.00 r        -0.05  (VIOLATED)
   u_ctrl/u_crc/crc_reg[31]/next_state
                                0.05           0.00 r        -0.05  (VIOLATED)
   u_ctrl/u_crc/crc_reg[31]/synch_enable
                                0.05           0.00 r        -0.05  (VIOLATED)
   u_ctrl/u_crc/done_reg/next_state
                                0.05           0.00 r        -0.05  (VIOLATED)
   u_ctrl/u_ct_cdc/ack_ff1_reg/next_state
                                0.05           0.00 r        -0.05  (VIOLATED)
   u_ctrl/u_ct_cdc/ack_ff2_reg/next_state
                                0.05           0.00 r        -0.05  (VIOLATED)
   u_ctrl/u_ct_cdc/ack_tog_dst_reg/next_state
                                0.05           0.00 r        -0.05  (VIOLATED)
   u_ctrl/u_ct_cdc/ack_tog_dst_reg/synch_enable
                                0.05           0.00 r        -0.05  (VIOLATED)
   u_ctrl/u_ct_cdc/pulse_dst_reg/next_state
                                0.05           0.00 r        -0.05  (VIOLATED)
   u_ctrl/u_ct_cdc/req_ff1_reg/next_state
                                0.05           0.00 r        -0.05  (VIOLATED)
   u_ctrl/u_ct_cdc/req_ff2_reg/next_state
                                0.05           0.00 r        -0.05  (VIOLATED)
   u_ctrl/u_ct_cdc/req_tog_src_reg/next_state
                                0.05           0.00 r        -0.05  (VIOLATED)
   u_ctrl/u_ct_cdc/req_tog_src_reg/synch_enable
                                0.05           0.00 r        -0.05  (VIOLATED)
   u_ctrl/u_ct_cdc/seen_dst_reg/next_state
                                0.05           0.00 r        -0.05  (VIOLATED)
   u_ctrl/u_ct_cdc/seen_dst_reg/synch_enable
                                0.05           0.00 r        -0.05  (VIOLATED)
   u_ctrl/u_icg_aes/en_lat_reg/data_in
                                0.05           0.00 r        -0.05  (VIOLATED)
   u_ctrl/u_rx/bitpos_reg[0]/next_state
                                0.05           0.00 r        -0.05  (VIOLATED)
   u_ctrl/u_rx/bitpos_reg[0]/synch_enable
                                0.05           0.00 r        -0.05  (VIOLATED)
   u_ctrl/u_rx/bitpos_reg[1]/next_state
                                0.05           0.00 r        -0.05  (VIOLATED)
   u_ctrl/u_rx/bitpos_reg[1]/synch_enable
                                0.05           0.00 r        -0.05  (VIOLATED)
   u_ctrl/u_rx/bitpos_reg[2]/next_state
                                0.05           0.00 r        -0.05  (VIOLATED)
   u_ctrl/u_rx/bitpos_reg[2]/synch_enable
                                0.05           0.00 r        -0.05  (VIOLATED)
   u_ctrl/u_rx/bitpos_reg[3]/next_state
                                0.05           0.00 r        -0.05  (VIOLATED)
   u_ctrl/u_rx/bitpos_reg[3]/synch_enable
                                0.05           0.00 r        -0.05  (VIOLATED)
   u_ctrl/u_rx/busy_reg/next_state
                                0.05           0.00 r        -0.05  (VIOLATED)
   u_ctrl/u_rx/busy_reg/synch_enable
                                0.05           0.00 r        -0.05  (VIOLATED)
   u_ctrl/u_rx/data_shift_reg[0]/next_state
                                0.05           0.00 r        -0.05  (VIOLATED)
   u_ctrl/u_rx/data_shift_reg[0]/synch_enable
                                0.05           0.00 r        -0.05  (VIOLATED)
   u_ctrl/u_rx/data_shift_reg[1]/next_state
                                0.05           0.00 r        -0.05  (VIOLATED)
   u_ctrl/u_rx/data_shift_reg[1]/synch_enable
                                0.05           0.00 r        -0.05  (VIOLATED)
   u_ctrl/u_rx/data_shift_reg[2]/next_state
                                0.05           0.00 r        -0.05  (VIOLATED)
   u_ctrl/u_rx/data_shift_reg[2]/synch_enable
                                0.05           0.00 r        -0.05  (VIOLATED)
   u_ctrl/u_rx/data_shift_reg[3]/next_state
                                0.05           0.00 r        -0.05  (VIOLATED)
   u_ctrl/u_rx/data_shift_reg[3]/synch_enable
                                0.05           0.00 r        -0.05  (VIOLATED)
   u_ctrl/u_rx/data_shift_reg[4]/next_state
                                0.05           0.00 r        -0.05  (VIOLATED)
   u_ctrl/u_rx/data_shift_reg[4]/synch_enable
                                0.05           0.00 r        -0.05  (VIOLATED)
   u_ctrl/u_rx/data_shift_reg[5]/next_state
                                0.05           0.00 r        -0.05  (VIOLATED)
   u_ctrl/u_rx/data_shift_reg[5]/synch_enable
                                0.05           0.00 r        -0.05  (VIOLATED)
   u_ctrl/u_rx/data_shift_reg[6]/next_state
                                0.05           0.00 r        -0.05  (VIOLATED)
   u_ctrl/u_rx/data_shift_reg[6]/synch_enable
                                0.05           0.00 r        -0.05  (VIOLATED)
   u_ctrl/u_rx/data_shift_reg[7]/synch_enable
                                0.05           0.00 r        -0.05  (VIOLATED)
   u_ctrl/u_rx/divcnt_reg[0]/next_state
                                0.05           0.00 r        -0.05  (VIOLATED)
   u_ctrl/u_rx/divcnt_reg[0]/synch_enable
                                0.05           0.00 r        -0.05  (VIOLATED)
   u_ctrl/u_rx/divcnt_reg[1]/next_state
                                0.05           0.00 r        -0.05  (VIOLATED)
   u_ctrl/u_rx/divcnt_reg[1]/synch_enable
                                0.05           0.00 r        -0.05  (VIOLATED)
   u_ctrl/u_rx/divcnt_reg[2]/next_state
                                0.05           0.00 r        -0.05  (VIOLATED)
   u_ctrl/u_rx/divcnt_reg[2]/synch_enable
                                0.05           0.00 r        -0.05  (VIOLATED)
   u_ctrl/u_rx/divcnt_reg[3]/next_state
                                0.05           0.00 r        -0.05  (VIOLATED)
   u_ctrl/u_rx/divcnt_reg[3]/synch_enable
                                0.05           0.00 r        -0.05  (VIOLATED)
   u_ctrl/u_rx/divcnt_reg[4]/next_state
                                0.05           0.00 r        -0.05  (VIOLATED)
   u_ctrl/u_rx/divcnt_reg[4]/synch_enable
                                0.05           0.00 r        -0.05  (VIOLATED)
   u_ctrl/u_rx/divcnt_reg[5]/next_state
                                0.05           0.00 r        -0.05  (VIOLATED)
   u_ctrl/u_rx/divcnt_reg[5]/synch_enable
                                0.05           0.00 r        -0.05  (VIOLATED)
   u_ctrl/u_rx/divcnt_reg[6]/next_state
                                0.05           0.00 r        -0.05  (VIOLATED)
   u_ctrl/u_rx/divcnt_reg[6]/synch_enable
                                0.05           0.00 r        -0.05  (VIOLATED)
   u_ctrl/u_rx/divcnt_reg[7]/next_state
                                0.05           0.00 r        -0.05  (VIOLATED)
   u_ctrl/u_rx/divcnt_reg[7]/synch_enable
                                0.05           0.00 r        -0.05  (VIOLATED)
   u_ctrl/u_rx/divcnt_reg[8]/next_state
                                0.05           0.00 r        -0.05  (VIOLATED)
   u_ctrl/u_rx/divcnt_reg[8]/synch_enable
                                0.05           0.00 r        -0.05  (VIOLATED)
   u_ctrl/u_rx/divcnt_reg[9]/next_state
                                0.05           0.00 r        -0.05  (VIOLATED)
   u_ctrl/u_rx/divcnt_reg[9]/synch_enable
                                0.05           0.00 r        -0.05  (VIOLATED)
   u_ctrl/u_rx/divcnt_reg[10]/next_state
                                0.05           0.00 r        -0.05  (VIOLATED)
   u_ctrl/u_rx/divcnt_reg[10]/synch_enable
                                0.05           0.00 r        -0.05  (VIOLATED)
   u_ctrl/u_rx/divcnt_reg[11]/next_state
                                0.05           0.00 r        -0.05  (VIOLATED)
   u_ctrl/u_rx/divcnt_reg[11]/synch_enable
                                0.05           0.00 r        -0.05  (VIOLATED)
   u_ctrl/u_rx/divcnt_reg[12]/next_state
                                0.05           0.00 r        -0.05  (VIOLATED)
   u_ctrl/u_rx/divcnt_reg[12]/synch_enable
                                0.05           0.00 r        -0.05  (VIOLATED)
   u_ctrl/u_rx/divcnt_reg[13]/next_state
                                0.05           0.00 r        -0.05  (VIOLATED)
   u_ctrl/u_rx/divcnt_reg[13]/synch_enable
                                0.05           0.00 r        -0.05  (VIOLATED)
   u_ctrl/u_rx/divcnt_reg[14]/next_state
                                0.05           0.00 r        -0.05  (VIOLATED)
   u_ctrl/u_rx/divcnt_reg[14]/synch_enable
                                0.05           0.00 r        -0.05  (VIOLATED)
   u_ctrl/u_rx/divcnt_reg[15]/next_state
                                0.05           0.00 r        -0.05  (VIOLATED)
   u_ctrl/u_rx/divcnt_reg[15]/synch_enable
                                0.05           0.00 r        -0.05  (VIOLATED)
   u_ctrl/u_rx/divcnt_reg[16]/next_state
                                0.05           0.00 r        -0.05  (VIOLATED)
   u_ctrl/u_rx/divcnt_reg[16]/synch_enable
                                0.05           0.00 r        -0.05  (VIOLATED)
   u_ctrl/u_rx/divcnt_reg[17]/next_state
                                0.05           0.00 r        -0.05  (VIOLATED)
   u_ctrl/u_rx/divcnt_reg[17]/synch_enable
                                0.05           0.00 r        -0.05  (VIOLATED)
   u_ctrl/u_rx/divcnt_reg[18]/next_state
                                0.05           0.00 r        -0.05  (VIOLATED)
   u_ctrl/u_rx/divcnt_reg[18]/synch_enable
                                0.05           0.00 r        -0.05  (VIOLATED)
   u_ctrl/u_rx/divcnt_reg[19]/next_state
                                0.05           0.00 r        -0.05  (VIOLATED)
   u_ctrl/u_rx/divcnt_reg[19]/synch_enable
                                0.05           0.00 r        -0.05  (VIOLATED)
   u_ctrl/u_rx/divcnt_reg[20]/next_state
                                0.05           0.00 r        -0.05  (VIOLATED)
   u_ctrl/u_rx/divcnt_reg[20]/synch_enable
                                0.05           0.00 r        -0.05  (VIOLATED)
   u_ctrl/u_rx/divcnt_reg[21]/next_state
                                0.05           0.00 r        -0.05  (VIOLATED)
   u_ctrl/u_rx/divcnt_reg[21]/synch_enable
                                0.05           0.00 r        -0.05  (VIOLATED)
   u_ctrl/u_rx/divcnt_reg[22]/next_state
                                0.05           0.00 r        -0.05  (VIOLATED)
   u_ctrl/u_rx/divcnt_reg[22]/synch_enable
                                0.05           0.00 r        -0.05  (VIOLATED)
   u_ctrl/u_rx/divcnt_reg[23]/next_state
                                0.05           0.00 r        -0.05  (VIOLATED)
   u_ctrl/u_rx/divcnt_reg[23]/synch_enable
                                0.05           0.00 r        -0.05  (VIOLATED)
   u_ctrl/u_rx/divcnt_reg[24]/next_state
                                0.05           0.00 r        -0.05  (VIOLATED)
   u_ctrl/u_rx/divcnt_reg[24]/synch_enable
                                0.05           0.00 r        -0.05  (VIOLATED)
   u_ctrl/u_rx/divcnt_reg[25]/next_state
                                0.05           0.00 r        -0.05  (VIOLATED)
   u_ctrl/u_rx/divcnt_reg[25]/synch_enable
                                0.05           0.00 r        -0.05  (VIOLATED)
   u_ctrl/u_rx/divcnt_reg[26]/next_state
                                0.05           0.00 r        -0.05  (VIOLATED)
   u_ctrl/u_rx/divcnt_reg[26]/synch_enable
                                0.05           0.00 r        -0.05  (VIOLATED)
   u_ctrl/u_rx/divcnt_reg[27]/next_state
                                0.05           0.00 r        -0.05  (VIOLATED)
   u_ctrl/u_rx/divcnt_reg[27]/synch_enable
                                0.05           0.00 r        -0.05  (VIOLATED)
   u_ctrl/u_rx/divcnt_reg[28]/next_state
                                0.05           0.00 r        -0.05  (VIOLATED)
   u_ctrl/u_rx/divcnt_reg[28]/synch_enable
                                0.05           0.00 r        -0.05  (VIOLATED)
   u_ctrl/u_rx/divcnt_reg[29]/next_state
                                0.05           0.00 r        -0.05  (VIOLATED)
   u_ctrl/u_rx/divcnt_reg[29]/synch_enable
                                0.05           0.00 r        -0.05  (VIOLATED)
   u_ctrl/u_rx/divcnt_reg[30]/next_state
                                0.05           0.00 r        -0.05  (VIOLATED)
   u_ctrl/u_rx/divcnt_reg[30]/synch_enable
                                0.05           0.00 r        -0.05  (VIOLATED)
   u_ctrl/u_rx/divcnt_reg[31]/next_state
                                0.05           0.00 r        -0.05  (VIOLATED)
   u_ctrl/u_rx/divcnt_reg[31]/synch_enable
                                0.05           0.00 r        -0.05  (VIOLATED)
   u_ctrl/u_rx/rx_data_reg[0]/next_state
                                0.05           0.00 r        -0.05  (VIOLATED)
   u_ctrl/u_rx/rx_data_reg[0]/synch_enable
                                0.05           0.00 r        -0.05  (VIOLATED)
   u_ctrl/u_rx/rx_data_reg[1]/next_state
                                0.05           0.00 r        -0.05  (VIOLATED)
   u_ctrl/u_rx/rx_data_reg[1]/synch_enable
                                0.05           0.00 r        -0.05  (VIOLATED)
   u_ctrl/u_rx/rx_data_reg[2]/next_state
                                0.05           0.00 r        -0.05  (VIOLATED)
   u_ctrl/u_rx/rx_data_reg[2]/synch_enable
                                0.05           0.00 r        -0.05  (VIOLATED)
   u_ctrl/u_rx/rx_data_reg[3]/next_state
                                0.05           0.00 r        -0.05  (VIOLATED)
   u_ctrl/u_rx/rx_data_reg[3]/synch_enable
                                0.05           0.00 r        -0.05  (VIOLATED)
   u_ctrl/u_rx/rx_data_reg[4]/next_state
                                0.05           0.00 r        -0.05  (VIOLATED)
   u_ctrl/u_rx/rx_data_reg[4]/synch_enable
                                0.05           0.00 r        -0.05  (VIOLATED)
   u_ctrl/u_rx/rx_data_reg[5]/next_state
                                0.05           0.00 r        -0.05  (VIOLATED)
   u_ctrl/u_rx/rx_data_reg[5]/synch_enable
                                0.05           0.00 r        -0.05  (VIOLATED)
   u_ctrl/u_rx/rx_data_reg[6]/next_state
                                0.05           0.00 r        -0.05  (VIOLATED)
   u_ctrl/u_rx/rx_data_reg[6]/synch_enable
                                0.05           0.00 r        -0.05  (VIOLATED)
   u_ctrl/u_rx/rx_data_reg[7]/next_state
                                0.05           0.00 r        -0.05  (VIOLATED)
   u_ctrl/u_rx/rx_data_reg[7]/synch_enable
                                0.05           0.00 r        -0.05  (VIOLATED)
   u_ctrl/u_rx/rx_valid_reg/next_state
                                0.05           0.00 r        -0.05  (VIOLATED)
   u_ctrl/u_send_cdc/ack_ff1_reg/next_state
                                0.05           0.00 r        -0.05  (VIOLATED)
   u_ctrl/u_send_cdc/ack_ff2_reg/next_state
                                0.05           0.00 r        -0.05  (VIOLATED)
   u_ctrl/u_send_cdc/ack_tog_dst_reg/next_state
                                0.05           0.00 r        -0.05  (VIOLATED)
   u_ctrl/u_send_cdc/ack_tog_dst_reg/synch_enable
                                0.05           0.00 r        -0.05  (VIOLATED)
   u_ctrl/u_send_cdc/pulse_dst_reg/next_state
                                0.05           0.00 r        -0.05  (VIOLATED)
   u_ctrl/u_send_cdc/req_ff1_reg/next_state
                                0.05           0.00 r        -0.05  (VIOLATED)
   u_ctrl/u_send_cdc/req_ff2_reg/next_state
                                0.05           0.00 r        -0.05  (VIOLATED)
   u_ctrl/u_send_cdc/req_tog_src_reg/next_state
                                0.05           0.00 r        -0.05  (VIOLATED)
   u_ctrl/u_send_cdc/req_tog_src_reg/synch_enable
                                0.05           0.00 r        -0.05  (VIOLATED)
   u_ctrl/u_send_cdc/seen_dst_reg/next_state
                                0.05           0.00 r        -0.05  (VIOLATED)
   u_ctrl/u_send_cdc/seen_dst_reg/synch_enable
                                0.05           0.00 r        -0.05  (VIOLATED)
   u_ctrl/u_tx/bitpos_reg[0]/next_state
                                0.05           0.00 r        -0.05  (VIOLATED)
   u_ctrl/u_tx/bitpos_reg[0]/synch_enable
                                0.05           0.00 r        -0.05  (VIOLATED)
   u_ctrl/u_tx/bitpos_reg[1]/next_state
                                0.05           0.00 r        -0.05  (VIOLATED)
   u_ctrl/u_tx/bitpos_reg[1]/synch_enable
                                0.05           0.00 r        -0.05  (VIOLATED)
   u_ctrl/u_tx/bitpos_reg[2]/next_state
                                0.05           0.00 r        -0.05  (VIOLATED)
   u_ctrl/u_tx/bitpos_reg[2]/synch_enable
                                0.05           0.00 r        -0.05  (VIOLATED)
   u_ctrl/u_tx/bitpos_reg[3]/next_state
                                0.05           0.00 r        -0.05  (VIOLATED)
   u_ctrl/u_tx/bitpos_reg[3]/synch_enable
                                0.05           0.00 r        -0.05  (VIOLATED)
   u_ctrl/u_tx/divcnt_reg[0]/next_state
                                0.05           0.00 r        -0.05  (VIOLATED)
   u_ctrl/u_tx/divcnt_reg[0]/synch_enable
                                0.05           0.00 r        -0.05  (VIOLATED)
   u_ctrl/u_tx/divcnt_reg[1]/next_state
                                0.05           0.00 r        -0.05  (VIOLATED)
   u_ctrl/u_tx/divcnt_reg[1]/synch_enable
                                0.05           0.00 r        -0.05  (VIOLATED)
   u_ctrl/u_tx/divcnt_reg[2]/next_state
                                0.05           0.00 r        -0.05  (VIOLATED)
   u_ctrl/u_tx/divcnt_reg[2]/synch_enable
                                0.05           0.00 r        -0.05  (VIOLATED)
   u_ctrl/u_tx/divcnt_reg[3]/next_state
                                0.05           0.00 r        -0.05  (VIOLATED)
   u_ctrl/u_tx/divcnt_reg[3]/synch_enable
                                0.05           0.00 r        -0.05  (VIOLATED)
   u_ctrl/u_tx/divcnt_reg[4]/next_state
                                0.05           0.00 r        -0.05  (VIOLATED)
   u_ctrl/u_tx/divcnt_reg[4]/synch_enable
                                0.05           0.00 r        -0.05  (VIOLATED)
   u_ctrl/u_tx/divcnt_reg[5]/next_state
                                0.05           0.00 r        -0.05  (VIOLATED)
   u_ctrl/u_tx/divcnt_reg[5]/synch_enable
                                0.05           0.00 r        -0.05  (VIOLATED)
   u_ctrl/u_tx/divcnt_reg[6]/next_state
                                0.05           0.00 r        -0.05  (VIOLATED)
   u_ctrl/u_tx/divcnt_reg[6]/synch_enable
                                0.05           0.00 r        -0.05  (VIOLATED)
   u_ctrl/u_tx/divcnt_reg[7]/next_state
                                0.05           0.00 r        -0.05  (VIOLATED)
   u_ctrl/u_tx/divcnt_reg[7]/synch_enable
                                0.05           0.00 r        -0.05  (VIOLATED)
   u_ctrl/u_tx/divcnt_reg[8]/next_state
                                0.05           0.00 r        -0.05  (VIOLATED)
   u_ctrl/u_tx/divcnt_reg[8]/synch_enable
                                0.05           0.00 r        -0.05  (VIOLATED)
   u_ctrl/u_tx/divcnt_reg[9]/next_state
                                0.05           0.00 r        -0.05  (VIOLATED)
   u_ctrl/u_tx/divcnt_reg[9]/synch_enable
                                0.05           0.00 r        -0.05  (VIOLATED)
   u_ctrl/u_tx/divcnt_reg[10]/next_state
                                0.05           0.00 r        -0.05  (VIOLATED)
   u_ctrl/u_tx/divcnt_reg[10]/synch_enable
                                0.05           0.00 r        -0.05  (VIOLATED)
   u_ctrl/u_tx/divcnt_reg[11]/next_state
                                0.05           0.00 r        -0.05  (VIOLATED)
   u_ctrl/u_tx/divcnt_reg[11]/synch_enable
                                0.05           0.00 r        -0.05  (VIOLATED)
   u_ctrl/u_tx/divcnt_reg[12]/next_state
                                0.05           0.00 r        -0.05  (VIOLATED)
   u_ctrl/u_tx/divcnt_reg[12]/synch_enable
                                0.05           0.00 r        -0.05  (VIOLATED)
   u_ctrl/u_tx/divcnt_reg[13]/next_state
                                0.05           0.00 r        -0.05  (VIOLATED)
   u_ctrl/u_tx/divcnt_reg[13]/synch_enable
                                0.05           0.00 r        -0.05  (VIOLATED)
   u_ctrl/u_tx/divcnt_reg[14]/next_state
                                0.05           0.00 r        -0.05  (VIOLATED)
   u_ctrl/u_tx/divcnt_reg[14]/synch_enable
                                0.05           0.00 r        -0.05  (VIOLATED)
   u_ctrl/u_tx/divcnt_reg[15]/next_state
                                0.05           0.00 r        -0.05  (VIOLATED)
   u_ctrl/u_tx/divcnt_reg[15]/synch_enable
                                0.05           0.00 r        -0.05  (VIOLATED)
   u_ctrl/u_tx/divcnt_reg[16]/next_state
                                0.05           0.00 r        -0.05  (VIOLATED)
   u_ctrl/u_tx/divcnt_reg[16]/synch_enable
                                0.05           0.00 r        -0.05  (VIOLATED)
   u_ctrl/u_tx/divcnt_reg[17]/next_state
                                0.05           0.00 r        -0.05  (VIOLATED)
   u_ctrl/u_tx/divcnt_reg[17]/synch_enable
                                0.05           0.00 r        -0.05  (VIOLATED)
   u_ctrl/u_tx/divcnt_reg[18]/next_state
                                0.05           0.00 r        -0.05  (VIOLATED)
   u_ctrl/u_tx/divcnt_reg[18]/synch_enable
                                0.05           0.00 r        -0.05  (VIOLATED)
   u_ctrl/u_tx/divcnt_reg[19]/next_state
                                0.05           0.00 r        -0.05  (VIOLATED)
   u_ctrl/u_tx/divcnt_reg[19]/synch_enable
                                0.05           0.00 r        -0.05  (VIOLATED)
   u_ctrl/u_tx/divcnt_reg[20]/next_state
                                0.05           0.00 r        -0.05  (VIOLATED)
   u_ctrl/u_tx/divcnt_reg[20]/synch_enable
                                0.05           0.00 r        -0.05  (VIOLATED)
   u_ctrl/u_tx/divcnt_reg[21]/next_state
                                0.05           0.00 r        -0.05  (VIOLATED)
   u_ctrl/u_tx/divcnt_reg[21]/synch_enable
                                0.05           0.00 r        -0.05  (VIOLATED)
   u_ctrl/u_tx/divcnt_reg[22]/next_state
                                0.05           0.00 r        -0.05  (VIOLATED)
   u_ctrl/u_tx/divcnt_reg[22]/synch_enable
                                0.05           0.00 r        -0.05  (VIOLATED)
   u_ctrl/u_tx/divcnt_reg[23]/next_state
                                0.05           0.00 r        -0.05  (VIOLATED)
   u_ctrl/u_tx/divcnt_reg[23]/synch_enable
                                0.05           0.00 r        -0.05  (VIOLATED)
   u_ctrl/u_tx/divcnt_reg[24]/next_state
                                0.05           0.00 r        -0.05  (VIOLATED)
   u_ctrl/u_tx/divcnt_reg[24]/synch_enable
                                0.05           0.00 r        -0.05  (VIOLATED)
   u_ctrl/u_tx/divcnt_reg[25]/next_state
                                0.05           0.00 r        -0.05  (VIOLATED)
   u_ctrl/u_tx/divcnt_reg[25]/synch_enable
                                0.05           0.00 r        -0.05  (VIOLATED)
   u_ctrl/u_tx/divcnt_reg[26]/next_state
                                0.05           0.00 r        -0.05  (VIOLATED)
   u_ctrl/u_tx/divcnt_reg[26]/synch_enable
                                0.05           0.00 r        -0.05  (VIOLATED)
   u_ctrl/u_tx/divcnt_reg[27]/next_state
                                0.05           0.00 r        -0.05  (VIOLATED)
   u_ctrl/u_tx/divcnt_reg[27]/synch_enable
                                0.05           0.00 r        -0.05  (VIOLATED)
   u_ctrl/u_tx/divcnt_reg[28]/next_state
                                0.05           0.00 r        -0.05  (VIOLATED)
   u_ctrl/u_tx/divcnt_reg[28]/synch_enable
                                0.05           0.00 r        -0.05  (VIOLATED)
   u_ctrl/u_tx/divcnt_reg[29]/next_state
                                0.05           0.00 r        -0.05  (VIOLATED)
   u_ctrl/u_tx/divcnt_reg[29]/synch_enable
                                0.05           0.00 r        -0.05  (VIOLATED)
   u_ctrl/u_tx/divcnt_reg[30]/next_state
                                0.05           0.00 r        -0.05  (VIOLATED)
   u_ctrl/u_tx/divcnt_reg[30]/synch_enable
                                0.05           0.00 r        -0.05  (VIOLATED)
   u_ctrl/u_tx/divcnt_reg[31]/next_state
                                0.05           0.00 r        -0.05  (VIOLATED)
   u_ctrl/u_tx/divcnt_reg[31]/synch_enable
                                0.05           0.00 r        -0.05  (VIOLATED)
   u_ctrl/u_tx/shifter_reg[0]/next_state
                                0.05           0.00 r        -0.05  (VIOLATED)
   u_ctrl/u_tx/shifter_reg[0]/synch_enable
                                0.05           0.00 r        -0.05  (VIOLATED)
   u_ctrl/u_tx/shifter_reg[1]/next_state
                                0.05           0.00 r        -0.05  (VIOLATED)
   u_ctrl/u_tx/shifter_reg[1]/synch_enable
                                0.05           0.00 r        -0.05  (VIOLATED)
   u_ctrl/u_tx/shifter_reg[2]/next_state
                                0.05           0.00 r        -0.05  (VIOLATED)
   u_ctrl/u_tx/shifter_reg[2]/synch_enable
                                0.05           0.00 r        -0.05  (VIOLATED)
   u_ctrl/u_tx/shifter_reg[3]/next_state
                                0.05           0.00 r        -0.05  (VIOLATED)
   u_ctrl/u_tx/shifter_reg[3]/synch_enable
                                0.05           0.00 r        -0.05  (VIOLATED)
   u_ctrl/u_tx/shifter_reg[4]/next_state
                                0.05           0.00 r        -0.05  (VIOLATED)
   u_ctrl/u_tx/shifter_reg[4]/synch_enable
                                0.05           0.00 r        -0.05  (VIOLATED)
   u_ctrl/u_tx/shifter_reg[5]/next_state
                                0.05           0.00 r        -0.05  (VIOLATED)
   u_ctrl/u_tx/shifter_reg[5]/synch_enable
                                0.05           0.00 r        -0.05  (VIOLATED)
   u_ctrl/u_tx/shifter_reg[6]/next_state
                                0.05           0.00 r        -0.05  (VIOLATED)
   u_ctrl/u_tx/shifter_reg[6]/synch_enable
                                0.05           0.00 r        -0.05  (VIOLATED)
   u_ctrl/u_tx/shifter_reg[7]/next_state
                                0.05           0.00 r        -0.05  (VIOLATED)
   u_ctrl/u_tx/shifter_reg[7]/synch_enable
                                0.05           0.00 r        -0.05  (VIOLATED)
   u_ctrl/u_tx/shifter_reg[8]/next_state
                                0.05           0.00 r        -0.05  (VIOLATED)
   u_ctrl/u_tx/shifter_reg[8]/synch_enable
                                0.05           0.00 r        -0.05  (VIOLATED)
   u_ctrl/u_tx/shifter_reg[9]/synch_enable
                                0.05           0.00 r        -0.05  (VIOLATED)
   u_ctrl/u_tx/tx_busy_reg/next_state
                                0.05           0.00 r        -0.05  (VIOLATED)
   u_ctrl/u_tx/tx_busy_reg/synch_enable
                                0.05           0.00 r        -0.05  (VIOLATED)
   u_ctrl/u_tx/txd_reg/next_state
                                0.05           0.00 r        -0.05  (VIOLATED)
   u_ctrl/u_tx/txd_reg/synch_enable
                                0.05           0.00 r        -0.05  (VIOLATED)
   u_div8/clk_out_reg/next_state
                                0.05           0.00 r        -0.05  (VIOLATED)
   u_ctrl/crc_byte_reg[0]/next_state
                                0.05           0.04 r        -0.01  (VIOLATED)
   u_ctrl/crc_byte_reg[7]/next_state
                                0.05           0.04 r        -0.01  (VIOLATED)
   u_ctrl/crc_byte_reg[1]/next_state
                                0.05           0.04 r        -0.01  (VIOLATED)
   u_ctrl/crc_byte_reg[2]/next_state
                                0.05           0.04 r        -0.01  (VIOLATED)
   u_ctrl/crc_byte_reg[3]/next_state
                                0.05           0.04 r        -0.01  (VIOLATED)
   u_ctrl/crc_byte_reg[4]/next_state
                                0.05           0.04 r        -0.01  (VIOLATED)
   u_ctrl/crc_byte_reg[5]/next_state
                                0.05           0.04 r        -0.01  (VIOLATED)
   u_ctrl/crc_byte_reg[6]/next_state
                                0.05           0.04 r        -0.01  (VIOLATED)


1
