 chain              cell  type     inv   gate#  instance_name (type)
 -----------------  ----  -------  ---  ------  ------------------------------------
 chain0                0  MASTER    IN   18901  u_ctrl/u_rx/divcnt_reg_4_ (SDFFARX2_RVT)
 chain0                1  MASTER    IN   18869  u_ctrl/u_rx/divcnt_reg_19_ (SDFFARX1_RVT)
 chain0                2  MASTER    IN   18870  u_ctrl/u_rx/divcnt_reg_20_ (SDFFARX1_RVT)
 chain0                3  MASTER    IN   18864  u_ctrl/u_rx/divcnt_reg_14_ (SDFFARX1_RVT)
 chain0                4  MASTER    IN   18871  u_ctrl/u_rx/divcnt_reg_21_ (SDFFARX1_RVT)
 chain0                5  MASTER    IN   18872  u_ctrl/u_rx/divcnt_reg_22_ (SDFFARX1_RVT)
 chain0                6  MASTER    IN   18915  u_ctrl/u_tx/divcnt_reg_10_ (SDFFARX1_RVT)
 chain0                7  MASTER    IN   18914  u_ctrl/u_tx/divcnt_reg_9_ (SDFFARX1_RVT)
 chain0                8  MASTER    IN   18905  u_ctrl/u_tx/divcnt_reg_0_ (SDFFARX1_RVT)
 chain0                9  MASTER    IN   18906  u_ctrl/u_tx/divcnt_reg_1_ (SDFFARX1_RVT)
 chain0               10  MASTER    IN   18907  u_ctrl/u_tx/divcnt_reg_2_ (SDFFARX1_RVT)
 chain0               11  MASTER    IN   18930  u_ctrl/u_tx/divcnt_reg_26_ (SDFFARX1_RVT)
 chain0               12  MASTER    IN   18929  u_ctrl/u_tx/divcnt_reg_25_ (SDFFARX1_RVT)
 chain0               13  MASTER    IN   18926  u_ctrl/u_tx/divcnt_reg_22_ (SDFFARX1_RVT)
 chain0               14  MASTER    IN   18927  u_ctrl/u_tx/divcnt_reg_23_ (SDFFARX1_RVT)
 chain0               15  MASTER    IN   18925  u_ctrl/u_tx/divcnt_reg_21_ (SDFFARX1_RVT)
 chain0               16  MASTER    IN   18924  u_ctrl/u_tx/divcnt_reg_20_ (SDFFARX1_RVT)
 chain0               17  MASTER    IN   18923  u_ctrl/u_tx/divcnt_reg_19_ (SDFFARX1_RVT)
 chain0               18  MASTER    IN   18922  u_ctrl/u_tx/divcnt_reg_18_ (SDFFARX1_RVT)
 chain0               19  MASTER    IN   18949  u_ctrl/u_tx/tx_busy_reg (SDFFARX1_RVT)
 chain0               20  MASTER    IN   18937  u_ctrl/u_tx/bitpos_reg_2_ (SDFFARX1_RVT)
 chain0               21  MASTER    IN   18938  u_ctrl/u_tx/bitpos_reg_3_ (SDFFARX1_RVT)
 chain0               22  MASTER    IN   18936  u_ctrl/u_tx/bitpos_reg_1_ (SDFFARX1_RVT)
 chain0               23  MASTER    IN   18948  u_ctrl/u_tx/txd_reg (SDFFASX1_RVT)
 chain0               24  MASTER    IN   18935  u_ctrl/u_tx/bitpos_reg_0_ (SDFFARX1_RVT)
 chain0               25  MASTER    IN   19816  u_ctrl/u_aes/state_reg_70_ (SDFFARX1_RVT)
 chain0               26  MASTER    IN   19919  u_ctrl/u_aes/state_reg_67_ (SDFFARX1_RVT)
 chain0               27  MASTER    IN   19804  u_ctrl/u_aes/state_reg_71_ (SDFFARX2_RVT)
 chain0               28  MASTER    IN   19646  u_ctrl/u_aes/state_reg_64_ (SDFFARX1_RVT)
 chain0               29  MASTER    IN   19922  u_ctrl/u_aes/state_reg_65_ (SDFFARX1_RVT)
 chain0               30  MASTER    IN   19883  u_ctrl/u_aes/state_reg_68_ (SDFFARX2_RVT)
 chain0               31  MASTER    IN   19620  u_ctrl/u_aes/rkeys_reg_50_ (SDFFARX1_RVT)
 chain0               32  MASTER    IN   19912  u_ctrl/u_aes/state_reg_42_ (SDFFARX2_RVT)
 chain0               33  MASTER    IN   19933  u_ctrl/u_aes/state_reg_34_ (SDFFARX2_RVT)
 chain0               34  MASTER    IN   19627  u_ctrl/u_aes/rkeys_reg_40_ (SDFFARX1_RVT)
 chain0               35  MASTER    IN   19622  u_ctrl/u_aes/rkeys_reg_48_ (SDFFARX1_RVT)
 chain0               36  MASTER    IN   19623  u_ctrl/u_aes/rkeys_reg_47_ (SDFFARX1_RVT)
 chain0               37  MASTER    IN   19629  u_ctrl/u_aes/rkeys_reg_32_ (SDFFARX1_RVT)
 chain0               38  MASTER    IN   19779  u_ctrl/u_aes/state_reg_33_ (SDFFARX2_RVT)
 chain0               39  MASTER    IN   19895  u_ctrl/u_aes/state_reg_32_ (SDFFARX2_RVT)
 chain0               40  MASTER    IN   19878  u_ctrl/u_aes/state_reg_36_ (SDFFARX2_RVT)
 chain0               41  MASTER    IN   19721  u_ctrl/u_aes/state_reg_39_ (SDFFARX2_RVT)
 chain0               42  MASTER    IN   19800  u_ctrl/u_aes/state_reg_35_ (SDFFARX1_RVT)
 chain0               43  MASTER    IN   19881  u_ctrl/u_aes/state_reg_38_ (SDFFARX2_RVT)
 chain0               44  MASTER    IN   19619  u_ctrl/u_aes/rkeys_reg_56_ (SDFFARX1_RVT)
 chain0               45  MASTER    IN   19753  u_ctrl/u_aes/ct_out_reg_85_ (SDFFARX2_RVT)
 chain0               46  MASTER    IN   19892  u_ctrl/u_aes/ct_out_reg_104_ (SDFFARX2_RVT)
 chain0               47  MASTER    IN   19671  u_ctrl/u_aes/ct_out_reg_84_ (SDFFARX1_RVT)
 chain0               48  MASTER    IN   19661  u_ctrl/u_aes/ct_out_reg_107_ (SDFFARX1_RVT)
 chain0               49  MASTER    IN   19666  u_ctrl/u_aes/ct_out_reg_98_ (SDFFARX1_RVT)
 chain0               50  MASTER    IN   19694  u_ctrl/u_aes/ct_out_reg_40_ (SDFFARX1_RVT)
 chain0               51  MASTER    IN   19667  u_ctrl/u_aes/ct_out_reg_97_ (SDFFARX1_RVT)
 chain0               52  MASTER    IN   20054  u_ctrl/ct_hold_fast_reg_119_ (SDFFARX1_RVT)
 chain0               53  MASTER    IN   20370  u_ctrl/ct_hold_fast_reg_77_ (SDFFARX2_RVT)
 chain0               54  MASTER    IN   20094  u_ctrl/ct_hold_fast_reg_79_ (SDFFARX1_RVT)
 chain0               55  MASTER    IN   20044  u_ctrl/ct_hold_fast_reg_2_ (SDFFARX1_RVT)
 chain0               56  MASTER    IN   20099  u_ctrl/ct_hold_fast_reg_71_ (SDFFARX1_RVT)
 chain0               57  MASTER    IN   20100  u_ctrl/ct_hold_fast_reg_70_ (SDFFARX1_RVT)
 chain0               58  MASTER    IN   20014  u_ctrl/start_uart_cmd_reg (SDFFARX1_RVT)
 chain0               59  MASTER    IN   20041  u_ctrl/ct_hold_fast_reg_5_ (SDFFARX1_RVT)
 chain0               60  MASTER    IN   20042  u_ctrl/ct_hold_fast_reg_4_ (SDFFARX1_RVT)
 chain0               61  MASTER    IN   20271  u_ctrl/ct_hold_div2_reg_70_ (SDFFARX1_RVT)
 chain0               62  MASTER    IN   20212  u_ctrl/ct_hold_div2_reg_2_ (SDFFARX1_RVT)
 chain0               63  MASTER    IN   20209  u_ctrl/ct_hold_div2_reg_5_ (SDFFARX1_RVT)
 chain0               64  MASTER    IN   20213  u_ctrl/ct_hold_div2_reg_0_ (SDFFARX1_RVT)
 chain0               65  MASTER    IN   20210  u_ctrl/ct_hold_div2_reg_4_ (SDFFARX1_RVT)
 chain0               66  MASTER    IN   20272  u_ctrl/ct_hold_div2_reg_69_ (SDFFARX1_RVT)
 chain0               67  MASTER    IN   20217  u_ctrl/ct_hold_div2_reg_124_ (SDFFARX1_RVT)
 chain0               68  MASTER    IN   20222  u_ctrl/ct_hold_div2_reg_119_ (SDFFARX1_RVT)
 chain0               69  MASTER    IN   20047  u_ctrl/ct_hold_fast_reg_126_ (SDFFARX1_RVT)
 chain0               70  MASTER    IN   20097  u_ctrl/ct_hold_fast_reg_73_ (SDFFARX1_RVT)
 chain0               71  MASTER    IN   20183  u_ctrl/ct_ok_reg (SDFFARX1_RVT)
 chain0               72  MASTER    IN   20098  u_ctrl/ct_hold_fast_reg_72_ (SDFFARX1_RVT)
 chain0               73  MASTER    IN   20049  u_ctrl/ct_hold_fast_reg_124_ (SDFFARX1_RVT)
 chain0               74  MASTER    IN   20048  u_ctrl/ct_hold_fast_reg_125_ (SDFFARX1_RVT)
 chain0               75  MASTER    IN   20057  u_ctrl/ct_hold_fast_reg_116_ (SDFFARX1_RVT)
 chain0               76  MASTER    IN   20056  u_ctrl/ct_hold_fast_reg_117_ (SDFFARX1_RVT)
 chain0               77  MASTER    IN   20060  u_ctrl/ct_hold_fast_reg_113_ (SDFFARX1_RVT)
 chain0               78  MASTER    IN   20055  u_ctrl/ct_hold_fast_reg_118_ (SDFFARX1_RVT)
 chain0               79  MASTER    IN   20052  u_ctrl/ct_hold_fast_reg_121_ (SDFFARX1_RVT)
 chain0               80  MASTER    IN   20374  u_ctrl/ct_hold_fast_reg_76_ (SDFFARX2_RVT)
 chain0               81  MASTER    IN   20051  u_ctrl/ct_hold_fast_reg_122_ (SDFFARX1_RVT)
 chain0               82  MASTER    IN   20095  u_ctrl/ct_hold_fast_reg_78_ (SDFFARX1_RVT)
 chain0               83  MASTER    IN   20053  u_ctrl/ct_hold_fast_reg_120_ (SDFFARX1_RVT)
 chain0               84  MASTER    IN   20046  u_ctrl/ct_hold_fast_reg_127_ (SDFFARX1_RVT)
 chain0               85  MASTER    IN   20225  u_ctrl/ct_hold_div2_reg_116_ (SDFFARX1_RVT)
 chain0               86  MASTER    IN   20224  u_ctrl/ct_hold_div2_reg_117_ (SDFFARX1_RVT)
 chain0               87  MASTER    IN   20214  u_ctrl/ct_hold_div2_reg_127_ (SDFFARX1_RVT)
 chain0               88  MASTER    IN   20215  u_ctrl/ct_hold_div2_reg_126_ (SDFFARX1_RVT)
 chain0               89  MASTER    IN   20216  u_ctrl/ct_hold_div2_reg_125_ (SDFFARX1_RVT)
 chain0               90  MASTER    IN   20219  u_ctrl/ct_hold_div2_reg_122_ (SDFFARX1_RVT)
 chain0               91  MASTER    IN   20223  u_ctrl/ct_hold_div2_reg_118_ (SDFFARX1_RVT)
 chain0               92  MASTER    IN   20229  u_ctrl/ct_hold_div2_reg_112_ (SDFFARX1_RVT)
 chain0               93  MASTER    IN   20221  u_ctrl/ct_hold_div2_reg_120_ (SDFFARX1_RVT)
 chain0               94  MASTER    IN   20050  u_ctrl/ct_hold_fast_reg_123_ (SDFFARX1_RVT)
 chain0               95  MASTER    IN   20061  u_ctrl/ct_hold_fast_reg_112_ (SDFFARX1_RVT)
 chain0               96  MASTER    IN   20063  u_ctrl/ct_hold_fast_reg_110_ (SDFFARX1_RVT)
 chain0               97  MASTER    IN   20140  u_ctrl/ct_hold_fast_reg_30_ (SDFFARX1_RVT)
 chain0               98  MASTER    IN   20218  u_ctrl/ct_hold_div2_reg_123_ (SDFFARX1_RVT)
 chain0               99  MASTER    IN   20228  u_ctrl/ct_hold_div2_reg_113_ (SDFFARX1_RVT)
 chain0              100  MASTER    IN   20226  u_ctrl/ct_hold_div2_reg_115_ (SDFFARX1_RVT)
 chain0              101  MASTER    IN   20220  u_ctrl/ct_hold_div2_reg_121_ (SDFFARX1_RVT)
 chain0              102  MASTER    IN   20231  u_ctrl/ct_hold_div2_reg_110_ (SDFFARX1_RVT)
 chain0              103  MASTER    IN   20074  u_ctrl/ct_hold_fast_reg_99_ (SDFFARX1_RVT)
 chain0              104  MASTER    IN   20227  u_ctrl/ct_hold_div2_reg_114_ (SDFFARX1_RVT)
 chain0              105  MASTER    IN   20307  u_ctrl/ct_hold_div2_reg_30_ (SDFFARX1_RVT)
 chain0              106  MASTER    IN   20304  u_ctrl/ct_hold_div2_reg_33_ (SDFFARX1_RVT)
 chain0              107  MASTER    IN   20242  u_ctrl/ct_hold_div2_reg_99_ (SDFFARX1_RVT)
 chain0              108  MASTER    IN   20306  u_ctrl/ct_hold_div2_reg_31_ (SDFFARX1_RVT)
 chain0              109  MASTER    IN   20232  u_ctrl/ct_hold_div2_reg_109_ (SDFFARX1_RVT)
 chain0              110  MASTER    IN   20247  u_ctrl/ct_hold_div2_reg_94_ (SDFFARX1_RVT)
 chain0              111  MASTER    IN   20260  u_ctrl/ct_hold_div2_reg_81_ (SDFFARX1_RVT)
 chain0              112  MASTER    IN   20256  u_ctrl/ct_hold_div2_reg_85_ (SDFFARX1_RVT)
 chain0              113  MASTER    IN   20305  u_ctrl/ct_hold_div2_reg_32_ (SDFFARX1_RVT)
 chain0              114  MASTER    IN   20299  u_ctrl/ct_hold_div2_reg_39_ (SDFFARX1_RVT)
 chain0              115  MASTER    IN   20308  u_ctrl/ct_hold_div2_reg_29_ (SDFFARX1_RVT)
 chain0              116  MASTER    IN   20239  u_ctrl/ct_hold_div2_reg_102_ (SDFFARX1_RVT)
 chain0              117  MASTER    IN   20138  u_ctrl/ct_hold_fast_reg_32_ (SDFFARX1_RVT)
 chain0              118  MASTER    IN   20071  u_ctrl/ct_hold_fast_reg_102_ (SDFFARX1_RVT)
 chain0              119  MASTER    IN   20096  u_ctrl/ct_hold_fast_reg_74_ (SDFFARX1_RVT)
 chain0              120  MASTER    IN   20091  u_ctrl/ct_hold_fast_reg_82_ (SDFFARX1_RVT)
 chain0              121  MASTER    IN   20137  u_ctrl/ct_hold_fast_reg_33_ (SDFFARX1_RVT)
 chain0              122  MASTER    IN   20093  u_ctrl/ct_hold_fast_reg_80_ (SDFFARX1_RVT)
 chain0              123  MASTER    IN   20058  u_ctrl/ct_hold_fast_reg_115_ (SDFFARX1_RVT)
 chain0              124  MASTER    IN   20092  u_ctrl/ct_hold_fast_reg_81_ (SDFFARX1_RVT)
 chain0              125  MASTER    IN   20064  u_ctrl/ct_hold_fast_reg_109_ (SDFFARX1_RVT)
 chain0              126  MASTER    IN   20062  u_ctrl/ct_hold_fast_reg_111_ (SDFFARX1_RVT)
 chain0              127  MASTER    IN   20059  u_ctrl/ct_hold_fast_reg_114_ (SDFFARX1_RVT)
 chain0              128  MASTER    IN   19699  u_ctrl/u_aes/ct_out_reg_32_ (SDFFARX1_RVT)
 chain0              129  MASTER    IN   19698  u_ctrl/u_aes/ct_out_reg_33_ (SDFFARX1_RVT)
 chain0              130  MASTER    IN   19695  u_ctrl/u_aes/ct_out_reg_39_ (SDFFARX1_RVT)
 chain0              131  MASTER    IN   19839  u_ctrl/u_aes/ct_out_reg_34_ (SDFFARX2_RVT)
 chain0              132  MASTER    IN   19898  u_ctrl/u_aes/ct_out_reg_55_ (SDFFARX2_RVT)
 chain0              133  MASTER    IN   19870  u_ctrl/u_aes/ct_out_reg_83_ (SDFFARX2_RVT)
 chain0              134  MASTER    IN   19617  u_ctrl/u_aes/rkeys_reg_60_ (SDFFARX1_RVT)
 chain0              135  MASTER    IN   19618  u_ctrl/u_aes/rkeys_reg_57_ (SDFFARX1_RVT)
 chain0              136  MASTER    IN   19628  u_ctrl/u_aes/rkeys_reg_39_ (SDFFARX1_RVT)
 chain0              137  MASTER    IN   19614  u_ctrl/u_aes/rkeys_reg_63_ (SDFFARX1_RVT)
 chain0              138  MASTER    IN   19624  u_ctrl/u_aes/rkeys_reg_45_ (SDFFARX1_RVT)
 chain0              139  MASTER    IN   19811  u_ctrl/u_aes/state_reg_37_ (SDFFARX2_RVT)
 chain0              140  MASTER    IN   19615  u_ctrl/u_aes/rkeys_reg_62_ (SDFFARX1_RVT)
 chain0              141  MASTER    IN   19802  u_ctrl/u_aes/state_reg_62_ (SDFFARX2_RVT)
 chain0              142  MASTER    IN   19645  u_ctrl/u_aes/state_reg_59_ (SDFFARX1_RVT)
 chain0              143  MASTER    IN   19710  u_ctrl/u_aes/state_reg_63_ (SDFFARX2_RVT)
 chain0              144  MASTER    IN   19616  u_ctrl/u_aes/rkeys_reg_61_ (SDFFARX1_RVT)
 chain0              145  MASTER    IN   19712  u_ctrl/u_aes/state_reg_60_ (SDFFARX2_RVT)
 chain0              146  MASTER    IN   19847  u_ctrl/u_aes/state_reg_57_ (SDFFARX2_RVT)
 chain0              147  MASTER    IN   19852  u_ctrl/u_aes/state_reg_56_ (SDFFARX1_RVT)
 chain0              148  MASTER    IN   19772  u_ctrl/u_aes/ct_out_reg_51_ (SDFFARX2_RVT)
 chain0              149  MASTER    IN   19677  u_ctrl/u_aes/ct_out_reg_65_ (SDFFARX1_RVT)
 chain0              150  MASTER    IN   19693  u_ctrl/u_aes/ct_out_reg_41_ (SDFFARX1_RVT)
 chain0              151  MASTER    IN   19676  u_ctrl/u_aes/ct_out_reg_68_ (SDFFARX1_RVT)
 chain0              152  MASTER    IN   19679  u_ctrl/u_aes/ct_out_reg_63_ (SDFFARX1_RVT)
 chain0              153  MASTER    IN   20085  u_ctrl/ct_hold_fast_reg_88_ (SDFFARX1_RVT)
 chain0              154  MASTER    IN   20089  u_ctrl/ct_hold_fast_reg_84_ (SDFFARX1_RVT)
 chain0              155  MASTER    IN   20081  u_ctrl/ct_hold_fast_reg_92_ (SDFFARX1_RVT)
 chain0              156  MASTER    IN   20065  u_ctrl/ct_hold_fast_reg_108_ (SDFFARX1_RVT)
 chain0              157  MASTER    IN   20102  u_ctrl/ct_hold_fast_reg_68_ (SDFFARX1_RVT)
 chain0              158  MASTER    IN   20079  u_ctrl/ct_hold_fast_reg_94_ (SDFFARX1_RVT)
 chain0              159  MASTER    IN   20080  u_ctrl/ct_hold_fast_reg_93_ (SDFFARX1_RVT)
 chain0              160  MASTER    IN   20131  u_ctrl/ct_hold_fast_reg_39_ (SDFFARX1_RVT)
 chain0              161  MASTER    IN   20139  u_ctrl/ct_hold_fast_reg_31_ (SDFFARX1_RVT)
 chain0              162  MASTER    IN   20078  u_ctrl/ct_hold_fast_reg_95_ (SDFFARX1_RVT)
 chain0              163  MASTER    IN   20136  u_ctrl/ct_hold_fast_reg_34_ (SDFFARX1_RVT)
 chain0              164  MASTER    IN   20134  u_ctrl/ct_hold_fast_reg_36_ (SDFFARX1_RVT)
 chain0              165  MASTER    IN   20130  u_ctrl/ct_hold_fast_reg_40_ (SDFFARX1_RVT)
 chain0              166  MASTER    IN   20141  u_ctrl/ct_hold_fast_reg_29_ (SDFFARX1_RVT)
 chain0              167  MASTER    IN   20302  u_ctrl/ct_hold_div2_reg_35_ (SDFFARX1_RVT)
 chain0              168  MASTER    IN   20303  u_ctrl/ct_hold_div2_reg_34_ (SDFFARX1_RVT)
 chain0              169  MASTER    IN   20301  u_ctrl/ct_hold_div2_reg_36_ (SDFFARX1_RVT)
 chain0              170  MASTER    IN   20278  u_ctrl/ct_hold_div2_reg_63_ (SDFFARX1_RVT)
 chain0              171  MASTER    IN   20241  u_ctrl/ct_hold_div2_reg_100_ (SDFFARX1_RVT)
 chain0              172  MASTER    IN   20248  u_ctrl/ct_hold_div2_reg_93_ (SDFFARX1_RVT)
 chain0              173  MASTER    IN   20258  u_ctrl/ct_hold_div2_reg_83_ (SDFFARX1_RVT)
 chain0              174  MASTER    IN   20233  u_ctrl/ct_hold_div2_reg_108_ (SDFFARX1_RVT)
 chain0              175  MASTER    IN   20246  u_ctrl/ct_hold_div2_reg_95_ (SDFFARX1_RVT)
 chain0              176  MASTER    IN   20257  u_ctrl/ct_hold_div2_reg_84_ (SDFFARX1_RVT)
 chain0              177  MASTER    IN   20234  u_ctrl/ct_hold_div2_reg_107_ (SDFFARX1_RVT)
 chain0              178  MASTER    IN   20254  u_ctrl/ct_hold_div2_reg_87_ (SDFFARX1_RVT)
 chain0              179  MASTER    IN   20235  u_ctrl/ct_hold_div2_reg_106_ (SDFFARX1_RVT)
 chain0              180  MASTER    IN   20250  u_ctrl/ct_hold_div2_reg_91_ (SDFFARX1_RVT)
 chain0              181  MASTER    IN   20255  u_ctrl/ct_hold_div2_reg_86_ (SDFFARX1_RVT)
 chain0              182  MASTER    IN   20243  u_ctrl/ct_hold_div2_reg_98_ (SDFFARX1_RVT)
 chain0              183  MASTER    IN   20240  u_ctrl/ct_hold_div2_reg_101_ (SDFFARX1_RVT)
 chain0              184  MASTER    IN   20276  u_ctrl/ct_hold_div2_reg_65_ (SDFFARX1_RVT)
 chain0              185  MASTER    IN   20296  u_ctrl/ct_hold_div2_reg_42_ (SDFFARX1_RVT)
 chain0              186  MASTER    IN   20298  u_ctrl/ct_hold_div2_reg_40_ (SDFFARX1_RVT)
 chain0              187  MASTER    IN   20073  u_ctrl/ct_hold_fast_reg_100_ (SDFFARX1_RVT)
 chain0              188  MASTER    IN   20083  u_ctrl/ct_hold_fast_reg_90_ (SDFFARX1_RVT)
 chain0              189  MASTER    IN   20084  u_ctrl/ct_hold_fast_reg_89_ (SDFFARX1_RVT)
 chain0              190  MASTER    IN   20070  u_ctrl/ct_hold_fast_reg_103_ (SDFFARX1_RVT)
 chain0              191  MASTER    IN   20069  u_ctrl/ct_hold_fast_reg_104_ (SDFFARX1_RVT)
 chain0              192  MASTER    IN   20135  u_ctrl/ct_hold_fast_reg_35_ (SDFFARX1_RVT)
 chain0              193  MASTER    IN   20088  u_ctrl/ct_hold_fast_reg_85_ (SDFFARX1_RVT)
 chain0              194  MASTER    IN   20082  u_ctrl/ct_hold_fast_reg_91_ (SDFFARX1_RVT)
 chain0              195  MASTER    IN   20090  u_ctrl/ct_hold_fast_reg_83_ (SDFFARX1_RVT)
 chain0              196  MASTER    IN   20067  u_ctrl/ct_hold_fast_reg_106_ (SDFFARX1_RVT)
 chain0              197  MASTER    IN   20087  u_ctrl/ct_hold_fast_reg_86_ (SDFFARX1_RVT)
 chain0              198  MASTER    IN   20072  u_ctrl/ct_hold_fast_reg_101_ (SDFFARX1_RVT)
 chain0              199  MASTER    IN   20133  u_ctrl/ct_hold_fast_reg_37_ (SDFFARX1_RVT)
 chain0              200  MASTER    IN   20086  u_ctrl/ct_hold_fast_reg_87_ (SDFFARX1_RVT)
 chain0              201  MASTER    IN   20342  u_ctrl/aes_done_ff1_reg (SDFFARX1_RVT)
 chain0              202  MASTER    IN   20128  u_ctrl/ct_hold_fast_reg_42_ (SDFFARX1_RVT)
 chain0              203  MASTER    IN   20066  u_ctrl/ct_hold_fast_reg_107_ (SDFFARX1_RVT)
 chain0              204  MASTER    IN   20107  u_ctrl/ct_hold_fast_reg_63_ (SDFFARX1_RVT)
 chain0              205  MASTER    IN   19692  u_ctrl/u_aes/ct_out_reg_42_ (SDFFARX1_RVT)
 chain0              206  MASTER    IN   19697  u_ctrl/u_aes/ct_out_reg_35_ (SDFFARX1_RVT)
 chain0              207  MASTER    IN   19906  u_ctrl/u_aes/ct_out_reg_36_ (SDFFARX2_RVT)
 chain0              208  MASTER    IN   19873  u_ctrl/u_aes/ct_out_reg_43_ (SDFFARX2_RVT)
 chain0              209  MASTER    IN   19691  u_ctrl/u_aes/ct_out_reg_44_ (SDFFARX1_RVT)
 chain0              210  MASTER    IN   19880  u_ctrl/u_aes/ct_out_reg_54_ (SDFFARX2_RVT)
 chain0              211  MASTER    IN   19689  u_ctrl/u_aes/ct_out_reg_47_ (SDFFARX1_RVT)
 chain0              212  MASTER    IN   19902  u_ctrl/u_aes/ct_out_reg_46_ (SDFFARX2_RVT)
 chain0              213  MASTER    IN   19871  u_ctrl/u_aes/ct_out_reg_38_ (SDFFARX2_RVT)
 chain0              214  MASTER    IN   19901  u_ctrl/u_aes/ct_out_reg_53_ (SDFFARX2_RVT)
 chain0              215  MASTER    IN   19690  u_ctrl/u_aes/ct_out_reg_45_ (SDFFARX1_RVT)
 chain0              216  MASTER    IN   19682  u_ctrl/u_aes/ct_out_reg_60_ (SDFFARX1_RVT)
 chain0              217  MASTER    IN   19696  u_ctrl/u_aes/ct_out_reg_37_ (SDFFARX1_RVT)
 chain0              218  MASTER    IN   19709  u_ctrl/u_aes/done_reg (SDFFARX1_RVT)
 chain0              219  MASTER    IN   20123  u_ctrl/ct_hold_fast_reg_47_ (SDFFARX1_RVT)
 chain0              220  MASTER    IN   20105  u_ctrl/ct_hold_fast_reg_65_ (SDFFARX1_RVT)
 chain0              221  MASTER    IN   20110  u_ctrl/ct_hold_fast_reg_60_ (SDFFARX1_RVT)
 chain0              222  MASTER    IN   20115  u_ctrl/ct_hold_fast_reg_55_ (SDFFARX1_RVT)
 chain0              223  MASTER    IN   20077  u_ctrl/ct_hold_fast_reg_96_ (SDFFARX1_RVT)
 chain0              224  MASTER    IN   20075  u_ctrl/ct_hold_fast_reg_98_ (SDFFARX1_RVT)
 chain0              225  MASTER    IN   20129  u_ctrl/ct_hold_fast_reg_41_ (SDFFARX1_RVT)
 chain0              226  MASTER    IN   20076  u_ctrl/ct_hold_fast_reg_97_ (SDFFARX1_RVT)
 chain0              227  MASTER    IN   20297  u_ctrl/ct_hold_div2_reg_41_ (SDFFARX1_RVT)
 chain0              228  MASTER    IN   20300  u_ctrl/ct_hold_div2_reg_37_ (SDFFARX1_RVT)
 chain0              229  MASTER    IN   20292  u_ctrl/ct_hold_div2_reg_47_ (SDFFARX1_RVT)
 chain0              230  MASTER    IN   20279  u_ctrl/ct_hold_div2_reg_62_ (SDFFARX1_RVT)
 chain0              231  MASTER    IN   20244  u_ctrl/ct_hold_div2_reg_97_ (SDFFARX1_RVT)
 chain0              232  MASTER    IN   20373  u_ctrl/ct_hold_div2_reg_50_ (SDFFARX2_RVT)
 chain0              233  MASTER    IN   20285  u_ctrl/ct_hold_div2_reg_56_ (SDFFARX1_RVT)
 chain0              234  MASTER    IN   20252  u_ctrl/ct_hold_div2_reg_89_ (SDFFARX1_RVT)
 chain0              235  MASTER    IN   20251  u_ctrl/ct_hold_div2_reg_90_ (SDFFARX1_RVT)
 chain0              236  MASTER    IN   20238  u_ctrl/ct_hold_div2_reg_103_ (SDFFARX1_RVT)
 chain0              237  MASTER    IN   20245  u_ctrl/ct_hold_div2_reg_96_ (SDFFARX1_RVT)
 chain0              238  MASTER    IN   20281  u_ctrl/ct_hold_div2_reg_60_ (SDFFARX1_RVT)
 chain0              239  MASTER    IN   20236  u_ctrl/ct_hold_div2_reg_105_ (SDFFARX1_RVT)
 chain0              240  MASTER    IN   20277  u_ctrl/ct_hold_div2_reg_64_ (SDFFARX1_RVT)
 chain0              241  MASTER    IN   20289  u_ctrl/ct_hold_div2_reg_51_ (SDFFARX1_RVT)
 chain0              242  MASTER    IN   20290  u_ctrl/ct_hold_div2_reg_49_ (SDFFARX1_RVT)
 chain0              243  MASTER    IN   20371  u_ctrl/ct_hold_div2_reg_38_ (SDFFARX2_RVT)
 chain0              244  MASTER    IN   20294  u_ctrl/ct_hold_div2_reg_44_ (SDFFARX1_RVT)
 chain0              245  MASTER    IN   20293  u_ctrl/ct_hold_div2_reg_45_ (SDFFARX1_RVT)
 chain0              246  MASTER    IN   20295  u_ctrl/ct_hold_div2_reg_43_ (SDFFARX1_RVT)
 chain0              247  MASTER    IN   20119  u_ctrl/ct_hold_fast_reg_51_ (SDFFARX1_RVT)
 chain0              248  MASTER    IN   20068  u_ctrl/ct_hold_fast_reg_105_ (SDFFARX1_RVT)
 chain0              249  MASTER    IN   20132  u_ctrl/ct_hold_fast_reg_38_ (SDFFARX1_RVT)
 chain0              250  MASTER    IN   20117  u_ctrl/ct_hold_fast_reg_53_ (SDFFARX1_RVT)
 chain0              251  MASTER    IN   20127  u_ctrl/ct_hold_fast_reg_43_ (SDFFARX1_RVT)
 chain0              252  MASTER    IN   20126  u_ctrl/ct_hold_fast_reg_44_ (SDFFARX1_RVT)
 chain0              253  MASTER    IN   20116  u_ctrl/ct_hold_fast_reg_54_ (SDFFARX1_RVT)
 chain0              254  MASTER    IN   20125  u_ctrl/ct_hold_fast_reg_45_ (SDFFARX1_RVT)
 chain0              255  MASTER    IN   19687  u_ctrl/u_aes/ct_out_reg_49_ (SDFFARX1_RVT)
 chain0              256  MASTER    IN   19686  u_ctrl/u_aes/ct_out_reg_50_ (SDFFARX1_RVT)
 chain0              257  MASTER    IN   19678  u_ctrl/u_aes/ct_out_reg_64_ (SDFFARX1_RVT)
 chain0              258  MASTER    IN   19886  u_ctrl/u_aes/ct_out_reg_52_ (SDFFARX2_RVT)
 chain0              259  MASTER    IN   19905  u_ctrl/u_aes/ct_out_reg_59_ (SDFFARX2_RVT)
 chain0              260  MASTER    IN   19681  u_ctrl/u_aes/ct_out_reg_61_ (SDFFARX1_RVT)
 chain0              261  MASTER    IN   19683  u_ctrl/u_aes/ct_out_reg_58_ (SDFFARX1_RVT)
 chain0              262  MASTER    IN   19688  u_ctrl/u_aes/ct_out_reg_48_ (SDFFARX1_RVT)
 chain0              263  MASTER    IN   19685  u_ctrl/u_aes/ct_out_reg_56_ (SDFFARX1_RVT)
 chain0              264  MASTER    IN   19680  u_ctrl/u_aes/ct_out_reg_62_ (SDFFARX1_RVT)
 chain0              265  MASTER    IN   20108  u_ctrl/ct_hold_fast_reg_62_ (SDFFARX1_RVT)
 chain0              266  MASTER    IN   20124  u_ctrl/ct_hold_fast_reg_46_ (SDFFARX1_RVT)
 chain0              267  MASTER    IN   20122  u_ctrl/ct_hold_fast_reg_48_ (SDFFARX1_RVT)
 chain0              268  MASTER    IN   20120  u_ctrl/ct_hold_fast_reg_50_ (SDFFARX1_RVT)
 chain0              269  MASTER    IN   20121  u_ctrl/ct_hold_fast_reg_49_ (SDFFARX1_RVT)
 chain0              270  MASTER    IN   20106  u_ctrl/ct_hold_fast_reg_64_ (SDFFARX1_RVT)
 chain0              271  MASTER    IN   20365  u_ctrl/ct_hold_div2_reg_46_ (SDFFARX2_RVT)
 chain0              272  MASTER    IN   20288  u_ctrl/ct_hold_div2_reg_53_ (SDFFARX1_RVT)
 chain0              273  MASTER    IN   20287  u_ctrl/ct_hold_div2_reg_54_ (SDFFARX1_RVT)
 chain0              274  MASTER    IN   20280  u_ctrl/ct_hold_div2_reg_61_ (SDFFARX1_RVT)
 chain0              275  MASTER    IN   20282  u_ctrl/ct_hold_div2_reg_59_ (SDFFARX1_RVT)
 chain0              276  MASTER    IN   20377  u_ctrl/ct_hold_div2_reg_52_ (SDFFARX2_RVT)
 chain0              277  MASTER    IN   20012  u_ctrl/u_send_cdc/pulse_dst_reg (SDFFARX2_RVT)
 chain0              278  MASTER    IN   20286  u_ctrl/ct_hold_div2_reg_55_ (SDFFARX1_RVT)
 chain0              279  MASTER    IN   20368  u_ctrl/tx_cnt_div4_reg_0_ (SDFFARX2_RVT)
 chain0              280  MASTER    IN   20181  u_ctrl/tx_done_div4_reg (SDFFARX1_RVT)
 chain0              281  MASTER    IN   20180  u_ctrl/tx_active_div4_reg (SDFFARX1_RVT)
 chain0              282  MASTER    IN   20283  u_ctrl/ct_hold_div2_reg_58_ (SDFFARX1_RVT)
 chain0              283  MASTER    IN   20284  u_ctrl/ct_hold_div2_reg_57_ (SDFFARX1_RVT)
 chain0              284  MASTER    IN   20291  u_ctrl/ct_hold_div2_reg_48_ (SDFFARX1_RVT)
 chain0              285  MASTER    IN   20322  u_ctrl/tx_buf_data_reg_2_ (SDFFARX1_RVT)
 chain0              286  MASTER    IN   20314  u_ctrl/tx_buf_data_reg_6_ (SDFFARX1_RVT)
 chain0              287  MASTER    IN   20328  u_ctrl/tx_data_reg_4_ (SDFFARX1_RVT)
 chain0              288  MASTER    IN   20118  u_ctrl/ct_hold_fast_reg_52_ (SDFFARX1_RVT)
 chain0              289  MASTER    IN   20327  u_ctrl/tx_data_reg_5_ (SDFFARX1_RVT)
 chain0              290  MASTER    IN   20109  u_ctrl/ct_hold_fast_reg_61_ (SDFFARX1_RVT)
 chain0              291  MASTER    IN   20112  u_ctrl/ct_hold_fast_reg_58_ (SDFFARX1_RVT)
 chain0              292  MASTER    IN   20113  u_ctrl/ct_hold_fast_reg_57_ (SDFFARX1_RVT)
 chain0              293  MASTER    IN   20114  u_ctrl/ct_hold_fast_reg_56_ (SDFFARX1_RVT)
 chain0              294  MASTER    IN   20111  u_ctrl/ct_hold_fast_reg_59_ (SDFFARX1_RVT)
 chain0              295  MASTER    IN   18941  u_ctrl/u_tx/shifter_reg_6_ (SDFFASX1_RVT)
 chain0              296  MASTER    IN   18944  u_ctrl/u_tx/shifter_reg_3_ (SDFFASX1_RVT)
 chain0              297  MASTER    IN   19684  u_ctrl/u_aes/ct_out_reg_57_ (SDFFARX1_RVT)
 chain0              298  MASTER    IN   18946  u_ctrl/u_tx/shifter_reg_1_ (SDFFASX1_RVT)
 chain0              299  MASTER    IN   18939  u_ctrl/u_tx/shifter_reg_8_ (SDFFASX1_RVT)
 chain0              300  MASTER    IN   18945  u_ctrl/u_tx/shifter_reg_2_ (SDFFASX1_RVT)
 chain0              301  MASTER    IN   18940  u_ctrl/u_tx/shifter_reg_7_ (SDFFASX1_RVT)
 chain0              302  MASTER    IN   18943  u_ctrl/u_tx/shifter_reg_4_ (SDFFASX1_RVT)
 chain0              303  MASTER    IN   18942  u_ctrl/u_tx/shifter_reg_5_ (SDFFASX1_RVT)
 chain0              304  MASTER    IN   20325  u_ctrl/tx_data_reg_0_ (SDFFARX1_RVT)
 chain0              305  MASTER    IN   20310  u_ctrl/tx_data_reg_7_ (SDFFARX1_RVT)
 chain0              306  MASTER    IN   20326  u_ctrl/tx_data_reg_6_ (SDFFARX1_RVT)
 chain0              307  MASTER    IN   20330  u_ctrl/tx_data_reg_2_ (SDFFARX1_RVT)
 chain0              308  MASTER    IN   20331  u_ctrl/tx_data_reg_1_ (SDFFARX1_RVT)
 chain0              309  MASTER    IN   20343  u_ctrl/tx_start_reg (SDFFARX2_RVT)
 chain0              310  MASTER    IN   20329  u_ctrl/tx_data_reg_3_ (SDFFARX1_RVT)
 chain0              311  MASTER    IN   20172  u_ctrl/tx_buf_valid_reg (SDFFARX1_RVT)
 chain0              312  MASTER    IN   20320  u_ctrl/tx_buf_data_reg_3_ (SDFFARX1_RVT)
 chain0              313  MASTER    IN   20316  u_ctrl/tx_buf_data_reg_5_ (SDFFARX1_RVT)
 chain0              314  MASTER    IN   20324  u_ctrl/tx_buf_data_reg_1_ (SDFFARX1_RVT)
 chain0              315  MASTER    IN   20318  u_ctrl/tx_buf_data_reg_4_ (SDFFARX1_RVT)
 chain0              316  MASTER    IN   20312  u_ctrl/tx_buf_data_reg_0_ (SDFFARX1_RVT)
 chain0              317  MASTER    IN   20309  u_ctrl/tx_buf_data_reg_7_ (SDFFARX1_RVT)
 chain0              318  MASTER    IN   20171  u_ctrl/tx_busy_d_reg (SDFFARX1_RVT)
 chain0              319  MASTER    IN   20332  u_ctrl/tx_all_started_div4_reg (SDFFARX1_RVT)
 chain0              320  MASTER    IN   20333  u_ctrl/tx_cnt_div4_reg_2_ (SDFFARX1_RVT)
 chain0              321  MASTER    IN   20336  u_ctrl/tx_cnt_div4_reg_4_ (SDFFARX1_RVT)
 chain0              322  MASTER    IN   20335  u_ctrl/tx_cnt_div4_reg_3_ (SDFFARX1_RVT)
 chain0              323  MASTER    IN   20334  u_ctrl/tx_cnt_div4_reg_1_ (SDFFARX1_RVT)
 chain0              324  MASTER    IN   20007  u_ctrl/u_send_cdc/ack_tog_dst_reg (SDFFARX1_RVT)
 chain0              325  MASTER    IN   20009  u_ctrl/u_send_cdc/req_tog_src_reg (SDFFARX1_RVT)
 chain0              326  MASTER    IN   20237  u_ctrl/ct_hold_div2_reg_104_ (SDFFARX1_RVT)
 chain0              327  MASTER    IN   20253  u_ctrl/ct_hold_div2_reg_88_ (SDFFARX1_RVT)
 chain0              328  MASTER    IN   20249  u_ctrl/ct_hold_div2_reg_92_ (SDFFARX1_RVT)
 chain0              329  MASTER    IN   20267  u_ctrl/ct_hold_div2_reg_74_ (SDFFARX1_RVT)
 chain0              330  MASTER    IN   20265  u_ctrl/ct_hold_div2_reg_76_ (SDFFARX1_RVT)
 chain0              331  MASTER    IN   20263  u_ctrl/ct_hold_div2_reg_78_ (SDFFARX1_RVT)
 chain0              332  MASTER    IN   20269  u_ctrl/ct_hold_div2_reg_72_ (SDFFARX1_RVT)
 chain0              333  MASTER    IN   20013  u_ctrl/done_reg (SDFFARX1_RVT)
 chain0              334  MASTER    IN   20185  u_ctrl/pass_reg (SDFFARX1_RVT)
 chain0              335  MASTER    IN   20362  u_ctrl/tx_idx_div2_reg_2_ (SDFFARX2_RVT)
 chain0              336  MASTER    IN   20016  u_ctrl/start_seen_reg (SDFFARX1_RVT)
 chain0              337  MASTER    IN   20346  u_ctrl/tx_idx_div2_reg_0_ (SDFFARX2_RVT)
 chain0              338  MASTER    IN   20347  u_ctrl/byte_idx_reg_0_ (SDFFARX2_RVT)
 chain0              339  MASTER    IN   20348  u_ctrl/byte_idx_reg_1_ (SDFFARX2_RVT)
 chain0              340  MASTER    IN   20193  u_ctrl/ct_hold_div2_reg_23_ (SDFFARX1_RVT)
 chain0              341  MASTER    IN   20188  u_ctrl/ct_hold_div2_reg_28_ (SDFFARX1_RVT)
 chain0              342  MASTER    IN   20187  u_ctrl/ct_hold_div2_reg_1_ (SDFFARX1_RVT)
 chain0              343  MASTER    IN   20168  u_ctrl/mem_wdata_reg_7_ (SDFFARX1_RVT)
 chain0              344  MASTER    IN   20160  u_ctrl/mem_we_reg (SDFFARX1_RVT)
 chain0              345  MASTER    IN   20161  u_ctrl/mem_wdata_reg_0_ (SDFFARX1_RVT)
 chain0              346  MASTER    IN   20145  u_ctrl/sst_reg_0_ (SDFFARX1_RVT)
 chain0              347  MASTER    IN   20372  u_ctrl/ct_hold_div2_reg_20_ (SDFFARX2_RVT)
 chain0              348  MASTER    IN   20030  u_ctrl/ct_hold_fast_reg_16_ (SDFFARX1_RVT)
 chain0              349  MASTER    IN   20022  u_ctrl/ct_hold_fast_reg_24_ (SDFFARX1_RVT)
 chain0              350  MASTER    IN   20027  u_ctrl/ct_hold_fast_reg_19_ (SDFFARX1_RVT)
 chain0              351  MASTER    IN   20352  u_ctrl/tx_byte_ff2_reg_4_ (DFFARX2_RVT)
 chain0              352  MASTER    IN   20176  u_ctrl/tx_byte_ff1_reg_4_ (SDFFARX1_RVT)
 chain0              353  MASTER    IN   20361  u_ctrl/tx_byte_ff2_reg_1_ (DFFARX2_RVT)
 chain0              354  MASTER    IN   20354  u_ctrl/tx_byte_ff1_reg_1_ (SDFFARX2_RVT)
 chain0              355  MASTER    IN   20359  u_ctrl/tx_byte_ff2_reg_2_ (DFFARX2_RVT)
 chain0              356  MASTER    IN   20353  u_ctrl/tx_byte_ff1_reg_2_ (SDFFARX2_RVT)
 chain0              357  MASTER    IN   20349  u_ctrl/tx_byte_ff2_reg_0_ (DFFARX2_RVT)
 chain0              358  MASTER    IN   20173  u_ctrl/tx_byte_ff1_reg_0_ (SDFFARX1_RVT)
 chain0              359  MASTER    IN   19939  u_ctrl/u_ct_cdc/req_ff2_reg (DFFARX1_RVT)
 chain0              360  MASTER    IN   19934  u_ctrl/u_ct_cdc/req_ff1_reg (SDFFARX1_RVT)
 chain0              361  MASTER    NI   19938  u_ctrl/u_ct_cdc/ack_ff2_reg (DFFARX1_RVT)
 chain0              362  MASTER    NI   19936  u_ctrl/u_ct_cdc/ack_ff1_reg (SDFFARX1_RVT)
 chain0              363  MASTER    NI   20339  u_ctrl/fail_ff2_reg (DFFARX1_RVT)
 chain0              364  MASTER    NI   20158  u_ctrl/fail_ff1_reg (SDFFARX1_RVT)
 chain0              365  MASTER    NI   20338  u_ctrl/crc_ff2_reg (DFFARX1_RVT)
 chain0              366  MASTER    NI   20155  u_ctrl/crc_ff1_reg (SDFFARX1_RVT)
 chain0              367  MASTER    NI   20364  u_ctrl/tx_byte_ff2_reg_6_ (DFFARX2_RVT)
 chain0              368  MASTER    NI   20376  u_ctrl/tx_byte_ff1_reg_6_ (SDFFARX2_RVT)
 chain0              369  MASTER    NI   20358  u_ctrl/tx_byte_ff2_reg_7_ (DFFARX2_RVT)
 chain0              370  MASTER    NI   20170  u_ctrl/tx_byte_ff1_reg_7_ (SDFFARX1_RVT)
 chain0              371  MASTER    NI   20337  u_ctrl/su_ff2_reg (DFFARX1_RVT)
 chain0              372  MASTER    NI   20015  u_ctrl/su_ff1_reg (SDFFARX1_RVT)
 chain0              373  MASTER    NI   20011  u_ctrl/u_send_cdc/req_ff2_reg (DFFARX1_RVT)
 chain0              374  MASTER    NI   20006  u_ctrl/u_send_cdc/req_ff1_reg (SDFFARX1_RVT)
 chain0              375  MASTER    NI   20010  u_ctrl/u_send_cdc/ack_ff2_reg (DFFARX1_RVT)
 chain0              376  MASTER    NI   20008  u_ctrl/u_send_cdc/ack_ff1_reg (SDFFARX1_RVT)
 chain0              377  MASTER    NI   20341  u_ctrl/txdone_ff2_reg (DFFARX1_RVT)
 chain0              378  MASTER    NI   20182  u_ctrl/txdone_ff1_reg (SDFFARX1_RVT)
 chain0              379  MASTER    NI   20340  u_ctrl/tx_byte_ff2_reg_3_ (DFFARX1_RVT)
 chain0              380  MASTER    NI   20351  u_ctrl/tx_byte_ff1_reg_3_ (SDFFARX2_RVT)
 chain0              381  MASTER    NI   20350  u_ctrl/tx_byte_ff2_reg_5_ (DFFARX2_RVT)
 chain0              382  MASTER    NI   20175  u_ctrl/tx_byte_ff1_reg_5_ (SDFFARX1_RVT)
 2                     0  MASTER    NN   19140  u_ctrl/u_aes/rkeys_reg_1004_ (SDFFARX1_RVT)
 2                     1  MASTER    NN   19470  u_ctrl/u_aes/rkeys_reg_386_ (SDFFARX1_RVT)
 2                     2  MASTER    NN   19465  u_ctrl/u_aes/rkeys_reg_403_ (SDFFARX1_RVT)
 2                     3  MASTER    NN   19266  u_ctrl/u_aes/rkeys_reg_771_ (SDFFARX1_RVT)
 2                     4  MASTER    NN   18977  u_ctrl/u_aes/rkeys_reg_1283_ (SDFFARX1_RVT)
 2                     5  MASTER    NN   19208  u_ctrl/u_aes/rkeys_reg_876_ (SDFFARX1_RVT)
 2                     6  MASTER    NN   19344  u_ctrl/u_aes/rkeys_reg_635_ (SDFFARX1_RVT)
 2                     7  MASTER    NN   19071  u_ctrl/u_aes/rkeys_reg_1129_ (SDFFARX1_RVT)
 2                     8  MASTER    NN   19885  u_ctrl/u_aes/rkeys_reg_176_ (SDFFARX2_RVT)
 2                     9  MASTER    NN   19480  u_ctrl/u_aes/rkeys_reg_361_ (SDFFARX1_RVT)
 2                    10  MASTER    NN   19342  u_ctrl/u_aes/rkeys_reg_638_ (SDFFARX1_RVT)
 2                    11  MASTER    NN   19367  u_ctrl/u_aes/rkeys_reg_600_ (SDFFARX1_RVT)
 2                    12  MASTER    NN   19368  u_ctrl/u_aes/rkeys_reg_599_ (SDFFARX1_RVT)
 2                    13  MASTER    NN   18952  u_ctrl/u_aes/rkeys_reg_1385_ (SDFFARX1_RVT)
 2                    14  MASTER    NN   19247  u_ctrl/u_aes/rkeys_reg_803_ (SDFFARX1_RVT)
 2                    15  MASTER    NN   19891  u_ctrl/u_aes/rkeys_reg_1018_ (SDFFARX2_RVT)
 2                    16  MASTER    NN   19365  u_ctrl/u_aes/rkeys_reg_602_ (SDFFARX1_RVT)
 2                    17  MASTER    NN   19323  u_ctrl/u_aes/rkeys_reg_673_ (SDFFARX1_RVT)
 2                    18  MASTER    NN   19455  u_ctrl/u_aes/rkeys_reg_422_ (SDFFARX1_RVT)
 2                    19  MASTER    NN   19320  u_ctrl/u_aes/rkeys_reg_678_ (SDFFARX1_RVT)
 2                    20  MASTER    NN   19556  u_ctrl/u_aes/rkeys_reg_215_ (SDFFARX1_RVT)
 2                    21  MASTER    NN   19328  u_ctrl/u_aes/rkeys_reg_666_ (SDFFARX1_RVT)
 2                    22  MASTER    NN   19836  u_ctrl/u_aes/round_reg_2_ (SDFFARX2_RVT)
 2                    23  MASTER    NN   19834  u_ctrl/u_aes/round_reg_1_ (SDFFARX2_RVT)
 2                    24  MASTER    NN   19748  u_ctrl/u_aes/rkeys_reg_33_ (SDFFARX2_RVT)
 2                    25  MASTER    NN   19737  u_ctrl/u_aes/ct_out_reg_25_ (SDFFARX2_RVT)
 2                    26  MASTER    NN   19860  u_ctrl/u_aes/ct_out_reg_20_ (SDFFARX2_RVT)
 2                    27  MASTER    NN   19911  u_ctrl/u_aes/ct_out_reg_23_ (SDFFARX2_RVT)
 2                    28  MASTER    NN   19732  u_ctrl/u_aes/ct_out_reg_3_ (SDFFARX2_RVT)
 2                    29  MASTER    NN   19882  u_ctrl/u_aes/ct_out_reg_18_ (SDFFARX2_RVT)
 2                    30  MASTER    NN   19739  u_ctrl/u_aes/ct_out_reg_4_ (SDFFARX2_RVT)
 2                    31  MASTER    NN   19743  u_ctrl/u_aes/ct_out_reg_22_ (SDFFARX2_RVT)
 2                    32  MASTER    NN   19734  u_ctrl/u_aes/ct_out_reg_92_ (SDFFARX2_RVT)
 2                    33  MASTER    NN   19738  u_ctrl/u_aes/ct_out_reg_5_ (SDFFARX2_RVT)
 2                    34  MASTER    NN   19736  u_ctrl/u_aes/ct_out_reg_79_ (SDFFARX2_RVT)
 2                    35  MASTER    NN   19754  u_ctrl/u_aes/rkeys_reg_35_ (SDFFARX2_RVT)
 2                    36  MASTER    NN   19825  u_ctrl/u_aes/busy_reg (SDFFARX1_RVT)
 2                    37  MASTER    NN   19849  u_ctrl/u_aes/round_reg_0_ (SDFFARX2_RVT)
 2                    38  MASTER    NN   19643  u_ctrl/u_aes/round_reg_3_ (SDFFARX1_RVT)
 2                    39  MASTER    NN   19430  u_ctrl/u_aes/rkeys_reg_472_ (SDFFARX1_RVT)
 2                    40  MASTER    NN   19150  u_ctrl/u_aes/rkeys_reg_983_ (SDFFARX1_RVT)
 2                    41  MASTER    NN   19288  u_ctrl/u_aes/rkeys_reg_728_ (SDFFARX1_RVT)
 2                    42  MASTER    NN   19219  u_ctrl/u_aes/rkeys_reg_856_ (SDFFARX1_RVT)
 2                    43  MASTER    NN   19271  u_ctrl/u_aes/rkeys_reg_763_ (SDFFARX1_RVT)
 2                    44  MASTER    NN   19151  u_ctrl/u_aes/rkeys_reg_982_ (SDFFARX1_RVT)
 2                    45  MASTER    NN   19431  u_ctrl/u_aes/rkeys_reg_470_ (SDFFARX1_RVT)
 2                    46  MASTER    NN   19780  u_ctrl/u_aes/state_reg_0_ (SDFFARX2_RVT)
 2                    47  MASTER    NN   19641  u_ctrl/u_aes/rkeys_reg_2_ (SDFFARX1_RVT)
 2                    48  MASTER    NN   19640  u_ctrl/u_aes/rkeys_reg_6_ (SDFFARX1_RVT)
 2                    49  MASTER    NN   19210  u_ctrl/u_aes/rkeys_reg_873_ (SDFFARX1_RVT)
 2                    50  MASTER    NN   19181  u_ctrl/u_aes/rkeys_reg_918_ (SDFFARX1_RVT)
 2                    51  MASTER    NN   19592  u_ctrl/u_aes/rkeys_reg_129_ (SDFFARX1_RVT)
 2                    52  MASTER    NN   19632  u_ctrl/u_aes/rkeys_reg_26_ (SDFFARX1_RVT)
 2                    53  MASTER    NN   19639  u_ctrl/u_aes/rkeys_reg_12_ (SDFFARX1_RVT)
 2                    54  MASTER    NN   19599  u_ctrl/u_aes/rkeys_reg_100_ (SDFFARX1_RVT)
 2                    55  MASTER    NN   19638  u_ctrl/u_aes/rkeys_reg_13_ (SDFFARX1_RVT)
 2                    56  MASTER    NN   19597  u_ctrl/u_aes/rkeys_reg_102_ (SDFFARX1_RVT)
 2                    57  MASTER    NN   19782  u_ctrl/u_aes/state_reg_1_ (SDFFARX1_RVT)
 2                    58  MASTER    NN   19801  u_ctrl/u_aes/state_reg_3_ (SDFFARX1_RVT)
 2                    59  MASTER    NN   19925  u_ctrl/u_aes/state_reg_4_ (SDFFARX1_RVT)
 2                    60  MASTER    NN   19642  u_ctrl/u_aes/rkeys_reg_0_ (SDFFARX1_RVT)
 2                    61  MASTER    NN   19807  u_ctrl/u_aes/state_reg_13_ (SDFFARX2_RVT)
 2                    62  MASTER    NN   19631  u_ctrl/u_aes/rkeys_reg_27_ (SDFFARX1_RVT)
 2                    63  MASTER    NN   19876  u_ctrl/u_aes/rkeys_reg_64_ (SDFFARX2_RVT)
 2                    64  MASTER    NN   19287  u_ctrl/u_aes/rkeys_reg_731_ (SDFFARX1_RVT)
 2                    65  MASTER    NN   19255  u_ctrl/u_aes/rkeys_reg_792_ (SDFFARX1_RVT)
 2                    66  MASTER    NN   19146  u_ctrl/u_aes/rkeys_reg_991_ (SDFFARX1_RVT)
 2                    67  MASTER    NN   19203  u_ctrl/u_aes/rkeys_reg_881_ (SDFFARX1_RVT)
 2                    68  MASTER    NN   19537  u_ctrl/u_aes/rkeys_reg_257_ (SDFFARX1_RVT)
 2                    69  MASTER    NN   19196  u_ctrl/u_aes/rkeys_reg_889_ (SDFFARX1_RVT)
 2                    70  MASTER    NN   19473  u_ctrl/u_aes/rkeys_reg_377_ (SDFFARX1_RVT)
 2                    71  MASTER    NN   19216  u_ctrl/u_aes/rkeys_reg_863_ (SDFFARX1_RVT)
 2                    72  MASTER    NN   19136  u_ctrl/u_aes/rkeys_reg_1009_ (SDFFARX1_RVT)
 2                    73  MASTER    NN   19204  u_ctrl/u_aes/rkeys_reg_880_ (SDFFARX1_RVT)
 2                    74  MASTER    NN   19197  u_ctrl/u_aes/rkeys_reg_888_ (SDFFARX1_RVT)
 2                    75  MASTER    NN   19135  u_ctrl/u_aes/rkeys_reg_1010_ (SDFFARX1_RVT)
 2                    76  MASTER    NN   19760  u_ctrl/u_aes/state_reg_74_ (SDFFARX2_RVT)
 2                    77  MASTER    NN   19795  u_ctrl/u_aes/ct_out_reg_72_ (SDFFARX1_RVT)
 2                    78  MASTER    NN   19790  u_ctrl/u_aes/ct_out_reg_90_ (SDFFARX1_RVT)
 2                    79  MASTER    NN   19609  u_ctrl/u_aes/rkeys_reg_75_ (SDFFARX1_RVT)
 2                    80  MASTER    NN   19798  u_ctrl/u_aes/ct_out_reg_15_ (SDFFARX1_RVT)
 2                    81  MASTER    NN   19805  u_ctrl/u_aes/state_reg_10_ (SDFFARX2_RVT)
 2                    82  MASTER    NN   19746  u_ctrl/u_aes/state_reg_26_ (SDFFARX2_RVT)
 2                    83  MASTER    NN   19728  u_ctrl/u_aes/ct_out_reg_10_ (SDFFARX2_RVT)
 2                    84  MASTER    NN   19914  u_ctrl/u_aes/ct_out_reg_8_ (SDFFARX2_RVT)
 2                    85  MASTER    NN   19813  u_ctrl/u_aes/state_reg_66_ (SDFFARX2_RVT)
 2                    86  MASTER    NN   19793  u_ctrl/u_aes/ct_out_reg_91_ (SDFFARX1_RVT)
 2                    87  MASTER    NN   19612  u_ctrl/u_aes/rkeys_reg_66_ (SDFFARX1_RVT)
 2                    88  MASTER    NN   19865  u_ctrl/u_aes/rkeys_reg_106_ (SDFFARX2_RVT)
 2                    89  MASTER    NN   19814  u_ctrl/u_aes/state_reg_77_ (SDFFARX2_RVT)
 2                    90  MASTER    NN   19792  u_ctrl/u_aes/ct_out_reg_69_ (SDFFARX1_RVT)
 2                    91  MASTER    NN   19796  u_ctrl/u_aes/ct_out_reg_70_ (SDFFARX1_RVT)
 2                    92  MASTER    NN   19864  u_ctrl/u_aes/rkeys_reg_98_ (SDFFARX2_RVT)
 2                    93  MASTER    NN   19799  u_ctrl/u_aes/ct_out_reg_14_ (SDFFARX1_RVT)
 2                    94  MASTER    NN   19913  u_ctrl/u_aes/ct_out_reg_11_ (SDFFARX2_RVT)
 2                    95  MASTER    NN   19916  u_ctrl/u_aes/state_reg_17_ (SDFFARX1_RVT)
 2                    96  MASTER    NN   19910  u_ctrl/u_aes/state_reg_18_ (SDFFARX2_RVT)
 2                    97  MASTER    NN   19917  u_ctrl/u_aes/state_reg_19_ (SDFFARX1_RVT)
 2                    98  MASTER    NN   19773  u_ctrl/u_aes/state_reg_2_ (SDFFARX2_RVT)
 2                    99  MASTER    NN   19635  u_ctrl/u_aes/rkeys_reg_19_ (SDFFARX1_RVT)
 2                   100  MASTER    NN   19725  u_ctrl/u_aes/state_reg_21_ (SDFFARX2_RVT)
 2                   101  MASTER    NN   19843  u_ctrl/u_aes/ct_out_reg_9_ (SDFFARX2_RVT)
 2                   102  MASTER    NN   19634  u_ctrl/u_aes/rkeys_reg_21_ (SDFFARX1_RVT)
 2                   103  MASTER    NN   19637  u_ctrl/u_aes/rkeys_reg_16_ (SDFFARX1_RVT)
 2                   104  MASTER    NN   19636  u_ctrl/u_aes/rkeys_reg_17_ (SDFFARX1_RVT)
 2                   105  MASTER    NN   19803  u_ctrl/u_aes/state_reg_5_ (SDFFARX2_RVT)
 2                   106  MASTER    NN   19762  u_ctrl/u_aes/state_reg_6_ (SDFFARX2_RVT)
 2                   107  MASTER    NN   19718  u_ctrl/u_aes/state_reg_7_ (SDFFARX2_RVT)
 2                   108  MASTER    NN   19630  u_ctrl/u_aes/rkeys_reg_30_ (SDFFARX1_RVT)
 2                   109  MASTER    NN   19808  u_ctrl/u_aes/state_reg_29_ (SDFFARX2_RVT)
 2                   110  MASTER    NN   19633  u_ctrl/u_aes/rkeys_reg_24_ (SDFFARX1_RVT)
 2                   111  MASTER    NN   19769  u_ctrl/u_aes/state_reg_27_ (SDFFARX2_RVT)
 2                   112  MASTER    NN   19781  u_ctrl/u_aes/state_reg_28_ (SDFFARX2_RVT)
 2                   113  MASTER    NN   19872  u_ctrl/u_aes/state_reg_24_ (SDFFARX2_RVT)
 2                   114  MASTER    NN   19789  u_ctrl/u_aes/state_reg_25_ (SDFFARX1_RVT)
 2                   115  MASTER    NN   19426  u_ctrl/u_aes/rkeys_reg_479_ (SDFFARX1_RVT)
 2                   116  MASTER    NN   19777  u_ctrl/u_aes/state_reg_30_ (SDFFARX2_RVT)
 2                   117  MASTER    NN   19410  u_ctrl/u_aes/rkeys_reg_513_ (SDFFARX1_RVT)
 2                   118  MASTER    NN   19858  u_ctrl/u_aes/state_reg_31_ (SDFFARX2_RVT)
 2                   119  MASTER    NN   19129  u_ctrl/u_aes/rkeys_reg_1017_ (SDFFARX1_RVT)
 2                   120  MASTER    NN   19346  u_ctrl/u_aes/rkeys_reg_633_ (SDFFARX1_RVT)
 2                   121  MASTER    NN   19137  u_ctrl/u_aes/rkeys_reg_1008_ (SDFFARX1_RVT)
 2                   122  MASTER    NN   19544  u_ctrl/u_aes/rkeys_reg_240_ (SDFFARX1_RVT)
 2                   123  MASTER    NN   19853  u_ctrl/u_aes/state_reg_41_ (SDFFARX1_RVT)
 2                   124  MASTER    NN   19202  u_ctrl/u_aes/rkeys_reg_882_ (SDFFARX1_RVT)
 2                   125  MASTER    NN   19613  u_ctrl/u_aes/rkeys_reg_65_ (SDFFARX1_RVT)
 2                   126  MASTER    NN   19608  u_ctrl/u_aes/rkeys_reg_78_ (SDFFARX1_RVT)
 2                   127  MASTER    NN   19856  u_ctrl/u_aes/state_reg_95_ (SDFFARX2_RVT)
 2                   128  MASTER    NN   19759  u_ctrl/u_aes/state_reg_90_ (SDFFARX2_RVT)
 2                   129  MASTER    NN   19918  u_ctrl/u_aes/state_reg_94_ (SDFFARX1_RVT)
 2                   130  MASTER    NN   19649  u_ctrl/u_aes/state_reg_91_ (SDFFARX1_RVT)
 2                   131  MASTER    NN   19924  u_ctrl/u_aes/state_reg_89_ (SDFFARX1_RVT)
 2                   132  MASTER    NN   19897  u_ctrl/u_aes/state_reg_88_ (SDFFARX2_RVT)
 2                   133  MASTER    NN   19775  u_ctrl/u_aes/state_reg_92_ (SDFFARX2_RVT)
 2                   134  MASTER    NN   19846  u_ctrl/u_aes/state_reg_43_ (SDFFARX1_RVT)
 2                   135  MASTER    NN   19600  u_ctrl/u_aes/rkeys_reg_95_ (SDFFARX1_RVT)
 2                   136  MASTER    NN   19604  u_ctrl/u_aes/rkeys_reg_88_ (SDFFARX1_RVT)
 2                   137  MASTER    NN   19603  u_ctrl/u_aes/rkeys_reg_89_ (SDFFARX1_RVT)
 2                   138  MASTER    NN   19610  u_ctrl/u_aes/rkeys_reg_73_ (SDFFARX1_RVT)
 2                   139  MASTER    NN   19601  u_ctrl/u_aes/rkeys_reg_94_ (SDFFARX1_RVT)
 2                   140  MASTER    NN   19602  u_ctrl/u_aes/rkeys_reg_93_ (SDFFARX1_RVT)
 2                   141  MASTER    NN   19605  u_ctrl/u_aes/rkeys_reg_87_ (SDFFARX1_RVT)
 2                   142  MASTER    NN   19833  u_ctrl/u_aes/rkeys_reg_107_ (SDFFARX2_RVT)
 2                   143  MASTER    NN   19835  u_ctrl/u_aes/state_reg_79_ (SDFFARX2_RVT)
 2                   144  MASTER    NN   19877  u_ctrl/u_aes/rkeys_reg_96_ (SDFFARX2_RVT)
 2                   145  MASTER    NN   19713  u_ctrl/u_aes/state_reg_78_ (SDFFARX2_RVT)
 2                   146  MASTER    NN   19757  u_ctrl/u_aes/state_reg_75_ (SDFFARX2_RVT)
 2                   147  MASTER    NN   19850  u_ctrl/u_aes/state_reg_72_ (SDFFARX2_RVT)
 2                   148  MASTER    NN   19763  u_ctrl/u_aes/state_reg_73_ (SDFFARX2_RVT)
 2                   149  MASTER    NN   19899  u_ctrl/u_aes/rkeys_reg_104_ (SDFFARX2_RVT)
 2                   150  MASTER    NN   19758  u_ctrl/u_aes/state_reg_76_ (SDFFARX2_RVT)
 2                   151  MASTER    NN   19908  u_ctrl/u_aes/rkeys_reg_99_ (SDFFARX2_RVT)
 2                   152  MASTER    NN   19851  u_ctrl/u_aes/rkeys_reg_108_ (SDFFARX1_RVT)
 2                   153  MASTER    NN   19765  u_ctrl/u_aes/state_reg_93_ (SDFFARX2_RVT)
 2                   154  MASTER    NN   19827  u_ctrl/u_aes/state_reg_85_ (SDFFARX1_RVT)
 2                   155  MASTER    NN   19731  u_ctrl/u_aes/state_reg_82_ (SDFFARX2_RVT)
 2                   156  MASTER    NN   19794  u_ctrl/u_aes/ct_out_reg_76_ (SDFFARX1_RVT)
 2                   157  MASTER    NN   19791  u_ctrl/u_aes/ct_out_reg_74_ (SDFFARX1_RVT)
 2                   158  MASTER    NN   19797  u_ctrl/u_aes/ct_out_reg_71_ (SDFFARX1_RVT)
 2                   159  MASTER    NN   19611  u_ctrl/u_aes/rkeys_reg_68_ (SDFFARX1_RVT)
 2                   160  MASTER    NN   19607  u_ctrl/u_aes/rkeys_reg_82_ (SDFFARX1_RVT)
 2                   161  MASTER    NN   19606  u_ctrl/u_aes/rkeys_reg_84_ (SDFFARX1_RVT)
 2                   162  MASTER    NN   19806  u_ctrl/u_aes/state_reg_98_ (SDFFARX2_RVT)
 2                   163  MASTER    NN   19714  u_ctrl/u_aes/state_reg_97_ (SDFFARX2_RVT)
 2                   164  MASTER    NN   19927  u_ctrl/u_aes/state_reg_96_ (SDFFARX2_RVT)
 2                   165  MASTER    NN   19724  u_ctrl/u_aes/state_reg_69_ (SDFFARX2_RVT)
 2                   166  MASTER    NN   19715  u_ctrl/u_aes/state_reg_100_ (SDFFARX2_RVT)
 2                   167  MASTER    NN   19752  u_ctrl/u_aes/state_reg_99_ (SDFFARX2_RVT)
 2                   168  MASTER    NN   18896  u_ctrl/u_rx/data_shift_reg_1_ (SDFFARX1_RVT)
 2                   169  MASTER    NN   18892  u_ctrl/u_rx/data_shift_reg_3_ (SDFFARX1_RVT)
 2                   170  MASTER    NN   18893  u_ctrl/u_rx/rx_data_reg_3_ (SDFFARX1_RVT)
 2                   171  MASTER    NN   18897  u_ctrl/u_rx/rx_data_reg_1_ (SDFFARX1_RVT)
 2                   172  MASTER    NN   18894  u_ctrl/u_rx/data_shift_reg_2_ (SDFFARX1_RVT)
 2                   173  MASTER    NN   18898  u_ctrl/u_rx/data_shift_reg_0_ (SDFFARX1_RVT)
 2                   174  MASTER    NN   19720  u_ctrl/u_aes/state_reg_87_ (SDFFARX1_RVT)
 2                   175  MASTER    NN   19812  u_ctrl/u_aes/state_reg_86_ (SDFFARX1_RVT)
 2                   176  MASTER    NN   19730  u_ctrl/u_aes/state_reg_83_ (SDFFARX2_RVT)
 2                   177  MASTER    NN   19648  u_ctrl/u_aes/state_reg_81_ (SDFFARX1_RVT)
 2                   178  MASTER    NN   19647  u_ctrl/u_aes/state_reg_80_ (SDFFARX1_RVT)
 2                   179  MASTER    NN   19785  u_ctrl/u_aes/state_reg_103_ (SDFFARX2_RVT)
 2                   180  MASTER    NN   19837  u_ctrl/u_aes/state_reg_84_ (SDFFARX2_RVT)
 2                   181  MASTER    NN   19817  u_ctrl/u_aes/rkeys_reg_97_ (SDFFARX1_RVT)
 2                   182  MASTER    NN   19786  u_ctrl/u_aes/state_reg_102_ (SDFFARX1_RVT)
 2                   183  MASTER    NN   19815  u_ctrl/u_aes/state_reg_101_ (SDFFARX2_RVT)
 2                   184  MASTER    NN   19594  u_ctrl/u_aes/rkeys_reg_120_ (SDFFARX1_RVT)
 2                   185  MASTER    NN   19595  u_ctrl/u_aes/rkeys_reg_116_ (SDFFARX1_RVT)
 2                   186  MASTER    NN   19596  u_ctrl/u_aes/rkeys_reg_112_ (SDFFARX1_RVT)
 2                   187  MASTER    NN   19598  u_ctrl/u_aes/rkeys_reg_101_ (SDFFARX1_RVT)
 2                   188  MASTER    NN   18899  u_ctrl/u_rx/rx_data_reg_0_ (SDFFARX1_RVT)
 2                   189  MASTER    NN   19740  u_ctrl/u_aes/state_reg_125_ (SDFFARX2_RVT)
 2                   190  MASTER    NN   19742  u_ctrl/u_aes/ct_out_reg_117_ (SDFFARX2_RVT)
 2                   191  MASTER    NN   19723  u_ctrl/u_aes/rkeys_reg_124_ (SDFFARX1_RVT)
 2                   192  MASTER    NN   18883  u_ctrl/u_rx/rx_valid_reg (SDFFARX1_RVT)
 2                   193  MASTER    NN   18891  u_ctrl/u_rx/rx_data_reg_4_ (SDFFARX1_RVT)
 2                   194  MASTER    NN   18895  u_ctrl/u_rx/rx_data_reg_2_ (SDFFARX1_RVT)
 2                   195  MASTER    NN   18890  u_ctrl/u_rx/data_shift_reg_4_ (SDFFARX1_RVT)
 2                   196  MASTER    NN   18888  u_ctrl/u_rx/data_shift_reg_5_ (SDFFARX1_RVT)
 2                   197  MASTER    NN   18886  u_ctrl/u_rx/data_shift_reg_6_ (SDFFARX1_RVT)
 2                   198  MASTER    NN   18889  u_ctrl/u_rx/rx_data_reg_5_ (SDFFARX1_RVT)
 2                   199  MASTER    NN   19593  u_ctrl/u_aes/rkeys_reg_121_ (SDFFARX1_RVT)
 2                   200  MASTER    NN   19733  u_ctrl/u_aes/ct_out_reg_115_ (SDFFARX2_RVT)
 2                   201  MASTER    NN   19862  u_ctrl/u_aes/state_reg_124_ (SDFFARX2_RVT)
 2                   202  MASTER    NN   19735  u_ctrl/u_aes/ct_out_reg_86_ (SDFFARX2_RVT)
 2                   203  MASTER    NN   18887  u_ctrl/u_rx/rx_data_reg_6_ (SDFFARX1_RVT)
 2                   204  MASTER    NN   18885  u_ctrl/u_rx/rx_data_reg_7_ (SDFFARX1_RVT)
 2                   205  MASTER    NN   18884  u_ctrl/u_rx/data_shift_reg_7_ (SDFFARX1_RVT)
 2                   206  MASTER    NN   18903  u_ctrl/u_rx/divcnt_reg_27_ (SDFFARX2_RVT)
 2                   207  MASTER    NN   18876  u_ctrl/u_rx/divcnt_reg_28_ (SDFFARX1_RVT)
 2                   208  MASTER    NN   18858  u_ctrl/u_rx/divcnt_reg_8_ (SDFFARX1_RVT)
 2                   209  MASTER    NN   18857  u_ctrl/u_rx/divcnt_reg_7_ (SDFFARX1_RVT)
 2                   210  MASTER    NN   18850  u_ctrl/u_rx/divcnt_reg_0_ (SDFFARX1_RVT)
 2                   211  MASTER    NN   18852  u_ctrl/u_rx/divcnt_reg_1_ (SDFFARX1_RVT)
 2                   212  MASTER    NN   18868  u_ctrl/u_rx/divcnt_reg_18_ (SDFFARX1_RVT)
 2                   213  MASTER    NN   18853  u_ctrl/u_rx/divcnt_reg_2_ (SDFFARX1_RVT)
 2                   214  MASTER    NN   18867  u_ctrl/u_rx/divcnt_reg_17_ (SDFFARX1_RVT)
 2                   215  MASTER    NN   18854  u_ctrl/u_rx/divcnt_reg_3_ (SDFFARX1_RVT)
 2                   216  MASTER    NN   18855  u_ctrl/u_rx/divcnt_reg_5_ (SDFFARX1_RVT)
 2                   217  MASTER    NN   18860  u_ctrl/u_rx/divcnt_reg_10_ (SDFFARX1_RVT)
 2                   218  MASTER    NN   18863  u_ctrl/u_rx/divcnt_reg_13_ (SDFFARX1_RVT)
 2                   219  MASTER    NN   18861  u_ctrl/u_rx/divcnt_reg_11_ (SDFFARX1_RVT)
 2                   220  MASTER    NN   18862  u_ctrl/u_rx/divcnt_reg_12_ (SDFFARX1_RVT)
 2                   221  MASTER    NN   18908  u_ctrl/u_tx/divcnt_reg_3_ (SDFFARX1_RVT)
 2                   222  MASTER    NN   18933  u_ctrl/u_tx/divcnt_reg_29_ (SDFFARX1_RVT)
 2                   223  MASTER    NN   18928  u_ctrl/u_tx/divcnt_reg_24_ (SDFFARX1_RVT)
 2                   224  MASTER    NN   18918  u_ctrl/u_tx/divcnt_reg_13_ (SDFFARX1_RVT)
 2                   225  MASTER    NN   18932  u_ctrl/u_tx/divcnt_reg_28_ (SDFFARX1_RVT)
 2                   226  MASTER    NN   18931  u_ctrl/u_tx/divcnt_reg_27_ (SDFFARX1_RVT)
 2                   227  MASTER    NN   18934  u_ctrl/u_tx/divcnt_reg_30_ (SDFFARX1_RVT)
 2                   228  MASTER    NN   18904  u_ctrl/u_tx/divcnt_reg_31_ (SDFFARX1_RVT)
 2                   229  MASTER    NN   18909  u_ctrl/u_tx/divcnt_reg_4_ (SDFFARX1_RVT)
 2                   230  MASTER    NN   18910  u_ctrl/u_tx/divcnt_reg_5_ (SDFFARX1_RVT)
 2                   231  MASTER    NN   18911  u_ctrl/u_tx/divcnt_reg_6_ (SDFFARX1_RVT)
 2                   232  MASTER    NN   18912  u_ctrl/u_tx/divcnt_reg_7_ (SDFFARX1_RVT)
 2                   233  MASTER    NN   18913  u_ctrl/u_tx/divcnt_reg_8_ (SDFFARX1_RVT)
 2                   234  MASTER    NN   18873  u_ctrl/u_rx/divcnt_reg_24_ (SDFFARX1_RVT)
 2                   235  MASTER    NN   18916  u_ctrl/u_tx/divcnt_reg_11_ (SDFFARX1_RVT)
 2                   236  MASTER    NN   18902  u_ctrl/u_rx/divcnt_reg_23_ (SDFFARX2_RVT)
 2                   237  MASTER    NN   18917  u_ctrl/u_tx/divcnt_reg_12_ (SDFFARX1_RVT)
 2                   238  MASTER    NN   18866  u_ctrl/u_rx/divcnt_reg_16_ (SDFFARX1_RVT)
 2                   239  MASTER    NN   18865  u_ctrl/u_rx/divcnt_reg_15_ (SDFFARX1_RVT)
 2                   240  MASTER    NN   18856  u_ctrl/u_rx/divcnt_reg_6_ (SDFFARX1_RVT)
 2                   241  MASTER    NN   18859  u_ctrl/u_rx/divcnt_reg_9_ (SDFFARX1_RVT)
 2                   242  MASTER    NN   18874  u_ctrl/u_rx/divcnt_reg_25_ (SDFFARX1_RVT)
 2                   243  MASTER    NN   18875  u_ctrl/u_rx/divcnt_reg_26_ (SDFFARX1_RVT)
 2                   244  MASTER    NN   18879  u_ctrl/u_rx/divcnt_reg_31_ (SDFFARX1_RVT)
 2                   245  MASTER    NN   18878  u_ctrl/u_rx/divcnt_reg_30_ (SDFFARX1_RVT)
 2                   246  MASTER    NN   18877  u_ctrl/u_rx/divcnt_reg_29_ (SDFFARX1_RVT)
 2                   247  MASTER    NN   18900  u_ctrl/u_rx/busy_reg (SDFFARX2_RVT)
 2                   248  MASTER    NN   18882  u_ctrl/u_rx/bitpos_reg_3_ (SDFFARX1_RVT)
 2                   249  MASTER    NN   18881  u_ctrl/u_rx/bitpos_reg_1_ (SDFFARX1_RVT)
 2                   250  MASTER    NN   18851  u_ctrl/u_rx/bitpos_reg_2_ (SDFFARX1_RVT)
 2                   251  MASTER    NN   18880  u_ctrl/u_rx/bitpos_reg_0_ (SDFFARX1_RVT)
 2                   252  MASTER    NN   19741  u_ctrl/u_aes/ct_out_reg_126_ (SDFFARX2_RVT)
 2                   253  MASTER    NN   19848  u_ctrl/u_aes/state_reg_120_ (SDFFARX2_RVT)
 2                   254  MASTER    NN   19652  u_ctrl/u_aes/state_reg_121_ (SDFFARX1_RVT)
 2                   255  MASTER    NN   19869  u_ctrl/u_aes/state_reg_127_ (SDFFARX2_RVT)
 2                   256  MASTER    NN   19654  u_ctrl/u_aes/state_reg_126_ (SDFFARX1_RVT)
 2                   257  MASTER    NN   19653  u_ctrl/u_aes/state_reg_123_ (SDFFARX1_RVT)
 2                   258  MASTER    NN   19840  u_ctrl/u_aes/ct_out_reg_123_ (SDFFARX2_RVT)
 2                   259  MASTER    NN   19868  u_ctrl/u_aes/ct_out_reg_127_ (SDFFARX2_RVT)
 2                   260  MASTER    NN   19854  u_ctrl/u_aes/state_reg_108_ (SDFFARX1_RVT)
 2                   261  MASTER    NN   19650  u_ctrl/u_aes/state_reg_104_ (SDFFARX1_RVT)
 2                   262  MASTER    NN   19784  u_ctrl/u_aes/state_reg_105_ (SDFFARX1_RVT)
 2                   263  MASTER    NN   19722  u_ctrl/u_aes/state_reg_110_ (SDFFARX2_RVT)
 2                   264  MASTER    NN   19764  u_ctrl/u_aes/state_reg_111_ (SDFFARX2_RVT)
 2                   265  MASTER    NN   19761  u_ctrl/u_aes/state_reg_107_ (SDFFARX2_RVT)
 2                   266  MASTER    NN   19749  u_ctrl/u_aes/ct_out_reg_81_ (SDFFARX2_RVT)
 2                   267  MASTER    NN   19750  u_ctrl/u_aes/ct_out_reg_80_ (SDFFARX2_RVT)
 2                   268  MASTER    NN   19845  u_ctrl/u_aes/ct_out_reg_113_ (SDFFARX2_RVT)
 2                   269  MASTER    NN   19828  u_ctrl/u_aes/state_reg_20_ (SDFFARX1_RVT)
 2                   270  MASTER    NN   19900  u_ctrl/u_aes/state_reg_16_ (SDFFARX2_RVT)
 2                   271  MASTER    NN   19829  u_ctrl/u_aes/state_reg_23_ (SDFFARX1_RVT)
 2                   272  MASTER    NN   19830  u_ctrl/u_aes/state_reg_22_ (SDFFARX1_RVT)
 2                   273  MASTER    NN   19717  u_ctrl/u_aes/state_reg_113_ (SDFFARX2_RVT)
 2                   274  MASTER    NN   19651  u_ctrl/u_aes/state_reg_116_ (SDFFARX1_RVT)
 2                   275  MASTER    NN   19788  u_ctrl/u_aes/state_reg_115_ (SDFFARX2_RVT)
 2                   276  MASTER    NN   19863  u_ctrl/u_aes/state_reg_119_ (SDFFARX2_RVT)
 2                   277  MASTER    NN   19810  u_ctrl/u_aes/state_reg_112_ (SDFFARX2_RVT)
 2                   278  MASTER    NN   19711  u_ctrl/u_aes/state_reg_118_ (SDFFARX2_RVT)
 2                   279  MASTER    NN   19626  u_ctrl/u_aes/rkeys_reg_41_ (SDFFARX1_RVT)
 2                   280  MASTER    NN   19621  u_ctrl/u_aes/rkeys_reg_49_ (SDFFARX1_RVT)
 2                   281  MASTER    NN   19932  u_ctrl/u_aes/state_reg_54_ (SDFFARX2_RVT)
 2                   282  MASTER    NN   19926  u_ctrl/u_aes/state_reg_55_ (SDFFARX2_RVT)
 2                   283  MASTER    NN   19771  u_ctrl/u_aes/state_reg_51_ (SDFFARX2_RVT)
 2                   284  MASTER    NN   19719  u_ctrl/u_aes/state_reg_48_ (SDFFARX2_RVT)
 2                   285  MASTER    NN   19931  u_ctrl/u_aes/state_reg_52_ (SDFFARX2_RVT)
 2                   286  MASTER    NN   19770  u_ctrl/u_aes/state_reg_49_ (SDFFARX2_RVT)
 2                   287  MASTER    NN   19625  u_ctrl/u_aes/rkeys_reg_42_ (SDFFARX1_RVT)
 2                   288  MASTER    NN   19756  u_ctrl/u_aes/state_reg_58_ (SDFFARX2_RVT)
 2                   289  MASTER    NN   19809  u_ctrl/u_aes/state_reg_50_ (SDFFARX2_RVT)
 2                   290  MASTER    NN   19857  u_ctrl/u_aes/ct_out_reg_118_ (SDFFARX2_RVT)
 2                   291  MASTER    NN   19896  u_ctrl/u_aes/ct_out_reg_111_ (SDFFARX2_RVT)
 2                   292  MASTER    NN   19915  u_ctrl/u_aes/ct_out_reg_1_ (SDFFARX2_RVT)
 2                   293  MASTER    NN   19818  u_ctrl/u_aes/ct_out_reg_103_ (SDFFARX1_RVT)
 2                   294  MASTER    NN   19904  u_ctrl/u_aes/ct_out_reg_66_ (SDFFARX2_RVT)
 2                   295  MASTER    NN   19675  u_ctrl/u_aes/ct_out_reg_75_ (SDFFARX1_RVT)
 2                   296  MASTER    NN   19672  u_ctrl/u_aes/ct_out_reg_82_ (SDFFARX1_RVT)
 2                   297  MASTER    NN   19907  u_ctrl/u_aes/ct_out_reg_87_ (SDFFARX2_RVT)
 2                   298  MASTER    NN   19875  u_ctrl/u_aes/ct_out_reg_89_ (SDFFARX2_RVT)
 2                   299  MASTER    NN   19726  u_ctrl/u_aes/ct_out_reg_31_ (SDFFARX2_RVT)
 2                   300  MASTER    NN   19866  u_ctrl/u_aes/ct_out_reg_124_ (SDFFARX2_RVT)
 2                   301  MASTER    NN   19929  u_ctrl/u_aes/ct_out_reg_110_ (SDFFARX1_RVT)
 2                   302  MASTER    NN   19663  u_ctrl/u_aes/ct_out_reg_102_ (SDFFARX1_RVT)
 2                   303  MASTER    NN   19669  u_ctrl/u_aes/ct_out_reg_94_ (SDFFARX1_RVT)
 2                   304  MASTER    NN   19700  u_ctrl/u_aes/ct_out_reg_30_ (SDFFARX1_RVT)
 2                   305  MASTER    NN   19708  u_ctrl/u_aes/ct_out_reg_0_ (SDFFARX1_RVT)
 2                   306  MASTER    NN   19707  u_ctrl/u_aes/ct_out_reg_2_ (SDFFARX1_RVT)
 2                   307  MASTER    NN   19888  u_ctrl/u_aes/ct_out_reg_27_ (SDFFARX2_RVT)
 2                   308  MASTER    NN   19674  u_ctrl/u_aes/ct_out_reg_77_ (SDFFARX1_RVT)
 2                   309  MASTER    NN   19673  u_ctrl/u_aes/ct_out_reg_78_ (SDFFARX1_RVT)
 2                   310  MASTER    NN   19884  u_ctrl/u_aes/ct_out_reg_100_ (SDFFARX2_RVT)
 2                   311  MASTER    NN   19665  u_ctrl/u_aes/ct_out_reg_99_ (SDFFARX1_RVT)
 2                   312  MASTER    NN   19656  u_ctrl/u_aes/ct_out_reg_120_ (SDFFARX1_RVT)
 2                   313  MASTER    NN   19660  u_ctrl/u_aes/ct_out_reg_108_ (SDFFARX1_RVT)
 2                   314  MASTER    NN   19657  u_ctrl/u_aes/ct_out_reg_116_ (SDFFARX1_RVT)
 2                   315  MASTER    NN   19659  u_ctrl/u_aes/ct_out_reg_109_ (SDFFARX1_RVT)
 2                   316  MASTER    NN   19874  u_ctrl/u_aes/ct_out_reg_114_ (SDFFARX2_RVT)
 2                   317  MASTER    NN   19774  u_ctrl/u_aes/ct_out_reg_105_ (SDFFARX2_RVT)
 2                   318  MASTER    NN   19668  u_ctrl/u_aes/ct_out_reg_95_ (SDFFARX1_RVT)
 2                   319  MASTER    NN   19662  u_ctrl/u_aes/ct_out_reg_106_ (SDFFARX1_RVT)
 2                   320  MASTER    NN   19655  u_ctrl/u_aes/ct_out_reg_121_ (SDFFARX1_RVT)
 2                   321  MASTER    NN   19664  u_ctrl/u_aes/ct_out_reg_101_ (SDFFARX1_RVT)
 2                   322  MASTER    NN   19658  u_ctrl/u_aes/ct_out_reg_112_ (SDFFARX1_RVT)
 2                   323  MASTER    NN   19889  u_ctrl/u_aes/ct_out_reg_96_ (SDFFARX2_RVT)
 2                   324  MASTER    NN   19670  u_ctrl/u_aes/ct_out_reg_88_ (SDFFARX1_RVT)
 2                   325  MASTER    NN   20367  u_ctrl/ct_hold_fast_reg_75_ (SDFFARX2_RVT)
 2                   326  MASTER    NN   20101  u_ctrl/ct_hold_fast_reg_69_ (SDFFARX1_RVT)
 2                   327  MASTER    NN   20104  u_ctrl/ct_hold_fast_reg_66_ (SDFFARX1_RVT)
 2                   328  MASTER    NN   20045  u_ctrl/ct_hold_fast_reg_0_ (SDFFARX1_RVT)
 2                   329  MASTER    NN   19704  u_ctrl/u_aes/ct_out_reg_17_ (SDFFARX1_RVT)
 2                   330  MASTER    NN   20103  u_ctrl/ct_hold_fast_reg_67_ (SDFFARX1_RVT)
 2                   331  MASTER    NN   20043  u_ctrl/ct_hold_fast_reg_3_ (SDFFARX1_RVT)
 2                   332  MASTER    NN   20029  u_ctrl/ct_hold_fast_reg_17_ (SDFFARX1_RVT)
 2                   333  MASTER    NN   20038  u_ctrl/ct_hold_fast_reg_8_ (SDFFARX1_RVT)
 2                   334  MASTER    NN   20021  u_ctrl/ct_hold_fast_reg_25_ (SDFFARX1_RVT)
 2                   335  MASTER    NN   20211  u_ctrl/ct_hold_div2_reg_3_ (SDFFARX1_RVT)
 2                   336  MASTER    NN   20270  u_ctrl/ct_hold_div2_reg_71_ (SDFFARX1_RVT)
 2                   337  MASTER    NN   20275  u_ctrl/ct_hold_div2_reg_66_ (SDFFARX1_RVT)
 2                   338  MASTER    NN   20191  u_ctrl/ct_hold_div2_reg_25_ (SDFFARX1_RVT)
 2                   339  MASTER    NN   20198  u_ctrl/ct_hold_div2_reg_17_ (SDFFARX1_RVT)
 2                   340  MASTER    NN   20206  u_ctrl/ct_hold_div2_reg_8_ (SDFFARX1_RVT)
 2                   341  MASTER    NN   20360  u_ctrl/byte_idx_reg_3_ (SDFFARX2_RVT)
 2                   342  MASTER    NN   20375  u_ctrl/byte_idx_reg_2_ (SDFFARX2_RVT)
 2                   343  MASTER    NN   20363  u_ctrl/tx_idx_div2_reg_3_ (SDFFARX2_RVT)
 2                   344  MASTER    NN   20355  u_ctrl/tx_idx_div2_reg_1_ (SDFFARX1_RVT)
 2                   345  MASTER    NN   20174  u_ctrl/send_go_div2_reg (SDFFARX1_RVT)
 2                   346  MASTER    NN   20169  u_ctrl/tx_idx_div2_reg_4_ (SDFFARX1_RVT)
 2                   347  MASTER    NN   20199  u_ctrl/ct_hold_div2_reg_16_ (SDFFARX1_RVT)
 2                   348  MASTER    NN   20017  u_ctrl/ct_hold_fast_reg_1_ (SDFFARX1_RVT)
 2                   349  MASTER    NN   20159  u_ctrl/mem_cs_reg (SDFFARX1_RVT)
 2                   350  MASTER    NN   20156  u_ctrl/mem_oe_reg (SDFFARX1_RVT)
 2                   351  MASTER    NN   20143  u_ctrl/sst_reg_1_ (SDFFARX1_RVT)
 2                   352  MASTER    NN   20144  u_ctrl/sst_reg_2_ (SDFFARX1_RVT)
 2                   353  MASTER    NN   20186  u_ctrl/aes_clk_req_reg (SDFFARX1_RVT)
 2                   354  MASTER    NN   19940  u_ctrl/u_ct_cdc/pulse_dst_reg (SDFFARX2_RVT)
 2                   355  MASTER    NN   19935  u_ctrl/u_ct_cdc/ack_tog_dst_reg (SDFFARX1_RVT)
 2                   356  MASTER    NN   18849  u_div8/clk_out_reg (SDFFARX1_RVT)
 2                   357  MASTER    NN   20345  u_ctrl/crc_start_reg (SDFFARX2_RVT)
 2                   358  MASTER    NN   20311  u_ctrl/tx_byte_div2_reg_0_ (SDFFARX1_RVT)
 2                   359  MASTER    NN   19990  u_ctrl/u_crc/crc_out_reg_14_ (SDFFARX1_RVT)
 2                   360  MASTER    NN   19996  u_ctrl/u_crc/crc_out_reg_8_ (SDFFARX1_RVT)
 2                   361  MASTER    NN   19974  u_ctrl/u_crc/crc_out_reg_30_ (SDFFARX1_RVT)
 2                   362  MASTER    NN   19982  u_ctrl/u_crc/crc_out_reg_22_ (SDFFARX1_RVT)
 2                   363  MASTER    NN   19978  u_ctrl/u_crc/crc_out_reg_26_ (SDFFARX1_RVT)
 2                   364  MASTER    NN   19969  u_ctrl/u_crc/crc_reg_22_ (SDFFASX1_RVT)
 2                   365  MASTER    NN   19942  u_ctrl/u_crc/crc_reg_8_ (SDFFASX1_RVT)
 2                   366  MASTER    NN   19968  u_ctrl/u_crc/crc_reg_14_ (SDFFASX1_RVT)
 2                   367  MASTER    NN   19945  u_ctrl/u_crc/crc_reg_26_ (SDFFASX1_RVT)
 2                   368  MASTER    NN   19971  u_ctrl/u_crc/crc_reg_18_ (SDFFASX1_RVT)
 2                   369  MASTER    NN   19305  u_ctrl/u_aes/rkeys_reg_704_ (SDFFARX1_RVT)
 2                   370  MASTER    NN   19497  u_ctrl/u_aes/rkeys_reg_325_ (SDFFARX1_RVT)
 2                   371  MASTER    NN   19235  u_ctrl/u_aes/rkeys_reg_827_ (SDFFARX1_RVT)
 2                   372  MASTER    NN   19302  u_ctrl/u_aes/rkeys_reg_709_ (SDFFARX1_RVT)
 2                   373  MASTER    NN   19385  u_ctrl/u_aes/rkeys_reg_564_ (SDFFARX1_RVT)
 2                   374  MASTER    NN   19007  u_ctrl/u_aes/rkeys_reg_1234_ (SDFFARX1_RVT)
 2                   375  MASTER    NN   19440  u_ctrl/u_aes/rkeys_reg_457_ (SDFFARX1_RVT)
 2                   376  MASTER    NN   19012  u_ctrl/u_aes/rkeys_reg_1228_ (SDFFARX1_RVT)
 2                   377  MASTER    NN   19014  u_ctrl/u_aes/rkeys_reg_1223_ (SDFFARX1_RVT)
 2                   378  MASTER    NN   19496  u_ctrl/u_aes/rkeys_reg_327_ (SDFFARX1_RVT)
 2                   379  MASTER    NN   19373  u_ctrl/u_aes/rkeys_reg_588_ (SDFFARX1_RVT)
 2                   380  MASTER    NN   19018  u_ctrl/u_aes/rkeys_reg_1219_ (SDFFARX1_RVT)
 2                   381  MASTER    NN   19499  u_ctrl/u_aes/rkeys_reg_323_ (SDFFARX1_RVT)
 2                   382  MASTER    NN   19502  u_ctrl/u_aes/rkeys_reg_318_ (SDFFARX1_RVT)
 3                     0  MASTER    NN   19028  u_ctrl/u_aes/rkeys_reg_1201_ (SDFFARX1_RVT)
 3                     1  MASTER    NN   19386  u_ctrl/u_aes/rkeys_reg_562_ (SDFFARX1_RVT)
 3                     2  MASTER    NN   19240  u_ctrl/u_aes/rkeys_reg_818_ (SDFFARX1_RVT)
 3                     3  MASTER    NN   19241  u_ctrl/u_aes/rkeys_reg_813_ (SDFFARX1_RVT)
 3                     4  MASTER    NN   19388  u_ctrl/u_aes/rkeys_reg_557_ (SDFFARX1_RVT)
 3                     5  MASTER    NN   19295  u_ctrl/u_aes/rkeys_reg_719_ (SDFFARX1_RVT)
 3                     6  MASTER    NN   19104  u_ctrl/u_aes/rkeys_reg_1073_ (SDFFARX1_RVT)
 3                     7  MASTER    NN   19312  u_ctrl/u_aes/rkeys_reg_689_ (SDFFARX1_RVT)
 3                     8  MASTER    NN   19450  u_ctrl/u_aes/rkeys_reg_428_ (SDFFARX1_RVT)
 3                     9  MASTER    NN   19504  u_ctrl/u_aes/rkeys_reg_308_ (SDFFARX1_RVT)
 3                    10  MASTER    NN   19157  u_ctrl/u_aes/rkeys_reg_967_ (SDFFARX1_RVT)
 3                    11  MASTER    NN   19232  u_ctrl/u_aes/rkeys_reg_830_ (SDFFARX1_RVT)
 3                    12  MASTER    NN   19306  u_ctrl/u_aes/rkeys_reg_702_ (SDFFARX1_RVT)
 3                    13  MASTER    NN   19375  u_ctrl/u_aes/rkeys_reg_583_ (SDFFARX1_RVT)
 3                    14  MASTER    NN   19090  u_ctrl/u_aes/rkeys_reg_1095_ (SDFFARX1_RVT)
 3                    15  MASTER    NN   19311  u_ctrl/u_aes/rkeys_reg_692_ (SDFFARX1_RVT)
 3                    16  MASTER    NN   19442  u_ctrl/u_aes/rkeys_reg_451_ (SDFFARX1_RVT)
 3                    17  MASTER    NN   19444  u_ctrl/u_aes/rkeys_reg_446_ (SDFFARX1_RVT)
 3                    18  MASTER    NN   19164  u_ctrl/u_aes/rkeys_reg_958_ (SDFFARX1_RVT)
 3                    19  MASTER    NN   19233  u_ctrl/u_aes/rkeys_reg_829_ (SDFFARX1_RVT)
 3                    20  MASTER    NN   19165  u_ctrl/u_aes/rkeys_reg_957_ (SDFFARX1_RVT)
 3                    21  MASTER    NN   19570  u_ctrl/u_aes/rkeys_reg_177_ (SDFFARX1_RVT)
 3                    22  MASTER    NN   19447  u_ctrl/u_aes/rkeys_reg_433_ (SDFFARX1_RVT)
 3                    23  MASTER    NN   19153  u_ctrl/u_aes/rkeys_reg_975_ (SDFFARX1_RVT)
 3                    24  MASTER    NN   19243  u_ctrl/u_aes/rkeys_reg_809_ (SDFFARX1_RVT)
 3                    25  MASTER    NN   19459  u_ctrl/u_aes/rkeys_reg_414_ (SDFFARX1_RVT)
 3                    26  MASTER    NN   19110  u_ctrl/u_aes/rkeys_reg_1054_ (SDFFARX1_RVT)
 3                    27  MASTER    NN   19472  u_ctrl/u_aes/rkeys_reg_382_ (SDFFARX1_RVT)
 3                    28  MASTER    NN   19553  u_ctrl/u_aes/rkeys_reg_222_ (SDFFARX1_RVT)
 3                    29  MASTER    NN   19134  u_ctrl/u_aes/rkeys_reg_1011_ (SDFFARX1_RVT)
 3                    30  MASTER    NN   19418  u_ctrl/u_aes/rkeys_reg_499_ (SDFFARX1_RVT)
 3                    31  MASTER    NN   19275  u_ctrl/u_aes/rkeys_reg_755_ (SDFFARX1_RVT)
 3                    32  MASTER    NN   19138  u_ctrl/u_aes/rkeys_reg_1006_ (SDFFARX1_RVT)
 3                    33  MASTER    NN   19206  u_ctrl/u_aes/rkeys_reg_878_ (SDFFARX1_RVT)
 3                    34  MASTER    NN   19844  u_ctrl/u_aes/rkeys_reg_1290_ (SDFFARX2_RVT)
 3                    35  MASTER    NN   18975  u_ctrl/u_aes/rkeys_reg_1291_ (SDFFARX1_RVT)
 3                    36  MASTER    NN   19396  u_ctrl/u_aes/rkeys_reg_539_ (SDFFARX1_RVT)
 3                    37  MASTER    NN   19112  u_ctrl/u_aes/rkeys_reg_1051_ (SDFFARX1_RVT)
 3                    38  MASTER    NN   19184  u_ctrl/u_aes/rkeys_reg_912_ (SDFFARX1_RVT)
 3                    39  MASTER    NN   19349  u_ctrl/u_aes/rkeys_reg_627_ (SDFFARX1_RVT)
 3                    40  MASTER    NN   18974  u_ctrl/u_aes/rkeys_reg_1296_ (SDFFARX1_RVT)
 3                    41  MASTER    NN   19220  u_ctrl/u_aes/rkeys_reg_853_ (SDFFARX1_RVT)
 3                    42  MASTER    NN   19362  u_ctrl/u_aes/rkeys_reg_606_ (SDFFARX1_RVT)
 3                    43  MASTER    NN   19390  u_ctrl/u_aes/rkeys_reg_555_ (SDFFARX1_RVT)
 3                    44  MASTER    NN   19557  u_ctrl/u_aes/rkeys_reg_210_ (SDFFARX1_RVT)
 3                    45  MASTER    NN   19316  u_ctrl/u_aes/rkeys_reg_683_ (SDFFARX1_RVT)
 3                    46  MASTER    NN   19451  u_ctrl/u_aes/rkeys_reg_427_ (SDFFARX1_RVT)
 3                    47  MASTER    NN   19453  u_ctrl/u_aes/rkeys_reg_425_ (SDFFARX1_RVT)
 3                    48  MASTER    NN   19437  u_ctrl/u_aes/rkeys_reg_463_ (SDFFARX1_RVT)
 3                    49  MASTER    NN   19567  u_ctrl/u_aes/rkeys_reg_188_ (SDFFARX1_RVT)
 3                    50  MASTER    NN   19009  u_ctrl/u_aes/rkeys_reg_1232_ (SDFFARX1_RVT)
 3                    51  MASTER    NN   19380  u_ctrl/u_aes/rkeys_reg_573_ (SDFFARX1_RVT)
 3                    52  MASTER    NN   19160  u_ctrl/u_aes/rkeys_reg_963_ (SDFFARX1_RVT)
 3                    53  MASTER    NN   19225  u_ctrl/u_aes/rkeys_reg_844_ (SDFFARX1_RVT)
 3                    54  MASTER    NN   19560  u_ctrl/u_aes/rkeys_reg_204_ (SDFFARX1_RVT)
 3                    55  MASTER    NN   19013  u_ctrl/u_aes/rkeys_reg_1225_ (SDFFARX1_RVT)
 3                    56  MASTER    NN   19566  u_ctrl/u_aes/rkeys_reg_195_ (SDFFARX1_RVT)
 3                    57  MASTER    NN   19228  u_ctrl/u_aes/rkeys_reg_841_ (SDFFARX1_RVT)
 3                    58  MASTER    NN   19558  u_ctrl/u_aes/rkeys_reg_208_ (SDFFARX1_RVT)
 3                    59  MASTER    NN   19307  u_ctrl/u_aes/rkeys_reg_700_ (SDFFARX1_RVT)
 3                    60  MASTER    NN   19234  u_ctrl/u_aes/rkeys_reg_828_ (SDFFARX1_RVT)
 3                    61  MASTER    NN   18967  u_ctrl/u_aes/rkeys_reg_1321_ (SDFFARX1_RVT)
 3                    62  MASTER    NN   18966  u_ctrl/u_aes/rkeys_reg_1323_ (SDFFARX1_RVT)
 3                    63  MASTER    NN   19172  u_ctrl/u_aes/rkeys_reg_939_ (SDFFARX1_RVT)
 3                    64  MASTER    NN   19376  u_ctrl/u_aes/rkeys_reg_580_ (SDFFARX1_RVT)
 3                    65  MASTER    NN   19289  u_ctrl/u_aes/rkeys_reg_727_ (SDFFARX1_RVT)
 3                    66  MASTER    NN   19370  u_ctrl/u_aes/rkeys_reg_594_ (SDFFARX1_RVT)
 3                    67  MASTER    NN   19005  u_ctrl/u_aes/rkeys_reg_1237_ (SDFFARX1_RVT)
 3                    68  MASTER    NN   19369  u_ctrl/u_aes/rkeys_reg_597_ (SDFFARX1_RVT)
 3                    69  MASTER    NN   19180  u_ctrl/u_aes/rkeys_reg_922_ (SDFFARX1_RVT)
 3                    70  MASTER    NN   19276  u_ctrl/u_aes/rkeys_reg_753_ (SDFFARX1_RVT)
 3                    71  MASTER    NN   18989  u_ctrl/u_aes/rkeys_reg_1265_ (SDFFARX1_RVT)
 3                    72  MASTER    NN   18980  u_ctrl/u_aes/rkeys_reg_1280_ (SDFFARX1_RVT)
 3                    73  MASTER    NN   19193  u_ctrl/u_aes/rkeys_reg_896_ (SDFFARX1_RVT)
 3                    74  MASTER    NN   19072  u_ctrl/u_aes/rkeys_reg_1128_ (SDFFARX1_RVT)
 3                    75  MASTER    NN   18970  u_ctrl/u_aes/rkeys_reg_1307_ (SDFFARX1_RVT)
 3                    76  MASTER    NN   18973  u_ctrl/u_aes/rkeys_reg_1298_ (SDFFARX1_RVT)
 3                    77  MASTER    NN   19419  u_ctrl/u_aes/rkeys_reg_496_ (SDFFARX1_RVT)
 3                    78  MASTER    NN   18951  u_ctrl/u_aes/rkeys_reg_1392_ (SDFFARX1_RVT)
 3                    79  MASTER    NN   19040  u_ctrl/u_aes/rkeys_reg_1178_ (SDFFARX1_RVT)
 3                    80  MASTER    NN   19001  u_ctrl/u_aes/rkeys_reg_1246_ (SDFFARX1_RVT)
 3                    81  MASTER    NN   19317  u_ctrl/u_aes/rkeys_reg_682_ (SDFFARX1_RVT)
 3                    82  MASTER    NN   19299  u_ctrl/u_aes/rkeys_reg_712_ (SDFFARX1_RVT)
 3                    83  MASTER    NN   19004  u_ctrl/u_aes/rkeys_reg_1239_ (SDFFARX1_RVT)
 3                    84  MASTER    NN   19310  u_ctrl/u_aes/rkeys_reg_693_ (SDFFARX1_RVT)
 3                    85  MASTER    NN   19238  u_ctrl/u_aes/rkeys_reg_821_ (SDFFARX1_RVT)
 3                    86  MASTER    NN   19019  u_ctrl/u_aes/rkeys_reg_1217_ (SDFFARX1_RVT)
 3                    87  MASTER    NN   19491  u_ctrl/u_aes/rkeys_reg_338_ (SDFFARX1_RVT)
 3                    88  MASTER    NN   19436  u_ctrl/u_aes/rkeys_reg_464_ (SDFFARX1_RVT)
 3                    89  MASTER    NN   19292  u_ctrl/u_aes/rkeys_reg_722_ (SDFFARX1_RVT)
 3                    90  MASTER    NN   19222  u_ctrl/u_aes/rkeys_reg_850_ (SDFFARX1_RVT)
 3                    91  MASTER    NN   19562  u_ctrl/u_aes/rkeys_reg_201_ (SDFFARX1_RVT)
 3                    92  MASTER    NN   19026  u_ctrl/u_aes/rkeys_reg_1205_ (SDFFARX1_RVT)
 3                    93  MASTER    NN   19568  u_ctrl/u_aes/rkeys_reg_183_ (SDFFARX1_RVT)
 3                    94  MASTER    NN   19020  u_ctrl/u_aes/rkeys_reg_1215_ (SDFFARX1_RVT)
 3                    95  MASTER    NN   19434  u_ctrl/u_aes/rkeys_reg_466_ (SDFFARX1_RVT)
 3                    96  MASTER    NN   19102  u_ctrl/u_aes/rkeys_reg_1076_ (SDFFARX1_RVT)
 3                    97  MASTER    NN   19025  u_ctrl/u_aes/rkeys_reg_1207_ (SDFFARX1_RVT)
 3                    98  MASTER    NN   19366  u_ctrl/u_aes/rkeys_reg_601_ (SDFFARX1_RVT)
 3                    99  MASTER    NN   19569  u_ctrl/u_aes/rkeys_reg_180_ (SDFFARX1_RVT)
 3                   100  MASTER    NN   19230  u_ctrl/u_aes/rkeys_reg_832_ (SDFFARX1_RVT)
 3                   101  MASTER    NN   18963  u_ctrl/u_aes/rkeys_reg_1339_ (SDFFARX1_RVT)
 3                   102  MASTER    NN   19169  u_ctrl/u_aes/rkeys_reg_948_ (SDFFARX1_RVT)
 3                   103  MASTER    NN   19166  u_ctrl/u_aes/rkeys_reg_955_ (SDFFARX1_RVT)
 3                   104  MASTER    NN   19161  u_ctrl/u_aes/rkeys_reg_962_ (SDFFARX1_RVT)
 3                   105  MASTER    NN   19294  u_ctrl/u_aes/rkeys_reg_720_ (SDFFARX1_RVT)
 3                   106  MASTER    NN   19223  u_ctrl/u_aes/rkeys_reg_848_ (SDFFARX1_RVT)
 3                   107  MASTER    NN   19171  u_ctrl/u_aes/rkeys_reg_944_ (SDFFARX1_RVT)
 3                   108  MASTER    NN   19159  u_ctrl/u_aes/rkeys_reg_964_ (SDFFARX1_RVT)
 3                   109  MASTER    NN   19089  u_ctrl/u_aes/rkeys_reg_1096_ (SDFFARX1_RVT)
 3                   110  MASTER    NN   19173  u_ctrl/u_aes/rkeys_reg_938_ (SDFFARX1_RVT)
 3                   111  MASTER    NN   19371  u_ctrl/u_aes/rkeys_reg_593_ (SDFFARX1_RVT)
 3                   112  MASTER    NN   19452  u_ctrl/u_aes/rkeys_reg_426_ (SDFFARX1_RVT)
 3                   113  MASTER    NN   19147  u_ctrl/u_aes/rkeys_reg_990_ (SDFFARX1_RVT)
 3                   114  MASTER    NN   18999  u_ctrl/u_aes/rkeys_reg_1248_ (SDFFARX1_RVT)
 3                   115  MASTER    NN   19036  u_ctrl/u_aes/rkeys_reg_1184_ (SDFFARX1_RVT)
 3                   116  MASTER    NN   19115  u_ctrl/u_aes/rkeys_reg_1037_ (SDFFARX1_RVT)
 3                   117  MASTER    NN   19183  u_ctrl/u_aes/rkeys_reg_915_ (SDFFARX1_RVT)
 3                   118  MASTER    NN   19488  u_ctrl/u_aes/rkeys_reg_346_ (SDFFARX1_RVT)
 3                   119  MASTER    NN   19572  u_ctrl/u_aes/rkeys_reg_170_ (SDFFARX1_RVT)
 3                   120  MASTER    NN   19879  u_ctrl/u_aes/rkeys_reg_1313_ (SDFFARX2_RVT)
 3                   121  MASTER    NN   18972  u_ctrl/u_aes/rkeys_reg_1299_ (SDFFARX1_RVT)
 3                   122  MASTER    NN   19360  u_ctrl/u_aes/rkeys_reg_608_ (SDFFARX1_RVT)
 3                   123  MASTER    NN   18954  u_ctrl/u_aes/rkeys_reg_1376_ (SDFFARX1_RVT)
 3                   124  MASTER    NN   19391  u_ctrl/u_aes/rkeys_reg_554_ (SDFFARX1_RVT)
 3                   125  MASTER    NN   19108  u_ctrl/u_aes/rkeys_reg_1066_ (SDFFARX1_RVT)
 3                   126  MASTER    NN   19177  u_ctrl/u_aes/rkeys_reg_931_ (SDFFARX1_RVT)
 3                   127  MASTER    NN   19456  u_ctrl/u_aes/rkeys_reg_419_ (SDFFARX1_RVT)
 3                   128  MASTER    NN   19382  u_ctrl/u_aes/rkeys_reg_569_ (SDFFARX1_RVT)
 3                   129  MASTER    NN   19313  u_ctrl/u_aes/rkeys_reg_688_ (SDFFARX1_RVT)
 3                   130  MASTER    NN   19387  u_ctrl/u_aes/rkeys_reg_560_ (SDFFARX1_RVT)
 3                   131  MASTER    NN   19105  u_ctrl/u_aes/rkeys_reg_1072_ (SDFFARX1_RVT)
 3                   132  MASTER    NN   19024  u_ctrl/u_aes/rkeys_reg_1209_ (SDFFARX1_RVT)
 3                   133  MASTER    NN   19100  u_ctrl/u_aes/rkeys_reg_1081_ (SDFFARX1_RVT)
 3                   134  MASTER    NN   19446  u_ctrl/u_aes/rkeys_reg_435_ (SDFFARX1_RVT)
 3                   135  MASTER    NN   19432  u_ctrl/u_aes/rkeys_reg_468_ (SDFFARX1_RVT)
 3                   136  MASTER    NN   19221  u_ctrl/u_aes/rkeys_reg_852_ (SDFFARX1_RVT)
 3                   137  MASTER    NN   18965  u_ctrl/u_aes/rkeys_reg_1328_ (SDFFARX1_RVT)
 3                   138  MASTER    NN   19179  u_ctrl/u_aes/rkeys_reg_928_ (SDFFARX1_RVT)
 3                   139  MASTER    NN   19395  u_ctrl/u_aes/rkeys_reg_544_ (SDFFARX1_RVT)
 3                   140  MASTER    NN   19075  u_ctrl/u_aes/rkeys_reg_1120_ (SDFFARX1_RVT)
 3                   141  MASTER    NN   19887  u_ctrl/u_aes/rkeys_reg_929_ (SDFFARX2_RVT)
 3                   142  MASTER    NN   18968  u_ctrl/u_aes/rkeys_reg_1315_ (SDFFARX1_RVT)
 3                   143  MASTER    NN   19394  u_ctrl/u_aes/rkeys_reg_550_ (SDFFARX1_RVT)
 3                   144  MASTER    NN   18971  u_ctrl/u_aes/rkeys_reg_1306_ (SDFFARX1_RVT)
 3                   145  MASTER    NN   19425  u_ctrl/u_aes/rkeys_reg_481_ (SDFFARX1_RVT)
 3                   146  MASTER    NN   19149  u_ctrl/u_aes/rkeys_reg_985_ (SDFFARX1_RVT)
 3                   147  MASTER    NN   19429  u_ctrl/u_aes/rkeys_reg_473_ (SDFFARX1_RVT)
 3                   148  MASTER    NN   18969  u_ctrl/u_aes/rkeys_reg_1312_ (SDFFARX1_RVT)
 3                   149  MASTER    NN   19489  u_ctrl/u_aes/rkeys_reg_340_ (SDFFARX1_RVT)
 3                   150  MASTER    NN   19237  u_ctrl/u_aes/rkeys_reg_822_ (SDFFARX1_RVT)
 3                   151  MASTER    NN   19309  u_ctrl/u_aes/rkeys_reg_694_ (SDFFARX1_RVT)
 3                   152  MASTER    NN   18964  u_ctrl/u_aes/rkeys_reg_1331_ (SDFFARX1_RVT)
 3                   153  MASTER    NN   19170  u_ctrl/u_aes/rkeys_reg_947_ (SDFFARX1_RVT)
 3                   154  MASTER    NN   19093  u_ctrl/u_aes/rkeys_reg_1092_ (SDFFARX1_RVT)
 3                   155  MASTER    NN   19168  u_ctrl/u_aes/rkeys_reg_950_ (SDFFARX1_RVT)
 3                   156  MASTER    NN   18957  u_ctrl/u_aes/rkeys_reg_1360_ (SDFFARX1_RVT)
 3                   157  MASTER    NN   19239  u_ctrl/u_aes/rkeys_reg_819_ (SDFFARX1_RVT)
 3                   158  MASTER    NN   18960  u_ctrl/u_aes/rkeys_reg_1346_ (SDFFARX1_RVT)
 3                   159  MASTER    NN   18961  u_ctrl/u_aes/rkeys_reg_1345_ (SDFFARX1_RVT)
 3                   160  MASTER    NN   19378  u_ctrl/u_aes/rkeys_reg_577_ (SDFFARX1_RVT)
 3                   161  MASTER    NN   18962  u_ctrl/u_aes/rkeys_reg_1344_ (SDFFARX1_RVT)
 3                   162  MASTER    NN   19377  u_ctrl/u_aes/rkeys_reg_578_ (SDFFARX1_RVT)
 3                   163  MASTER    NN   19443  u_ctrl/u_aes/rkeys_reg_450_ (SDFFARX1_RVT)
 3                   164  MASTER    NN   19308  u_ctrl/u_aes/rkeys_reg_695_ (SDFFARX1_RVT)
 3                   165  MASTER    NN   19236  u_ctrl/u_aes/rkeys_reg_824_ (SDFFARX1_RVT)
 3                   166  MASTER    NN   19304  u_ctrl/u_aes/rkeys_reg_705_ (SDFFARX1_RVT)
 3                   167  MASTER    NN   19103  u_ctrl/u_aes/rkeys_reg_1075_ (SDFFARX1_RVT)
 3                   168  MASTER    NN   19298  u_ctrl/u_aes/rkeys_reg_714_ (SDFFARX1_RVT)
 3                   169  MASTER    NN   19227  u_ctrl/u_aes/rkeys_reg_842_ (SDFFARX1_RVT)
 3                   170  MASTER    NN   19384  u_ctrl/u_aes/rkeys_reg_566_ (SDFFARX1_RVT)
 3                   171  MASTER    NN   19381  u_ctrl/u_aes/rkeys_reg_570_ (SDFFARX1_RVT)
 3                   172  MASTER    NN   19383  u_ctrl/u_aes/rkeys_reg_568_ (SDFFARX1_RVT)
 3                   173  MASTER    NN   19445  u_ctrl/u_aes/rkeys_reg_442_ (SDFFARX1_RVT)
 3                   174  MASTER    NN   19561  u_ctrl/u_aes/rkeys_reg_202_ (SDFFARX1_RVT)
 3                   175  MASTER    NN   19961  u_ctrl/u_crc/crc_reg_10_ (SDFFASX1_RVT)
 3                   176  MASTER    NN   19962  u_ctrl/u_crc/crc_reg_5_ (SDFFASX1_RVT)
 3                   177  MASTER    NN   19091  u_ctrl/u_aes/rkeys_reg_1094_ (SDFFARX1_RVT)
 3                   178  MASTER    NN   19163  u_ctrl/u_aes/rkeys_reg_960_ (SDFFARX1_RVT)
 3                   179  MASTER    NN   19162  u_ctrl/u_aes/rkeys_reg_961_ (SDFFARX1_RVT)
 3                   180  MASTER    NN   19500  u_ctrl/u_aes/rkeys_reg_320_ (SDFFARX1_RVT)
 3                   181  MASTER    NN   18958  u_ctrl/u_aes/rkeys_reg_1354_ (SDFFARX1_RVT)
 3                   182  MASTER    NN   19494  u_ctrl/u_aes/rkeys_reg_330_ (SDFFARX1_RVT)
 3                   183  MASTER    NN   19941  u_ctrl/u_crc/crc_reg_0_ (SDFFASX1_RVT)
 3                   184  MASTER    NN   19959  u_ctrl/u_crc/crc_reg_1_ (SDFFASX1_RVT)
 3                   185  MASTER    NN   19972  u_ctrl/u_crc/crc_reg_4_ (SDFFASX1_RVT)
 3                   186  MASTER    NN   19301  u_ctrl/u_aes/rkeys_reg_710_ (SDFFARX1_RVT)
 3                   187  MASTER    NN   19083  u_ctrl/u_aes/rkeys_reg_1104_ (SDFFARX1_RVT)
 3                   188  MASTER    NN   19082  u_ctrl/u_aes/rkeys_reg_1106_ (SDFFARX1_RVT)
 3                   189  MASTER    NN   18956  u_ctrl/u_aes/rkeys_reg_1362_ (SDFFARX1_RVT)
 3                   190  MASTER    NN   18959  u_ctrl/u_aes/rkeys_reg_1353_ (SDFFARX1_RVT)
 3                   191  MASTER    NN   19145  u_ctrl/u_aes/rkeys_reg_993_ (SDFFARX1_RVT)
 3                   192  MASTER    NN   19290  u_ctrl/u_aes/rkeys_reg_724_ (SDFFARX1_RVT)
 3                   193  MASTER    NN   19008  u_ctrl/u_aes/rkeys_reg_1233_ (SDFFARX1_RVT)
 3                   194  MASTER    NN   19080  u_ctrl/u_aes/rkeys_reg_1108_ (SDFFARX1_RVT)
 3                   195  MASTER    NN   19427  u_ctrl/u_aes/rkeys_reg_478_ (SDFFARX1_RVT)
 3                   196  MASTER    NN   19076  u_ctrl/u_aes/rkeys_reg_1118_ (SDFFARX1_RVT)
 3                   197  MASTER    NN   18953  u_ctrl/u_aes/rkeys_reg_1377_ (SDFFARX1_RVT)
 3                   198  MASTER    NN   18955  u_ctrl/u_aes/rkeys_reg_1370_ (SDFFARX1_RVT)
 3                   199  MASTER    NN   19074  u_ctrl/u_aes/rkeys_reg_1121_ (SDFFARX1_RVT)
 3                   200  MASTER    NN   19154  u_ctrl/u_aes/rkeys_reg_974_ (SDFFARX1_RVT)
 3                   201  MASTER    NN   19559  u_ctrl/u_aes/rkeys_reg_206_ (SDFFARX1_RVT)
 3                   202  MASTER    NN   19224  u_ctrl/u_aes/rkeys_reg_845_ (SDFFARX1_RVT)
 3                   203  MASTER    NN   19563  u_ctrl/u_aes/rkeys_reg_200_ (SDFFARX1_RVT)
 3                   204  MASTER    NN   19495  u_ctrl/u_aes/rkeys_reg_328_ (SDFFARX1_RVT)
 3                   205  MASTER    NN   19152  u_ctrl/u_aes/rkeys_reg_977_ (SDFFARX1_RVT)
 3                   206  MASTER    NN   19293  u_ctrl/u_aes/rkeys_reg_721_ (SDFFARX1_RVT)
 3                   207  MASTER    NN   19435  u_ctrl/u_aes/rkeys_reg_465_ (SDFFARX1_RVT)
 3                   208  MASTER    NN   19564  u_ctrl/u_aes/rkeys_reg_198_ (SDFFARX1_RVT)
 3                   209  MASTER    NN   19015  u_ctrl/u_aes/rkeys_reg_1222_ (SDFFARX1_RVT)
 3                   210  MASTER    NN   19229  u_ctrl/u_aes/rkeys_reg_833_ (SDFFARX1_RVT)
 3                   211  MASTER    NN   19955  u_ctrl/u_crc/crc_reg_23_ (SDFFASX1_RVT)
 3                   212  MASTER    NN   19099  u_ctrl/u_aes/rkeys_reg_1082_ (SDFFARX1_RVT)
 3                   213  MASTER    NN   19946  u_ctrl/u_crc/crc_reg_12_ (SDFFASX1_RVT)
 3                   214  MASTER    NN   19963  u_ctrl/u_crc/crc_reg_3_ (SDFFASX1_RVT)
 3                   215  MASTER    NN   19167  u_ctrl/u_aes/rkeys_reg_954_ (SDFFARX1_RVT)
 3                   216  MASTER    NN   19158  u_ctrl/u_aes/rkeys_reg_965_ (SDFFARX1_RVT)
 3                   217  MASTER    NN   19092  u_ctrl/u_aes/rkeys_reg_1093_ (SDFFARX1_RVT)
 3                   218  MASTER    NN   19156  u_ctrl/u_aes/rkeys_reg_968_ (SDFFARX1_RVT)
 3                   219  MASTER    NN   19291  u_ctrl/u_aes/rkeys_reg_723_ (SDFFARX1_RVT)
 3                   220  MASTER    NN   19081  u_ctrl/u_aes/rkeys_reg_1107_ (SDFFARX1_RVT)
 3                   221  MASTER    NN   19006  u_ctrl/u_aes/rkeys_reg_1235_ (SDFFARX1_RVT)
 3                   222  MASTER    NN   19433  u_ctrl/u_aes/rkeys_reg_467_ (SDFFARX1_RVT)
 3                   223  MASTER    NN   19297  u_ctrl/u_aes/rkeys_reg_715_ (SDFFARX1_RVT)
 3                   224  MASTER    NN   19565  u_ctrl/u_aes/rkeys_reg_197_ (SDFFARX1_RVT)
 3                   225  MASTER    NN   19016  u_ctrl/u_aes/rkeys_reg_1221_ (SDFFARX1_RVT)
 3                   226  MASTER    NN   19948  u_ctrl/u_crc/crc_reg_28_ (SDFFASX1_RVT)
 3                   227  MASTER    NN   19947  u_ctrl/u_crc/crc_reg_20_ (SDFFASX1_RVT)
 3                   228  MASTER    NN   19956  u_ctrl/u_crc/crc_reg_31_ (SDFFASX1_RVT)
 3                   229  MASTER    NN   19967  u_ctrl/u_crc/crc_reg_6_ (SDFFASX1_RVT)
 3                   230  MASTER    NN   19944  u_ctrl/u_crc/crc_reg_24_ (SDFFASX1_RVT)
 3                   231  MASTER    NN   19975  u_ctrl/u_crc/crc_out_reg_29_ (SDFFARX1_RVT)
 3                   232  MASTER    NN   19952  u_ctrl/u_crc/crc_reg_29_ (SDFFASX1_RVT)
 3                   233  MASTER    NN   19964  u_ctrl/u_crc/crc_reg_11_ (SDFFASX1_RVT)
 3                   234  MASTER    NN   19954  u_ctrl/u_crc/crc_reg_25_ (SDFFASX1_RVT)
 3                   235  MASTER    NN   19953  u_ctrl/u_crc/crc_reg_17_ (SDFFASX1_RVT)
 3                   236  MASTER    NN   19984  u_ctrl/u_crc/crc_out_reg_20_ (SDFFARX1_RVT)
 3                   237  MASTER    NN   19087  u_ctrl/u_aes/rkeys_reg_1099_ (SDFFARX1_RVT)
 3                   238  MASTER    NN   19155  u_ctrl/u_aes/rkeys_reg_971_ (SDFFARX1_RVT)
 3                   239  MASTER    NN   19226  u_ctrl/u_aes/rkeys_reg_843_ (SDFFARX1_RVT)
 3                   240  MASTER    NN   19085  u_ctrl/u_aes/rkeys_reg_1101_ (SDFFARX1_RVT)
 3                   241  MASTER    NN   19490  u_ctrl/u_aes/rkeys_reg_339_ (SDFFARX1_RVT)
 3                   242  MASTER    NN   19439  u_ctrl/u_aes/rkeys_reg_461_ (SDFFARX1_RVT)
 3                   243  MASTER    NN   19438  u_ctrl/u_aes/rkeys_reg_462_ (SDFFARX1_RVT)
 3                   244  MASTER    NN   19727  u_ctrl/u_aes/ct_out_reg_29_ (SDFFARX2_RVT)
 3                   245  MASTER    NN   19073  u_ctrl/u_aes/rkeys_reg_1123_ (SDFFARX1_RVT)
 3                   246  MASTER    NN   19822  u_ctrl/u_aes/ct_out_reg_28_ (SDFFARX1_RVT)
 3                   247  MASTER    NN   19143  u_ctrl/u_aes/rkeys_reg_995_ (SDFFARX1_RVT)
 3                   248  MASTER    NN   19492  u_ctrl/u_aes/rkeys_reg_334_ (SDFFARX1_RVT)
 3                   249  MASTER    NN   19010  u_ctrl/u_aes/rkeys_reg_1230_ (SDFFARX1_RVT)
 3                   250  MASTER    NN   19493  u_ctrl/u_aes/rkeys_reg_333_ (SDFFARX1_RVT)
 3                   251  MASTER    NN   19776  u_ctrl/u_aes/ct_out_reg_7_ (SDFFARX2_RVT)
 3                   252  MASTER    NN   19011  u_ctrl/u_aes/rkeys_reg_1229_ (SDFFARX1_RVT)
 3                   253  MASTER    NN   19855  u_ctrl/u_aes/ct_out_reg_6_ (SDFFARX2_RVT)
 3                   254  MASTER    NN   19768  u_ctrl/u_aes/ct_out_reg_93_ (SDFFARX2_RVT)
 3                   255  MASTER    NN   19859  u_ctrl/u_aes/ct_out_reg_13_ (SDFFARX2_RVT)
 3                   256  MASTER    NN   19976  u_ctrl/u_crc/crc_out_reg_28_ (SDFFARX1_RVT)
 3                   257  MASTER    NN   19973  u_ctrl/u_crc/crc_out_reg_31_ (SDFFARX1_RVT)
 3                   258  MASTER    NN   19987  u_ctrl/u_crc/crc_out_reg_17_ (SDFFARX1_RVT)
 3                   259  MASTER    NN   19979  u_ctrl/u_crc/crc_out_reg_25_ (SDFFARX1_RVT)
 3                   260  MASTER    NN   19981  u_ctrl/u_crc/crc_out_reg_23_ (SDFFARX1_RVT)
 3                   261  MASTER    NN   19989  u_ctrl/u_crc/crc_out_reg_15_ (SDFFARX1_RVT)
 3                   262  MASTER    NN   19992  u_ctrl/u_crc/crc_out_reg_12_ (SDFFARX1_RVT)
 3                   263  MASTER    NN   20001  u_ctrl/u_crc/crc_out_reg_3_ (SDFFARX1_RVT)
 3                   264  MASTER    NN   20003  u_ctrl/u_crc/crc_out_reg_1_ (SDFFARX1_RVT)
 3                   265  MASTER    NN   19993  u_ctrl/u_crc/crc_out_reg_11_ (SDFFARX1_RVT)
 3                   266  MASTER    NN   19999  u_ctrl/u_crc/crc_out_reg_5_ (SDFFARX1_RVT)
 3                   267  MASTER    NN   19980  u_ctrl/u_crc/crc_out_reg_24_ (SDFFARX1_RVT)
 3                   268  MASTER    NN   19983  u_ctrl/u_crc/crc_out_reg_21_ (SDFFARX1_RVT)
 3                   269  MASTER    NN   19966  u_ctrl/u_crc/crc_reg_9_ (SDFFASX1_RVT)
 3                   270  MASTER    NN   19951  u_ctrl/u_crc/crc_reg_21_ (SDFFASX1_RVT)
 3                   271  MASTER    NN   19970  u_ctrl/u_crc/crc_reg_30_ (SDFFASX1_RVT)
 3                   272  MASTER    NN   19943  u_ctrl/u_crc/crc_reg_16_ (SDFFASX1_RVT)
 3                   273  MASTER    NN   19986  u_ctrl/u_crc/crc_out_reg_18_ (SDFFARX1_RVT)
 3                   274  MASTER    NN   19988  u_ctrl/u_crc/crc_out_reg_16_ (SDFFARX1_RVT)
 3                   275  MASTER    NN   19994  u_ctrl/u_crc/crc_out_reg_10_ (SDFFARX1_RVT)
 3                   276  MASTER    NN   20002  u_ctrl/u_crc/crc_out_reg_2_ (SDFFARX1_RVT)
 3                   277  MASTER    NN   19997  u_ctrl/u_crc/crc_out_reg_7_ (SDFFARX1_RVT)
 3                   278  MASTER    NN   20005  u_ctrl/u_crc/done_reg (SDFFARX1_RVT)
 3                   279  MASTER    NN   20357  u_ctrl/tx_byte_div2_reg_7_ (SDFFARX1_RVT)
 3                   280  MASTER    NN   19995  u_ctrl/u_crc/crc_out_reg_9_ (SDFFARX1_RVT)
 3                   281  MASTER    NN   20004  u_ctrl/u_crc/crc_out_reg_0_ (SDFFARX1_RVT)
 3                   282  MASTER    NN   20000  u_ctrl/u_crc/crc_out_reg_4_ (SDFFARX1_RVT)
 3                   283  MASTER    NN   20323  u_ctrl/tx_byte_div2_reg_1_ (SDFFARX1_RVT)
 3                   284  MASTER    NN   20151  u_ctrl/crc_byte_reg_1_ (SDFFARX1_RVT)
 3                   285  MASTER    NN   19820  u_ctrl/u_aes/ct_out_reg_67_ (SDFFARX1_RVT)
 3                   286  MASTER    NN   20366  u_ctrl/crc_byte_reg_4_ (SDFFARX2_RVT)
 3                   287  MASTER    NN   20146  u_ctrl/crc_byte_reg_7_ (SDFFARX1_RVT)
 3                   288  MASTER    NN   20317  u_ctrl/tx_byte_div2_reg_4_ (SDFFARX1_RVT)
 3                   289  MASTER    NN   20152  u_ctrl/crc_byte_reg_0_ (SDFFARX1_RVT)
 3                   290  MASTER    NN   20148  u_ctrl/crc_byte_reg_5_ (SDFFARX1_RVT)
 3                   291  MASTER    NN   19702  u_ctrl/u_aes/ct_out_reg_21_ (SDFFARX1_RVT)
 3                   292  MASTER    NN   19838  u_ctrl/u_aes/ct_out_reg_26_ (SDFFARX2_RVT)
 3                   293  MASTER    NN   19778  u_ctrl/u_aes/ct_out_reg_73_ (SDFFARX2_RVT)
 3                   294  MASTER    NN   20142  u_ctrl/ct_req_pulse_fast_reg (SDFFARX1_RVT)
 3                   295  MASTER    NN   20018  u_ctrl/ct_hold_fast_reg_28_ (SDFFARX1_RVT)
 3                   296  MASTER    NN   20026  u_ctrl/ct_hold_fast_reg_20_ (SDFFARX1_RVT)
 3                   297  MASTER    NN   20034  u_ctrl/ct_hold_fast_reg_12_ (SDFFARX1_RVT)
 3                   298  MASTER    NN   19705  u_ctrl/u_aes/ct_out_reg_16_ (SDFFARX1_RVT)
 3                   299  MASTER    NN   20032  u_ctrl/ct_hold_fast_reg_14_ (SDFFARX1_RVT)
 3                   300  MASTER    NN   20040  u_ctrl/ct_hold_fast_reg_6_ (SDFFARX1_RVT)
 3                   301  MASTER    NN   20028  u_ctrl/ct_hold_fast_reg_18_ (SDFFARX1_RVT)
 3                   302  MASTER    NN   20031  u_ctrl/ct_hold_fast_reg_15_ (SDFFARX1_RVT)
 3                   303  MASTER    NN   20166  u_ctrl/mem_wdata_reg_5_ (SDFFARX1_RVT)
 3                   304  MASTER    NN   20162  u_ctrl/mem_wdata_reg_1_ (SDFFARX1_RVT)
 3                   305  MASTER    NN   20025  u_ctrl/ct_hold_fast_reg_21_ (SDFFARX1_RVT)
 3                   306  MASTER    NN   20194  u_ctrl/ct_hold_div2_reg_22_ (SDFFARX1_RVT)
 3                   307  MASTER    NN   20202  u_ctrl/ct_hold_div2_reg_12_ (SDFFARX1_RVT)
 3                   308  MASTER    NN   20023  u_ctrl/ct_hold_fast_reg_23_ (SDFFARX1_RVT)
 3                   309  MASTER    NN   20157  u_ctrl/fail_reg (SDFFARX1_RVT)
 3                   310  MASTER    NN   19937  u_ctrl/u_ct_cdc/req_tog_src_reg (SDFFARX1_RVT)
 3                   311  MASTER    NN   20177  u_ctrl/stream_sent_div2_reg (SDFFARX1_RVT)
 3                   312  MASTER    NN   20178  u_ctrl/stream_ready_div2_reg (SDFFARX1_RVT)
 3                   313  MASTER    NN   20179  u_ctrl/allow_send_div2_d_reg (SDFFARX1_RVT)
 3                   314  MASTER    NN   20184  u_ctrl/crc_done_hold_reg (SDFFARX1_RVT)
 3                   315  MASTER    NN   20344  u_ctrl/aes_start_reg (SDFFARX2_RVT)
 3                   316  MASTER    NN   20165  u_ctrl/mem_wdata_reg_4_ (SDFFARX1_RVT)
 3                   317  MASTER    NN   20039  u_ctrl/ct_hold_fast_reg_7_ (SDFFARX1_RVT)
 3                   318  MASTER    NN   20164  u_ctrl/mem_wdata_reg_3_ (SDFFARX1_RVT)
 3                   319  MASTER    NN   20167  u_ctrl/mem_wdata_reg_6_ (SDFFARX1_RVT)
 3                   320  MASTER    NN   20035  u_ctrl/ct_hold_fast_reg_11_ (SDFFARX1_RVT)
 3                   321  MASTER    NN   20036  u_ctrl/ct_hold_fast_reg_10_ (SDFFARX1_RVT)
 3                   322  MASTER    NN   20205  u_ctrl/ct_hold_div2_reg_9_ (SDFFARX1_RVT)
 3                   323  MASTER    NN   20020  u_ctrl/ct_hold_fast_reg_26_ (SDFFARX1_RVT)
 3                   324  MASTER    NN   20019  u_ctrl/ct_hold_fast_reg_27_ (SDFFARX1_RVT)
 3                   325  MASTER    NN   20203  u_ctrl/ct_hold_div2_reg_11_ (SDFFARX1_RVT)
 3                   326  MASTER    NN   20197  u_ctrl/ct_hold_div2_reg_18_ (SDFFARX1_RVT)
 3                   327  MASTER    NN   20207  u_ctrl/ct_hold_div2_reg_7_ (SDFFARX1_RVT)
 3                   328  MASTER    NN   20196  u_ctrl/ct_hold_div2_reg_19_ (SDFFARX1_RVT)
 3                   329  MASTER    NN   20195  u_ctrl/ct_hold_div2_reg_21_ (SDFFARX1_RVT)
 3                   330  MASTER    NN   20190  u_ctrl/ct_hold_div2_reg_26_ (SDFFARX1_RVT)
 3                   331  MASTER    NN   20189  u_ctrl/ct_hold_div2_reg_27_ (SDFFARX1_RVT)
 3                   332  MASTER    NN   20274  u_ctrl/ct_hold_div2_reg_67_ (SDFFARX1_RVT)
 3                   333  MASTER    NN   20356  u_ctrl/mem_addr_reg_3_ (SDFFARX1_RVT)
 3                   334  MASTER    NN   20380  u_ctrl/mem_addr_reg_0_ (SDFFARX2_RVT)
 3                   335  MASTER    NN   20379  u_ctrl/mem_addr_reg_2_ (SDFFARX2_RVT)
 3                   336  MASTER    NN   20378  u_ctrl/mem_addr_reg_1_ (SDFFARX2_RVT)
 3                   337  MASTER    NN   20200  u_ctrl/ct_hold_div2_reg_15_ (SDFFARX1_RVT)
 3                   338  MASTER    NN   20192  u_ctrl/ct_hold_div2_reg_24_ (SDFFARX1_RVT)
 3                   339  MASTER    NN   20204  u_ctrl/ct_hold_div2_reg_10_ (SDFFARX1_RVT)
 3                   340  MASTER    NN   20037  u_ctrl/ct_hold_fast_reg_9_ (SDFFARX1_RVT)
 3                   341  MASTER    NN   20163  u_ctrl/mem_wdata_reg_2_ (SDFFARX1_RVT)
 3                   342  MASTER    NN   20369  u_ctrl/ct_hold_div2_reg_13_ (SDFFARX2_RVT)
 3                   343  MASTER    NN   20201  u_ctrl/ct_hold_div2_reg_14_ (SDFFARX1_RVT)
 3                   344  MASTER    NN   20208  u_ctrl/ct_hold_div2_reg_6_ (SDFFARX1_RVT)
 3                   345  MASTER    NN   20033  u_ctrl/ct_hold_fast_reg_13_ (SDFFARX1_RVT)
 3                   346  MASTER    NN   20024  u_ctrl/ct_hold_fast_reg_22_ (SDFFARX1_RVT)
 3                   347  MASTER    NN   19706  u_ctrl/u_aes/ct_out_reg_12_ (SDFFARX1_RVT)
 3                   348  MASTER    NN   19701  u_ctrl/u_aes/ct_out_reg_24_ (SDFFARX1_RVT)
 3                   349  MASTER    NN   19703  u_ctrl/u_aes/ct_out_reg_19_ (SDFFARX1_RVT)
 3                   350  MASTER    NN   20149  u_ctrl/crc_byte_reg_3_ (SDFFARX1_RVT)
 3                   351  MASTER    NN   20315  u_ctrl/tx_byte_div2_reg_5_ (SDFFARX1_RVT)
 3                   352  MASTER    NN   20321  u_ctrl/tx_byte_div2_reg_2_ (SDFFARX1_RVT)
 3                   353  MASTER    NN   20313  u_ctrl/tx_byte_div2_reg_6_ (SDFFARX1_RVT)
 3                   354  MASTER    NN   20154  u_ctrl/crc_finish_reg (SDFFARX1_RVT)
 3                   355  MASTER    NN   20147  u_ctrl/crc_byte_reg_6_ (SDFFARX1_RVT)
 3                   356  MASTER    NN   20150  u_ctrl/crc_byte_reg_2_ (SDFFARX1_RVT)
 3                   357  MASTER    NN   20153  u_ctrl/crc_dv_reg (SDFFARX1_RVT)
 3                   358  MASTER    NN   20319  u_ctrl/tx_byte_div2_reg_3_ (SDFFARX1_RVT)
 3                   359  MASTER    NN   19998  u_ctrl/u_crc/crc_out_reg_6_ (SDFFARX1_RVT)
 3                   360  MASTER    NN   19991  u_ctrl/u_crc/crc_out_reg_13_ (SDFFARX1_RVT)
 3                   361  MASTER    NN   19977  u_ctrl/u_crc/crc_out_reg_27_ (SDFFARX1_RVT)
 3                   362  MASTER    NN   19985  u_ctrl/u_crc/crc_out_reg_19_ (SDFFARX1_RVT)
 3                   363  MASTER    NN   19949  u_ctrl/u_crc/crc_reg_27_ (SDFFASX1_RVT)
 3                   364  MASTER    NN   19965  u_ctrl/u_crc/crc_reg_19_ (SDFFASX1_RVT)
 3                   365  MASTER    NN   19950  u_ctrl/u_crc/crc_reg_13_ (SDFFASX1_RVT)
 3                   366  MASTER    NN   19957  u_ctrl/u_crc/crc_reg_7_ (SDFFASX1_RVT)
 3                   367  MASTER    NN   19958  u_ctrl/u_crc/crc_reg_15_ (SDFFASX1_RVT)
 3                   368  MASTER    NN   19960  u_ctrl/u_crc/crc_reg_2_ (SDFFASX1_RVT)
 3                   369  MASTER    NN   19088  u_ctrl/u_aes/rkeys_reg_1098_ (SDFFARX1_RVT)
 3                   370  MASTER    NN   19094  u_ctrl/u_aes/rkeys_reg_1088_ (SDFFARX1_RVT)
 3                   371  MASTER    NN   19101  u_ctrl/u_aes/rkeys_reg_1079_ (SDFFARX1_RVT)
 3                   372  MASTER    NN   19231  u_ctrl/u_aes/rkeys_reg_831_ (SDFFARX1_RVT)
 3                   373  MASTER    NN   19003  u_ctrl/u_aes/rkeys_reg_1241_ (SDFFARX1_RVT)
 3                   374  MASTER    NN   19379  u_ctrl/u_aes/rkeys_reg_575_ (SDFFARX1_RVT)
 3                   375  MASTER    NN   19374  u_ctrl/u_aes/rkeys_reg_585_ (SDFFARX1_RVT)
 3                   376  MASTER    NN   19296  u_ctrl/u_aes/rkeys_reg_716_ (SDFFARX1_RVT)
 3                   377  MASTER    NN   19303  u_ctrl/u_aes/rkeys_reg_707_ (SDFFARX1_RVT)
 3                   378  MASTER    NN   19441  u_ctrl/u_aes/rkeys_reg_455_ (SDFFARX1_RVT)
 3                   379  MASTER    NN   19300  u_ctrl/u_aes/rkeys_reg_711_ (SDFFARX1_RVT)
 3                   380  MASTER    NN   19086  u_ctrl/u_aes/rkeys_reg_1100_ (SDFFARX1_RVT)
 3                   381  MASTER    NN   19021  u_ctrl/u_aes/rkeys_reg_1214_ (SDFFARX1_RVT)
 3                   382  MASTER    NN   19503  u_ctrl/u_aes/rkeys_reg_317_ (SDFFARX1_RVT)
 4                     0  MASTER    NN   20262  u_ctrl/ct_hold_div2_reg_79_ (SDFFARX1_RVT)
 4                     1  MASTER    NN   20264  u_ctrl/ct_hold_div2_reg_77_ (SDFFARX1_RVT)
 4                     2  MASTER    NN   20268  u_ctrl/ct_hold_div2_reg_73_ (SDFFARX1_RVT)
 4                     3  MASTER    NN   20266  u_ctrl/ct_hold_div2_reg_75_ (SDFFARX1_RVT)
 4                     4  MASTER    NN   20261  u_ctrl/ct_hold_div2_reg_80_ (SDFFARX1_RVT)
 4                     5  MASTER    NN   20273  u_ctrl/ct_hold_div2_reg_68_ (SDFFARX1_RVT)
 4                     6  MASTER    NN   20259  u_ctrl/ct_hold_div2_reg_82_ (SDFFARX1_RVT)
 4                     7  MASTER    NN   20230  u_ctrl/ct_hold_div2_reg_111_ (SDFFARX1_RVT)
 4                     8  MASTER    NN   19920  u_ctrl/u_aes/state_reg_45_ (SDFFARX1_RVT)
 4                     9  MASTER    NN   18947  u_ctrl/u_tx/shifter_reg_0_ (SDFFASX1_RVT)
 4                    10  MASTER    NN   19766  u_ctrl/u_aes/state_reg_61_ (SDFFARX2_RVT)
 4                    11  MASTER    NN   19729  u_ctrl/u_aes/state_reg_53_ (SDFFARX2_RVT)
 4                    12  MASTER    NN   18950  u_ctrl/u_tx/divcnt_reg_14_ (SDFFARX2_RVT)
 4                    13  MASTER    NN   18921  u_ctrl/u_tx/divcnt_reg_17_ (SDFFARX1_RVT)
 4                    14  MASTER    NN   18920  u_ctrl/u_tx/divcnt_reg_16_ (SDFFARX1_RVT)
 4                    15  MASTER    NN   18919  u_ctrl/u_tx/divcnt_reg_15_ (SDFFARX1_RVT)
 4                    16  MASTER    NN   19832  u_ctrl/u_aes/state_reg_106_ (SDFFARX2_RVT)
 4                    17  MASTER    NN   19928  u_ctrl/u_aes/state_reg_109_ (SDFFARX1_RVT)
 4                    18  MASTER    NN   19867  u_ctrl/u_aes/ct_out_reg_122_ (SDFFARX2_RVT)
 4                    19  MASTER    NN   19903  u_ctrl/u_aes/state_reg_122_ (SDFFARX2_RVT)
 4                    20  MASTER    NN   19841  u_ctrl/u_aes/ct_out_reg_125_ (SDFFARX2_RVT)
 4                    21  MASTER    NN   19744  u_ctrl/u_aes/ct_out_reg_119_ (SDFFARX2_RVT)
 4                    22  MASTER    NN   19826  u_ctrl/u_aes/state_reg_114_ (SDFFARX1_RVT)
 4                    23  MASTER    NN   19923  u_ctrl/u_aes/state_reg_117_ (SDFFARX1_RVT)
 4                    24  MASTER    NN   19930  u_ctrl/u_aes/rkeys_reg_7_ (SDFFARX1_RVT)
 4                    25  MASTER    NN   19861  u_ctrl/u_aes/rkeys_reg_153_ (SDFFARX2_RVT)
 4                    26  MASTER    NN   19187  u_ctrl/u_aes/rkeys_reg_908_ (SDFFARX1_RVT)
 4                    27  MASTER    NN   19049  u_ctrl/u_aes/rkeys_reg_1164_ (SDFFARX1_RVT)
 4                    28  MASTER    NN   19397  u_ctrl/u_aes/rkeys_reg_537_ (SDFFARX1_RVT)
 4                    29  MASTER    NN   19041  u_ctrl/u_aes/rkeys_reg_1177_ (SDFFARX1_RVT)
 4                    30  MASTER    NN   19522  u_ctrl/u_aes/rkeys_reg_279_ (SDFFARX1_RVT)
 4                    31  MASTER    NN   19117  u_ctrl/u_aes/rkeys_reg_1033_ (SDFFARX1_RVT)
 4                    32  MASTER    NN   19533  u_ctrl/u_aes/rkeys_reg_265_ (SDFFARX1_RVT)
 4                    33  MASTER    NN   19258  u_ctrl/u_aes/rkeys_reg_783_ (SDFFARX1_RVT)
 4                    34  MASTER    NN   19467  u_ctrl/u_aes/rkeys_reg_399_ (SDFFARX1_RVT)
 4                    35  MASTER    NN   19462  u_ctrl/u_aes/rkeys_reg_409_ (SDFFARX1_RVT)
 4                    36  MASTER    NN   19116  u_ctrl/u_aes/rkeys_reg_1036_ (SDFFARX1_RVT)
 4                    37  MASTER    NN   19531  u_ctrl/u_aes/rkeys_reg_268_ (SDFFARX1_RVT)
 4                    38  MASTER    NN   19402  u_ctrl/u_aes/rkeys_reg_524_ (SDFFARX1_RVT)
 4                    39  MASTER    NN   19550  u_ctrl/u_aes/rkeys_reg_228_ (SDFFARX1_RVT)
 4                    40  MASTER    NN   19585  u_ctrl/u_aes/rkeys_reg_140_ (SDFFARX1_RVT)
 4                    41  MASTER    NN   19518  u_ctrl/u_aes/rkeys_reg_285_ (SDFFARX1_RVT)
 4                    42  MASTER    NN   19521  u_ctrl/u_aes/rkeys_reg_281_ (SDFFARX1_RVT)
 4                    43  MASTER    NN   19577  u_ctrl/u_aes/rkeys_reg_157_ (SDFFARX1_RVT)
 4                    44  MASTER    NN   19921  u_ctrl/u_aes/state_reg_12_ (SDFFARX1_RVT)
 4                    45  MASTER    NN   19588  u_ctrl/u_aes/rkeys_reg_136_ (SDFFARX1_RVT)
 4                    46  MASTER    NN   19787  u_ctrl/u_aes/state_reg_9_ (SDFFARX1_RVT)
 4                    47  MASTER    NN   19519  u_ctrl/u_aes/rkeys_reg_283_ (SDFFARX1_RVT)
 4                    48  MASTER    NN   19253  u_ctrl/u_aes/rkeys_reg_795_ (SDFFARX1_RVT)
 4                    49  MASTER    NN   19261  u_ctrl/u_aes/rkeys_reg_776_ (SDFFARX1_RVT)
 4                    50  MASTER    NN   19483  u_ctrl/u_aes/rkeys_reg_356_ (SDFFARX1_RVT)
 4                    51  MASTER    NN   19584  u_ctrl/u_aes/rkeys_reg_143_ (SDFFARX1_RVT)
 4                    52  MASTER    NN   19185  u_ctrl/u_aes/rkeys_reg_911_ (SDFFARX1_RVT)
 4                    53  MASTER    NN   19357  u_ctrl/u_aes/rkeys_reg_612_ (SDFFARX1_RVT)
 4                    54  MASTER    NN   19200  u_ctrl/u_aes/rkeys_reg_885_ (SDFFARX1_RVT)
 4                    55  MASTER    NN   19352  u_ctrl/u_aes/rkeys_reg_618_ (SDFFARX1_RVT)
 4                    56  MASTER    NN   19350  u_ctrl/u_aes/rkeys_reg_624_ (SDFFARX1_RVT)
 4                    57  MASTER    NN   19214  u_ctrl/u_aes/rkeys_reg_868_ (SDFFARX1_RVT)
 4                    58  MASTER    NN   19404  u_ctrl/u_aes/rkeys_reg_522_ (SDFFARX1_RVT)
 4                    59  MASTER    NN   19526  u_ctrl/u_aes/rkeys_reg_274_ (SDFFARX1_RVT)
 4                    60  MASTER    NN   19334  u_ctrl/u_aes/rkeys_reg_658_ (SDFFARX1_RVT)
 4                    61  MASTER    NN   19039  u_ctrl/u_aes/rkeys_reg_1180_ (SDFFARX1_RVT)
 4                    62  MASTER    NN   19578  u_ctrl/u_aes/rkeys_reg_156_ (SDFFARX1_RVT)
 4                    63  MASTER    NN   19330  u_ctrl/u_aes/rkeys_reg_663_ (SDFFARX1_RVT)
 4                    64  MASTER    NN   19398  u_ctrl/u_aes/rkeys_reg_535_ (SDFFARX1_RVT)
 4                    65  MASTER    NN   19399  u_ctrl/u_aes/rkeys_reg_533_ (SDFFARX1_RVT)
 4                    66  MASTER    NN   19515  u_ctrl/u_aes/rkeys_reg_292_ (SDFFARX1_RVT)
 4                    67  MASTER    NN   19824  u_ctrl/u_aes/rkeys_reg_175_ (SDFFARX1_RVT)
 4                    68  MASTER    NN   18986  u_ctrl/u_aes/rkeys_reg_1271_ (SDFFARX1_RVT)
 4                    69  MASTER    NN   19541  u_ctrl/u_aes/rkeys_reg_247_ (SDFFARX1_RVT)
 4                    70  MASTER    NN   19408  u_ctrl/u_aes/rkeys_reg_517_ (SDFFARX1_RVT)
 4                    71  MASTER    NN   19121  u_ctrl/u_aes/rkeys_reg_1029_ (SDFFARX1_RVT)
 4                    72  MASTER    NN   19054  u_ctrl/u_aes/rkeys_reg_1157_ (SDFFARX1_RVT)
 4                    73  MASTER    NN   19043  u_ctrl/u_aes/rkeys_reg_1173_ (SDFFARX1_RVT)
 4                    74  MASTER    NN   19042  u_ctrl/u_aes/rkeys_reg_1175_ (SDFFARX1_RVT)
 4                    75  MASTER    NN   19516  u_ctrl/u_aes/rkeys_reg_290_ (SDFFARX1_RVT)
 4                    76  MASTER    NN   19523  u_ctrl/u_aes/rkeys_reg_277_ (SDFFARX1_RVT)
 4                    77  MASTER    NN   19581  u_ctrl/u_aes/rkeys_reg_149_ (SDFFARX1_RVT)
 4                    78  MASTER    NN   19182  u_ctrl/u_aes/rkeys_reg_917_ (SDFFARX1_RVT)
 4                    79  MASTER    NN   19464  u_ctrl/u_aes/rkeys_reg_405_ (SDFFARX1_RVT)
 4                    80  MASTER    NN   19332  u_ctrl/u_aes/rkeys_reg_661_ (SDFFARX1_RVT)
 4                    81  MASTER    NN   19463  u_ctrl/u_aes/rkeys_reg_407_ (SDFFARX1_RVT)
 4                    82  MASTER    NN   19337  u_ctrl/u_aes/rkeys_reg_649_ (SDFFARX1_RVT)
 4                    83  MASTER    NN   19406  u_ctrl/u_aes/rkeys_reg_520_ (SDFFARX1_RVT)
 4                    84  MASTER    NN   19188  u_ctrl/u_aes/rkeys_reg_907_ (SDFFARX1_RVT)
 4                    85  MASTER    NN   19252  u_ctrl/u_aes/rkeys_reg_796_ (SDFFARX1_RVT)
 4                    86  MASTER    NN   19280  u_ctrl/u_aes/rkeys_reg_744_ (SDFFARX1_RVT)
 4                    87  MASTER    NN   19481  u_ctrl/u_aes/rkeys_reg_360_ (SDFFARX1_RVT)
 4                    88  MASTER    NN   19189  u_ctrl/u_aes/rkeys_reg_906_ (SDFFARX1_RVT)
 4                    89  MASTER    NN   19209  u_ctrl/u_aes/rkeys_reg_874_ (SDFFARX1_RVT)
 4                    90  MASTER    NN   19132  u_ctrl/u_aes/rkeys_reg_1013_ (SDFFARX1_RVT)
 4                    91  MASTER    NN   19479  u_ctrl/u_aes/rkeys_reg_362_ (SDFFARX1_RVT)
 4                    92  MASTER    NN   19751  u_ctrl/u_aes/state_reg_8_ (SDFFARX2_RVT)
 4                    93  MASTER    NN   19747  u_ctrl/u_aes/state_reg_14_ (SDFFARX2_RVT)
 4                    94  MASTER    NN   19831  u_ctrl/u_aes/state_reg_15_ (SDFFARX1_RVT)
 4                    95  MASTER    NN   19745  u_ctrl/u_aes/state_reg_11_ (SDFFARX2_RVT)
 4                    96  MASTER    NN   19478  u_ctrl/u_aes/rkeys_reg_367_ (SDFFARX1_RVT)
 4                    97  MASTER    NN   19475  u_ctrl/u_aes/rkeys_reg_374_ (SDFFARX1_RVT)
 4                    98  MASTER    NN   19477  u_ctrl/u_aes/rkeys_reg_368_ (SDFFARX1_RVT)
 4                    99  MASTER    NN   19486  u_ctrl/u_aes/rkeys_reg_351_ (SDFFARX1_RVT)
 4                   100  MASTER    NN   19354  u_ctrl/u_aes/rkeys_reg_616_ (SDFFARX1_RVT)
 4                   101  MASTER    NN   19361  u_ctrl/u_aes/rkeys_reg_607_ (SDFFARX1_RVT)
 4                   102  MASTER    NN   19201  u_ctrl/u_aes/rkeys_reg_884_ (SDFFARX1_RVT)
 4                   103  MASTER    NN   19583  u_ctrl/u_aes/rkeys_reg_146_ (SDFFARX1_RVT)
 4                   104  MASTER    NN   19351  u_ctrl/u_aes/rkeys_reg_619_ (SDFFARX1_RVT)
 4                   105  MASTER    NN   19260  u_ctrl/u_aes/rkeys_reg_778_ (SDFFARX1_RVT)
 4                   106  MASTER    NN   19050  u_ctrl/u_aes/rkeys_reg_1162_ (SDFFARX1_RVT)
 4                   107  MASTER    NN   19532  u_ctrl/u_aes/rkeys_reg_267_ (SDFFARX1_RVT)
 4                   108  MASTER    NN   19587  u_ctrl/u_aes/rkeys_reg_137_ (SDFFARX1_RVT)
 4                   109  MASTER    NN   19053  u_ctrl/u_aes/rkeys_reg_1158_ (SDFFARX1_RVT)
 4                   110  MASTER    NN   19535  u_ctrl/u_aes/rkeys_reg_262_ (SDFFARX1_RVT)
 4                   111  MASTER    NN   19589  u_ctrl/u_aes/rkeys_reg_134_ (SDFFARX1_RVT)
 4                   112  MASTER    NN   19414  u_ctrl/u_aes/rkeys_reg_503_ (SDFFARX1_RVT)
 4                   113  MASTER    NN   19469  u_ctrl/u_aes/rkeys_reg_389_ (SDFFARX1_RVT)
 4                   114  MASTER    NN   19251  u_ctrl/u_aes/rkeys_reg_797_ (SDFFARX1_RVT)
 4                   115  MASTER    NN   19326  u_ctrl/u_aes/rkeys_reg_669_ (SDFFARX1_RVT)
 4                   116  MASTER    NN   18987  u_ctrl/u_aes/rkeys_reg_1269_ (SDFFARX1_RVT)
 4                   117  MASTER    NN   19416  u_ctrl/u_aes/rkeys_reg_501_ (SDFFARX1_RVT)
 4                   118  MASTER    NN   19264  u_ctrl/u_aes/rkeys_reg_773_ (SDFFARX1_RVT)
 4                   119  MASTER    NN   19061  u_ctrl/u_aes/rkeys_reg_1148_ (SDFFARX1_RVT)
 4                   120  MASTER    NN   19198  u_ctrl/u_aes/rkeys_reg_887_ (SDFFARX1_RVT)
 4                   121  MASTER    NN   19819  u_ctrl/u_aes/rkeys_reg_167_ (SDFFARX1_RVT)
 4                   122  MASTER    NN   19037  u_ctrl/u_aes/rkeys_reg_1183_ (SDFFARX1_RVT)
 4                   123  MASTER    NN   19035  u_ctrl/u_aes/rkeys_reg_1188_ (SDFFARX1_RVT)
 4                   124  MASTER    NN   19034  u_ctrl/u_aes/rkeys_reg_1189_ (SDFFARX1_RVT)
 4                   125  MASTER    NN   19358  u_ctrl/u_aes/rkeys_reg_611_ (SDFFARX1_RVT)
 4                   126  MASTER    NN   19248  u_ctrl/u_aes/rkeys_reg_802_ (SDFFARX1_RVT)
 4                   127  MASTER    NN   19514  u_ctrl/u_aes/rkeys_reg_293_ (SDFFARX1_RVT)
 4                   128  MASTER    NN   19507  u_ctrl/u_aes/rkeys_reg_303_ (SDFFARX1_RVT)
 4                   129  MASTER    NN   19575  u_ctrl/u_aes/rkeys_reg_162_ (SDFFARX1_RVT)
 4                   130  MASTER    NN   19457  u_ctrl/u_aes/rkeys_reg_418_ (SDFFARX1_RVT)
 4                   131  MASTER    NN   19393  u_ctrl/u_aes/rkeys_reg_551_ (SDFFARX1_RVT)
 4                   132  MASTER    NN   19448  u_ctrl/u_aes/rkeys_reg_431_ (SDFFARX1_RVT)
 4                   133  MASTER    NN   19207  u_ctrl/u_aes/rkeys_reg_877_ (SDFFARX1_RVT)
 4                   134  MASTER    NN   19508  u_ctrl/u_aes/rkeys_reg_301_ (SDFFARX1_RVT)
 4                   135  MASTER    NN   19322  u_ctrl/u_aes/rkeys_reg_674_ (SDFFARX1_RVT)
 4                   136  MASTER    NN   19191  u_ctrl/u_aes/rkeys_reg_904_ (SDFFARX1_RVT)
 4                   137  MASTER    NN   19517  u_ctrl/u_aes/rkeys_reg_287_ (SDFFARX1_RVT)
 4                   138  MASTER    NN   19823  u_ctrl/u_aes/rkeys_reg_173_ (SDFFARX1_RVT)
 4                   139  MASTER    NN   19273  u_ctrl/u_aes/rkeys_reg_759_ (SDFFARX1_RVT)
 4                   140  MASTER    NN   19064  u_ctrl/u_aes/rkeys_reg_1143_ (SDFFARX1_RVT)
 4                   141  MASTER    NN   18983  u_ctrl/u_aes/rkeys_reg_1276_ (SDFFARX1_RVT)
 4                   142  MASTER    NN   19343  u_ctrl/u_aes/rkeys_reg_636_ (SDFFARX1_RVT)
 4                   143  MASTER    NN   19347  u_ctrl/u_aes/rkeys_reg_629_ (SDFFARX1_RVT)
 4                   144  MASTER    NN   19339  u_ctrl/u_aes/rkeys_reg_645_ (SDFFARX1_RVT)
 4                   145  MASTER    NN   19539  u_ctrl/u_aes/rkeys_reg_252_ (SDFFARX1_RVT)
 4                   146  MASTER    NN   19407  u_ctrl/u_aes/rkeys_reg_518_ (SDFFARX1_RVT)
 4                   147  MASTER    NN   19525  u_ctrl/u_aes/rkeys_reg_275_ (SDFFARX1_RVT)
 4                   148  MASTER    NN   19405  u_ctrl/u_aes/rkeys_reg_521_ (SDFFARX1_RVT)
 4                   149  MASTER    NN   19274  u_ctrl/u_aes/rkeys_reg_757_ (SDFFARX1_RVT)
 4                   150  MASTER    NN   19044  u_ctrl/u_aes/rkeys_reg_1171_ (SDFFARX1_RVT)
 4                   151  MASTER    NN   19412  u_ctrl/u_aes/rkeys_reg_508_ (SDFFARX1_RVT)
 4                   152  MASTER    NN   18992  u_ctrl/u_aes/rkeys_reg_1260_ (SDFFARX1_RVT)
 4                   153  MASTER    NN   19130  u_ctrl/u_aes/rkeys_reg_1015_ (SDFFARX1_RVT)
 4                   154  MASTER    NN   18994  u_ctrl/u_aes/rkeys_reg_1255_ (SDFFARX1_RVT)
 4                   155  MASTER    NN   19574  u_ctrl/u_aes/rkeys_reg_164_ (SDFFARX1_RVT)
 4                   156  MASTER    NN   19118  u_ctrl/u_aes/rkeys_reg_1032_ (SDFFARX1_RVT)
 4                   157  MASTER    NN   19545  u_ctrl/u_aes/rkeys_reg_237_ (SDFFARX1_RVT)
 4                   158  MASTER    NN   19263  u_ctrl/u_aes/rkeys_reg_774_ (SDFFARX1_RVT)
 4                   159  MASTER    NN   19192  u_ctrl/u_aes/rkeys_reg_902_ (SDFFARX1_RVT)
 4                   160  MASTER    NN   19139  u_ctrl/u_aes/rkeys_reg_1005_ (SDFFARX1_RVT)
 4                   161  MASTER    NN   19283  u_ctrl/u_aes/rkeys_reg_741_ (SDFFARX1_RVT)
 4                   162  MASTER    NN   19482  u_ctrl/u_aes/rkeys_reg_357_ (SDFFARX1_RVT)
 4                   163  MASTER    NN   18984  u_ctrl/u_aes/rkeys_reg_1274_ (SDFFARX1_RVT)
 4                   164  MASTER    NN   19540  u_ctrl/u_aes/rkeys_reg_250_ (SDFFARX1_RVT)
 4                   165  MASTER    NN   19212  u_ctrl/u_aes/rkeys_reg_871_ (SDFFARX1_RVT)
 4                   166  MASTER    NN   19546  u_ctrl/u_aes/rkeys_reg_236_ (SDFFARX1_RVT)
 4                   167  MASTER    NN   19591  u_ctrl/u_aes/rkeys_reg_130_ (SDFFARX1_RVT)
 4                   168  MASTER    NN   19485  u_ctrl/u_aes/rkeys_reg_352_ (SDFFARX1_RVT)
 4                   169  MASTER    NN   19586  u_ctrl/u_aes/rkeys_reg_138_ (SDFFARX1_RVT)
 4                   170  MASTER    NN   19190  u_ctrl/u_aes/rkeys_reg_905_ (SDFFARX1_RVT)
 4                   171  MASTER    NN   19051  u_ctrl/u_aes/rkeys_reg_1161_ (SDFFARX1_RVT)
 4                   172  MASTER    NN   18976  u_ctrl/u_aes/rkeys_reg_1289_ (SDFFARX1_RVT)
 4                   173  MASTER    NN   19065  u_ctrl/u_aes/rkeys_reg_1140_ (SDFFARX1_RVT)
 4                   174  MASTER    NN   19133  u_ctrl/u_aes/rkeys_reg_1012_ (SDFFARX1_RVT)
 4                   175  MASTER    NN   19069  u_ctrl/u_aes/rkeys_reg_1131_ (SDFFARX1_RVT)
 4                   176  MASTER    NN   19120  u_ctrl/u_aes/rkeys_reg_1030_ (SDFFARX1_RVT)
 4                   177  MASTER    NN   19401  u_ctrl/u_aes/rkeys_reg_528_ (SDFFARX1_RVT)
 4                   178  MASTER    NN   19528  u_ctrl/u_aes/rkeys_reg_272_ (SDFFARX1_RVT)
 4                   179  MASTER    NN   19468  u_ctrl/u_aes/rkeys_reg_398_ (SDFFARX1_RVT)
 4                   180  MASTER    NN   19259  u_ctrl/u_aes/rkeys_reg_779_ (SDFFARX1_RVT)
 4                   181  MASTER    NN   19534  u_ctrl/u_aes/rkeys_reg_263_ (SDFFARX1_RVT)
 4                   182  MASTER    NN   19579  u_ctrl/u_aes/rkeys_reg_155_ (SDFFARX1_RVT)
 4                   183  MASTER    NN   19460  u_ctrl/u_aes/rkeys_reg_411_ (SDFFARX1_RVT)
 4                   184  MASTER    NN   19529  u_ctrl/u_aes/rkeys_reg_270_ (SDFFARX1_RVT)
 4                   185  MASTER    NN   19045  u_ctrl/u_aes/rkeys_reg_1169_ (SDFFARX1_RVT)
 4                   186  MASTER    NN   19527  u_ctrl/u_aes/rkeys_reg_273_ (SDFFARX1_RVT)
 4                   187  MASTER    NN   19348  u_ctrl/u_aes/rkeys_reg_628_ (SDFFARX1_RVT)
 4                   188  MASTER    NN   19400  u_ctrl/u_aes/rkeys_reg_529_ (SDFFARX1_RVT)
 4                   189  MASTER    NN   19141  u_ctrl/u_aes/rkeys_reg_1002_ (SDFFARX1_RVT)
 4                   190  MASTER    NN   19417  u_ctrl/u_aes/rkeys_reg_500_ (SDFFARX1_RVT)
 4                   191  MASTER    NN   19542  u_ctrl/u_aes/rkeys_reg_244_ (SDFFARX1_RVT)
 4                   192  MASTER    NN   19211  u_ctrl/u_aes/rkeys_reg_872_ (SDFFARX1_RVT)
 4                   193  MASTER    NN   19131  u_ctrl/u_aes/rkeys_reg_1014_ (SDFFARX1_RVT)
 4                   194  MASTER    NN   19205  u_ctrl/u_aes/rkeys_reg_879_ (SDFFARX1_RVT)
 4                   195  MASTER    NN   19199  u_ctrl/u_aes/rkeys_reg_886_ (SDFFARX1_RVT)
 4                   196  MASTER    NN   19783  u_ctrl/u_aes/state_reg_44_ (SDFFARX1_RVT)
 4                   197  MASTER    NN   19644  u_ctrl/u_aes/state_reg_40_ (SDFFARX1_RVT)
 4                   198  MASTER    NN   19755  u_ctrl/u_aes/state_reg_47_ (SDFFARX2_RVT)
 4                   199  MASTER    NN   19716  u_ctrl/u_aes/state_reg_46_ (SDFFARX2_RVT)
 4                   200  MASTER    NN   19474  u_ctrl/u_aes/rkeys_reg_376_ (SDFFARX1_RVT)
 4                   201  MASTER    NN   19415  u_ctrl/u_aes/rkeys_reg_502_ (SDFFARX1_RVT)
 4                   202  MASTER    NN   19476  u_ctrl/u_aes/rkeys_reg_369_ (SDFFARX1_RVT)
 4                   203  MASTER    NN   19552  u_ctrl/u_aes/rkeys_reg_223_ (SDFFARX1_RVT)
 4                   204  MASTER    NN   19256  u_ctrl/u_aes/rkeys_reg_786_ (SDFFARX1_RVT)
 4                   205  MASTER    NN   19285  u_ctrl/u_aes/rkeys_reg_735_ (SDFFARX1_RVT)
 4                   206  MASTER    NN   19000  u_ctrl/u_aes/rkeys_reg_1247_ (SDFFARX1_RVT)
 4                   207  MASTER    NN   19335  u_ctrl/u_aes/rkeys_reg_657_ (SDFFARX1_RVT)
 4                   208  MASTER    NN   19047  u_ctrl/u_aes/rkeys_reg_1166_ (SDFFARX1_RVT)
 4                   209  MASTER    NN   19066  u_ctrl/u_aes/rkeys_reg_1137_ (SDFFARX1_RVT)
 4                   210  MASTER    NN   19056  u_ctrl/u_aes/rkeys_reg_1155_ (SDFFARX1_RVT)
 4                   211  MASTER    NN   19524  u_ctrl/u_aes/rkeys_reg_276_ (SDFFARX1_RVT)
 4                   212  MASTER    NN   19338  u_ctrl/u_aes/rkeys_reg_647_ (SDFFARX1_RVT)
 4                   213  MASTER    NN   19052  u_ctrl/u_aes/rkeys_reg_1159_ (SDFFARX1_RVT)
 4                   214  MASTER    NN   19262  u_ctrl/u_aes/rkeys_reg_775_ (SDFFARX1_RVT)
 4                   215  MASTER    NN   19536  u_ctrl/u_aes/rkeys_reg_260_ (SDFFARX1_RVT)
 4                   216  MASTER    NN   19254  u_ctrl/u_aes/rkeys_reg_794_ (SDFFARX1_RVT)
 4                   217  MASTER    NN   19520  u_ctrl/u_aes/rkeys_reg_282_ (SDFFARX1_RVT)
 4                   218  MASTER    NN   19551  u_ctrl/u_aes/rkeys_reg_224_ (SDFFARX1_RVT)
 4                   219  MASTER    NN   19265  u_ctrl/u_aes/rkeys_reg_772_ (SDFFARX1_RVT)
 4                   220  MASTER    NN   19270  u_ctrl/u_aes/rkeys_reg_764_ (SDFFARX1_RVT)
 4                   221  MASTER    NN   19128  u_ctrl/u_aes/rkeys_reg_1020_ (SDFFARX1_RVT)
 4                   222  MASTER    NN   19842  u_ctrl/u_aes/rkeys_reg_171_ (SDFFARX2_RVT)
 4                   223  MASTER    NN   19217  u_ctrl/u_aes/rkeys_reg_860_ (SDFFARX1_RVT)
 4                   224  MASTER    NN   19403  u_ctrl/u_aes/rkeys_reg_523_ (SDFFARX1_RVT)
 4                   225  MASTER    NN   19213  u_ctrl/u_aes/rkeys_reg_869_ (SDFFARX1_RVT)
 4                   226  MASTER    NN   19356  u_ctrl/u_aes/rkeys_reg_613_ (SDFFARX1_RVT)
 4                   227  MASTER    NN   19246  u_ctrl/u_aes/rkeys_reg_804_ (SDFFARX1_RVT)
 4                   228  MASTER    NN   18991  u_ctrl/u_aes/rkeys_reg_1261_ (SDFFARX1_RVT)
 4                   229  MASTER    NN   19038  u_ctrl/u_aes/rkeys_reg_1182_ (SDFFARX1_RVT)
 4                   230  MASTER    NN   19250  u_ctrl/u_aes/rkeys_reg_798_ (SDFFARX1_RVT)
 4                   231  MASTER    NN   18996  u_ctrl/u_aes/rkeys_reg_1253_ (SDFFARX1_RVT)
 4                   232  MASTER    NN   19890  u_ctrl/u_aes/rkeys_reg_1250_ (SDFFARX2_RVT)
 4                   233  MASTER    NN   19449  u_ctrl/u_aes/rkeys_reg_430_ (SDFFARX1_RVT)
 4                   234  MASTER    NN   19571  u_ctrl/u_aes/rkeys_reg_174_ (SDFFARX1_RVT)
 4                   235  MASTER    NN   19002  u_ctrl/u_aes/rkeys_reg_1244_ (SDFFARX1_RVT)
 4                   236  MASTER    NN   19364  u_ctrl/u_aes/rkeys_reg_604_ (SDFFARX1_RVT)
 4                   237  MASTER    NN   19573  u_ctrl/u_aes/rkeys_reg_168_ (SDFFARX1_RVT)
 4                   238  MASTER    NN   19548  u_ctrl/u_aes/rkeys_reg_231_ (SDFFARX1_RVT)
 4                   239  MASTER    NN   19119  u_ctrl/u_aes/rkeys_reg_1031_ (SDFFARX1_RVT)
 4                   240  MASTER    NN   18978  u_ctrl/u_aes/rkeys_reg_1282_ (SDFFARX1_RVT)
 4                   241  MASTER    NN   19055  u_ctrl/u_aes/rkeys_reg_1156_ (SDFFARX1_RVT)
 4                   242  MASTER    NN   19555  u_ctrl/u_aes/rkeys_reg_220_ (SDFFARX1_RVT)
 4                   243  MASTER    NN   18979  u_ctrl/u_aes/rkeys_reg_1281_ (SDFFARX1_RVT)
 4                   244  MASTER    NN   19148  u_ctrl/u_aes/rkeys_reg_988_ (SDFFARX1_RVT)
 4                   245  MASTER    NN   19325  u_ctrl/u_aes/rkeys_reg_671_ (SDFFARX1_RVT)
 4                   246  MASTER    NN   19341  u_ctrl/u_aes/rkeys_reg_641_ (SDFFARX1_RVT)
 4                   247  MASTER    NN   19122  u_ctrl/u_aes/rkeys_reg_1028_ (SDFFARX1_RVT)
 4                   248  MASTER    NN   19590  u_ctrl/u_aes/rkeys_reg_131_ (SDFFARX1_RVT)
 4                   249  MASTER    NN   19340  u_ctrl/u_aes/rkeys_reg_643_ (SDFFARX1_RVT)
 4                   250  MASTER    NN   18985  u_ctrl/u_aes/rkeys_reg_1273_ (SDFFARX1_RVT)
 4                   251  MASTER    NN   19409  u_ctrl/u_aes/rkeys_reg_515_ (SDFFARX1_RVT)
 4                   252  MASTER    NN   19333  u_ctrl/u_aes/rkeys_reg_660_ (SDFFARX1_RVT)
 4                   253  MASTER    NN   19058  u_ctrl/u_aes/rkeys_reg_1153_ (SDFFARX1_RVT)
 4                   254  MASTER    NN   19471  u_ctrl/u_aes/rkeys_reg_385_ (SDFFARX1_RVT)
 4                   255  MASTER    NN   19580  u_ctrl/u_aes/rkeys_reg_154_ (SDFFARX1_RVT)
 4                   256  MASTER    NN   19125  u_ctrl/u_aes/rkeys_reg_1025_ (SDFFARX1_RVT)
 4                   257  MASTER    NN   19113  u_ctrl/u_aes/rkeys_reg_1044_ (SDFFARX1_RVT)
 4                   258  MASTER    NN   19329  u_ctrl/u_aes/rkeys_reg_664_ (SDFFARX1_RVT)
 4                   259  MASTER    NN   19123  u_ctrl/u_aes/rkeys_reg_1027_ (SDFFARX1_RVT)
 4                   260  MASTER    NN   19331  u_ctrl/u_aes/rkeys_reg_662_ (SDFFARX1_RVT)
 4                   261  MASTER    NN   19461  u_ctrl/u_aes/rkeys_reg_410_ (SDFFARX1_RVT)
 4                   262  MASTER    NN   19582  u_ctrl/u_aes/rkeys_reg_147_ (SDFFARX1_RVT)
 4                   263  MASTER    NN   19576  u_ctrl/u_aes/rkeys_reg_159_ (SDFFARX1_RVT)
 4                   264  MASTER    NN   19057  u_ctrl/u_aes/rkeys_reg_1154_ (SDFFARX1_RVT)
 4                   265  MASTER    NN   19124  u_ctrl/u_aes/rkeys_reg_1026_ (SDFFARX1_RVT)
 4                   266  MASTER    NN   19267  u_ctrl/u_aes/rkeys_reg_770_ (SDFFARX1_RVT)
 4                   267  MASTER    NN   19063  u_ctrl/u_aes/rkeys_reg_1145_ (SDFFARX1_RVT)
 4                   268  MASTER    NN   19249  u_ctrl/u_aes/rkeys_reg_799_ (SDFFARX1_RVT)
 4                   269  MASTER    NN   19281  u_ctrl/u_aes/rkeys_reg_743_ (SDFFARX1_RVT)
 4                   270  MASTER    NN   19272  u_ctrl/u_aes/rkeys_reg_762_ (SDFFARX1_RVT)
 4                   271  MASTER    NN   19413  u_ctrl/u_aes/rkeys_reg_506_ (SDFFARX1_RVT)
 4                   272  MASTER    NN   19454  u_ctrl/u_aes/rkeys_reg_424_ (SDFFARX1_RVT)
 4                   273  MASTER    NN   19392  u_ctrl/u_aes/rkeys_reg_552_ (SDFFARX1_RVT)
 4                   274  MASTER    NN   19484  u_ctrl/u_aes/rkeys_reg_354_ (SDFFARX1_RVT)
 4                   275  MASTER    NN   19195  u_ctrl/u_aes/rkeys_reg_890_ (SDFFARX1_RVT)
 4                   276  MASTER    NN   19345  u_ctrl/u_aes/rkeys_reg_634_ (SDFFARX1_RVT)
 4                   277  MASTER    NN   19062  u_ctrl/u_aes/rkeys_reg_1146_ (SDFFARX1_RVT)
 4                   278  MASTER    NN   19327  u_ctrl/u_aes/rkeys_reg_667_ (SDFFARX1_RVT)
 4                   279  MASTER    NN   19530  u_ctrl/u_aes/rkeys_reg_269_ (SDFFARX1_RVT)
 4                   280  MASTER    NN   19336  u_ctrl/u_aes/rkeys_reg_653_ (SDFFARX1_RVT)
 4                   281  MASTER    NN   19186  u_ctrl/u_aes/rkeys_reg_909_ (SDFFARX1_RVT)
 4                   282  MASTER    NN   19422  u_ctrl/u_aes/rkeys_reg_492_ (SDFFARX1_RVT)
 4                   283  MASTER    NN   19279  u_ctrl/u_aes/rkeys_reg_745_ (SDFFARX1_RVT)
 4                   284  MASTER    NN   19547  u_ctrl/u_aes/rkeys_reg_233_ (SDFFARX1_RVT)
 4                   285  MASTER    NN   19353  u_ctrl/u_aes/rkeys_reg_617_ (SDFFARX1_RVT)
 4                   286  MASTER    NN   19821  u_ctrl/u_aes/rkeys_reg_163_ (SDFFARX1_RVT)
 4                   287  MASTER    NN   19048  u_ctrl/u_aes/rkeys_reg_1165_ (SDFFARX1_RVT)
 4                   288  MASTER    NN   19538  u_ctrl/u_aes/rkeys_reg_254_ (SDFFARX1_RVT)
 4                   289  MASTER    NN   19194  u_ctrl/u_aes/rkeys_reg_894_ (SDFFARX1_RVT)
 4                   290  MASTER    NN   19268  u_ctrl/u_aes/rkeys_reg_768_ (SDFFARX1_RVT)
 4                   291  MASTER    NN   19411  u_ctrl/u_aes/rkeys_reg_512_ (SDFFARX1_RVT)
 4                   292  MASTER    NN   19909  u_ctrl/u_aes/rkeys_reg_378_ (SDFFARX2_RVT)
 4                   293  MASTER    NN   19893  u_ctrl/u_aes/rkeys_reg_866_ (SDFFARX2_RVT)
 4                   294  MASTER    NN   19144  u_ctrl/u_aes/rkeys_reg_994_ (SDFFARX1_RVT)
 4                   295  MASTER    NN   19359  u_ctrl/u_aes/rkeys_reg_610_ (SDFFARX1_RVT)
 4                   296  MASTER    NN   19033  u_ctrl/u_aes/rkeys_reg_1190_ (SDFFARX1_RVT)
 4                   297  MASTER    NN   19513  u_ctrl/u_aes/rkeys_reg_294_ (SDFFARX1_RVT)
 4                   298  MASTER    NN   19218  u_ctrl/u_aes/rkeys_reg_858_ (SDFFARX1_RVT)
 4                   299  MASTER    NN   19894  u_ctrl/u_aes/rkeys_reg_1191_ (SDFFARX2_RVT)
 4                   300  MASTER    NN   19244  u_ctrl/u_aes/rkeys_reg_807_ (SDFFARX1_RVT)
 4                   301  MASTER    NN   19245  u_ctrl/u_aes/rkeys_reg_805_ (SDFFARX1_RVT)
 4                   302  MASTER    NN   19215  u_ctrl/u_aes/rkeys_reg_867_ (SDFFARX1_RVT)
 4                   303  MASTER    NN   19031  u_ctrl/u_aes/rkeys_reg_1196_ (SDFFARX1_RVT)
 4                   304  MASTER    NN   19505  u_ctrl/u_aes/rkeys_reg_306_ (SDFFARX1_RVT)
 4                   305  MASTER    NN   19114  u_ctrl/u_aes/rkeys_reg_1039_ (SDFFARX1_RVT)
 4                   306  MASTER    NN   19127  u_ctrl/u_aes/rkeys_reg_1021_ (SDFFARX1_RVT)
 4                   307  MASTER    NN   18997  u_ctrl/u_aes/rkeys_reg_1252_ (SDFFARX1_RVT)
 4                   308  MASTER    NN   18993  u_ctrl/u_aes/rkeys_reg_1258_ (SDFFARX1_RVT)
 4                   309  MASTER    NN   19070  u_ctrl/u_aes/rkeys_reg_1130_ (SDFFARX1_RVT)
 4                   310  MASTER    NN   19178  u_ctrl/u_aes/rkeys_reg_930_ (SDFFARX1_RVT)
 4                   311  MASTER    NN   19767  u_ctrl/u_aes/rkeys_reg_1045_ (SDFFARX2_RVT)
 4                   312  MASTER    NN   19111  u_ctrl/u_aes/rkeys_reg_1053_ (SDFFARX1_RVT)
 4                   313  MASTER    NN   19059  u_ctrl/u_aes/rkeys_reg_1151_ (SDFFARX1_RVT)
 4                   314  MASTER    NN   18981  u_ctrl/u_aes/rkeys_reg_1279_ (SDFFARX1_RVT)
 4                   315  MASTER    NN   19512  u_ctrl/u_aes/rkeys_reg_295_ (SDFFARX1_RVT)
 4                   316  MASTER    NN   19510  u_ctrl/u_aes/rkeys_reg_299_ (SDFFARX1_RVT)
 4                   317  MASTER    NN   19174  u_ctrl/u_aes/rkeys_reg_935_ (SDFFARX1_RVT)
 4                   318  MASTER    NN   19032  u_ctrl/u_aes/rkeys_reg_1195_ (SDFFARX1_RVT)
 4                   319  MASTER    NN   19029  u_ctrl/u_aes/rkeys_reg_1198_ (SDFFARX1_RVT)
 4                   320  MASTER    NN   19107  u_ctrl/u_aes/rkeys_reg_1070_ (SDFFARX1_RVT)
 4                   321  MASTER    NN   19017  u_ctrl/u_aes/rkeys_reg_1220_ (SDFFARX1_RVT)
 4                   322  MASTER    NN   19498  u_ctrl/u_aes/rkeys_reg_324_ (SDFFARX1_RVT)
 4                   323  MASTER    NN   19030  u_ctrl/u_aes/rkeys_reg_1197_ (SDFFARX1_RVT)
 4                   324  MASTER    NN   19363  u_ctrl/u_aes/rkeys_reg_605_ (SDFFARX1_RVT)
 4                   325  MASTER    NN   19077  u_ctrl/u_aes/rkeys_reg_1117_ (SDFFARX1_RVT)
 4                   326  MASTER    NN   19421  u_ctrl/u_aes/rkeys_reg_493_ (SDFFARX1_RVT)
 4                   327  MASTER    NN   19278  u_ctrl/u_aes/rkeys_reg_749_ (SDFFARX1_RVT)
 4                   328  MASTER    NN   19284  u_ctrl/u_aes/rkeys_reg_739_ (SDFFARX1_RVT)
 4                   329  MASTER    NN   19175  u_ctrl/u_aes/rkeys_reg_933_ (SDFFARX1_RVT)
 4                   330  MASTER    NN   18998  u_ctrl/u_aes/rkeys_reg_1251_ (SDFFARX1_RVT)
 4                   331  MASTER    NN   19423  u_ctrl/u_aes/rkeys_reg_484_ (SDFFARX1_RVT)
 4                   332  MASTER    NN   19269  u_ctrl/u_aes/rkeys_reg_765_ (SDFFARX1_RVT)
 4                   333  MASTER    NN   19487  u_ctrl/u_aes/rkeys_reg_349_ (SDFFARX1_RVT)
 4                   334  MASTER    NN   19286  u_ctrl/u_aes/rkeys_reg_733_ (SDFFARX1_RVT)
 4                   335  MASTER    NN   19060  u_ctrl/u_aes/rkeys_reg_1149_ (SDFFARX1_RVT)
 4                   336  MASTER    NN   18990  u_ctrl/u_aes/rkeys_reg_1262_ (SDFFARX1_RVT)
 4                   337  MASTER    NN   19420  u_ctrl/u_aes/rkeys_reg_494_ (SDFFARX1_RVT)
 4                   338  MASTER    NN   19424  u_ctrl/u_aes/rkeys_reg_483_ (SDFFARX1_RVT)
 4                   339  MASTER    NN   18995  u_ctrl/u_aes/rkeys_reg_1254_ (SDFFARX1_RVT)
 4                   340  MASTER    NN   19126  u_ctrl/u_aes/rkeys_reg_1023_ (SDFFARX1_RVT)
 4                   341  MASTER    NN   19355  u_ctrl/u_aes/rkeys_reg_614_ (SDFFARX1_RVT)
 4                   342  MASTER    NN   19549  u_ctrl/u_aes/rkeys_reg_230_ (SDFFARX1_RVT)
 4                   343  MASTER    NN   19282  u_ctrl/u_aes/rkeys_reg_742_ (SDFFARX1_RVT)
 4                   344  MASTER    NN   19109  u_ctrl/u_aes/rkeys_reg_1064_ (SDFFARX1_RVT)
 4                   345  MASTER    NN   18982  u_ctrl/u_aes/rkeys_reg_1278_ (SDFFARX1_RVT)
 4                   346  MASTER    NN   19176  u_ctrl/u_aes/rkeys_reg_932_ (SDFFARX1_RVT)
 4                   347  MASTER    NN   19321  u_ctrl/u_aes/rkeys_reg_676_ (SDFFARX1_RVT)
 4                   348  MASTER    NN   19078  u_ctrl/u_aes/rkeys_reg_1114_ (SDFFARX1_RVT)
 4                   349  MASTER    NN   19466  u_ctrl/u_aes/rkeys_reg_400_ (SDFFARX1_RVT)
 4                   350  MASTER    NN   19046  u_ctrl/u_aes/rkeys_reg_1168_ (SDFFARX1_RVT)
 4                   351  MASTER    NN   19324  u_ctrl/u_aes/rkeys_reg_672_ (SDFFARX1_RVT)
 4                   352  MASTER    NN   19428  u_ctrl/u_aes/rkeys_reg_477_ (SDFFARX1_RVT)
 4                   353  MASTER    NN   19554  u_ctrl/u_aes/rkeys_reg_221_ (SDFFARX1_RVT)
 4                   354  MASTER    NN   19067  u_ctrl/u_aes/rkeys_reg_1135_ (SDFFARX1_RVT)
 4                   355  MASTER    NN   19277  u_ctrl/u_aes/rkeys_reg_751_ (SDFFARX1_RVT)
 4                   356  MASTER    NN   19068  u_ctrl/u_aes/rkeys_reg_1134_ (SDFFARX1_RVT)
 4                   357  MASTER    NN   19458  u_ctrl/u_aes/rkeys_reg_416_ (SDFFARX1_RVT)
 4                   358  MASTER    NN   19257  u_ctrl/u_aes/rkeys_reg_784_ (SDFFARX1_RVT)
 4                   359  MASTER    NN   19079  u_ctrl/u_aes/rkeys_reg_1109_ (SDFFARX1_RVT)
 4                   360  MASTER    NN   18988  u_ctrl/u_aes/rkeys_reg_1267_ (SDFFARX1_RVT)
 4                   361  MASTER    NN   19543  u_ctrl/u_aes/rkeys_reg_243_ (SDFFARX1_RVT)
 4                   362  MASTER    NN   19142  u_ctrl/u_aes/rkeys_reg_998_ (SDFFARX1_RVT)
 4                   363  MASTER    NN   19319  u_ctrl/u_aes/rkeys_reg_680_ (SDFFARX1_RVT)
 4                   364  MASTER    NN   19372  u_ctrl/u_aes/rkeys_reg_591_ (SDFFARX1_RVT)
 4                   365  MASTER    NN   19084  u_ctrl/u_aes/rkeys_reg_1103_ (SDFFARX1_RVT)
 4                   366  MASTER    NN   19315  u_ctrl/u_aes/rkeys_reg_685_ (SDFFARX1_RVT)
 4                   367  MASTER    NN   19506  u_ctrl/u_aes/rkeys_reg_305_ (SDFFARX1_RVT)
 4                   368  MASTER    NN   19027  u_ctrl/u_aes/rkeys_reg_1202_ (SDFFARX1_RVT)
 4                   369  MASTER    NN   19095  u_ctrl/u_aes/rkeys_reg_1087_ (SDFFARX1_RVT)
 4                   370  MASTER    NN   19501  u_ctrl/u_aes/rkeys_reg_319_ (SDFFARX1_RVT)
 4                   371  MASTER    NN   19509  u_ctrl/u_aes/rkeys_reg_300_ (SDFFARX1_RVT)
 4                   372  MASTER    NN   19106  u_ctrl/u_aes/rkeys_reg_1071_ (SDFFARX1_RVT)
 4                   373  MASTER    NN   19098  u_ctrl/u_aes/rkeys_reg_1083_ (SDFFARX1_RVT)
 4                   374  MASTER    NN   19023  u_ctrl/u_aes/rkeys_reg_1211_ (SDFFARX1_RVT)
 4                   375  MASTER    NN   19314  u_ctrl/u_aes/rkeys_reg_687_ (SDFFARX1_RVT)
 4                   376  MASTER    NN   19022  u_ctrl/u_aes/rkeys_reg_1212_ (SDFFARX1_RVT)
 4                   377  MASTER    NN   19097  u_ctrl/u_aes/rkeys_reg_1084_ (SDFFARX1_RVT)
 4                   378  MASTER    NN   19389  u_ctrl/u_aes/rkeys_reg_556_ (SDFFARX1_RVT)
 4                   379  MASTER    NN   19242  u_ctrl/u_aes/rkeys_reg_812_ (SDFFARX1_RVT)
 4                   380  MASTER    NN   19318  u_ctrl/u_aes/rkeys_reg_681_ (SDFFARX1_RVT)
 4                   381  MASTER    NN   19511  u_ctrl/u_aes/rkeys_reg_297_ (SDFFARX1_RVT)
 4                   382  MASTER    NN   19096  u_ctrl/u_aes/rkeys_reg_1085_ (SDFFARX1_RVT)
