 chain              cell  type     edge  inv   gate#  clocks                  instance_name (type)
 -----------------  ----  -------  ----  ---  ------  ----------------------  ------------------------------------
 chain0                0  MASTER    LE   IN    18901  + ref_clk               u_ctrl/u_rx/divcnt_reg_4_ (SDFFARX2_RVT)
 chain0                1  MASTER    LE   IN    18869  + ref_clk               u_ctrl/u_rx/divcnt_reg_19_ (SDFFARX1_RVT)
 chain0                2  MASTER    LE   IN    18870  + ref_clk               u_ctrl/u_rx/divcnt_reg_20_ (SDFFARX1_RVT)
 chain0                3  MASTER    LE   IN    18864  + ref_clk               u_ctrl/u_rx/divcnt_reg_14_ (SDFFARX1_RVT)
 chain0                4  MASTER    LE   IN    18871  + ref_clk               u_ctrl/u_rx/divcnt_reg_21_ (SDFFARX1_RVT)
 chain0                5  MASTER    LE   IN    18872  + ref_clk               u_ctrl/u_rx/divcnt_reg_22_ (SDFFARX1_RVT)
 chain0                6  MASTER    LE   IN    18915  + ref_clk               u_ctrl/u_tx/divcnt_reg_10_ (SDFFARX1_RVT)
 chain0                7  MASTER    LE   IN    18914  + ref_clk               u_ctrl/u_tx/divcnt_reg_9_ (SDFFARX1_RVT)
 chain0                8  MASTER    LE   IN    18905  + ref_clk               u_ctrl/u_tx/divcnt_reg_0_ (SDFFARX1_RVT)
 chain0                9  MASTER    LE   IN    18906  + ref_clk               u_ctrl/u_tx/divcnt_reg_1_ (SDFFARX1_RVT)
 chain0               10  MASTER    LE   IN    18907  + ref_clk               u_ctrl/u_tx/divcnt_reg_2_ (SDFFARX1_RVT)
 chain0               11  MASTER    LE   IN    18930  + ref_clk               u_ctrl/u_tx/divcnt_reg_26_ (SDFFARX1_RVT)
 chain0               12  MASTER    LE   IN    18929  + ref_clk               u_ctrl/u_tx/divcnt_reg_25_ (SDFFARX1_RVT)
 chain0               13  MASTER    LE   IN    18926  + ref_clk               u_ctrl/u_tx/divcnt_reg_22_ (SDFFARX1_RVT)
 chain0               14  MASTER    LE   IN    18927  + ref_clk               u_ctrl/u_tx/divcnt_reg_23_ (SDFFARX1_RVT)
 chain0               15  MASTER    LE   IN    18925  + ref_clk               u_ctrl/u_tx/divcnt_reg_21_ (SDFFARX1_RVT)
 chain0               16  MASTER    LE   IN    18924  + ref_clk               u_ctrl/u_tx/divcnt_reg_20_ (SDFFARX1_RVT)
 chain0               17  MASTER    LE   IN    18923  + ref_clk               u_ctrl/u_tx/divcnt_reg_19_ (SDFFARX1_RVT)
 chain0               18  MASTER    LE   IN    18922  + ref_clk               u_ctrl/u_tx/divcnt_reg_18_ (SDFFARX1_RVT)
 chain0               19  MASTER    LE   IN    18949  + ref_clk               u_ctrl/u_tx/tx_busy_reg (SDFFARX1_RVT)
 chain0               20  MASTER    LE   IN    18937  + ref_clk               u_ctrl/u_tx/bitpos_reg_2_ (SDFFARX1_RVT)
 chain0               21  MASTER    LE   IN    18938  + ref_clk               u_ctrl/u_tx/bitpos_reg_3_ (SDFFARX1_RVT)
 chain0               22  MASTER    LE   IN    18936  + ref_clk               u_ctrl/u_tx/bitpos_reg_1_ (SDFFARX1_RVT)
 chain0               23  MASTER    LE   IN    18948  + ref_clk               u_ctrl/u_tx/txd_reg (SDFFASX1_RVT)
 chain0               24  MASTER    LE   IN    18935  + ref_clk               u_ctrl/u_tx/bitpos_reg_0_ (SDFFARX1_RVT)
 chain0               25  MASTER    LE   IN    19816  + ref_clk               u_ctrl/u_aes/state_reg_70_ (SDFFARX1_RVT)
 chain0               26  MASTER    LE   IN    19919  + ref_clk               u_ctrl/u_aes/state_reg_67_ (SDFFARX1_RVT)
 chain0               27  MASTER    LE   IN    19804  + ref_clk               u_ctrl/u_aes/state_reg_71_ (SDFFARX2_RVT)
 chain0               28  MASTER    LE   IN    19646  + ref_clk               u_ctrl/u_aes/state_reg_64_ (SDFFARX1_RVT)
 chain0               29  MASTER    LE   IN    19922  + ref_clk               u_ctrl/u_aes/state_reg_65_ (SDFFARX1_RVT)
 chain0               30  MASTER    LE   IN    19883  + ref_clk               u_ctrl/u_aes/state_reg_68_ (SDFFARX2_RVT)
 chain0               31  MASTER    LE   IN    19620  + ref_clk               u_ctrl/u_aes/rkeys_reg_50_ (SDFFARX1_RVT)
 chain0               32  MASTER    LE   IN    19912  + ref_clk               u_ctrl/u_aes/state_reg_42_ (SDFFARX2_RVT)
 chain0               33  MASTER    LE   IN    19933  + ref_clk               u_ctrl/u_aes/state_reg_34_ (SDFFARX2_RVT)
 chain0               34  MASTER    LE   IN    19627  + ref_clk               u_ctrl/u_aes/rkeys_reg_40_ (SDFFARX1_RVT)
 chain0               35  MASTER    LE   IN    19622  + ref_clk               u_ctrl/u_aes/rkeys_reg_48_ (SDFFARX1_RVT)
 chain0               36  MASTER    LE   IN    19623  + ref_clk               u_ctrl/u_aes/rkeys_reg_47_ (SDFFARX1_RVT)
 chain0               37  MASTER    LE   IN    19629  + ref_clk               u_ctrl/u_aes/rkeys_reg_32_ (SDFFARX1_RVT)
 chain0               38  MASTER    LE   IN    19779  + ref_clk               u_ctrl/u_aes/state_reg_33_ (SDFFARX2_RVT)
 chain0               39  MASTER    LE   IN    19895  + ref_clk               u_ctrl/u_aes/state_reg_32_ (SDFFARX2_RVT)
 chain0               40  MASTER    LE   IN    19878  + ref_clk               u_ctrl/u_aes/state_reg_36_ (SDFFARX2_RVT)
 chain0               41  MASTER    LE   IN    19721  + ref_clk               u_ctrl/u_aes/state_reg_39_ (SDFFARX2_RVT)
 chain0               42  MASTER    LE   IN    19800  + ref_clk               u_ctrl/u_aes/state_reg_35_ (SDFFARX1_RVT)
 chain0               43  MASTER    LE   IN    19881  + ref_clk               u_ctrl/u_aes/state_reg_38_ (SDFFARX2_RVT)
 chain0               44  MASTER    LE   IN    19619  + ref_clk               u_ctrl/u_aes/rkeys_reg_56_ (SDFFARX1_RVT)
 chain0               45  MASTER    LE   IN    19753  + ref_clk               u_ctrl/u_aes/ct_out_reg_85_ (SDFFARX2_RVT)
 chain0               46  MASTER    LE   IN    19892  + ref_clk               u_ctrl/u_aes/ct_out_reg_104_ (SDFFARX2_RVT)
 chain0               47  MASTER    LE   IN    19671  + ref_clk               u_ctrl/u_aes/ct_out_reg_84_ (SDFFARX1_RVT)
 chain0               48  MASTER    LE   IN    19661  + ref_clk               u_ctrl/u_aes/ct_out_reg_107_ (SDFFARX1_RVT)
 chain0               49  MASTER    LE   IN    19666  + ref_clk               u_ctrl/u_aes/ct_out_reg_98_ (SDFFARX1_RVT)
 chain0               50  MASTER    LE   IN    19694  + ref_clk               u_ctrl/u_aes/ct_out_reg_40_ (SDFFARX1_RVT)
 chain0               51  MASTER    LE   IN    19667  + ref_clk               u_ctrl/u_aes/ct_out_reg_97_ (SDFFARX1_RVT)
 chain0               52  MASTER    LE   IN    20054  + ref_clk               u_ctrl/ct_hold_fast_reg_119_ (SDFFARX1_RVT)
 chain0               53  MASTER    LE   IN    20370  + ref_clk               u_ctrl/ct_hold_fast_reg_77_ (SDFFARX2_RVT)
 chain0               54  MASTER    LE   IN    20094  + ref_clk               u_ctrl/ct_hold_fast_reg_79_ (SDFFARX1_RVT)
 chain0               55  MASTER    LE   IN    20044  + ref_clk               u_ctrl/ct_hold_fast_reg_2_ (SDFFARX1_RVT)
 chain0               56  MASTER    LE   IN    20099  + ref_clk               u_ctrl/ct_hold_fast_reg_71_ (SDFFARX1_RVT)
 chain0               57  MASTER    LE   IN    20100  + ref_clk               u_ctrl/ct_hold_fast_reg_70_ (SDFFARX1_RVT)
 chain0               58  MASTER    LE   IN    20014  + ref_clk               u_ctrl/start_uart_cmd_reg (SDFFARX1_RVT)
 chain0               59  MASTER    LE   IN    20041  + ref_clk               u_ctrl/ct_hold_fast_reg_5_ (SDFFARX1_RVT)
 chain0               60  MASTER    LE   IN    20042  + ref_clk               u_ctrl/ct_hold_fast_reg_4_ (SDFFARX1_RVT)
 chain0               61  MASTER    LE   IN    20271  + ref_clk               u_ctrl/ct_hold_div2_reg_70_ (SDFFARX1_RVT)
 chain0               62  MASTER    LE   IN    20212  + ref_clk               u_ctrl/ct_hold_div2_reg_2_ (SDFFARX1_RVT)
 chain0               63  MASTER    LE   IN    20209  + ref_clk               u_ctrl/ct_hold_div2_reg_5_ (SDFFARX1_RVT)
 chain0               64  MASTER    LE   IN    20213  + ref_clk               u_ctrl/ct_hold_div2_reg_0_ (SDFFARX1_RVT)
 chain0               65  MASTER    LE   IN    20210  + ref_clk               u_ctrl/ct_hold_div2_reg_4_ (SDFFARX1_RVT)
 chain0               66  MASTER    LE   IN    20272  + ref_clk               u_ctrl/ct_hold_div2_reg_69_ (SDFFARX1_RVT)
 chain0               67  MASTER    LE   IN    20217  + ref_clk               u_ctrl/ct_hold_div2_reg_124_ (SDFFARX1_RVT)
 chain0               68  MASTER    LE   IN    20222  + ref_clk               u_ctrl/ct_hold_div2_reg_119_ (SDFFARX1_RVT)
 chain0               69  MASTER    LE   IN    20047  + ref_clk               u_ctrl/ct_hold_fast_reg_126_ (SDFFARX1_RVT)
 chain0               70  MASTER    LE   IN    20097  + ref_clk               u_ctrl/ct_hold_fast_reg_73_ (SDFFARX1_RVT)
 chain0               71  MASTER    LE   IN    20183  + ref_clk               u_ctrl/ct_ok_reg (SDFFARX1_RVT)
 chain0               72  MASTER    LE   IN    20098  + ref_clk               u_ctrl/ct_hold_fast_reg_72_ (SDFFARX1_RVT)
 chain0               73  MASTER    LE   IN    20049  + ref_clk               u_ctrl/ct_hold_fast_reg_124_ (SDFFARX1_RVT)
 chain0               74  MASTER    LE   IN    20048  + ref_clk               u_ctrl/ct_hold_fast_reg_125_ (SDFFARX1_RVT)
 chain0               75  MASTER    LE   IN    20057  + ref_clk               u_ctrl/ct_hold_fast_reg_116_ (SDFFARX1_RVT)
 chain0               76  MASTER    LE   IN    20056  + ref_clk               u_ctrl/ct_hold_fast_reg_117_ (SDFFARX1_RVT)
 chain0               77  MASTER    LE   IN    20060  + ref_clk               u_ctrl/ct_hold_fast_reg_113_ (SDFFARX1_RVT)
 chain0               78  MASTER    LE   IN    20055  + ref_clk               u_ctrl/ct_hold_fast_reg_118_ (SDFFARX1_RVT)
 chain0               79  MASTER    LE   IN    20052  + ref_clk               u_ctrl/ct_hold_fast_reg_121_ (SDFFARX1_RVT)
 chain0               80  MASTER    LE   IN    20374  + ref_clk               u_ctrl/ct_hold_fast_reg_76_ (SDFFARX2_RVT)
 chain0               81  MASTER    LE   IN    20051  + ref_clk               u_ctrl/ct_hold_fast_reg_122_ (SDFFARX1_RVT)
 chain0               82  MASTER    LE   IN    20095  + ref_clk               u_ctrl/ct_hold_fast_reg_78_ (SDFFARX1_RVT)
 chain0               83  MASTER    LE   IN    20053  + ref_clk               u_ctrl/ct_hold_fast_reg_120_ (SDFFARX1_RVT)
 chain0               84  MASTER    LE   IN    20046  + ref_clk               u_ctrl/ct_hold_fast_reg_127_ (SDFFARX1_RVT)
 chain0               85  MASTER    LE   IN    20225  + ref_clk               u_ctrl/ct_hold_div2_reg_116_ (SDFFARX1_RVT)
 chain0               86  MASTER    LE   IN    20224  + ref_clk               u_ctrl/ct_hold_div2_reg_117_ (SDFFARX1_RVT)
 chain0               87  MASTER    LE   IN    20214  + ref_clk               u_ctrl/ct_hold_div2_reg_127_ (SDFFARX1_RVT)
 chain0               88  MASTER    LE   IN    20215  + ref_clk               u_ctrl/ct_hold_div2_reg_126_ (SDFFARX1_RVT)
 chain0               89  MASTER    LE   IN    20216  + ref_clk               u_ctrl/ct_hold_div2_reg_125_ (SDFFARX1_RVT)
 chain0               90  MASTER    LE   IN    20219  + ref_clk               u_ctrl/ct_hold_div2_reg_122_ (SDFFARX1_RVT)
 chain0               91  MASTER    LE   IN    20223  + ref_clk               u_ctrl/ct_hold_div2_reg_118_ (SDFFARX1_RVT)
 chain0               92  MASTER    LE   IN    20229  + ref_clk               u_ctrl/ct_hold_div2_reg_112_ (SDFFARX1_RVT)
 chain0               93  MASTER    LE   IN    20221  + ref_clk               u_ctrl/ct_hold_div2_reg_120_ (SDFFARX1_RVT)
 chain0               94  MASTER    LE   IN    20050  + ref_clk               u_ctrl/ct_hold_fast_reg_123_ (SDFFARX1_RVT)
 chain0               95  MASTER    LE   IN    20061  + ref_clk               u_ctrl/ct_hold_fast_reg_112_ (SDFFARX1_RVT)
 chain0               96  MASTER    LE   IN    20063  + ref_clk               u_ctrl/ct_hold_fast_reg_110_ (SDFFARX1_RVT)
 chain0               97  MASTER    LE   IN    20140  + ref_clk               u_ctrl/ct_hold_fast_reg_30_ (SDFFARX1_RVT)
 chain0               98  MASTER    LE   IN    20218  + ref_clk               u_ctrl/ct_hold_div2_reg_123_ (SDFFARX1_RVT)
 chain0               99  MASTER    LE   IN    20228  + ref_clk               u_ctrl/ct_hold_div2_reg_113_ (SDFFARX1_RVT)
 chain0              100  MASTER    LE   IN    20226  + ref_clk               u_ctrl/ct_hold_div2_reg_115_ (SDFFARX1_RVT)
 chain0              101  MASTER    LE   IN    20220  + ref_clk               u_ctrl/ct_hold_div2_reg_121_ (SDFFARX1_RVT)
 chain0              102  MASTER    LE   IN    20231  + ref_clk               u_ctrl/ct_hold_div2_reg_110_ (SDFFARX1_RVT)
 chain0              103  MASTER    LE   IN    20074  + ref_clk               u_ctrl/ct_hold_fast_reg_99_ (SDFFARX1_RVT)
 chain0              104  MASTER    LE   IN    20227  + ref_clk               u_ctrl/ct_hold_div2_reg_114_ (SDFFARX1_RVT)
 chain0              105  MASTER    LE   IN    20307  + ref_clk               u_ctrl/ct_hold_div2_reg_30_ (SDFFARX1_RVT)
 chain0              106  MASTER    LE   IN    20304  + ref_clk               u_ctrl/ct_hold_div2_reg_33_ (SDFFARX1_RVT)
 chain0              107  MASTER    LE   IN    20242  + ref_clk               u_ctrl/ct_hold_div2_reg_99_ (SDFFARX1_RVT)
 chain0              108  MASTER    LE   IN    20306  + ref_clk               u_ctrl/ct_hold_div2_reg_31_ (SDFFARX1_RVT)
 chain0              109  MASTER    LE   IN    20232  + ref_clk               u_ctrl/ct_hold_div2_reg_109_ (SDFFARX1_RVT)
 chain0              110  MASTER    LE   IN    20247  + ref_clk               u_ctrl/ct_hold_div2_reg_94_ (SDFFARX1_RVT)
 chain0              111  MASTER    LE   IN    20260  + ref_clk               u_ctrl/ct_hold_div2_reg_81_ (SDFFARX1_RVT)
 chain0              112  MASTER    LE   IN    20256  + ref_clk               u_ctrl/ct_hold_div2_reg_85_ (SDFFARX1_RVT)
 chain0              113  MASTER    LE   IN    20305  + ref_clk               u_ctrl/ct_hold_div2_reg_32_ (SDFFARX1_RVT)
 chain0              114  MASTER    LE   IN    20299  + ref_clk               u_ctrl/ct_hold_div2_reg_39_ (SDFFARX1_RVT)
 chain0              115  MASTER    LE   IN    20308  + ref_clk               u_ctrl/ct_hold_div2_reg_29_ (SDFFARX1_RVT)
 chain0              116  MASTER    LE   IN    20239  + ref_clk               u_ctrl/ct_hold_div2_reg_102_ (SDFFARX1_RVT)
 chain0              117  MASTER    LE   IN    20138  + ref_clk               u_ctrl/ct_hold_fast_reg_32_ (SDFFARX1_RVT)
 chain0              118  MASTER    LE   IN    20071  + ref_clk               u_ctrl/ct_hold_fast_reg_102_ (SDFFARX1_RVT)
 chain0              119  MASTER    LE   IN    20096  + ref_clk               u_ctrl/ct_hold_fast_reg_74_ (SDFFARX1_RVT)
 chain0              120  MASTER    LE   IN    20091  + ref_clk               u_ctrl/ct_hold_fast_reg_82_ (SDFFARX1_RVT)
 chain0              121  MASTER    LE   IN    20137  + ref_clk               u_ctrl/ct_hold_fast_reg_33_ (SDFFARX1_RVT)
 chain0              122  MASTER    LE   IN    20093  + ref_clk               u_ctrl/ct_hold_fast_reg_80_ (SDFFARX1_RVT)
 chain0              123  MASTER    LE   IN    20058  + ref_clk               u_ctrl/ct_hold_fast_reg_115_ (SDFFARX1_RVT)
 chain0              124  MASTER    LE   IN    20092  + ref_clk               u_ctrl/ct_hold_fast_reg_81_ (SDFFARX1_RVT)
 chain0              125  MASTER    LE   IN    20064  + ref_clk               u_ctrl/ct_hold_fast_reg_109_ (SDFFARX1_RVT)
 chain0              126  MASTER    LE   IN    20062  + ref_clk               u_ctrl/ct_hold_fast_reg_111_ (SDFFARX1_RVT)
 chain0              127  MASTER    LE   IN    20059  + ref_clk               u_ctrl/ct_hold_fast_reg_114_ (SDFFARX1_RVT)
 chain0              128  MASTER    LE   IN    19699  + ref_clk               u_ctrl/u_aes/ct_out_reg_32_ (SDFFARX1_RVT)
 chain0              129  MASTER    LE   IN    19698  + ref_clk               u_ctrl/u_aes/ct_out_reg_33_ (SDFFARX1_RVT)
 chain0              130  MASTER    LE   IN    19695  + ref_clk               u_ctrl/u_aes/ct_out_reg_39_ (SDFFARX1_RVT)
 chain0              131  MASTER    LE   IN    19839  + ref_clk               u_ctrl/u_aes/ct_out_reg_34_ (SDFFARX2_RVT)
 chain0              132  MASTER    LE   IN    19898  + ref_clk               u_ctrl/u_aes/ct_out_reg_55_ (SDFFARX2_RVT)
 chain0              133  MASTER    LE   IN    19870  + ref_clk               u_ctrl/u_aes/ct_out_reg_83_ (SDFFARX2_RVT)
 chain0              134  MASTER    LE   IN    19617  + ref_clk               u_ctrl/u_aes/rkeys_reg_60_ (SDFFARX1_RVT)
 chain0              135  MASTER    LE   IN    19618  + ref_clk               u_ctrl/u_aes/rkeys_reg_57_ (SDFFARX1_RVT)
 chain0              136  MASTER    LE   IN    19628  + ref_clk               u_ctrl/u_aes/rkeys_reg_39_ (SDFFARX1_RVT)
 chain0              137  MASTER    LE   IN    19614  + ref_clk               u_ctrl/u_aes/rkeys_reg_63_ (SDFFARX1_RVT)
 chain0              138  MASTER    LE   IN    19624  + ref_clk               u_ctrl/u_aes/rkeys_reg_45_ (SDFFARX1_RVT)
 chain0              139  MASTER    LE   IN    19811  + ref_clk               u_ctrl/u_aes/state_reg_37_ (SDFFARX2_RVT)
 chain0              140  MASTER    LE   IN    19615  + ref_clk               u_ctrl/u_aes/rkeys_reg_62_ (SDFFARX1_RVT)
 chain0              141  MASTER    LE   IN    19802  + ref_clk               u_ctrl/u_aes/state_reg_62_ (SDFFARX2_RVT)
 chain0              142  MASTER    LE   IN    19645  + ref_clk               u_ctrl/u_aes/state_reg_59_ (SDFFARX1_RVT)
 chain0              143  MASTER    LE   IN    19710  + ref_clk               u_ctrl/u_aes/state_reg_63_ (SDFFARX2_RVT)
 chain0              144  MASTER    LE   IN    19616  + ref_clk               u_ctrl/u_aes/rkeys_reg_61_ (SDFFARX1_RVT)
 chain0              145  MASTER    LE   IN    19712  + ref_clk               u_ctrl/u_aes/state_reg_60_ (SDFFARX2_RVT)
 chain0              146  MASTER    LE   IN    19847  + ref_clk               u_ctrl/u_aes/state_reg_57_ (SDFFARX2_RVT)
 chain0              147  MASTER    LE   IN    19852  + ref_clk               u_ctrl/u_aes/state_reg_56_ (SDFFARX1_RVT)
 chain0              148  MASTER    LE   IN    19772  + ref_clk               u_ctrl/u_aes/ct_out_reg_51_ (SDFFARX2_RVT)
 chain0              149  MASTER    LE   IN    19677  + ref_clk               u_ctrl/u_aes/ct_out_reg_65_ (SDFFARX1_RVT)
 chain0              150  MASTER    LE   IN    19693  + ref_clk               u_ctrl/u_aes/ct_out_reg_41_ (SDFFARX1_RVT)
 chain0              151  MASTER    LE   IN    19676  + ref_clk               u_ctrl/u_aes/ct_out_reg_68_ (SDFFARX1_RVT)
 chain0              152  MASTER    LE   IN    19679  + ref_clk               u_ctrl/u_aes/ct_out_reg_63_ (SDFFARX1_RVT)
 chain0              153  MASTER    LE   IN    20085  + ref_clk               u_ctrl/ct_hold_fast_reg_88_ (SDFFARX1_RVT)
 chain0              154  MASTER    LE   IN    20089  + ref_clk               u_ctrl/ct_hold_fast_reg_84_ (SDFFARX1_RVT)
 chain0              155  MASTER    LE   IN    20081  + ref_clk               u_ctrl/ct_hold_fast_reg_92_ (SDFFARX1_RVT)
 chain0              156  MASTER    LE   IN    20065  + ref_clk               u_ctrl/ct_hold_fast_reg_108_ (SDFFARX1_RVT)
 chain0              157  MASTER    LE   IN    20102  + ref_clk               u_ctrl/ct_hold_fast_reg_68_ (SDFFARX1_RVT)
 chain0              158  MASTER    LE   IN    20079  + ref_clk               u_ctrl/ct_hold_fast_reg_94_ (SDFFARX1_RVT)
 chain0              159  MASTER    LE   IN    20080  + ref_clk               u_ctrl/ct_hold_fast_reg_93_ (SDFFARX1_RVT)
 chain0              160  MASTER    LE   IN    20131  + ref_clk               u_ctrl/ct_hold_fast_reg_39_ (SDFFARX1_RVT)
 chain0              161  MASTER    LE   IN    20139  + ref_clk               u_ctrl/ct_hold_fast_reg_31_ (SDFFARX1_RVT)
 chain0              162  MASTER    LE   IN    20078  + ref_clk               u_ctrl/ct_hold_fast_reg_95_ (SDFFARX1_RVT)
 chain0              163  MASTER    LE   IN    20136  + ref_clk               u_ctrl/ct_hold_fast_reg_34_ (SDFFARX1_RVT)
 chain0              164  MASTER    LE   IN    20134  + ref_clk               u_ctrl/ct_hold_fast_reg_36_ (SDFFARX1_RVT)
 chain0              165  MASTER    LE   IN    20130  + ref_clk               u_ctrl/ct_hold_fast_reg_40_ (SDFFARX1_RVT)
 chain0              166  MASTER    LE   IN    20141  + ref_clk               u_ctrl/ct_hold_fast_reg_29_ (SDFFARX1_RVT)
 chain0              167  MASTER    LE   IN    20302  + ref_clk               u_ctrl/ct_hold_div2_reg_35_ (SDFFARX1_RVT)
 chain0              168  MASTER    LE   IN    20303  + ref_clk               u_ctrl/ct_hold_div2_reg_34_ (SDFFARX1_RVT)
 chain0              169  MASTER    LE   IN    20301  + ref_clk               u_ctrl/ct_hold_div2_reg_36_ (SDFFARX1_RVT)
 chain0              170  MASTER    LE   IN    20278  + ref_clk               u_ctrl/ct_hold_div2_reg_63_ (SDFFARX1_RVT)
 chain0              171  MASTER    LE   IN    20241  + ref_clk               u_ctrl/ct_hold_div2_reg_100_ (SDFFARX1_RVT)
 chain0              172  MASTER    LE   IN    20248  + ref_clk               u_ctrl/ct_hold_div2_reg_93_ (SDFFARX1_RVT)
 chain0              173  MASTER    LE   IN    20258  + ref_clk               u_ctrl/ct_hold_div2_reg_83_ (SDFFARX1_RVT)
 chain0              174  MASTER    LE   IN    20233  + ref_clk               u_ctrl/ct_hold_div2_reg_108_ (SDFFARX1_RVT)
 chain0              175  MASTER    LE   IN    20246  + ref_clk               u_ctrl/ct_hold_div2_reg_95_ (SDFFARX1_RVT)
 chain0              176  MASTER    LE   IN    20257  + ref_clk               u_ctrl/ct_hold_div2_reg_84_ (SDFFARX1_RVT)
 chain0              177  MASTER    LE   IN    20234  + ref_clk               u_ctrl/ct_hold_div2_reg_107_ (SDFFARX1_RVT)
 chain0              178  MASTER    LE   IN    20254  + ref_clk               u_ctrl/ct_hold_div2_reg_87_ (SDFFARX1_RVT)
 chain0              179  MASTER    LE   IN    20235  + ref_clk               u_ctrl/ct_hold_div2_reg_106_ (SDFFARX1_RVT)
 chain0              180  MASTER    LE   IN    20250  + ref_clk               u_ctrl/ct_hold_div2_reg_91_ (SDFFARX1_RVT)
 chain0              181  MASTER    LE   IN    20255  + ref_clk               u_ctrl/ct_hold_div2_reg_86_ (SDFFARX1_RVT)
 chain0              182  MASTER    LE   IN    20243  + ref_clk               u_ctrl/ct_hold_div2_reg_98_ (SDFFARX1_RVT)
 chain0              183  MASTER    LE   IN    20240  + ref_clk               u_ctrl/ct_hold_div2_reg_101_ (SDFFARX1_RVT)
 chain0              184  MASTER    LE   IN    20276  + ref_clk               u_ctrl/ct_hold_div2_reg_65_ (SDFFARX1_RVT)
 chain0              185  MASTER    LE   IN    20296  + ref_clk               u_ctrl/ct_hold_div2_reg_42_ (SDFFARX1_RVT)
 chain0              186  MASTER    LE   IN    20298  + ref_clk               u_ctrl/ct_hold_div2_reg_40_ (SDFFARX1_RVT)
 chain0              187  MASTER    LE   IN    20073  + ref_clk               u_ctrl/ct_hold_fast_reg_100_ (SDFFARX1_RVT)
 chain0              188  MASTER    LE   IN    20083  + ref_clk               u_ctrl/ct_hold_fast_reg_90_ (SDFFARX1_RVT)
 chain0              189  MASTER    LE   IN    20084  + ref_clk               u_ctrl/ct_hold_fast_reg_89_ (SDFFARX1_RVT)
 chain0              190  MASTER    LE   IN    20070  + ref_clk               u_ctrl/ct_hold_fast_reg_103_ (SDFFARX1_RVT)
 chain0              191  MASTER    LE   IN    20069  + ref_clk               u_ctrl/ct_hold_fast_reg_104_ (SDFFARX1_RVT)
 chain0              192  MASTER    LE   IN    20135  + ref_clk               u_ctrl/ct_hold_fast_reg_35_ (SDFFARX1_RVT)
 chain0              193  MASTER    LE   IN    20088  + ref_clk               u_ctrl/ct_hold_fast_reg_85_ (SDFFARX1_RVT)
 chain0              194  MASTER    LE   IN    20082  + ref_clk               u_ctrl/ct_hold_fast_reg_91_ (SDFFARX1_RVT)
 chain0              195  MASTER    LE   IN    20090  + ref_clk               u_ctrl/ct_hold_fast_reg_83_ (SDFFARX1_RVT)
 chain0              196  MASTER    LE   IN    20067  + ref_clk               u_ctrl/ct_hold_fast_reg_106_ (SDFFARX1_RVT)
 chain0              197  MASTER    LE   IN    20087  + ref_clk               u_ctrl/ct_hold_fast_reg_86_ (SDFFARX1_RVT)
 chain0              198  MASTER    LE   IN    20072  + ref_clk               u_ctrl/ct_hold_fast_reg_101_ (SDFFARX1_RVT)
 chain0              199  MASTER    LE   IN    20133  + ref_clk               u_ctrl/ct_hold_fast_reg_37_ (SDFFARX1_RVT)
 chain0              200  MASTER    LE   IN    20086  + ref_clk               u_ctrl/ct_hold_fast_reg_87_ (SDFFARX1_RVT)
 chain0              201  MASTER    LE   IN    20342  + ref_clk               u_ctrl/aes_done_ff1_reg (SDFFARX1_RVT)
 chain0              202  MASTER    LE   IN    20128  + ref_clk               u_ctrl/ct_hold_fast_reg_42_ (SDFFARX1_RVT)
 chain0              203  MASTER    LE   IN    20066  + ref_clk               u_ctrl/ct_hold_fast_reg_107_ (SDFFARX1_RVT)
 chain0              204  MASTER    LE   IN    20107  + ref_clk               u_ctrl/ct_hold_fast_reg_63_ (SDFFARX1_RVT)
 chain0              205  MASTER    LE   IN    19692  + ref_clk               u_ctrl/u_aes/ct_out_reg_42_ (SDFFARX1_RVT)
 chain0              206  MASTER    LE   IN    19697  + ref_clk               u_ctrl/u_aes/ct_out_reg_35_ (SDFFARX1_RVT)
 chain0              207  MASTER    LE   IN    19906  + ref_clk               u_ctrl/u_aes/ct_out_reg_36_ (SDFFARX2_RVT)
 chain0              208  MASTER    LE   IN    19873  + ref_clk               u_ctrl/u_aes/ct_out_reg_43_ (SDFFARX2_RVT)
 chain0              209  MASTER    LE   IN    19691  + ref_clk               u_ctrl/u_aes/ct_out_reg_44_ (SDFFARX1_RVT)
 chain0              210  MASTER    LE   IN    19880  + ref_clk               u_ctrl/u_aes/ct_out_reg_54_ (SDFFARX2_RVT)
 chain0              211  MASTER    LE   IN    19689  + ref_clk               u_ctrl/u_aes/ct_out_reg_47_ (SDFFARX1_RVT)
 chain0              212  MASTER    LE   IN    19902  + ref_clk               u_ctrl/u_aes/ct_out_reg_46_ (SDFFARX2_RVT)
 chain0              213  MASTER    LE   IN    19871  + ref_clk               u_ctrl/u_aes/ct_out_reg_38_ (SDFFARX2_RVT)
 chain0              214  MASTER    LE   IN    19901  + ref_clk               u_ctrl/u_aes/ct_out_reg_53_ (SDFFARX2_RVT)
 chain0              215  MASTER    LE   IN    19690  + ref_clk               u_ctrl/u_aes/ct_out_reg_45_ (SDFFARX1_RVT)
 chain0              216  MASTER    LE   IN    19682  + ref_clk               u_ctrl/u_aes/ct_out_reg_60_ (SDFFARX1_RVT)
 chain0              217  MASTER    LE   IN    19696  + ref_clk               u_ctrl/u_aes/ct_out_reg_37_ (SDFFARX1_RVT)
 chain0              218  MASTER    LE   IN    19709  + ref_clk               u_ctrl/u_aes/done_reg (SDFFARX1_RVT)
 chain0              219  MASTER    LE   IN    20123  + ref_clk               u_ctrl/ct_hold_fast_reg_47_ (SDFFARX1_RVT)
 chain0              220  MASTER    LE   IN    20105  + ref_clk               u_ctrl/ct_hold_fast_reg_65_ (SDFFARX1_RVT)
 chain0              221  MASTER    LE   IN    20110  + ref_clk               u_ctrl/ct_hold_fast_reg_60_ (SDFFARX1_RVT)
 chain0              222  MASTER    LE   IN    20115  + ref_clk               u_ctrl/ct_hold_fast_reg_55_ (SDFFARX1_RVT)
 chain0              223  MASTER    LE   IN    20077  + ref_clk               u_ctrl/ct_hold_fast_reg_96_ (SDFFARX1_RVT)
 chain0              224  MASTER    LE   IN    20075  + ref_clk               u_ctrl/ct_hold_fast_reg_98_ (SDFFARX1_RVT)
 chain0              225  MASTER    LE   IN    20129  + ref_clk               u_ctrl/ct_hold_fast_reg_41_ (SDFFARX1_RVT)
 chain0              226  MASTER    LE   IN    20076  + ref_clk               u_ctrl/ct_hold_fast_reg_97_ (SDFFARX1_RVT)
 chain0              227  MASTER    LE   IN    20297  + ref_clk               u_ctrl/ct_hold_div2_reg_41_ (SDFFARX1_RVT)
 chain0              228  MASTER    LE   IN    20300  + ref_clk               u_ctrl/ct_hold_div2_reg_37_ (SDFFARX1_RVT)
 chain0              229  MASTER    LE   IN    20292  + ref_clk               u_ctrl/ct_hold_div2_reg_47_ (SDFFARX1_RVT)
 chain0              230  MASTER    LE   IN    20279  + ref_clk               u_ctrl/ct_hold_div2_reg_62_ (SDFFARX1_RVT)
 chain0              231  MASTER    LE   IN    20244  + ref_clk               u_ctrl/ct_hold_div2_reg_97_ (SDFFARX1_RVT)
 chain0              232  MASTER    LE   IN    20373  + ref_clk               u_ctrl/ct_hold_div2_reg_50_ (SDFFARX2_RVT)
 chain0              233  MASTER    LE   IN    20285  + ref_clk               u_ctrl/ct_hold_div2_reg_56_ (SDFFARX1_RVT)
 chain0              234  MASTER    LE   IN    20252  + ref_clk               u_ctrl/ct_hold_div2_reg_89_ (SDFFARX1_RVT)
 chain0              235  MASTER    LE   IN    20251  + ref_clk               u_ctrl/ct_hold_div2_reg_90_ (SDFFARX1_RVT)
 chain0              236  MASTER    LE   IN    20238  + ref_clk               u_ctrl/ct_hold_div2_reg_103_ (SDFFARX1_RVT)
 chain0              237  MASTER    LE   IN    20245  + ref_clk               u_ctrl/ct_hold_div2_reg_96_ (SDFFARX1_RVT)
 chain0              238  MASTER    LE   IN    20281  + ref_clk               u_ctrl/ct_hold_div2_reg_60_ (SDFFARX1_RVT)
 chain0              239  MASTER    LE   IN    20236  + ref_clk               u_ctrl/ct_hold_div2_reg_105_ (SDFFARX1_RVT)
 chain0              240  MASTER    LE   IN    20277  + ref_clk               u_ctrl/ct_hold_div2_reg_64_ (SDFFARX1_RVT)
 chain0              241  MASTER    LE   IN    20289  + ref_clk               u_ctrl/ct_hold_div2_reg_51_ (SDFFARX1_RVT)
 chain0              242  MASTER    LE   IN    20290  + ref_clk               u_ctrl/ct_hold_div2_reg_49_ (SDFFARX1_RVT)
 chain0              243  MASTER    LE   IN    20371  + ref_clk               u_ctrl/ct_hold_div2_reg_38_ (SDFFARX2_RVT)
 chain0              244  MASTER    LE   IN    20294  + ref_clk               u_ctrl/ct_hold_div2_reg_44_ (SDFFARX1_RVT)
 chain0              245  MASTER    LE   IN    20293  + ref_clk               u_ctrl/ct_hold_div2_reg_45_ (SDFFARX1_RVT)
 chain0              246  MASTER    LE   IN    20295  + ref_clk               u_ctrl/ct_hold_div2_reg_43_ (SDFFARX1_RVT)
 chain0              247  MASTER    LE   IN    20119  + ref_clk               u_ctrl/ct_hold_fast_reg_51_ (SDFFARX1_RVT)
 chain0              248  MASTER    LE   IN    20068  + ref_clk               u_ctrl/ct_hold_fast_reg_105_ (SDFFARX1_RVT)
 chain0              249  MASTER    LE   IN    20132  + ref_clk               u_ctrl/ct_hold_fast_reg_38_ (SDFFARX1_RVT)
 chain0              250  MASTER    LE   IN    20117  + ref_clk               u_ctrl/ct_hold_fast_reg_53_ (SDFFARX1_RVT)
 chain0              251  MASTER    LE   IN    20127  + ref_clk               u_ctrl/ct_hold_fast_reg_43_ (SDFFARX1_RVT)
 chain0              252  MASTER    LE   IN    20126  + ref_clk               u_ctrl/ct_hold_fast_reg_44_ (SDFFARX1_RVT)
 chain0              253  MASTER    LE   IN    20116  + ref_clk               u_ctrl/ct_hold_fast_reg_54_ (SDFFARX1_RVT)
 chain0              254  MASTER    LE   IN    20125  + ref_clk               u_ctrl/ct_hold_fast_reg_45_ (SDFFARX1_RVT)
 chain0              255  MASTER    LE   IN    19687  + ref_clk               u_ctrl/u_aes/ct_out_reg_49_ (SDFFARX1_RVT)
 chain0              256  MASTER    LE   IN    19686  + ref_clk               u_ctrl/u_aes/ct_out_reg_50_ (SDFFARX1_RVT)
 chain0              257  MASTER    LE   IN    19678  + ref_clk               u_ctrl/u_aes/ct_out_reg_64_ (SDFFARX1_RVT)
 chain0              258  MASTER    LE   IN    19886  + ref_clk               u_ctrl/u_aes/ct_out_reg_52_ (SDFFARX2_RVT)
 chain0              259  MASTER    LE   IN    19905  + ref_clk               u_ctrl/u_aes/ct_out_reg_59_ (SDFFARX2_RVT)
 chain0              260  MASTER    LE   IN    19681  + ref_clk               u_ctrl/u_aes/ct_out_reg_61_ (SDFFARX1_RVT)
 chain0              261  MASTER    LE   IN    19683  + ref_clk               u_ctrl/u_aes/ct_out_reg_58_ (SDFFARX1_RVT)
 chain0              262  MASTER    LE   IN    19688  + ref_clk               u_ctrl/u_aes/ct_out_reg_48_ (SDFFARX1_RVT)
 chain0              263  MASTER    LE   IN    19685  + ref_clk               u_ctrl/u_aes/ct_out_reg_56_ (SDFFARX1_RVT)
 chain0              264  MASTER    LE   IN    19680  + ref_clk               u_ctrl/u_aes/ct_out_reg_62_ (SDFFARX1_RVT)
 chain0              265  MASTER    LE   IN    20108  + ref_clk               u_ctrl/ct_hold_fast_reg_62_ (SDFFARX1_RVT)
 chain0              266  MASTER    LE   IN    20124  + ref_clk               u_ctrl/ct_hold_fast_reg_46_ (SDFFARX1_RVT)
 chain0              267  MASTER    LE   IN    20122  + ref_clk               u_ctrl/ct_hold_fast_reg_48_ (SDFFARX1_RVT)
 chain0              268  MASTER    LE   IN    20120  + ref_clk               u_ctrl/ct_hold_fast_reg_50_ (SDFFARX1_RVT)
 chain0              269  MASTER    LE   IN    20121  + ref_clk               u_ctrl/ct_hold_fast_reg_49_ (SDFFARX1_RVT)
 chain0              270  MASTER    LE   IN    20106  + ref_clk               u_ctrl/ct_hold_fast_reg_64_ (SDFFARX1_RVT)
 chain0              271  MASTER    LE   IN    20365  + ref_clk               u_ctrl/ct_hold_div2_reg_46_ (SDFFARX2_RVT)
 chain0              272  MASTER    LE   IN    20288  + ref_clk               u_ctrl/ct_hold_div2_reg_53_ (SDFFARX1_RVT)
 chain0              273  MASTER    LE   IN    20287  + ref_clk               u_ctrl/ct_hold_div2_reg_54_ (SDFFARX1_RVT)
 chain0              274  MASTER    LE   IN    20280  + ref_clk               u_ctrl/ct_hold_div2_reg_61_ (SDFFARX1_RVT)
 chain0              275  MASTER    LE   IN    20282  + ref_clk               u_ctrl/ct_hold_div2_reg_59_ (SDFFARX1_RVT)
 chain0              276  MASTER    LE   IN    20377  + ref_clk               u_ctrl/ct_hold_div2_reg_52_ (SDFFARX2_RVT)
 chain0              277  MASTER    LE   IN    20012  + ref_clk               u_ctrl/u_send_cdc/pulse_dst_reg (SDFFARX2_RVT)
 chain0              278  MASTER    LE   IN    20286  + ref_clk               u_ctrl/ct_hold_div2_reg_55_ (SDFFARX1_RVT)
 chain0              279  MASTER    LE   IN    20368  + ref_clk               u_ctrl/tx_cnt_div4_reg_0_ (SDFFARX2_RVT)
 chain0              280  MASTER    LE   IN    20181  + ref_clk               u_ctrl/tx_done_div4_reg (SDFFARX1_RVT)
 chain0              281  MASTER    LE   IN    20180  + ref_clk               u_ctrl/tx_active_div4_reg (SDFFARX1_RVT)
 chain0              282  MASTER    LE   IN    20283  + ref_clk               u_ctrl/ct_hold_div2_reg_58_ (SDFFARX1_RVT)
 chain0              283  MASTER    LE   IN    20284  + ref_clk               u_ctrl/ct_hold_div2_reg_57_ (SDFFARX1_RVT)
 chain0              284  MASTER    LE   IN    20291  + ref_clk               u_ctrl/ct_hold_div2_reg_48_ (SDFFARX1_RVT)
 chain0              285  MASTER    LE   IN    20322  + ref_clk               u_ctrl/tx_buf_data_reg_2_ (SDFFARX1_RVT)
 chain0              286  MASTER    LE   IN    20314  + ref_clk               u_ctrl/tx_buf_data_reg_6_ (SDFFARX1_RVT)
 chain0              287  MASTER    LE   IN    20328  + ref_clk               u_ctrl/tx_data_reg_4_ (SDFFARX1_RVT)
 chain0              288  MASTER    LE   IN    20118  + ref_clk               u_ctrl/ct_hold_fast_reg_52_ (SDFFARX1_RVT)
 chain0              289  MASTER    LE   IN    20327  + ref_clk               u_ctrl/tx_data_reg_5_ (SDFFARX1_RVT)
 chain0              290  MASTER    LE   IN    20109  + ref_clk               u_ctrl/ct_hold_fast_reg_61_ (SDFFARX1_RVT)
 chain0              291  MASTER    LE   IN    20112  + ref_clk               u_ctrl/ct_hold_fast_reg_58_ (SDFFARX1_RVT)
 chain0              292  MASTER    LE   IN    20113  + ref_clk               u_ctrl/ct_hold_fast_reg_57_ (SDFFARX1_RVT)
 chain0              293  MASTER    LE   IN    20114  + ref_clk               u_ctrl/ct_hold_fast_reg_56_ (SDFFARX1_RVT)
 chain0              294  MASTER    LE   IN    20111  + ref_clk               u_ctrl/ct_hold_fast_reg_59_ (SDFFARX1_RVT)
 chain0              295  MASTER    LE   IN    18941  + ref_clk               u_ctrl/u_tx/shifter_reg_6_ (SDFFASX1_RVT)
 chain0              296  MASTER    LE   IN    18944  + ref_clk               u_ctrl/u_tx/shifter_reg_3_ (SDFFASX1_RVT)
 chain0              297  MASTER    LE   IN    19684  + ref_clk               u_ctrl/u_aes/ct_out_reg_57_ (SDFFARX1_RVT)
 chain0              298  MASTER    LE   IN    18946  + ref_clk               u_ctrl/u_tx/shifter_reg_1_ (SDFFASX1_RVT)
 chain0              299  MASTER    LE   IN    18939  + ref_clk               u_ctrl/u_tx/shifter_reg_8_ (SDFFASX1_RVT)
 chain0              300  MASTER    LE   IN    18945  + ref_clk               u_ctrl/u_tx/shifter_reg_2_ (SDFFASX1_RVT)
 chain0              301  MASTER    LE   IN    18940  + ref_clk               u_ctrl/u_tx/shifter_reg_7_ (SDFFASX1_RVT)
 chain0              302  MASTER    LE   IN    18943  + ref_clk               u_ctrl/u_tx/shifter_reg_4_ (SDFFASX1_RVT)
 chain0              303  MASTER    LE   IN    18942  + ref_clk               u_ctrl/u_tx/shifter_reg_5_ (SDFFASX1_RVT)
 chain0              304  MASTER    LE   IN    20325  + ref_clk               u_ctrl/tx_data_reg_0_ (SDFFARX1_RVT)
 chain0              305  MASTER    LE   IN    20310  + ref_clk               u_ctrl/tx_data_reg_7_ (SDFFARX1_RVT)
 chain0              306  MASTER    LE   IN    20326  + ref_clk               u_ctrl/tx_data_reg_6_ (SDFFARX1_RVT)
 chain0              307  MASTER    LE   IN    20330  + ref_clk               u_ctrl/tx_data_reg_2_ (SDFFARX1_RVT)
 chain0              308  MASTER    LE   IN    20331  + ref_clk               u_ctrl/tx_data_reg_1_ (SDFFARX1_RVT)
 chain0              309  MASTER    LE   IN    20343  + ref_clk               u_ctrl/tx_start_reg (SDFFARX2_RVT)
 chain0              310  MASTER    LE   IN    20329  + ref_clk               u_ctrl/tx_data_reg_3_ (SDFFARX1_RVT)
 chain0              311  MASTER    LE   IN    20172  + ref_clk               u_ctrl/tx_buf_valid_reg (SDFFARX1_RVT)
 chain0              312  MASTER    LE   IN    20320  + ref_clk               u_ctrl/tx_buf_data_reg_3_ (SDFFARX1_RVT)
 chain0              313  MASTER    LE   IN    20316  + ref_clk               u_ctrl/tx_buf_data_reg_5_ (SDFFARX1_RVT)
 chain0              314  MASTER    LE   IN    20324  + ref_clk               u_ctrl/tx_buf_data_reg_1_ (SDFFARX1_RVT)
 chain0              315  MASTER    LE   IN    20318  + ref_clk               u_ctrl/tx_buf_data_reg_4_ (SDFFARX1_RVT)
 chain0              316  MASTER    LE   IN    20312  + ref_clk               u_ctrl/tx_buf_data_reg_0_ (SDFFARX1_RVT)
 chain0              317  MASTER    LE   IN    20309  + ref_clk               u_ctrl/tx_buf_data_reg_7_ (SDFFARX1_RVT)
 chain0              318  MASTER    LE   IN    20171  + ref_clk               u_ctrl/tx_busy_d_reg (SDFFARX1_RVT)
 chain0              319  MASTER    LE   IN    20332  + ref_clk               u_ctrl/tx_all_started_div4_reg (SDFFARX1_RVT)
 chain0              320  MASTER    LE   IN    20333  + ref_clk               u_ctrl/tx_cnt_div4_reg_2_ (SDFFARX1_RVT)
 chain0              321  MASTER    LE   IN    20336  + ref_clk               u_ctrl/tx_cnt_div4_reg_4_ (SDFFARX1_RVT)
 chain0              322  MASTER    LE   IN    20335  + ref_clk               u_ctrl/tx_cnt_div4_reg_3_ (SDFFARX1_RVT)
 chain0              323  MASTER    LE   IN    20334  + ref_clk               u_ctrl/tx_cnt_div4_reg_1_ (SDFFARX1_RVT)
 chain0              324  MASTER    LE   IN    20007  + ref_clk               u_ctrl/u_send_cdc/ack_tog_dst_reg (SDFFARX1_RVT)
 chain0              325  MASTER    LE   IN    20009  + ref_clk               u_ctrl/u_send_cdc/req_tog_src_reg (SDFFARX1_RVT)
 chain0              326  MASTER    LE   IN    20237  + ref_clk               u_ctrl/ct_hold_div2_reg_104_ (SDFFARX1_RVT)
 chain0              327  MASTER    LE   IN    20253  + ref_clk               u_ctrl/ct_hold_div2_reg_88_ (SDFFARX1_RVT)
 chain0              328  MASTER    LE   IN    20249  + ref_clk               u_ctrl/ct_hold_div2_reg_92_ (SDFFARX1_RVT)
 chain0              329  MASTER    LE   IN    20267  + ref_clk               u_ctrl/ct_hold_div2_reg_74_ (SDFFARX1_RVT)
 chain0              330  MASTER    LE   IN    20265  + ref_clk               u_ctrl/ct_hold_div2_reg_76_ (SDFFARX1_RVT)
 chain0              331  MASTER    LE   IN    20263  + ref_clk               u_ctrl/ct_hold_div2_reg_78_ (SDFFARX1_RVT)
 chain0              332  MASTER    LE   IN    20269  + ref_clk               u_ctrl/ct_hold_div2_reg_72_ (SDFFARX1_RVT)
 chain0              333  MASTER    LE   IN    20013  + ref_clk               u_ctrl/done_reg (SDFFARX1_RVT)
 chain0              334  MASTER    LE   IN    20185  + ref_clk               u_ctrl/pass_reg (SDFFARX1_RVT)
 chain0              335  MASTER    LE   IN    20362  + ref_clk               u_ctrl/tx_idx_div2_reg_2_ (SDFFARX2_RVT)
 chain0              336  MASTER    LE   IN    20016  + ref_clk               u_ctrl/start_seen_reg (SDFFARX1_RVT)
 chain0              337  MASTER    LE   IN    20346  + ref_clk               u_ctrl/tx_idx_div2_reg_0_ (SDFFARX2_RVT)
 chain0              338  MASTER    LE   IN    20347  + ref_clk               u_ctrl/byte_idx_reg_0_ (SDFFARX2_RVT)
 chain0              339  MASTER    LE   IN    20348  + ref_clk               u_ctrl/byte_idx_reg_1_ (SDFFARX2_RVT)
 chain0              340  MASTER    LE   IN    20193  + ref_clk               u_ctrl/ct_hold_div2_reg_23_ (SDFFARX1_RVT)
 chain0              341  MASTER    LE   IN    20188  + ref_clk               u_ctrl/ct_hold_div2_reg_28_ (SDFFARX1_RVT)
 chain0              342  MASTER    LE   IN    20187  + ref_clk               u_ctrl/ct_hold_div2_reg_1_ (SDFFARX1_RVT)
 chain0              343  MASTER    LE   IN    20168  + ref_clk               u_ctrl/mem_wdata_reg_7_ (SDFFARX1_RVT)
 chain0              344  MASTER    LE   IN    20160  + ref_clk               u_ctrl/mem_we_reg (SDFFARX1_RVT)
 chain0              345  MASTER    LE   IN    20161  + ref_clk               u_ctrl/mem_wdata_reg_0_ (SDFFARX1_RVT)
 chain0              346  MASTER    LE   IN    20145  + ref_clk               u_ctrl/sst_reg_0_ (SDFFARX1_RVT)
 chain0              347  MASTER    LE   IN    20372  + ref_clk               u_ctrl/ct_hold_div2_reg_20_ (SDFFARX2_RVT)
 chain0              348  MASTER    LE   IN    20030  + ref_clk               u_ctrl/ct_hold_fast_reg_16_ (SDFFARX1_RVT)
 chain0              349  MASTER    LE   IN    20022  + ref_clk               u_ctrl/ct_hold_fast_reg_24_ (SDFFARX1_RVT)
 chain0              350  MASTER    LE   IN    20027  + ref_clk               u_ctrl/ct_hold_fast_reg_19_ (SDFFARX1_RVT)
 chain0              351  MASTER    LE   IN    20352  + ref_clk               u_ctrl/tx_byte_ff2_reg_4_ (DFFARX2_RVT)
 chain0              352  MASTER    LE   IN    20176  + ref_clk               u_ctrl/tx_byte_ff1_reg_4_ (SDFFARX1_RVT)
 chain0              353  MASTER    LE   IN    20361  + ref_clk               u_ctrl/tx_byte_ff2_reg_1_ (DFFARX2_RVT)
 chain0              354  MASTER    LE   IN    20354  + ref_clk               u_ctrl/tx_byte_ff1_reg_1_ (SDFFARX2_RVT)
 chain0              355  MASTER    LE   IN    20359  + ref_clk               u_ctrl/tx_byte_ff2_reg_2_ (DFFARX2_RVT)
 chain0              356  MASTER    LE   IN    20353  + ref_clk               u_ctrl/tx_byte_ff1_reg_2_ (SDFFARX2_RVT)
 chain0              357  MASTER    LE   IN    20349  + ref_clk               u_ctrl/tx_byte_ff2_reg_0_ (DFFARX2_RVT)
 chain0              358  MASTER    LE   IN    20173  + ref_clk               u_ctrl/tx_byte_ff1_reg_0_ (SDFFARX1_RVT)
 chain0              359  MASTER    LE   IN    19939  + ref_clk               u_ctrl/u_ct_cdc/req_ff2_reg (DFFARX1_RVT)
 chain0              360  MASTER    LE   IN    19934  + ref_clk               u_ctrl/u_ct_cdc/req_ff1_reg (SDFFARX1_RVT)
 chain0              361  MASTER    LE   NI    19938  + ref_clk               u_ctrl/u_ct_cdc/ack_ff2_reg (DFFARX1_RVT)
 chain0              362  MASTER    LE   NI    19936  + ref_clk               u_ctrl/u_ct_cdc/ack_ff1_reg (SDFFARX1_RVT)
 chain0              363  MASTER    LE   NI    20339  + ref_clk               u_ctrl/fail_ff2_reg (DFFARX1_RVT)
 chain0              364  MASTER    LE   NI    20158  + ref_clk               u_ctrl/fail_ff1_reg (SDFFARX1_RVT)
 chain0              365  MASTER    LE   NI    20338  + ref_clk               u_ctrl/crc_ff2_reg (DFFARX1_RVT)
 chain0              366  MASTER    LE   NI    20155  + ref_clk               u_ctrl/crc_ff1_reg (SDFFARX1_RVT)
 chain0              367  MASTER    LE   NI    20364  + ref_clk               u_ctrl/tx_byte_ff2_reg_6_ (DFFARX2_RVT)
 chain0              368  MASTER    LE   NI    20376  + ref_clk               u_ctrl/tx_byte_ff1_reg_6_ (SDFFARX2_RVT)
 chain0              369  MASTER    LE   NI    20358  + ref_clk               u_ctrl/tx_byte_ff2_reg_7_ (DFFARX2_RVT)
 chain0              370  MASTER    LE   NI    20170  + ref_clk               u_ctrl/tx_byte_ff1_reg_7_ (SDFFARX1_RVT)
 chain0              371  MASTER    LE   NI    20337  + ref_clk               u_ctrl/su_ff2_reg (DFFARX1_RVT)
 chain0              372  MASTER    LE   NI    20015  + ref_clk               u_ctrl/su_ff1_reg (SDFFARX1_RVT)
 chain0              373  MASTER    LE   NI    20011  + ref_clk               u_ctrl/u_send_cdc/req_ff2_reg (DFFARX1_RVT)
 chain0              374  MASTER    LE   NI    20006  + ref_clk               u_ctrl/u_send_cdc/req_ff1_reg (SDFFARX1_RVT)
 chain0              375  MASTER    LE   NI    20010  + ref_clk               u_ctrl/u_send_cdc/ack_ff2_reg (DFFARX1_RVT)
 chain0              376  MASTER    LE   NI    20008  + ref_clk               u_ctrl/u_send_cdc/ack_ff1_reg (SDFFARX1_RVT)
 chain0              377  MASTER    LE   NI    20341  + ref_clk               u_ctrl/txdone_ff2_reg (DFFARX1_RVT)
 chain0              378  MASTER    LE   NI    20182  + ref_clk               u_ctrl/txdone_ff1_reg (SDFFARX1_RVT)
 chain0              379  MASTER    LE   NI    20340  + ref_clk               u_ctrl/tx_byte_ff2_reg_3_ (DFFARX1_RVT)
 chain0              380  MASTER    LE   NI    20351  + ref_clk               u_ctrl/tx_byte_ff1_reg_3_ (SDFFARX2_RVT)
 chain0              381  MASTER    LE   NI    20350  + ref_clk               u_ctrl/tx_byte_ff2_reg_5_ (DFFARX2_RVT)
 chain0              382  MASTER    LE   NI    20175  + ref_clk               u_ctrl/tx_byte_ff1_reg_5_ (SDFFARX1_RVT)
 2                     0  MASTER    LE   NN    19140  + ref_clk               u_ctrl/u_aes/rkeys_reg_1004_ (SDFFARX1_RVT)
 2                     1  MASTER    LE   NN    19470  + ref_clk               u_ctrl/u_aes/rkeys_reg_386_ (SDFFARX1_RVT)
 2                     2  MASTER    LE   NN    19465  + ref_clk               u_ctrl/u_aes/rkeys_reg_403_ (SDFFARX1_RVT)
 2                     3  MASTER    LE   NN    19266  + ref_clk               u_ctrl/u_aes/rkeys_reg_771_ (SDFFARX1_RVT)
 2                     4  MASTER    LE   NN    18977  + ref_clk               u_ctrl/u_aes/rkeys_reg_1283_ (SDFFARX1_RVT)
 2                     5  MASTER    LE   NN    19208  + ref_clk               u_ctrl/u_aes/rkeys_reg_876_ (SDFFARX1_RVT)
 2                     6  MASTER    LE   NN    19344  + ref_clk               u_ctrl/u_aes/rkeys_reg_635_ (SDFFARX1_RVT)
 2                     7  MASTER    LE   NN    19071  + ref_clk               u_ctrl/u_aes/rkeys_reg_1129_ (SDFFARX1_RVT)
 2                     8  MASTER    LE   NN    19885  + ref_clk               u_ctrl/u_aes/rkeys_reg_176_ (SDFFARX2_RVT)
 2                     9  MASTER    LE   NN    19480  + ref_clk               u_ctrl/u_aes/rkeys_reg_361_ (SDFFARX1_RVT)
 2                    10  MASTER    LE   NN    19342  + ref_clk               u_ctrl/u_aes/rkeys_reg_638_ (SDFFARX1_RVT)
 2                    11  MASTER    LE   NN    19367  + ref_clk               u_ctrl/u_aes/rkeys_reg_600_ (SDFFARX1_RVT)
 2                    12  MASTER    LE   NN    19368  + ref_clk               u_ctrl/u_aes/rkeys_reg_599_ (SDFFARX1_RVT)
 2                    13  MASTER    LE   NN    18952  + ref_clk               u_ctrl/u_aes/rkeys_reg_1385_ (SDFFARX1_RVT)
 2                    14  MASTER    LE   NN    19247  + ref_clk               u_ctrl/u_aes/rkeys_reg_803_ (SDFFARX1_RVT)
 2                    15  MASTER    LE   NN    19891  + ref_clk               u_ctrl/u_aes/rkeys_reg_1018_ (SDFFARX2_RVT)
 2                    16  MASTER    LE   NN    19365  + ref_clk               u_ctrl/u_aes/rkeys_reg_602_ (SDFFARX1_RVT)
 2                    17  MASTER    LE   NN    19323  + ref_clk               u_ctrl/u_aes/rkeys_reg_673_ (SDFFARX1_RVT)
 2                    18  MASTER    LE   NN    19455  + ref_clk               u_ctrl/u_aes/rkeys_reg_422_ (SDFFARX1_RVT)
 2                    19  MASTER    LE   NN    19320  + ref_clk               u_ctrl/u_aes/rkeys_reg_678_ (SDFFARX1_RVT)
 2                    20  MASTER    LE   NN    19556  + ref_clk               u_ctrl/u_aes/rkeys_reg_215_ (SDFFARX1_RVT)
 2                    21  MASTER    LE   NN    19328  + ref_clk               u_ctrl/u_aes/rkeys_reg_666_ (SDFFARX1_RVT)
 2                    22  MASTER    LE   NN    19836  + ref_clk               u_ctrl/u_aes/round_reg_2_ (SDFFARX2_RVT)
 2                    23  MASTER    LE   NN    19834  + ref_clk               u_ctrl/u_aes/round_reg_1_ (SDFFARX2_RVT)
 2                    24  MASTER    LE   NN    19748  + ref_clk               u_ctrl/u_aes/rkeys_reg_33_ (SDFFARX2_RVT)
 2                    25  MASTER    LE   NN    19737  + ref_clk               u_ctrl/u_aes/ct_out_reg_25_ (SDFFARX2_RVT)
 2                    26  MASTER    LE   NN    19860  + ref_clk               u_ctrl/u_aes/ct_out_reg_20_ (SDFFARX2_RVT)
 2                    27  MASTER    LE   NN    19911  + ref_clk               u_ctrl/u_aes/ct_out_reg_23_ (SDFFARX2_RVT)
 2                    28  MASTER    LE   NN    19732  + ref_clk               u_ctrl/u_aes/ct_out_reg_3_ (SDFFARX2_RVT)
 2                    29  MASTER    LE   NN    19882  + ref_clk               u_ctrl/u_aes/ct_out_reg_18_ (SDFFARX2_RVT)
 2                    30  MASTER    LE   NN    19739  + ref_clk               u_ctrl/u_aes/ct_out_reg_4_ (SDFFARX2_RVT)
 2                    31  MASTER    LE   NN    19743  + ref_clk               u_ctrl/u_aes/ct_out_reg_22_ (SDFFARX2_RVT)
 2                    32  MASTER    LE   NN    19734  + ref_clk               u_ctrl/u_aes/ct_out_reg_92_ (SDFFARX2_RVT)
 2                    33  MASTER    LE   NN    19738  + ref_clk               u_ctrl/u_aes/ct_out_reg_5_ (SDFFARX2_RVT)
 2                    34  MASTER    LE   NN    19736  + ref_clk               u_ctrl/u_aes/ct_out_reg_79_ (SDFFARX2_RVT)
 2                    35  MASTER    LE   NN    19754  + ref_clk               u_ctrl/u_aes/rkeys_reg_35_ (SDFFARX2_RVT)
 2                    36  MASTER    LE   NN    19825  + ref_clk               u_ctrl/u_aes/busy_reg (SDFFARX1_RVT)
 2                    37  MASTER    LE   NN    19849  + ref_clk               u_ctrl/u_aes/round_reg_0_ (SDFFARX2_RVT)
 2                    38  MASTER    LE   NN    19643  + ref_clk               u_ctrl/u_aes/round_reg_3_ (SDFFARX1_RVT)
 2                    39  MASTER    LE   NN    19430  + ref_clk               u_ctrl/u_aes/rkeys_reg_472_ (SDFFARX1_RVT)
 2                    40  MASTER    LE   NN    19150  + ref_clk               u_ctrl/u_aes/rkeys_reg_983_ (SDFFARX1_RVT)
 2                    41  MASTER    LE   NN    19288  + ref_clk               u_ctrl/u_aes/rkeys_reg_728_ (SDFFARX1_RVT)
 2                    42  MASTER    LE   NN    19219  + ref_clk               u_ctrl/u_aes/rkeys_reg_856_ (SDFFARX1_RVT)
 2                    43  MASTER    LE   NN    19271  + ref_clk               u_ctrl/u_aes/rkeys_reg_763_ (SDFFARX1_RVT)
 2                    44  MASTER    LE   NN    19151  + ref_clk               u_ctrl/u_aes/rkeys_reg_982_ (SDFFARX1_RVT)
 2                    45  MASTER    LE   NN    19431  + ref_clk               u_ctrl/u_aes/rkeys_reg_470_ (SDFFARX1_RVT)
 2                    46  MASTER    LE   NN    19780  + ref_clk               u_ctrl/u_aes/state_reg_0_ (SDFFARX2_RVT)
 2                    47  MASTER    LE   NN    19641  + ref_clk               u_ctrl/u_aes/rkeys_reg_2_ (SDFFARX1_RVT)
 2                    48  MASTER    LE   NN    19640  + ref_clk               u_ctrl/u_aes/rkeys_reg_6_ (SDFFARX1_RVT)
 2                    49  MASTER    LE   NN    19210  + ref_clk               u_ctrl/u_aes/rkeys_reg_873_ (SDFFARX1_RVT)
 2                    50  MASTER    LE   NN    19181  + ref_clk               u_ctrl/u_aes/rkeys_reg_918_ (SDFFARX1_RVT)
 2                    51  MASTER    LE   NN    19592  + ref_clk               u_ctrl/u_aes/rkeys_reg_129_ (SDFFARX1_RVT)
 2                    52  MASTER    LE   NN    19632  + ref_clk               u_ctrl/u_aes/rkeys_reg_26_ (SDFFARX1_RVT)
 2                    53  MASTER    LE   NN    19639  + ref_clk               u_ctrl/u_aes/rkeys_reg_12_ (SDFFARX1_RVT)
 2                    54  MASTER    LE   NN    19599  + ref_clk               u_ctrl/u_aes/rkeys_reg_100_ (SDFFARX1_RVT)
 2                    55  MASTER    LE   NN    19638  + ref_clk               u_ctrl/u_aes/rkeys_reg_13_ (SDFFARX1_RVT)
 2                    56  MASTER    LE   NN    19597  + ref_clk               u_ctrl/u_aes/rkeys_reg_102_ (SDFFARX1_RVT)
 2                    57  MASTER    LE   NN    19782  + ref_clk               u_ctrl/u_aes/state_reg_1_ (SDFFARX1_RVT)
 2                    58  MASTER    LE   NN    19801  + ref_clk               u_ctrl/u_aes/state_reg_3_ (SDFFARX1_RVT)
 2                    59  MASTER    LE   NN    19925  + ref_clk               u_ctrl/u_aes/state_reg_4_ (SDFFARX1_RVT)
 2                    60  MASTER    LE   NN    19642  + ref_clk               u_ctrl/u_aes/rkeys_reg_0_ (SDFFARX1_RVT)
 2                    61  MASTER    LE   NN    19807  + ref_clk               u_ctrl/u_aes/state_reg_13_ (SDFFARX2_RVT)
 2                    62  MASTER    LE   NN    19631  + ref_clk               u_ctrl/u_aes/rkeys_reg_27_ (SDFFARX1_RVT)
 2                    63  MASTER    LE   NN    19876  + ref_clk               u_ctrl/u_aes/rkeys_reg_64_ (SDFFARX2_RVT)
 2                    64  MASTER    LE   NN    19287  + ref_clk               u_ctrl/u_aes/rkeys_reg_731_ (SDFFARX1_RVT)
 2                    65  MASTER    LE   NN    19255  + ref_clk               u_ctrl/u_aes/rkeys_reg_792_ (SDFFARX1_RVT)
 2                    66  MASTER    LE   NN    19146  + ref_clk               u_ctrl/u_aes/rkeys_reg_991_ (SDFFARX1_RVT)
 2                    67  MASTER    LE   NN    19203  + ref_clk               u_ctrl/u_aes/rkeys_reg_881_ (SDFFARX1_RVT)
 2                    68  MASTER    LE   NN    19537  + ref_clk               u_ctrl/u_aes/rkeys_reg_257_ (SDFFARX1_RVT)
 2                    69  MASTER    LE   NN    19196  + ref_clk               u_ctrl/u_aes/rkeys_reg_889_ (SDFFARX1_RVT)
 2                    70  MASTER    LE   NN    19473  + ref_clk               u_ctrl/u_aes/rkeys_reg_377_ (SDFFARX1_RVT)
 2                    71  MASTER    LE   NN    19216  + ref_clk               u_ctrl/u_aes/rkeys_reg_863_ (SDFFARX1_RVT)
 2                    72  MASTER    LE   NN    19136  + ref_clk               u_ctrl/u_aes/rkeys_reg_1009_ (SDFFARX1_RVT)
 2                    73  MASTER    LE   NN    19204  + ref_clk               u_ctrl/u_aes/rkeys_reg_880_ (SDFFARX1_RVT)
 2                    74  MASTER    LE   NN    19197  + ref_clk               u_ctrl/u_aes/rkeys_reg_888_ (SDFFARX1_RVT)
 2                    75  MASTER    LE   NN    19135  + ref_clk               u_ctrl/u_aes/rkeys_reg_1010_ (SDFFARX1_RVT)
 2                    76  MASTER    LE   NN    19760  + ref_clk               u_ctrl/u_aes/state_reg_74_ (SDFFARX2_RVT)
 2                    77  MASTER    LE   NN    19795  + ref_clk               u_ctrl/u_aes/ct_out_reg_72_ (SDFFARX1_RVT)
 2                    78  MASTER    LE   NN    19790  + ref_clk               u_ctrl/u_aes/ct_out_reg_90_ (SDFFARX1_RVT)
 2                    79  MASTER    LE   NN    19609  + ref_clk               u_ctrl/u_aes/rkeys_reg_75_ (SDFFARX1_RVT)
 2                    80  MASTER    LE   NN    19798  + ref_clk               u_ctrl/u_aes/ct_out_reg_15_ (SDFFARX1_RVT)
 2                    81  MASTER    LE   NN    19805  + ref_clk               u_ctrl/u_aes/state_reg_10_ (SDFFARX2_RVT)
 2                    82  MASTER    LE   NN    19746  + ref_clk               u_ctrl/u_aes/state_reg_26_ (SDFFARX2_RVT)
 2                    83  MASTER    LE   NN    19728  + ref_clk               u_ctrl/u_aes/ct_out_reg_10_ (SDFFARX2_RVT)
 2                    84  MASTER    LE   NN    19914  + ref_clk               u_ctrl/u_aes/ct_out_reg_8_ (SDFFARX2_RVT)
 2                    85  MASTER    LE   NN    19813  + ref_clk               u_ctrl/u_aes/state_reg_66_ (SDFFARX2_RVT)
 2                    86  MASTER    LE   NN    19793  + ref_clk               u_ctrl/u_aes/ct_out_reg_91_ (SDFFARX1_RVT)
 2                    87  MASTER    LE   NN    19612  + ref_clk               u_ctrl/u_aes/rkeys_reg_66_ (SDFFARX1_RVT)
 2                    88  MASTER    LE   NN    19865  + ref_clk               u_ctrl/u_aes/rkeys_reg_106_ (SDFFARX2_RVT)
 2                    89  MASTER    LE   NN    19814  + ref_clk               u_ctrl/u_aes/state_reg_77_ (SDFFARX2_RVT)
 2                    90  MASTER    LE   NN    19792  + ref_clk               u_ctrl/u_aes/ct_out_reg_69_ (SDFFARX1_RVT)
 2                    91  MASTER    LE   NN    19796  + ref_clk               u_ctrl/u_aes/ct_out_reg_70_ (SDFFARX1_RVT)
 2                    92  MASTER    LE   NN    19864  + ref_clk               u_ctrl/u_aes/rkeys_reg_98_ (SDFFARX2_RVT)
 2                    93  MASTER    LE   NN    19799  + ref_clk               u_ctrl/u_aes/ct_out_reg_14_ (SDFFARX1_RVT)
 2                    94  MASTER    LE   NN    19913  + ref_clk               u_ctrl/u_aes/ct_out_reg_11_ (SDFFARX2_RVT)
 2                    95  MASTER    LE   NN    19916  + ref_clk               u_ctrl/u_aes/state_reg_17_ (SDFFARX1_RVT)
 2                    96  MASTER    LE   NN    19910  + ref_clk               u_ctrl/u_aes/state_reg_18_ (SDFFARX2_RVT)
 2                    97  MASTER    LE   NN    19917  + ref_clk               u_ctrl/u_aes/state_reg_19_ (SDFFARX1_RVT)
 2                    98  MASTER    LE   NN    19773  + ref_clk               u_ctrl/u_aes/state_reg_2_ (SDFFARX2_RVT)
 2                    99  MASTER    LE   NN    19635  + ref_clk               u_ctrl/u_aes/rkeys_reg_19_ (SDFFARX1_RVT)
 2                   100  MASTER    LE   NN    19725  + ref_clk               u_ctrl/u_aes/state_reg_21_ (SDFFARX2_RVT)
 2                   101  MASTER    LE   NN    19843  + ref_clk               u_ctrl/u_aes/ct_out_reg_9_ (SDFFARX2_RVT)
 2                   102  MASTER    LE   NN    19634  + ref_clk               u_ctrl/u_aes/rkeys_reg_21_ (SDFFARX1_RVT)
 2                   103  MASTER    LE   NN    19637  + ref_clk               u_ctrl/u_aes/rkeys_reg_16_ (SDFFARX1_RVT)
 2                   104  MASTER    LE   NN    19636  + ref_clk               u_ctrl/u_aes/rkeys_reg_17_ (SDFFARX1_RVT)
 2                   105  MASTER    LE   NN    19803  + ref_clk               u_ctrl/u_aes/state_reg_5_ (SDFFARX2_RVT)
 2                   106  MASTER    LE   NN    19762  + ref_clk               u_ctrl/u_aes/state_reg_6_ (SDFFARX2_RVT)
 2                   107  MASTER    LE   NN    19718  + ref_clk               u_ctrl/u_aes/state_reg_7_ (SDFFARX2_RVT)
 2                   108  MASTER    LE   NN    19630  + ref_clk               u_ctrl/u_aes/rkeys_reg_30_ (SDFFARX1_RVT)
 2                   109  MASTER    LE   NN    19808  + ref_clk               u_ctrl/u_aes/state_reg_29_ (SDFFARX2_RVT)
 2                   110  MASTER    LE   NN    19633  + ref_clk               u_ctrl/u_aes/rkeys_reg_24_ (SDFFARX1_RVT)
 2                   111  MASTER    LE   NN    19769  + ref_clk               u_ctrl/u_aes/state_reg_27_ (SDFFARX2_RVT)
 2                   112  MASTER    LE   NN    19781  + ref_clk               u_ctrl/u_aes/state_reg_28_ (SDFFARX2_RVT)
 2                   113  MASTER    LE   NN    19872  + ref_clk               u_ctrl/u_aes/state_reg_24_ (SDFFARX2_RVT)
 2                   114  MASTER    LE   NN    19789  + ref_clk               u_ctrl/u_aes/state_reg_25_ (SDFFARX1_RVT)
 2                   115  MASTER    LE   NN    19426  + ref_clk               u_ctrl/u_aes/rkeys_reg_479_ (SDFFARX1_RVT)
 2                   116  MASTER    LE   NN    19777  + ref_clk               u_ctrl/u_aes/state_reg_30_ (SDFFARX2_RVT)
 2                   117  MASTER    LE   NN    19410  + ref_clk               u_ctrl/u_aes/rkeys_reg_513_ (SDFFARX1_RVT)
 2                   118  MASTER    LE   NN    19858  + ref_clk               u_ctrl/u_aes/state_reg_31_ (SDFFARX2_RVT)
 2                   119  MASTER    LE   NN    19129  + ref_clk               u_ctrl/u_aes/rkeys_reg_1017_ (SDFFARX1_RVT)
 2                   120  MASTER    LE   NN    19346  + ref_clk               u_ctrl/u_aes/rkeys_reg_633_ (SDFFARX1_RVT)
 2                   121  MASTER    LE   NN    19137  + ref_clk               u_ctrl/u_aes/rkeys_reg_1008_ (SDFFARX1_RVT)
 2                   122  MASTER    LE   NN    19544  + ref_clk               u_ctrl/u_aes/rkeys_reg_240_ (SDFFARX1_RVT)
 2                   123  MASTER    LE   NN    19853  + ref_clk               u_ctrl/u_aes/state_reg_41_ (SDFFARX1_RVT)
 2                   124  MASTER    LE   NN    19202  + ref_clk               u_ctrl/u_aes/rkeys_reg_882_ (SDFFARX1_RVT)
 2                   125  MASTER    LE   NN    19613  + ref_clk               u_ctrl/u_aes/rkeys_reg_65_ (SDFFARX1_RVT)
 2                   126  MASTER    LE   NN    19608  + ref_clk               u_ctrl/u_aes/rkeys_reg_78_ (SDFFARX1_RVT)
 2                   127  MASTER    LE   NN    19856  + ref_clk               u_ctrl/u_aes/state_reg_95_ (SDFFARX2_RVT)
 2                   128  MASTER    LE   NN    19759  + ref_clk               u_ctrl/u_aes/state_reg_90_ (SDFFARX2_RVT)
 2                   129  MASTER    LE   NN    19918  + ref_clk               u_ctrl/u_aes/state_reg_94_ (SDFFARX1_RVT)
 2                   130  MASTER    LE   NN    19649  + ref_clk               u_ctrl/u_aes/state_reg_91_ (SDFFARX1_RVT)
 2                   131  MASTER    LE   NN    19924  + ref_clk               u_ctrl/u_aes/state_reg_89_ (SDFFARX1_RVT)
 2                   132  MASTER    LE   NN    19897  + ref_clk               u_ctrl/u_aes/state_reg_88_ (SDFFARX2_RVT)
 2                   133  MASTER    LE   NN    19775  + ref_clk               u_ctrl/u_aes/state_reg_92_ (SDFFARX2_RVT)
 2                   134  MASTER    LE   NN    19846  + ref_clk               u_ctrl/u_aes/state_reg_43_ (SDFFARX1_RVT)
 2                   135  MASTER    LE   NN    19600  + ref_clk               u_ctrl/u_aes/rkeys_reg_95_ (SDFFARX1_RVT)
 2                   136  MASTER    LE   NN    19604  + ref_clk               u_ctrl/u_aes/rkeys_reg_88_ (SDFFARX1_RVT)
 2                   137  MASTER    LE   NN    19603  + ref_clk               u_ctrl/u_aes/rkeys_reg_89_ (SDFFARX1_RVT)
 2                   138  MASTER    LE   NN    19610  + ref_clk               u_ctrl/u_aes/rkeys_reg_73_ (SDFFARX1_RVT)
 2                   139  MASTER    LE   NN    19601  + ref_clk               u_ctrl/u_aes/rkeys_reg_94_ (SDFFARX1_RVT)
 2                   140  MASTER    LE   NN    19602  + ref_clk               u_ctrl/u_aes/rkeys_reg_93_ (SDFFARX1_RVT)
 2                   141  MASTER    LE   NN    19605  + ref_clk               u_ctrl/u_aes/rkeys_reg_87_ (SDFFARX1_RVT)
 2                   142  MASTER    LE   NN    19833  + ref_clk               u_ctrl/u_aes/rkeys_reg_107_ (SDFFARX2_RVT)
 2                   143  MASTER    LE   NN    19835  + ref_clk               u_ctrl/u_aes/state_reg_79_ (SDFFARX2_RVT)
 2                   144  MASTER    LE   NN    19877  + ref_clk               u_ctrl/u_aes/rkeys_reg_96_ (SDFFARX2_RVT)
 2                   145  MASTER    LE   NN    19713  + ref_clk               u_ctrl/u_aes/state_reg_78_ (SDFFARX2_RVT)
 2                   146  MASTER    LE   NN    19757  + ref_clk               u_ctrl/u_aes/state_reg_75_ (SDFFARX2_RVT)
 2                   147  MASTER    LE   NN    19850  + ref_clk               u_ctrl/u_aes/state_reg_72_ (SDFFARX2_RVT)
 2                   148  MASTER    LE   NN    19763  + ref_clk               u_ctrl/u_aes/state_reg_73_ (SDFFARX2_RVT)
 2                   149  MASTER    LE   NN    19899  + ref_clk               u_ctrl/u_aes/rkeys_reg_104_ (SDFFARX2_RVT)
 2                   150  MASTER    LE   NN    19758  + ref_clk               u_ctrl/u_aes/state_reg_76_ (SDFFARX2_RVT)
 2                   151  MASTER    LE   NN    19908  + ref_clk               u_ctrl/u_aes/rkeys_reg_99_ (SDFFARX2_RVT)
 2                   152  MASTER    LE   NN    19851  + ref_clk               u_ctrl/u_aes/rkeys_reg_108_ (SDFFARX1_RVT)
 2                   153  MASTER    LE   NN    19765  + ref_clk               u_ctrl/u_aes/state_reg_93_ (SDFFARX2_RVT)
 2                   154  MASTER    LE   NN    19827  + ref_clk               u_ctrl/u_aes/state_reg_85_ (SDFFARX1_RVT)
 2                   155  MASTER    LE   NN    19731  + ref_clk               u_ctrl/u_aes/state_reg_82_ (SDFFARX2_RVT)
 2                   156  MASTER    LE   NN    19794  + ref_clk               u_ctrl/u_aes/ct_out_reg_76_ (SDFFARX1_RVT)
 2                   157  MASTER    LE   NN    19791  + ref_clk               u_ctrl/u_aes/ct_out_reg_74_ (SDFFARX1_RVT)
 2                   158  MASTER    LE   NN    19797  + ref_clk               u_ctrl/u_aes/ct_out_reg_71_ (SDFFARX1_RVT)
 2                   159  MASTER    LE   NN    19611  + ref_clk               u_ctrl/u_aes/rkeys_reg_68_ (SDFFARX1_RVT)
 2                   160  MASTER    LE   NN    19607  + ref_clk               u_ctrl/u_aes/rkeys_reg_82_ (SDFFARX1_RVT)
 2                   161  MASTER    LE   NN    19606  + ref_clk               u_ctrl/u_aes/rkeys_reg_84_ (SDFFARX1_RVT)
 2                   162  MASTER    LE   NN    19806  + ref_clk               u_ctrl/u_aes/state_reg_98_ (SDFFARX2_RVT)
 2                   163  MASTER    LE   NN    19714  + ref_clk               u_ctrl/u_aes/state_reg_97_ (SDFFARX2_RVT)
 2                   164  MASTER    LE   NN    19927  + ref_clk               u_ctrl/u_aes/state_reg_96_ (SDFFARX2_RVT)
 2                   165  MASTER    LE   NN    19724  + ref_clk               u_ctrl/u_aes/state_reg_69_ (SDFFARX2_RVT)
 2                   166  MASTER    LE   NN    19715  + ref_clk               u_ctrl/u_aes/state_reg_100_ (SDFFARX2_RVT)
 2                   167  MASTER    LE   NN    19752  + ref_clk               u_ctrl/u_aes/state_reg_99_ (SDFFARX2_RVT)
 2                   168  MASTER    LE   NN    18896  + ref_clk               u_ctrl/u_rx/data_shift_reg_1_ (SDFFARX1_RVT)
 2                   169  MASTER    LE   NN    18892  + ref_clk               u_ctrl/u_rx/data_shift_reg_3_ (SDFFARX1_RVT)
 2                   170  MASTER    LE   NN    18893  + ref_clk               u_ctrl/u_rx/rx_data_reg_3_ (SDFFARX1_RVT)
 2                   171  MASTER    LE   NN    18897  + ref_clk               u_ctrl/u_rx/rx_data_reg_1_ (SDFFARX1_RVT)
 2                   172  MASTER    LE   NN    18894  + ref_clk               u_ctrl/u_rx/data_shift_reg_2_ (SDFFARX1_RVT)
 2                   173  MASTER    LE   NN    18898  + ref_clk               u_ctrl/u_rx/data_shift_reg_0_ (SDFFARX1_RVT)
 2                   174  MASTER    LE   NN    19720  + ref_clk               u_ctrl/u_aes/state_reg_87_ (SDFFARX1_RVT)
 2                   175  MASTER    LE   NN    19812  + ref_clk               u_ctrl/u_aes/state_reg_86_ (SDFFARX1_RVT)
 2                   176  MASTER    LE   NN    19730  + ref_clk               u_ctrl/u_aes/state_reg_83_ (SDFFARX2_RVT)
 2                   177  MASTER    LE   NN    19648  + ref_clk               u_ctrl/u_aes/state_reg_81_ (SDFFARX1_RVT)
 2                   178  MASTER    LE   NN    19647  + ref_clk               u_ctrl/u_aes/state_reg_80_ (SDFFARX1_RVT)
 2                   179  MASTER    LE   NN    19785  + ref_clk               u_ctrl/u_aes/state_reg_103_ (SDFFARX2_RVT)
 2                   180  MASTER    LE   NN    19837  + ref_clk               u_ctrl/u_aes/state_reg_84_ (SDFFARX2_RVT)
 2                   181  MASTER    LE   NN    19817  + ref_clk               u_ctrl/u_aes/rkeys_reg_97_ (SDFFARX1_RVT)
 2                   182  MASTER    LE   NN    19786  + ref_clk               u_ctrl/u_aes/state_reg_102_ (SDFFARX1_RVT)
 2                   183  MASTER    LE   NN    19815  + ref_clk               u_ctrl/u_aes/state_reg_101_ (SDFFARX2_RVT)
 2                   184  MASTER    LE   NN    19594  + ref_clk               u_ctrl/u_aes/rkeys_reg_120_ (SDFFARX1_RVT)
 2                   185  MASTER    LE   NN    19595  + ref_clk               u_ctrl/u_aes/rkeys_reg_116_ (SDFFARX1_RVT)
 2                   186  MASTER    LE   NN    19596  + ref_clk               u_ctrl/u_aes/rkeys_reg_112_ (SDFFARX1_RVT)
 2                   187  MASTER    LE   NN    19598  + ref_clk               u_ctrl/u_aes/rkeys_reg_101_ (SDFFARX1_RVT)
 2                   188  MASTER    LE   NN    18899  + ref_clk               u_ctrl/u_rx/rx_data_reg_0_ (SDFFARX1_RVT)
 2                   189  MASTER    LE   NN    19740  + ref_clk               u_ctrl/u_aes/state_reg_125_ (SDFFARX2_RVT)
 2                   190  MASTER    LE   NN    19742  + ref_clk               u_ctrl/u_aes/ct_out_reg_117_ (SDFFARX2_RVT)
 2                   191  MASTER    LE   NN    19723  + ref_clk               u_ctrl/u_aes/rkeys_reg_124_ (SDFFARX1_RVT)
 2                   192  MASTER    LE   NN    18883  + ref_clk               u_ctrl/u_rx/rx_valid_reg (SDFFARX1_RVT)
 2                   193  MASTER    LE   NN    18891  + ref_clk               u_ctrl/u_rx/rx_data_reg_4_ (SDFFARX1_RVT)
 2                   194  MASTER    LE   NN    18895  + ref_clk               u_ctrl/u_rx/rx_data_reg_2_ (SDFFARX1_RVT)
 2                   195  MASTER    LE   NN    18890  + ref_clk               u_ctrl/u_rx/data_shift_reg_4_ (SDFFARX1_RVT)
 2                   196  MASTER    LE   NN    18888  + ref_clk               u_ctrl/u_rx/data_shift_reg_5_ (SDFFARX1_RVT)
 2                   197  MASTER    LE   NN    18886  + ref_clk               u_ctrl/u_rx/data_shift_reg_6_ (SDFFARX1_RVT)
 2                   198  MASTER    LE   NN    18889  + ref_clk               u_ctrl/u_rx/rx_data_reg_5_ (SDFFARX1_RVT)
 2                   199  MASTER    LE   NN    19593  + ref_clk               u_ctrl/u_aes/rkeys_reg_121_ (SDFFARX1_RVT)
 2                   200  MASTER    LE   NN    19733  + ref_clk               u_ctrl/u_aes/ct_out_reg_115_ (SDFFARX2_RVT)
 2                   201  MASTER    LE   NN    19862  + ref_clk               u_ctrl/u_aes/state_reg_124_ (SDFFARX2_RVT)
 2                   202  MASTER    LE   NN    19735  + ref_clk               u_ctrl/u_aes/ct_out_reg_86_ (SDFFARX2_RVT)
 2                   203  MASTER    LE   NN    18887  + ref_clk               u_ctrl/u_rx/rx_data_reg_6_ (SDFFARX1_RVT)
 2                   204  MASTER    LE   NN    18885  + ref_clk               u_ctrl/u_rx/rx_data_reg_7_ (SDFFARX1_RVT)
 2                   205  MASTER    LE   NN    18884  + ref_clk               u_ctrl/u_rx/data_shift_reg_7_ (SDFFARX1_RVT)
 2                   206  MASTER    LE   NN    18903  + ref_clk               u_ctrl/u_rx/divcnt_reg_27_ (SDFFARX2_RVT)
 2                   207  MASTER    LE   NN    18876  + ref_clk               u_ctrl/u_rx/divcnt_reg_28_ (SDFFARX1_RVT)
 2                   208  MASTER    LE   NN    18858  + ref_clk               u_ctrl/u_rx/divcnt_reg_8_ (SDFFARX1_RVT)
 2                   209  MASTER    LE   NN    18857  + ref_clk               u_ctrl/u_rx/divcnt_reg_7_ (SDFFARX1_RVT)
 2                   210  MASTER    LE   NN    18850  + ref_clk               u_ctrl/u_rx/divcnt_reg_0_ (SDFFARX1_RVT)
 2                   211  MASTER    LE   NN    18852  + ref_clk               u_ctrl/u_rx/divcnt_reg_1_ (SDFFARX1_RVT)
 2                   212  MASTER    LE   NN    18868  + ref_clk               u_ctrl/u_rx/divcnt_reg_18_ (SDFFARX1_RVT)
 2                   213  MASTER    LE   NN    18853  + ref_clk               u_ctrl/u_rx/divcnt_reg_2_ (SDFFARX1_RVT)
 2                   214  MASTER    LE   NN    18867  + ref_clk               u_ctrl/u_rx/divcnt_reg_17_ (SDFFARX1_RVT)
 2                   215  MASTER    LE   NN    18854  + ref_clk               u_ctrl/u_rx/divcnt_reg_3_ (SDFFARX1_RVT)
 2                   216  MASTER    LE   NN    18855  + ref_clk               u_ctrl/u_rx/divcnt_reg_5_ (SDFFARX1_RVT)
 2                   217  MASTER    LE   NN    18860  + ref_clk               u_ctrl/u_rx/divcnt_reg_10_ (SDFFARX1_RVT)
 2                   218  MASTER    LE   NN    18863  + ref_clk               u_ctrl/u_rx/divcnt_reg_13_ (SDFFARX1_RVT)
 2                   219  MASTER    LE   NN    18861  + ref_clk               u_ctrl/u_rx/divcnt_reg_11_ (SDFFARX1_RVT)
 2                   220  MASTER    LE   NN    18862  + ref_clk               u_ctrl/u_rx/divcnt_reg_12_ (SDFFARX1_RVT)
 2                   221  MASTER    LE   NN    18908  + ref_clk               u_ctrl/u_tx/divcnt_reg_3_ (SDFFARX1_RVT)
 2                   222  MASTER    LE   NN    18933  + ref_clk               u_ctrl/u_tx/divcnt_reg_29_ (SDFFARX1_RVT)
 2                   223  MASTER    LE   NN    18928  + ref_clk               u_ctrl/u_tx/divcnt_reg_24_ (SDFFARX1_RVT)
 2                   224  MASTER    LE   NN    18918  + ref_clk               u_ctrl/u_tx/divcnt_reg_13_ (SDFFARX1_RVT)
 2                   225  MASTER    LE   NN    18932  + ref_clk               u_ctrl/u_tx/divcnt_reg_28_ (SDFFARX1_RVT)
 2                   226  MASTER    LE   NN    18931  + ref_clk               u_ctrl/u_tx/divcnt_reg_27_ (SDFFARX1_RVT)
 2                   227  MASTER    LE   NN    18934  + ref_clk               u_ctrl/u_tx/divcnt_reg_30_ (SDFFARX1_RVT)
 2                   228  MASTER    LE   NN    18904  + ref_clk               u_ctrl/u_tx/divcnt_reg_31_ (SDFFARX1_RVT)
 2                   229  MASTER    LE   NN    18909  + ref_clk               u_ctrl/u_tx/divcnt_reg_4_ (SDFFARX1_RVT)
 2                   230  MASTER    LE   NN    18910  + ref_clk               u_ctrl/u_tx/divcnt_reg_5_ (SDFFARX1_RVT)
 2                   231  MASTER    LE   NN    18911  + ref_clk               u_ctrl/u_tx/divcnt_reg_6_ (SDFFARX1_RVT)
 2                   232  MASTER    LE   NN    18912  + ref_clk               u_ctrl/u_tx/divcnt_reg_7_ (SDFFARX1_RVT)
 2                   233  MASTER    LE   NN    18913  + ref_clk               u_ctrl/u_tx/divcnt_reg_8_ (SDFFARX1_RVT)
 2                   234  MASTER    LE   NN    18873  + ref_clk               u_ctrl/u_rx/divcnt_reg_24_ (SDFFARX1_RVT)
 2                   235  MASTER    LE   NN    18916  + ref_clk               u_ctrl/u_tx/divcnt_reg_11_ (SDFFARX1_RVT)
 2                   236  MASTER    LE   NN    18902  + ref_clk               u_ctrl/u_rx/divcnt_reg_23_ (SDFFARX2_RVT)
 2                   237  MASTER    LE   NN    18917  + ref_clk               u_ctrl/u_tx/divcnt_reg_12_ (SDFFARX1_RVT)
 2                   238  MASTER    LE   NN    18866  + ref_clk               u_ctrl/u_rx/divcnt_reg_16_ (SDFFARX1_RVT)
 2                   239  MASTER    LE   NN    18865  + ref_clk               u_ctrl/u_rx/divcnt_reg_15_ (SDFFARX1_RVT)
 2                   240  MASTER    LE   NN    18856  + ref_clk               u_ctrl/u_rx/divcnt_reg_6_ (SDFFARX1_RVT)
 2                   241  MASTER    LE   NN    18859  + ref_clk               u_ctrl/u_rx/divcnt_reg_9_ (SDFFARX1_RVT)
 2                   242  MASTER    LE   NN    18874  + ref_clk               u_ctrl/u_rx/divcnt_reg_25_ (SDFFARX1_RVT)
 2                   243  MASTER    LE   NN    18875  + ref_clk               u_ctrl/u_rx/divcnt_reg_26_ (SDFFARX1_RVT)
 2                   244  MASTER    LE   NN    18879  + ref_clk               u_ctrl/u_rx/divcnt_reg_31_ (SDFFARX1_RVT)
 2                   245  MASTER    LE   NN    18878  + ref_clk               u_ctrl/u_rx/divcnt_reg_30_ (SDFFARX1_RVT)
 2                   246  MASTER    LE   NN    18877  + ref_clk               u_ctrl/u_rx/divcnt_reg_29_ (SDFFARX1_RVT)
 2                   247  MASTER    LE   NN    18900  + ref_clk               u_ctrl/u_rx/busy_reg (SDFFARX2_RVT)
 2                   248  MASTER    LE   NN    18882  + ref_clk               u_ctrl/u_rx/bitpos_reg_3_ (SDFFARX1_RVT)
 2                   249  MASTER    LE   NN    18881  + ref_clk               u_ctrl/u_rx/bitpos_reg_1_ (SDFFARX1_RVT)
 2                   250  MASTER    LE   NN    18851  + ref_clk               u_ctrl/u_rx/bitpos_reg_2_ (SDFFARX1_RVT)
 2                   251  MASTER    LE   NN    18880  + ref_clk               u_ctrl/u_rx/bitpos_reg_0_ (SDFFARX1_RVT)
 2                   252  MASTER    LE   NN    19741  + ref_clk               u_ctrl/u_aes/ct_out_reg_126_ (SDFFARX2_RVT)
 2                   253  MASTER    LE   NN    19848  + ref_clk               u_ctrl/u_aes/state_reg_120_ (SDFFARX2_RVT)
 2                   254  MASTER    LE   NN    19652  + ref_clk               u_ctrl/u_aes/state_reg_121_ (SDFFARX1_RVT)
 2                   255  MASTER    LE   NN    19869  + ref_clk               u_ctrl/u_aes/state_reg_127_ (SDFFARX2_RVT)
 2                   256  MASTER    LE   NN    19654  + ref_clk               u_ctrl/u_aes/state_reg_126_ (SDFFARX1_RVT)
 2                   257  MASTER    LE   NN    19653  + ref_clk               u_ctrl/u_aes/state_reg_123_ (SDFFARX1_RVT)
 2                   258  MASTER    LE   NN    19840  + ref_clk               u_ctrl/u_aes/ct_out_reg_123_ (SDFFARX2_RVT)
 2                   259  MASTER    LE   NN    19868  + ref_clk               u_ctrl/u_aes/ct_out_reg_127_ (SDFFARX2_RVT)
 2                   260  MASTER    LE   NN    19854  + ref_clk               u_ctrl/u_aes/state_reg_108_ (SDFFARX1_RVT)
 2                   261  MASTER    LE   NN    19650  + ref_clk               u_ctrl/u_aes/state_reg_104_ (SDFFARX1_RVT)
 2                   262  MASTER    LE   NN    19784  + ref_clk               u_ctrl/u_aes/state_reg_105_ (SDFFARX1_RVT)
 2                   263  MASTER    LE   NN    19722  + ref_clk               u_ctrl/u_aes/state_reg_110_ (SDFFARX2_RVT)
 2                   264  MASTER    LE   NN    19764  + ref_clk               u_ctrl/u_aes/state_reg_111_ (SDFFARX2_RVT)
 2                   265  MASTER    LE   NN    19761  + ref_clk               u_ctrl/u_aes/state_reg_107_ (SDFFARX2_RVT)
 2                   266  MASTER    LE   NN    19749  + ref_clk               u_ctrl/u_aes/ct_out_reg_81_ (SDFFARX2_RVT)
 2                   267  MASTER    LE   NN    19750  + ref_clk               u_ctrl/u_aes/ct_out_reg_80_ (SDFFARX2_RVT)
 2                   268  MASTER    LE   NN    19845  + ref_clk               u_ctrl/u_aes/ct_out_reg_113_ (SDFFARX2_RVT)
 2                   269  MASTER    LE   NN    19828  + ref_clk               u_ctrl/u_aes/state_reg_20_ (SDFFARX1_RVT)
 2                   270  MASTER    LE   NN    19900  + ref_clk               u_ctrl/u_aes/state_reg_16_ (SDFFARX2_RVT)
 2                   271  MASTER    LE   NN    19829  + ref_clk               u_ctrl/u_aes/state_reg_23_ (SDFFARX1_RVT)
 2                   272  MASTER    LE   NN    19830  + ref_clk               u_ctrl/u_aes/state_reg_22_ (SDFFARX1_RVT)
 2                   273  MASTER    LE   NN    19717  + ref_clk               u_ctrl/u_aes/state_reg_113_ (SDFFARX2_RVT)
 2                   274  MASTER    LE   NN    19651  + ref_clk               u_ctrl/u_aes/state_reg_116_ (SDFFARX1_RVT)
 2                   275  MASTER    LE   NN    19788  + ref_clk               u_ctrl/u_aes/state_reg_115_ (SDFFARX2_RVT)
 2                   276  MASTER    LE   NN    19863  + ref_clk               u_ctrl/u_aes/state_reg_119_ (SDFFARX2_RVT)
 2                   277  MASTER    LE   NN    19810  + ref_clk               u_ctrl/u_aes/state_reg_112_ (SDFFARX2_RVT)
 2                   278  MASTER    LE   NN    19711  + ref_clk               u_ctrl/u_aes/state_reg_118_ (SDFFARX2_RVT)
 2                   279  MASTER    LE   NN    19626  + ref_clk               u_ctrl/u_aes/rkeys_reg_41_ (SDFFARX1_RVT)
 2                   280  MASTER    LE   NN    19621  + ref_clk               u_ctrl/u_aes/rkeys_reg_49_ (SDFFARX1_RVT)
 2                   281  MASTER    LE   NN    19932  + ref_clk               u_ctrl/u_aes/state_reg_54_ (SDFFARX2_RVT)
 2                   282  MASTER    LE   NN    19926  + ref_clk               u_ctrl/u_aes/state_reg_55_ (SDFFARX2_RVT)
 2                   283  MASTER    LE   NN    19771  + ref_clk               u_ctrl/u_aes/state_reg_51_ (SDFFARX2_RVT)
 2                   284  MASTER    LE   NN    19719  + ref_clk               u_ctrl/u_aes/state_reg_48_ (SDFFARX2_RVT)
 2                   285  MASTER    LE   NN    19931  + ref_clk               u_ctrl/u_aes/state_reg_52_ (SDFFARX2_RVT)
 2                   286  MASTER    LE   NN    19770  + ref_clk               u_ctrl/u_aes/state_reg_49_ (SDFFARX2_RVT)
 2                   287  MASTER    LE   NN    19625  + ref_clk               u_ctrl/u_aes/rkeys_reg_42_ (SDFFARX1_RVT)
 2                   288  MASTER    LE   NN    19756  + ref_clk               u_ctrl/u_aes/state_reg_58_ (SDFFARX2_RVT)
 2                   289  MASTER    LE   NN    19809  + ref_clk               u_ctrl/u_aes/state_reg_50_ (SDFFARX2_RVT)
 2                   290  MASTER    LE   NN    19857  + ref_clk               u_ctrl/u_aes/ct_out_reg_118_ (SDFFARX2_RVT)
 2                   291  MASTER    LE   NN    19896  + ref_clk               u_ctrl/u_aes/ct_out_reg_111_ (SDFFARX2_RVT)
 2                   292  MASTER    LE   NN    19915  + ref_clk               u_ctrl/u_aes/ct_out_reg_1_ (SDFFARX2_RVT)
 2                   293  MASTER    LE   NN    19818  + ref_clk               u_ctrl/u_aes/ct_out_reg_103_ (SDFFARX1_RVT)
 2                   294  MASTER    LE   NN    19904  + ref_clk               u_ctrl/u_aes/ct_out_reg_66_ (SDFFARX2_RVT)
 2                   295  MASTER    LE   NN    19675  + ref_clk               u_ctrl/u_aes/ct_out_reg_75_ (SDFFARX1_RVT)
 2                   296  MASTER    LE   NN    19672  + ref_clk               u_ctrl/u_aes/ct_out_reg_82_ (SDFFARX1_RVT)
 2                   297  MASTER    LE   NN    19907  + ref_clk               u_ctrl/u_aes/ct_out_reg_87_ (SDFFARX2_RVT)
 2                   298  MASTER    LE   NN    19875  + ref_clk               u_ctrl/u_aes/ct_out_reg_89_ (SDFFARX2_RVT)
 2                   299  MASTER    LE   NN    19726  + ref_clk               u_ctrl/u_aes/ct_out_reg_31_ (SDFFARX2_RVT)
 2                   300  MASTER    LE   NN    19866  + ref_clk               u_ctrl/u_aes/ct_out_reg_124_ (SDFFARX2_RVT)
 2                   301  MASTER    LE   NN    19929  + ref_clk               u_ctrl/u_aes/ct_out_reg_110_ (SDFFARX1_RVT)
 2                   302  MASTER    LE   NN    19663  + ref_clk               u_ctrl/u_aes/ct_out_reg_102_ (SDFFARX1_RVT)
 2                   303  MASTER    LE   NN    19669  + ref_clk               u_ctrl/u_aes/ct_out_reg_94_ (SDFFARX1_RVT)
 2                   304  MASTER    LE   NN    19700  + ref_clk               u_ctrl/u_aes/ct_out_reg_30_ (SDFFARX1_RVT)
 2                   305  MASTER    LE   NN    19708  + ref_clk               u_ctrl/u_aes/ct_out_reg_0_ (SDFFARX1_RVT)
 2                   306  MASTER    LE   NN    19707  + ref_clk               u_ctrl/u_aes/ct_out_reg_2_ (SDFFARX1_RVT)
 2                   307  MASTER    LE   NN    19888  + ref_clk               u_ctrl/u_aes/ct_out_reg_27_ (SDFFARX2_RVT)
 2                   308  MASTER    LE   NN    19674  + ref_clk               u_ctrl/u_aes/ct_out_reg_77_ (SDFFARX1_RVT)
 2                   309  MASTER    LE   NN    19673  + ref_clk               u_ctrl/u_aes/ct_out_reg_78_ (SDFFARX1_RVT)
 2                   310  MASTER    LE   NN    19884  + ref_clk               u_ctrl/u_aes/ct_out_reg_100_ (SDFFARX2_RVT)
 2                   311  MASTER    LE   NN    19665  + ref_clk               u_ctrl/u_aes/ct_out_reg_99_ (SDFFARX1_RVT)
 2                   312  MASTER    LE   NN    19656  + ref_clk               u_ctrl/u_aes/ct_out_reg_120_ (SDFFARX1_RVT)
 2                   313  MASTER    LE   NN    19660  + ref_clk               u_ctrl/u_aes/ct_out_reg_108_ (SDFFARX1_RVT)
 2                   314  MASTER    LE   NN    19657  + ref_clk               u_ctrl/u_aes/ct_out_reg_116_ (SDFFARX1_RVT)
 2                   315  MASTER    LE   NN    19659  + ref_clk               u_ctrl/u_aes/ct_out_reg_109_ (SDFFARX1_RVT)
 2                   316  MASTER    LE   NN    19874  + ref_clk               u_ctrl/u_aes/ct_out_reg_114_ (SDFFARX2_RVT)
 2                   317  MASTER    LE   NN    19774  + ref_clk               u_ctrl/u_aes/ct_out_reg_105_ (SDFFARX2_RVT)
 2                   318  MASTER    LE   NN    19668  + ref_clk               u_ctrl/u_aes/ct_out_reg_95_ (SDFFARX1_RVT)
 2                   319  MASTER    LE   NN    19662  + ref_clk               u_ctrl/u_aes/ct_out_reg_106_ (SDFFARX1_RVT)
 2                   320  MASTER    LE   NN    19655  + ref_clk               u_ctrl/u_aes/ct_out_reg_121_ (SDFFARX1_RVT)
 2                   321  MASTER    LE   NN    19664  + ref_clk               u_ctrl/u_aes/ct_out_reg_101_ (SDFFARX1_RVT)
 2                   322  MASTER    LE   NN    19658  + ref_clk               u_ctrl/u_aes/ct_out_reg_112_ (SDFFARX1_RVT)
 2                   323  MASTER    LE   NN    19889  + ref_clk               u_ctrl/u_aes/ct_out_reg_96_ (SDFFARX2_RVT)
 2                   324  MASTER    LE   NN    19670  + ref_clk               u_ctrl/u_aes/ct_out_reg_88_ (SDFFARX1_RVT)
 2                   325  MASTER    LE   NN    20367  + ref_clk               u_ctrl/ct_hold_fast_reg_75_ (SDFFARX2_RVT)
 2                   326  MASTER    LE   NN    20101  + ref_clk               u_ctrl/ct_hold_fast_reg_69_ (SDFFARX1_RVT)
 2                   327  MASTER    LE   NN    20104  + ref_clk               u_ctrl/ct_hold_fast_reg_66_ (SDFFARX1_RVT)
 2                   328  MASTER    LE   NN    20045  + ref_clk               u_ctrl/ct_hold_fast_reg_0_ (SDFFARX1_RVT)
 2                   329  MASTER    LE   NN    19704  + ref_clk               u_ctrl/u_aes/ct_out_reg_17_ (SDFFARX1_RVT)
 2                   330  MASTER    LE   NN    20103  + ref_clk               u_ctrl/ct_hold_fast_reg_67_ (SDFFARX1_RVT)
 2                   331  MASTER    LE   NN    20043  + ref_clk               u_ctrl/ct_hold_fast_reg_3_ (SDFFARX1_RVT)
 2                   332  MASTER    LE   NN    20029  + ref_clk               u_ctrl/ct_hold_fast_reg_17_ (SDFFARX1_RVT)
 2                   333  MASTER    LE   NN    20038  + ref_clk               u_ctrl/ct_hold_fast_reg_8_ (SDFFARX1_RVT)
 2                   334  MASTER    LE   NN    20021  + ref_clk               u_ctrl/ct_hold_fast_reg_25_ (SDFFARX1_RVT)
 2                   335  MASTER    LE   NN    20211  + ref_clk               u_ctrl/ct_hold_div2_reg_3_ (SDFFARX1_RVT)
 2                   336  MASTER    LE   NN    20270  + ref_clk               u_ctrl/ct_hold_div2_reg_71_ (SDFFARX1_RVT)
 2                   337  MASTER    LE   NN    20275  + ref_clk               u_ctrl/ct_hold_div2_reg_66_ (SDFFARX1_RVT)
 2                   338  MASTER    LE   NN    20191  + ref_clk               u_ctrl/ct_hold_div2_reg_25_ (SDFFARX1_RVT)
 2                   339  MASTER    LE   NN    20198  + ref_clk               u_ctrl/ct_hold_div2_reg_17_ (SDFFARX1_RVT)
 2                   340  MASTER    LE   NN    20206  + ref_clk               u_ctrl/ct_hold_div2_reg_8_ (SDFFARX1_RVT)
 2                   341  MASTER    LE   NN    20360  + ref_clk               u_ctrl/byte_idx_reg_3_ (SDFFARX2_RVT)
 2                   342  MASTER    LE   NN    20375  + ref_clk               u_ctrl/byte_idx_reg_2_ (SDFFARX2_RVT)
 2                   343  MASTER    LE   NN    20363  + ref_clk               u_ctrl/tx_idx_div2_reg_3_ (SDFFARX2_RVT)
 2                   344  MASTER    LE   NN    20355  + ref_clk               u_ctrl/tx_idx_div2_reg_1_ (SDFFARX1_RVT)
 2                   345  MASTER    LE   NN    20174  + ref_clk               u_ctrl/send_go_div2_reg (SDFFARX1_RVT)
 2                   346  MASTER    LE   NN    20169  + ref_clk               u_ctrl/tx_idx_div2_reg_4_ (SDFFARX1_RVT)
 2                   347  MASTER    LE   NN    20199  + ref_clk               u_ctrl/ct_hold_div2_reg_16_ (SDFFARX1_RVT)
 2                   348  MASTER    LE   NN    20017  + ref_clk               u_ctrl/ct_hold_fast_reg_1_ (SDFFARX1_RVT)
 2                   349  MASTER    LE   NN    20159  + ref_clk               u_ctrl/mem_cs_reg (SDFFARX1_RVT)
 2                   350  MASTER    LE   NN    20156  + ref_clk               u_ctrl/mem_oe_reg (SDFFARX1_RVT)
 2                   351  MASTER    LE   NN    20143  + ref_clk               u_ctrl/sst_reg_1_ (SDFFARX1_RVT)
 2                   352  MASTER    LE   NN    20144  + ref_clk               u_ctrl/sst_reg_2_ (SDFFARX1_RVT)
 2                   353  MASTER    LE   NN    20186  + ref_clk               u_ctrl/aes_clk_req_reg (SDFFARX1_RVT)
 2                   354  MASTER    LE   NN    19940  + ref_clk               u_ctrl/u_ct_cdc/pulse_dst_reg (SDFFARX2_RVT)
 2                   355  MASTER    LE   NN    19935  + ref_clk               u_ctrl/u_ct_cdc/ack_tog_dst_reg (SDFFARX1_RVT)
 2                   356  MASTER    LE   NN    18849  + ref_clk               u_div8/clk_out_reg (SDFFARX1_RVT)
 2                   357  MASTER    LE   NN    20345  + ref_clk               u_ctrl/crc_start_reg (SDFFARX2_RVT)
 2                   358  MASTER    LE   NN    20311  + ref_clk               u_ctrl/tx_byte_div2_reg_0_ (SDFFARX1_RVT)
 2                   359  MASTER    LE   NN    19990  + ref_clk               u_ctrl/u_crc/crc_out_reg_14_ (SDFFARX1_RVT)
 2                   360  MASTER    LE   NN    19996  + ref_clk               u_ctrl/u_crc/crc_out_reg_8_ (SDFFARX1_RVT)
 2                   361  MASTER    LE   NN    19974  + ref_clk               u_ctrl/u_crc/crc_out_reg_30_ (SDFFARX1_RVT)
 2                   362  MASTER    LE   NN    19982  + ref_clk               u_ctrl/u_crc/crc_out_reg_22_ (SDFFARX1_RVT)
 2                   363  MASTER    LE   NN    19978  + ref_clk               u_ctrl/u_crc/crc_out_reg_26_ (SDFFARX1_RVT)
 2                   364  MASTER    LE   NN    19969  + ref_clk               u_ctrl/u_crc/crc_reg_22_ (SDFFASX1_RVT)
 2                   365  MASTER    LE   NN    19942  + ref_clk               u_ctrl/u_crc/crc_reg_8_ (SDFFASX1_RVT)
 2                   366  MASTER    LE   NN    19968  + ref_clk               u_ctrl/u_crc/crc_reg_14_ (SDFFASX1_RVT)
 2                   367  MASTER    LE   NN    19945  + ref_clk               u_ctrl/u_crc/crc_reg_26_ (SDFFASX1_RVT)
 2                   368  MASTER    LE   NN    19971  + ref_clk               u_ctrl/u_crc/crc_reg_18_ (SDFFASX1_RVT)
 2                   369  MASTER    LE   NN    19305  + ref_clk               u_ctrl/u_aes/rkeys_reg_704_ (SDFFARX1_RVT)
 2                   370  MASTER    LE   NN    19497  + ref_clk               u_ctrl/u_aes/rkeys_reg_325_ (SDFFARX1_RVT)
 2                   371  MASTER    LE   NN    19235  + ref_clk               u_ctrl/u_aes/rkeys_reg_827_ (SDFFARX1_RVT)
 2                   372  MASTER    LE   NN    19302  + ref_clk               u_ctrl/u_aes/rkeys_reg_709_ (SDFFARX1_RVT)
 2                   373  MASTER    LE   NN    19385  + ref_clk               u_ctrl/u_aes/rkeys_reg_564_ (SDFFARX1_RVT)
 2                   374  MASTER    LE   NN    19007  + ref_clk               u_ctrl/u_aes/rkeys_reg_1234_ (SDFFARX1_RVT)
 2                   375  MASTER    LE   NN    19440  + ref_clk               u_ctrl/u_aes/rkeys_reg_457_ (SDFFARX1_RVT)
 2                   376  MASTER    LE   NN    19012  + ref_clk               u_ctrl/u_aes/rkeys_reg_1228_ (SDFFARX1_RVT)
 2                   377  MASTER    LE   NN    19014  + ref_clk               u_ctrl/u_aes/rkeys_reg_1223_ (SDFFARX1_RVT)
 2                   378  MASTER    LE   NN    19496  + ref_clk               u_ctrl/u_aes/rkeys_reg_327_ (SDFFARX1_RVT)
 2                   379  MASTER    LE   NN    19373  + ref_clk               u_ctrl/u_aes/rkeys_reg_588_ (SDFFARX1_RVT)
 2                   380  MASTER    LE   NN    19018  + ref_clk               u_ctrl/u_aes/rkeys_reg_1219_ (SDFFARX1_RVT)
 2                   381  MASTER    LE   NN    19499  + ref_clk               u_ctrl/u_aes/rkeys_reg_323_ (SDFFARX1_RVT)
 2                   382  MASTER    LE   NN    19502  + ref_clk               u_ctrl/u_aes/rkeys_reg_318_ (SDFFARX1_RVT)
 3                     0  MASTER    LE   NN    19028  + ref_clk               u_ctrl/u_aes/rkeys_reg_1201_ (SDFFARX1_RVT)
 3                     1  MASTER    LE   NN    19386  + ref_clk               u_ctrl/u_aes/rkeys_reg_562_ (SDFFARX1_RVT)
 3                     2  MASTER    LE   NN    19240  + ref_clk               u_ctrl/u_aes/rkeys_reg_818_ (SDFFARX1_RVT)
 3                     3  MASTER    LE   NN    19241  + ref_clk               u_ctrl/u_aes/rkeys_reg_813_ (SDFFARX1_RVT)
 3                     4  MASTER    LE   NN    19388  + ref_clk               u_ctrl/u_aes/rkeys_reg_557_ (SDFFARX1_RVT)
 3                     5  MASTER    LE   NN    19295  + ref_clk               u_ctrl/u_aes/rkeys_reg_719_ (SDFFARX1_RVT)
 3                     6  MASTER    LE   NN    19104  + ref_clk               u_ctrl/u_aes/rkeys_reg_1073_ (SDFFARX1_RVT)
 3                     7  MASTER    LE   NN    19312  + ref_clk               u_ctrl/u_aes/rkeys_reg_689_ (SDFFARX1_RVT)
 3                     8  MASTER    LE   NN    19450  + ref_clk               u_ctrl/u_aes/rkeys_reg_428_ (SDFFARX1_RVT)
 3                     9  MASTER    LE   NN    19504  + ref_clk               u_ctrl/u_aes/rkeys_reg_308_ (SDFFARX1_RVT)
 3                    10  MASTER    LE   NN    19157  + ref_clk               u_ctrl/u_aes/rkeys_reg_967_ (SDFFARX1_RVT)
 3                    11  MASTER    LE   NN    19232  + ref_clk               u_ctrl/u_aes/rkeys_reg_830_ (SDFFARX1_RVT)
 3                    12  MASTER    LE   NN    19306  + ref_clk               u_ctrl/u_aes/rkeys_reg_702_ (SDFFARX1_RVT)
 3                    13  MASTER    LE   NN    19375  + ref_clk               u_ctrl/u_aes/rkeys_reg_583_ (SDFFARX1_RVT)
 3                    14  MASTER    LE   NN    19090  + ref_clk               u_ctrl/u_aes/rkeys_reg_1095_ (SDFFARX1_RVT)
 3                    15  MASTER    LE   NN    19311  + ref_clk               u_ctrl/u_aes/rkeys_reg_692_ (SDFFARX1_RVT)
 3                    16  MASTER    LE   NN    19442  + ref_clk               u_ctrl/u_aes/rkeys_reg_451_ (SDFFARX1_RVT)
 3                    17  MASTER    LE   NN    19444  + ref_clk               u_ctrl/u_aes/rkeys_reg_446_ (SDFFARX1_RVT)
 3                    18  MASTER    LE   NN    19164  + ref_clk               u_ctrl/u_aes/rkeys_reg_958_ (SDFFARX1_RVT)
 3                    19  MASTER    LE   NN    19233  + ref_clk               u_ctrl/u_aes/rkeys_reg_829_ (SDFFARX1_RVT)
 3                    20  MASTER    LE   NN    19165  + ref_clk               u_ctrl/u_aes/rkeys_reg_957_ (SDFFARX1_RVT)
 3                    21  MASTER    LE   NN    19570  + ref_clk               u_ctrl/u_aes/rkeys_reg_177_ (SDFFARX1_RVT)
 3                    22  MASTER    LE   NN    19447  + ref_clk               u_ctrl/u_aes/rkeys_reg_433_ (SDFFARX1_RVT)
 3                    23  MASTER    LE   NN    19153  + ref_clk               u_ctrl/u_aes/rkeys_reg_975_ (SDFFARX1_RVT)
 3                    24  MASTER    LE   NN    19243  + ref_clk               u_ctrl/u_aes/rkeys_reg_809_ (SDFFARX1_RVT)
 3                    25  MASTER    LE   NN    19459  + ref_clk               u_ctrl/u_aes/rkeys_reg_414_ (SDFFARX1_RVT)
 3                    26  MASTER    LE   NN    19110  + ref_clk               u_ctrl/u_aes/rkeys_reg_1054_ (SDFFARX1_RVT)
 3                    27  MASTER    LE   NN    19472  + ref_clk               u_ctrl/u_aes/rkeys_reg_382_ (SDFFARX1_RVT)
 3                    28  MASTER    LE   NN    19553  + ref_clk               u_ctrl/u_aes/rkeys_reg_222_ (SDFFARX1_RVT)
 3                    29  MASTER    LE   NN    19134  + ref_clk               u_ctrl/u_aes/rkeys_reg_1011_ (SDFFARX1_RVT)
 3                    30  MASTER    LE   NN    19418  + ref_clk               u_ctrl/u_aes/rkeys_reg_499_ (SDFFARX1_RVT)
 3                    31  MASTER    LE   NN    19275  + ref_clk               u_ctrl/u_aes/rkeys_reg_755_ (SDFFARX1_RVT)
 3                    32  MASTER    LE   NN    19138  + ref_clk               u_ctrl/u_aes/rkeys_reg_1006_ (SDFFARX1_RVT)
 3                    33  MASTER    LE   NN    19206  + ref_clk               u_ctrl/u_aes/rkeys_reg_878_ (SDFFARX1_RVT)
 3                    34  MASTER    LE   NN    19844  + ref_clk               u_ctrl/u_aes/rkeys_reg_1290_ (SDFFARX2_RVT)
 3                    35  MASTER    LE   NN    18975  + ref_clk               u_ctrl/u_aes/rkeys_reg_1291_ (SDFFARX1_RVT)
 3                    36  MASTER    LE   NN    19396  + ref_clk               u_ctrl/u_aes/rkeys_reg_539_ (SDFFARX1_RVT)
 3                    37  MASTER    LE   NN    19112  + ref_clk               u_ctrl/u_aes/rkeys_reg_1051_ (SDFFARX1_RVT)
 3                    38  MASTER    LE   NN    19184  + ref_clk               u_ctrl/u_aes/rkeys_reg_912_ (SDFFARX1_RVT)
 3                    39  MASTER    LE   NN    19349  + ref_clk               u_ctrl/u_aes/rkeys_reg_627_ (SDFFARX1_RVT)
 3                    40  MASTER    LE   NN    18974  + ref_clk               u_ctrl/u_aes/rkeys_reg_1296_ (SDFFARX1_RVT)
 3                    41  MASTER    LE   NN    19220  + ref_clk               u_ctrl/u_aes/rkeys_reg_853_ (SDFFARX1_RVT)
 3                    42  MASTER    LE   NN    19362  + ref_clk               u_ctrl/u_aes/rkeys_reg_606_ (SDFFARX1_RVT)
 3                    43  MASTER    LE   NN    19390  + ref_clk               u_ctrl/u_aes/rkeys_reg_555_ (SDFFARX1_RVT)
 3                    44  MASTER    LE   NN    19557  + ref_clk               u_ctrl/u_aes/rkeys_reg_210_ (SDFFARX1_RVT)
 3                    45  MASTER    LE   NN    19316  + ref_clk               u_ctrl/u_aes/rkeys_reg_683_ (SDFFARX1_RVT)
 3                    46  MASTER    LE   NN    19451  + ref_clk               u_ctrl/u_aes/rkeys_reg_427_ (SDFFARX1_RVT)
 3                    47  MASTER    LE   NN    19453  + ref_clk               u_ctrl/u_aes/rkeys_reg_425_ (SDFFARX1_RVT)
 3                    48  MASTER    LE   NN    19437  + ref_clk               u_ctrl/u_aes/rkeys_reg_463_ (SDFFARX1_RVT)
 3                    49  MASTER    LE   NN    19567  + ref_clk               u_ctrl/u_aes/rkeys_reg_188_ (SDFFARX1_RVT)
 3                    50  MASTER    LE   NN    19009  + ref_clk               u_ctrl/u_aes/rkeys_reg_1232_ (SDFFARX1_RVT)
 3                    51  MASTER    LE   NN    19380  + ref_clk               u_ctrl/u_aes/rkeys_reg_573_ (SDFFARX1_RVT)
 3                    52  MASTER    LE   NN    19160  + ref_clk               u_ctrl/u_aes/rkeys_reg_963_ (SDFFARX1_RVT)
 3                    53  MASTER    LE   NN    19225  + ref_clk               u_ctrl/u_aes/rkeys_reg_844_ (SDFFARX1_RVT)
 3                    54  MASTER    LE   NN    19560  + ref_clk               u_ctrl/u_aes/rkeys_reg_204_ (SDFFARX1_RVT)
 3                    55  MASTER    LE   NN    19013  + ref_clk               u_ctrl/u_aes/rkeys_reg_1225_ (SDFFARX1_RVT)
 3                    56  MASTER    LE   NN    19566  + ref_clk               u_ctrl/u_aes/rkeys_reg_195_ (SDFFARX1_RVT)
 3                    57  MASTER    LE   NN    19228  + ref_clk               u_ctrl/u_aes/rkeys_reg_841_ (SDFFARX1_RVT)
 3                    58  MASTER    LE   NN    19558  + ref_clk               u_ctrl/u_aes/rkeys_reg_208_ (SDFFARX1_RVT)
 3                    59  MASTER    LE   NN    19307  + ref_clk               u_ctrl/u_aes/rkeys_reg_700_ (SDFFARX1_RVT)
 3                    60  MASTER    LE   NN    19234  + ref_clk               u_ctrl/u_aes/rkeys_reg_828_ (SDFFARX1_RVT)
 3                    61  MASTER    LE   NN    18967  + ref_clk               u_ctrl/u_aes/rkeys_reg_1321_ (SDFFARX1_RVT)
 3                    62  MASTER    LE   NN    18966  + ref_clk               u_ctrl/u_aes/rkeys_reg_1323_ (SDFFARX1_RVT)
 3                    63  MASTER    LE   NN    19172  + ref_clk               u_ctrl/u_aes/rkeys_reg_939_ (SDFFARX1_RVT)
 3                    64  MASTER    LE   NN    19376  + ref_clk               u_ctrl/u_aes/rkeys_reg_580_ (SDFFARX1_RVT)
 3                    65  MASTER    LE   NN    19289  + ref_clk               u_ctrl/u_aes/rkeys_reg_727_ (SDFFARX1_RVT)
 3                    66  MASTER    LE   NN    19370  + ref_clk               u_ctrl/u_aes/rkeys_reg_594_ (SDFFARX1_RVT)
 3                    67  MASTER    LE   NN    19005  + ref_clk               u_ctrl/u_aes/rkeys_reg_1237_ (SDFFARX1_RVT)
 3                    68  MASTER    LE   NN    19369  + ref_clk               u_ctrl/u_aes/rkeys_reg_597_ (SDFFARX1_RVT)
 3                    69  MASTER    LE   NN    19180  + ref_clk               u_ctrl/u_aes/rkeys_reg_922_ (SDFFARX1_RVT)
 3                    70  MASTER    LE   NN    19276  + ref_clk               u_ctrl/u_aes/rkeys_reg_753_ (SDFFARX1_RVT)
 3                    71  MASTER    LE   NN    18989  + ref_clk               u_ctrl/u_aes/rkeys_reg_1265_ (SDFFARX1_RVT)
 3                    72  MASTER    LE   NN    18980  + ref_clk               u_ctrl/u_aes/rkeys_reg_1280_ (SDFFARX1_RVT)
 3                    73  MASTER    LE   NN    19193  + ref_clk               u_ctrl/u_aes/rkeys_reg_896_ (SDFFARX1_RVT)
 3                    74  MASTER    LE   NN    19072  + ref_clk               u_ctrl/u_aes/rkeys_reg_1128_ (SDFFARX1_RVT)
 3                    75  MASTER    LE   NN    18970  + ref_clk               u_ctrl/u_aes/rkeys_reg_1307_ (SDFFARX1_RVT)
 3                    76  MASTER    LE   NN    18973  + ref_clk               u_ctrl/u_aes/rkeys_reg_1298_ (SDFFARX1_RVT)
 3                    77  MASTER    LE   NN    19419  + ref_clk               u_ctrl/u_aes/rkeys_reg_496_ (SDFFARX1_RVT)
 3                    78  MASTER    LE   NN    18951  + ref_clk               u_ctrl/u_aes/rkeys_reg_1392_ (SDFFARX1_RVT)
 3                    79  MASTER    LE   NN    19040  + ref_clk               u_ctrl/u_aes/rkeys_reg_1178_ (SDFFARX1_RVT)
 3                    80  MASTER    LE   NN    19001  + ref_clk               u_ctrl/u_aes/rkeys_reg_1246_ (SDFFARX1_RVT)
 3                    81  MASTER    LE   NN    19317  + ref_clk               u_ctrl/u_aes/rkeys_reg_682_ (SDFFARX1_RVT)
 3                    82  MASTER    LE   NN    19299  + ref_clk               u_ctrl/u_aes/rkeys_reg_712_ (SDFFARX1_RVT)
 3                    83  MASTER    LE   NN    19004  + ref_clk               u_ctrl/u_aes/rkeys_reg_1239_ (SDFFARX1_RVT)
 3                    84  MASTER    LE   NN    19310  + ref_clk               u_ctrl/u_aes/rkeys_reg_693_ (SDFFARX1_RVT)
 3                    85  MASTER    LE   NN    19238  + ref_clk               u_ctrl/u_aes/rkeys_reg_821_ (SDFFARX1_RVT)
 3                    86  MASTER    LE   NN    19019  + ref_clk               u_ctrl/u_aes/rkeys_reg_1217_ (SDFFARX1_RVT)
 3                    87  MASTER    LE   NN    19491  + ref_clk               u_ctrl/u_aes/rkeys_reg_338_ (SDFFARX1_RVT)
 3                    88  MASTER    LE   NN    19436  + ref_clk               u_ctrl/u_aes/rkeys_reg_464_ (SDFFARX1_RVT)
 3                    89  MASTER    LE   NN    19292  + ref_clk               u_ctrl/u_aes/rkeys_reg_722_ (SDFFARX1_RVT)
 3                    90  MASTER    LE   NN    19222  + ref_clk               u_ctrl/u_aes/rkeys_reg_850_ (SDFFARX1_RVT)
 3                    91  MASTER    LE   NN    19562  + ref_clk               u_ctrl/u_aes/rkeys_reg_201_ (SDFFARX1_RVT)
 3                    92  MASTER    LE   NN    19026  + ref_clk               u_ctrl/u_aes/rkeys_reg_1205_ (SDFFARX1_RVT)
 3                    93  MASTER    LE   NN    19568  + ref_clk               u_ctrl/u_aes/rkeys_reg_183_ (SDFFARX1_RVT)
 3                    94  MASTER    LE   NN    19020  + ref_clk               u_ctrl/u_aes/rkeys_reg_1215_ (SDFFARX1_RVT)
 3                    95  MASTER    LE   NN    19434  + ref_clk               u_ctrl/u_aes/rkeys_reg_466_ (SDFFARX1_RVT)
 3                    96  MASTER    LE   NN    19102  + ref_clk               u_ctrl/u_aes/rkeys_reg_1076_ (SDFFARX1_RVT)
 3                    97  MASTER    LE   NN    19025  + ref_clk               u_ctrl/u_aes/rkeys_reg_1207_ (SDFFARX1_RVT)
 3                    98  MASTER    LE   NN    19366  + ref_clk               u_ctrl/u_aes/rkeys_reg_601_ (SDFFARX1_RVT)
 3                    99  MASTER    LE   NN    19569  + ref_clk               u_ctrl/u_aes/rkeys_reg_180_ (SDFFARX1_RVT)
 3                   100  MASTER    LE   NN    19230  + ref_clk               u_ctrl/u_aes/rkeys_reg_832_ (SDFFARX1_RVT)
 3                   101  MASTER    LE   NN    18963  + ref_clk               u_ctrl/u_aes/rkeys_reg_1339_ (SDFFARX1_RVT)
 3                   102  MASTER    LE   NN    19169  + ref_clk               u_ctrl/u_aes/rkeys_reg_948_ (SDFFARX1_RVT)
 3                   103  MASTER    LE   NN    19166  + ref_clk               u_ctrl/u_aes/rkeys_reg_955_ (SDFFARX1_RVT)
 3                   104  MASTER    LE   NN    19161  + ref_clk               u_ctrl/u_aes/rkeys_reg_962_ (SDFFARX1_RVT)
 3                   105  MASTER    LE   NN    19294  + ref_clk               u_ctrl/u_aes/rkeys_reg_720_ (SDFFARX1_RVT)
 3                   106  MASTER    LE   NN    19223  + ref_clk               u_ctrl/u_aes/rkeys_reg_848_ (SDFFARX1_RVT)
 3                   107  MASTER    LE   NN    19171  + ref_clk               u_ctrl/u_aes/rkeys_reg_944_ (SDFFARX1_RVT)
 3                   108  MASTER    LE   NN    19159  + ref_clk               u_ctrl/u_aes/rkeys_reg_964_ (SDFFARX1_RVT)
 3                   109  MASTER    LE   NN    19089  + ref_clk               u_ctrl/u_aes/rkeys_reg_1096_ (SDFFARX1_RVT)
 3                   110  MASTER    LE   NN    19173  + ref_clk               u_ctrl/u_aes/rkeys_reg_938_ (SDFFARX1_RVT)
 3                   111  MASTER    LE   NN    19371  + ref_clk               u_ctrl/u_aes/rkeys_reg_593_ (SDFFARX1_RVT)
 3                   112  MASTER    LE   NN    19452  + ref_clk               u_ctrl/u_aes/rkeys_reg_426_ (SDFFARX1_RVT)
 3                   113  MASTER    LE   NN    19147  + ref_clk               u_ctrl/u_aes/rkeys_reg_990_ (SDFFARX1_RVT)
 3                   114  MASTER    LE   NN    18999  + ref_clk               u_ctrl/u_aes/rkeys_reg_1248_ (SDFFARX1_RVT)
 3                   115  MASTER    LE   NN    19036  + ref_clk               u_ctrl/u_aes/rkeys_reg_1184_ (SDFFARX1_RVT)
 3                   116  MASTER    LE   NN    19115  + ref_clk               u_ctrl/u_aes/rkeys_reg_1037_ (SDFFARX1_RVT)
 3                   117  MASTER    LE   NN    19183  + ref_clk               u_ctrl/u_aes/rkeys_reg_915_ (SDFFARX1_RVT)
 3                   118  MASTER    LE   NN    19488  + ref_clk               u_ctrl/u_aes/rkeys_reg_346_ (SDFFARX1_RVT)
 3                   119  MASTER    LE   NN    19572  + ref_clk               u_ctrl/u_aes/rkeys_reg_170_ (SDFFARX1_RVT)
 3                   120  MASTER    LE   NN    19879  + ref_clk               u_ctrl/u_aes/rkeys_reg_1313_ (SDFFARX2_RVT)
 3                   121  MASTER    LE   NN    18972  + ref_clk               u_ctrl/u_aes/rkeys_reg_1299_ (SDFFARX1_RVT)
 3                   122  MASTER    LE   NN    19360  + ref_clk               u_ctrl/u_aes/rkeys_reg_608_ (SDFFARX1_RVT)
 3                   123  MASTER    LE   NN    18954  + ref_clk               u_ctrl/u_aes/rkeys_reg_1376_ (SDFFARX1_RVT)
 3                   124  MASTER    LE   NN    19391  + ref_clk               u_ctrl/u_aes/rkeys_reg_554_ (SDFFARX1_RVT)
 3                   125  MASTER    LE   NN    19108  + ref_clk               u_ctrl/u_aes/rkeys_reg_1066_ (SDFFARX1_RVT)
 3                   126  MASTER    LE   NN    19177  + ref_clk               u_ctrl/u_aes/rkeys_reg_931_ (SDFFARX1_RVT)
 3                   127  MASTER    LE   NN    19456  + ref_clk               u_ctrl/u_aes/rkeys_reg_419_ (SDFFARX1_RVT)
 3                   128  MASTER    LE   NN    19382  + ref_clk               u_ctrl/u_aes/rkeys_reg_569_ (SDFFARX1_RVT)
 3                   129  MASTER    LE   NN    19313  + ref_clk               u_ctrl/u_aes/rkeys_reg_688_ (SDFFARX1_RVT)
 3                   130  MASTER    LE   NN    19387  + ref_clk               u_ctrl/u_aes/rkeys_reg_560_ (SDFFARX1_RVT)
 3                   131  MASTER    LE   NN    19105  + ref_clk               u_ctrl/u_aes/rkeys_reg_1072_ (SDFFARX1_RVT)
 3                   132  MASTER    LE   NN    19024  + ref_clk               u_ctrl/u_aes/rkeys_reg_1209_ (SDFFARX1_RVT)
 3                   133  MASTER    LE   NN    19100  + ref_clk               u_ctrl/u_aes/rkeys_reg_1081_ (SDFFARX1_RVT)
 3                   134  MASTER    LE   NN    19446  + ref_clk               u_ctrl/u_aes/rkeys_reg_435_ (SDFFARX1_RVT)
 3                   135  MASTER    LE   NN    19432  + ref_clk               u_ctrl/u_aes/rkeys_reg_468_ (SDFFARX1_RVT)
 3                   136  MASTER    LE   NN    19221  + ref_clk               u_ctrl/u_aes/rkeys_reg_852_ (SDFFARX1_RVT)
 3                   137  MASTER    LE   NN    18965  + ref_clk               u_ctrl/u_aes/rkeys_reg_1328_ (SDFFARX1_RVT)
 3                   138  MASTER    LE   NN    19179  + ref_clk               u_ctrl/u_aes/rkeys_reg_928_ (SDFFARX1_RVT)
 3                   139  MASTER    LE   NN    19395  + ref_clk               u_ctrl/u_aes/rkeys_reg_544_ (SDFFARX1_RVT)
 3                   140  MASTER    LE   NN    19075  + ref_clk               u_ctrl/u_aes/rkeys_reg_1120_ (SDFFARX1_RVT)
 3                   141  MASTER    LE   NN    19887  + ref_clk               u_ctrl/u_aes/rkeys_reg_929_ (SDFFARX2_RVT)
 3                   142  MASTER    LE   NN    18968  + ref_clk               u_ctrl/u_aes/rkeys_reg_1315_ (SDFFARX1_RVT)
 3                   143  MASTER    LE   NN    19394  + ref_clk               u_ctrl/u_aes/rkeys_reg_550_ (SDFFARX1_RVT)
 3                   144  MASTER    LE   NN    18971  + ref_clk               u_ctrl/u_aes/rkeys_reg_1306_ (SDFFARX1_RVT)
 3                   145  MASTER    LE   NN    19425  + ref_clk               u_ctrl/u_aes/rkeys_reg_481_ (SDFFARX1_RVT)
 3                   146  MASTER    LE   NN    19149  + ref_clk               u_ctrl/u_aes/rkeys_reg_985_ (SDFFARX1_RVT)
 3                   147  MASTER    LE   NN    19429  + ref_clk               u_ctrl/u_aes/rkeys_reg_473_ (SDFFARX1_RVT)
 3                   148  MASTER    LE   NN    18969  + ref_clk               u_ctrl/u_aes/rkeys_reg_1312_ (SDFFARX1_RVT)
 3                   149  MASTER    LE   NN    19489  + ref_clk               u_ctrl/u_aes/rkeys_reg_340_ (SDFFARX1_RVT)
 3                   150  MASTER    LE   NN    19237  + ref_clk               u_ctrl/u_aes/rkeys_reg_822_ (SDFFARX1_RVT)
 3                   151  MASTER    LE   NN    19309  + ref_clk               u_ctrl/u_aes/rkeys_reg_694_ (SDFFARX1_RVT)
 3                   152  MASTER    LE   NN    18964  + ref_clk               u_ctrl/u_aes/rkeys_reg_1331_ (SDFFARX1_RVT)
 3                   153  MASTER    LE   NN    19170  + ref_clk               u_ctrl/u_aes/rkeys_reg_947_ (SDFFARX1_RVT)
 3                   154  MASTER    LE   NN    19093  + ref_clk               u_ctrl/u_aes/rkeys_reg_1092_ (SDFFARX1_RVT)
 3                   155  MASTER    LE   NN    19168  + ref_clk               u_ctrl/u_aes/rkeys_reg_950_ (SDFFARX1_RVT)
 3                   156  MASTER    LE   NN    18957  + ref_clk               u_ctrl/u_aes/rkeys_reg_1360_ (SDFFARX1_RVT)
 3                   157  MASTER    LE   NN    19239  + ref_clk               u_ctrl/u_aes/rkeys_reg_819_ (SDFFARX1_RVT)
 3                   158  MASTER    LE   NN    18960  + ref_clk               u_ctrl/u_aes/rkeys_reg_1346_ (SDFFARX1_RVT)
 3                   159  MASTER    LE   NN    18961  + ref_clk               u_ctrl/u_aes/rkeys_reg_1345_ (SDFFARX1_RVT)
 3                   160  MASTER    LE   NN    19378  + ref_clk               u_ctrl/u_aes/rkeys_reg_577_ (SDFFARX1_RVT)
 3                   161  MASTER    LE   NN    18962  + ref_clk               u_ctrl/u_aes/rkeys_reg_1344_ (SDFFARX1_RVT)
 3                   162  MASTER    LE   NN    19377  + ref_clk               u_ctrl/u_aes/rkeys_reg_578_ (SDFFARX1_RVT)
 3                   163  MASTER    LE   NN    19443  + ref_clk               u_ctrl/u_aes/rkeys_reg_450_ (SDFFARX1_RVT)
 3                   164  MASTER    LE   NN    19308  + ref_clk               u_ctrl/u_aes/rkeys_reg_695_ (SDFFARX1_RVT)
 3                   165  MASTER    LE   NN    19236  + ref_clk               u_ctrl/u_aes/rkeys_reg_824_ (SDFFARX1_RVT)
 3                   166  MASTER    LE   NN    19304  + ref_clk               u_ctrl/u_aes/rkeys_reg_705_ (SDFFARX1_RVT)
 3                   167  MASTER    LE   NN    19103  + ref_clk               u_ctrl/u_aes/rkeys_reg_1075_ (SDFFARX1_RVT)
 3                   168  MASTER    LE   NN    19298  + ref_clk               u_ctrl/u_aes/rkeys_reg_714_ (SDFFARX1_RVT)
 3                   169  MASTER    LE   NN    19227  + ref_clk               u_ctrl/u_aes/rkeys_reg_842_ (SDFFARX1_RVT)
 3                   170  MASTER    LE   NN    19384  + ref_clk               u_ctrl/u_aes/rkeys_reg_566_ (SDFFARX1_RVT)
 3                   171  MASTER    LE   NN    19381  + ref_clk               u_ctrl/u_aes/rkeys_reg_570_ (SDFFARX1_RVT)
 3                   172  MASTER    LE   NN    19383  + ref_clk               u_ctrl/u_aes/rkeys_reg_568_ (SDFFARX1_RVT)
 3                   173  MASTER    LE   NN    19445  + ref_clk               u_ctrl/u_aes/rkeys_reg_442_ (SDFFARX1_RVT)
 3                   174  MASTER    LE   NN    19561  + ref_clk               u_ctrl/u_aes/rkeys_reg_202_ (SDFFARX1_RVT)
 3                   175  MASTER    LE   NN    19961  + ref_clk               u_ctrl/u_crc/crc_reg_10_ (SDFFASX1_RVT)
 3                   176  MASTER    LE   NN    19962  + ref_clk               u_ctrl/u_crc/crc_reg_5_ (SDFFASX1_RVT)
 3                   177  MASTER    LE   NN    19091  + ref_clk               u_ctrl/u_aes/rkeys_reg_1094_ (SDFFARX1_RVT)
 3                   178  MASTER    LE   NN    19163  + ref_clk               u_ctrl/u_aes/rkeys_reg_960_ (SDFFARX1_RVT)
 3                   179  MASTER    LE   NN    19162  + ref_clk               u_ctrl/u_aes/rkeys_reg_961_ (SDFFARX1_RVT)
 3                   180  MASTER    LE   NN    19500  + ref_clk               u_ctrl/u_aes/rkeys_reg_320_ (SDFFARX1_RVT)
 3                   181  MASTER    LE   NN    18958  + ref_clk               u_ctrl/u_aes/rkeys_reg_1354_ (SDFFARX1_RVT)
 3                   182  MASTER    LE   NN    19494  + ref_clk               u_ctrl/u_aes/rkeys_reg_330_ (SDFFARX1_RVT)
 3                   183  MASTER    LE   NN    19941  + ref_clk               u_ctrl/u_crc/crc_reg_0_ (SDFFASX1_RVT)
 3                   184  MASTER    LE   NN    19959  + ref_clk               u_ctrl/u_crc/crc_reg_1_ (SDFFASX1_RVT)
 3                   185  MASTER    LE   NN    19972  + ref_clk               u_ctrl/u_crc/crc_reg_4_ (SDFFASX1_RVT)
 3                   186  MASTER    LE   NN    19301  + ref_clk               u_ctrl/u_aes/rkeys_reg_710_ (SDFFARX1_RVT)
 3                   187  MASTER    LE   NN    19083  + ref_clk               u_ctrl/u_aes/rkeys_reg_1104_ (SDFFARX1_RVT)
 3                   188  MASTER    LE   NN    19082  + ref_clk               u_ctrl/u_aes/rkeys_reg_1106_ (SDFFARX1_RVT)
 3                   189  MASTER    LE   NN    18956  + ref_clk               u_ctrl/u_aes/rkeys_reg_1362_ (SDFFARX1_RVT)
 3                   190  MASTER    LE   NN    18959  + ref_clk               u_ctrl/u_aes/rkeys_reg_1353_ (SDFFARX1_RVT)
 3                   191  MASTER    LE   NN    19145  + ref_clk               u_ctrl/u_aes/rkeys_reg_993_ (SDFFARX1_RVT)
 3                   192  MASTER    LE   NN    19290  + ref_clk               u_ctrl/u_aes/rkeys_reg_724_ (SDFFARX1_RVT)
 3                   193  MASTER    LE   NN    19008  + ref_clk               u_ctrl/u_aes/rkeys_reg_1233_ (SDFFARX1_RVT)
 3                   194  MASTER    LE   NN    19080  + ref_clk               u_ctrl/u_aes/rkeys_reg_1108_ (SDFFARX1_RVT)
 3                   195  MASTER    LE   NN    19427  + ref_clk               u_ctrl/u_aes/rkeys_reg_478_ (SDFFARX1_RVT)
 3                   196  MASTER    LE   NN    19076  + ref_clk               u_ctrl/u_aes/rkeys_reg_1118_ (SDFFARX1_RVT)
 3                   197  MASTER    LE   NN    18953  + ref_clk               u_ctrl/u_aes/rkeys_reg_1377_ (SDFFARX1_RVT)
 3                   198  MASTER    LE   NN    18955  + ref_clk               u_ctrl/u_aes/rkeys_reg_1370_ (SDFFARX1_RVT)
 3                   199  MASTER    LE   NN    19074  + ref_clk               u_ctrl/u_aes/rkeys_reg_1121_ (SDFFARX1_RVT)
 3                   200  MASTER    LE   NN    19154  + ref_clk               u_ctrl/u_aes/rkeys_reg_974_ (SDFFARX1_RVT)
 3                   201  MASTER    LE   NN    19559  + ref_clk               u_ctrl/u_aes/rkeys_reg_206_ (SDFFARX1_RVT)
 3                   202  MASTER    LE   NN    19224  + ref_clk               u_ctrl/u_aes/rkeys_reg_845_ (SDFFARX1_RVT)
 3                   203  MASTER    LE   NN    19563  + ref_clk               u_ctrl/u_aes/rkeys_reg_200_ (SDFFARX1_RVT)
 3                   204  MASTER    LE   NN    19495  + ref_clk               u_ctrl/u_aes/rkeys_reg_328_ (SDFFARX1_RVT)
 3                   205  MASTER    LE   NN    19152  + ref_clk               u_ctrl/u_aes/rkeys_reg_977_ (SDFFARX1_RVT)
 3                   206  MASTER    LE   NN    19293  + ref_clk               u_ctrl/u_aes/rkeys_reg_721_ (SDFFARX1_RVT)
 3                   207  MASTER    LE   NN    19435  + ref_clk               u_ctrl/u_aes/rkeys_reg_465_ (SDFFARX1_RVT)
 3                   208  MASTER    LE   NN    19564  + ref_clk               u_ctrl/u_aes/rkeys_reg_198_ (SDFFARX1_RVT)
 3                   209  MASTER    LE   NN    19015  + ref_clk               u_ctrl/u_aes/rkeys_reg_1222_ (SDFFARX1_RVT)
 3                   210  MASTER    LE   NN    19229  + ref_clk               u_ctrl/u_aes/rkeys_reg_833_ (SDFFARX1_RVT)
 3                   211  MASTER    LE   NN    19955  + ref_clk               u_ctrl/u_crc/crc_reg_23_ (SDFFASX1_RVT)
 3                   212  MASTER    LE   NN    19099  + ref_clk               u_ctrl/u_aes/rkeys_reg_1082_ (SDFFARX1_RVT)
 3                   213  MASTER    LE   NN    19946  + ref_clk               u_ctrl/u_crc/crc_reg_12_ (SDFFASX1_RVT)
 3                   214  MASTER    LE   NN    19963  + ref_clk               u_ctrl/u_crc/crc_reg_3_ (SDFFASX1_RVT)
 3                   215  MASTER    LE   NN    19167  + ref_clk               u_ctrl/u_aes/rkeys_reg_954_ (SDFFARX1_RVT)
 3                   216  MASTER    LE   NN    19158  + ref_clk               u_ctrl/u_aes/rkeys_reg_965_ (SDFFARX1_RVT)
 3                   217  MASTER    LE   NN    19092  + ref_clk               u_ctrl/u_aes/rkeys_reg_1093_ (SDFFARX1_RVT)
 3                   218  MASTER    LE   NN    19156  + ref_clk               u_ctrl/u_aes/rkeys_reg_968_ (SDFFARX1_RVT)
 3                   219  MASTER    LE   NN    19291  + ref_clk               u_ctrl/u_aes/rkeys_reg_723_ (SDFFARX1_RVT)
 3                   220  MASTER    LE   NN    19081  + ref_clk               u_ctrl/u_aes/rkeys_reg_1107_ (SDFFARX1_RVT)
 3                   221  MASTER    LE   NN    19006  + ref_clk               u_ctrl/u_aes/rkeys_reg_1235_ (SDFFARX1_RVT)
 3                   222  MASTER    LE   NN    19433  + ref_clk               u_ctrl/u_aes/rkeys_reg_467_ (SDFFARX1_RVT)
 3                   223  MASTER    LE   NN    19297  + ref_clk               u_ctrl/u_aes/rkeys_reg_715_ (SDFFARX1_RVT)
 3                   224  MASTER    LE   NN    19565  + ref_clk               u_ctrl/u_aes/rkeys_reg_197_ (SDFFARX1_RVT)
 3                   225  MASTER    LE   NN    19016  + ref_clk               u_ctrl/u_aes/rkeys_reg_1221_ (SDFFARX1_RVT)
 3                   226  MASTER    LE   NN    19948  + ref_clk               u_ctrl/u_crc/crc_reg_28_ (SDFFASX1_RVT)
 3                   227  MASTER    LE   NN    19947  + ref_clk               u_ctrl/u_crc/crc_reg_20_ (SDFFASX1_RVT)
 3                   228  MASTER    LE   NN    19956  + ref_clk               u_ctrl/u_crc/crc_reg_31_ (SDFFASX1_RVT)
 3                   229  MASTER    LE   NN    19967  + ref_clk               u_ctrl/u_crc/crc_reg_6_ (SDFFASX1_RVT)
 3                   230  MASTER    LE   NN    19944  + ref_clk               u_ctrl/u_crc/crc_reg_24_ (SDFFASX1_RVT)
 3                   231  MASTER    LE   NN    19975  + ref_clk               u_ctrl/u_crc/crc_out_reg_29_ (SDFFARX1_RVT)
 3                   232  MASTER    LE   NN    19952  + ref_clk               u_ctrl/u_crc/crc_reg_29_ (SDFFASX1_RVT)
 3                   233  MASTER    LE   NN    19964  + ref_clk               u_ctrl/u_crc/crc_reg_11_ (SDFFASX1_RVT)
 3                   234  MASTER    LE   NN    19954  + ref_clk               u_ctrl/u_crc/crc_reg_25_ (SDFFASX1_RVT)
 3                   235  MASTER    LE   NN    19953  + ref_clk               u_ctrl/u_crc/crc_reg_17_ (SDFFASX1_RVT)
 3                   236  MASTER    LE   NN    19984  + ref_clk               u_ctrl/u_crc/crc_out_reg_20_ (SDFFARX1_RVT)
 3                   237  MASTER    LE   NN    19087  + ref_clk               u_ctrl/u_aes/rkeys_reg_1099_ (SDFFARX1_RVT)
 3                   238  MASTER    LE   NN    19155  + ref_clk               u_ctrl/u_aes/rkeys_reg_971_ (SDFFARX1_RVT)
 3                   239  MASTER    LE   NN    19226  + ref_clk               u_ctrl/u_aes/rkeys_reg_843_ (SDFFARX1_RVT)
 3                   240  MASTER    LE   NN    19085  + ref_clk               u_ctrl/u_aes/rkeys_reg_1101_ (SDFFARX1_RVT)
 3                   241  MASTER    LE   NN    19490  + ref_clk               u_ctrl/u_aes/rkeys_reg_339_ (SDFFARX1_RVT)
 3                   242  MASTER    LE   NN    19439  + ref_clk               u_ctrl/u_aes/rkeys_reg_461_ (SDFFARX1_RVT)
 3                   243  MASTER    LE   NN    19438  + ref_clk               u_ctrl/u_aes/rkeys_reg_462_ (SDFFARX1_RVT)
 3                   244  MASTER    LE   NN    19727  + ref_clk               u_ctrl/u_aes/ct_out_reg_29_ (SDFFARX2_RVT)
 3                   245  MASTER    LE   NN    19073  + ref_clk               u_ctrl/u_aes/rkeys_reg_1123_ (SDFFARX1_RVT)
 3                   246  MASTER    LE   NN    19822  + ref_clk               u_ctrl/u_aes/ct_out_reg_28_ (SDFFARX1_RVT)
 3                   247  MASTER    LE   NN    19143  + ref_clk               u_ctrl/u_aes/rkeys_reg_995_ (SDFFARX1_RVT)
 3                   248  MASTER    LE   NN    19492  + ref_clk               u_ctrl/u_aes/rkeys_reg_334_ (SDFFARX1_RVT)
 3                   249  MASTER    LE   NN    19010  + ref_clk               u_ctrl/u_aes/rkeys_reg_1230_ (SDFFARX1_RVT)
 3                   250  MASTER    LE   NN    19493  + ref_clk               u_ctrl/u_aes/rkeys_reg_333_ (SDFFARX1_RVT)
 3                   251  MASTER    LE   NN    19776  + ref_clk               u_ctrl/u_aes/ct_out_reg_7_ (SDFFARX2_RVT)
 3                   252  MASTER    LE   NN    19011  + ref_clk               u_ctrl/u_aes/rkeys_reg_1229_ (SDFFARX1_RVT)
 3                   253  MASTER    LE   NN    19855  + ref_clk               u_ctrl/u_aes/ct_out_reg_6_ (SDFFARX2_RVT)
 3                   254  MASTER    LE   NN    19768  + ref_clk               u_ctrl/u_aes/ct_out_reg_93_ (SDFFARX2_RVT)
 3                   255  MASTER    LE   NN    19859  + ref_clk               u_ctrl/u_aes/ct_out_reg_13_ (SDFFARX2_RVT)
 3                   256  MASTER    LE   NN    19976  + ref_clk               u_ctrl/u_crc/crc_out_reg_28_ (SDFFARX1_RVT)
 3                   257  MASTER    LE   NN    19973  + ref_clk               u_ctrl/u_crc/crc_out_reg_31_ (SDFFARX1_RVT)
 3                   258  MASTER    LE   NN    19987  + ref_clk               u_ctrl/u_crc/crc_out_reg_17_ (SDFFARX1_RVT)
 3                   259  MASTER    LE   NN    19979  + ref_clk               u_ctrl/u_crc/crc_out_reg_25_ (SDFFARX1_RVT)
 3                   260  MASTER    LE   NN    19981  + ref_clk               u_ctrl/u_crc/crc_out_reg_23_ (SDFFARX1_RVT)
 3                   261  MASTER    LE   NN    19989  + ref_clk               u_ctrl/u_crc/crc_out_reg_15_ (SDFFARX1_RVT)
 3                   262  MASTER    LE   NN    19992  + ref_clk               u_ctrl/u_crc/crc_out_reg_12_ (SDFFARX1_RVT)
 3                   263  MASTER    LE   NN    20001  + ref_clk               u_ctrl/u_crc/crc_out_reg_3_ (SDFFARX1_RVT)
 3                   264  MASTER    LE   NN    20003  + ref_clk               u_ctrl/u_crc/crc_out_reg_1_ (SDFFARX1_RVT)
 3                   265  MASTER    LE   NN    19993  + ref_clk               u_ctrl/u_crc/crc_out_reg_11_ (SDFFARX1_RVT)
 3                   266  MASTER    LE   NN    19999  + ref_clk               u_ctrl/u_crc/crc_out_reg_5_ (SDFFARX1_RVT)
 3                   267  MASTER    LE   NN    19980  + ref_clk               u_ctrl/u_crc/crc_out_reg_24_ (SDFFARX1_RVT)
 3                   268  MASTER    LE   NN    19983  + ref_clk               u_ctrl/u_crc/crc_out_reg_21_ (SDFFARX1_RVT)
 3                   269  MASTER    LE   NN    19966  + ref_clk               u_ctrl/u_crc/crc_reg_9_ (SDFFASX1_RVT)
 3                   270  MASTER    LE   NN    19951  + ref_clk               u_ctrl/u_crc/crc_reg_21_ (SDFFASX1_RVT)
 3                   271  MASTER    LE   NN    19970  + ref_clk               u_ctrl/u_crc/crc_reg_30_ (SDFFASX1_RVT)
 3                   272  MASTER    LE   NN    19943  + ref_clk               u_ctrl/u_crc/crc_reg_16_ (SDFFASX1_RVT)
 3                   273  MASTER    LE   NN    19986  + ref_clk               u_ctrl/u_crc/crc_out_reg_18_ (SDFFARX1_RVT)
 3                   274  MASTER    LE   NN    19988  + ref_clk               u_ctrl/u_crc/crc_out_reg_16_ (SDFFARX1_RVT)
 3                   275  MASTER    LE   NN    19994  + ref_clk               u_ctrl/u_crc/crc_out_reg_10_ (SDFFARX1_RVT)
 3                   276  MASTER    LE   NN    20002  + ref_clk               u_ctrl/u_crc/crc_out_reg_2_ (SDFFARX1_RVT)
 3                   277  MASTER    LE   NN    19997  + ref_clk               u_ctrl/u_crc/crc_out_reg_7_ (SDFFARX1_RVT)
 3                   278  MASTER    LE   NN    20005  + ref_clk               u_ctrl/u_crc/done_reg (SDFFARX1_RVT)
 3                   279  MASTER    LE   NN    20357  + ref_clk               u_ctrl/tx_byte_div2_reg_7_ (SDFFARX1_RVT)
 3                   280  MASTER    LE   NN    19995  + ref_clk               u_ctrl/u_crc/crc_out_reg_9_ (SDFFARX1_RVT)
 3                   281  MASTER    LE   NN    20004  + ref_clk               u_ctrl/u_crc/crc_out_reg_0_ (SDFFARX1_RVT)
 3                   282  MASTER    LE   NN    20000  + ref_clk               u_ctrl/u_crc/crc_out_reg_4_ (SDFFARX1_RVT)
 3                   283  MASTER    LE   NN    20323  + ref_clk               u_ctrl/tx_byte_div2_reg_1_ (SDFFARX1_RVT)
 3                   284  MASTER    LE   NN    20151  + ref_clk               u_ctrl/crc_byte_reg_1_ (SDFFARX1_RVT)
 3                   285  MASTER    LE   NN    19820  + ref_clk               u_ctrl/u_aes/ct_out_reg_67_ (SDFFARX1_RVT)
 3                   286  MASTER    LE   NN    20366  + ref_clk               u_ctrl/crc_byte_reg_4_ (SDFFARX2_RVT)
 3                   287  MASTER    LE   NN    20146  + ref_clk               u_ctrl/crc_byte_reg_7_ (SDFFARX1_RVT)
 3                   288  MASTER    LE   NN    20317  + ref_clk               u_ctrl/tx_byte_div2_reg_4_ (SDFFARX1_RVT)
 3                   289  MASTER    LE   NN    20152  + ref_clk               u_ctrl/crc_byte_reg_0_ (SDFFARX1_RVT)
 3                   290  MASTER    LE   NN    20148  + ref_clk               u_ctrl/crc_byte_reg_5_ (SDFFARX1_RVT)
 3                   291  MASTER    LE   NN    19702  + ref_clk               u_ctrl/u_aes/ct_out_reg_21_ (SDFFARX1_RVT)
 3                   292  MASTER    LE   NN    19838  + ref_clk               u_ctrl/u_aes/ct_out_reg_26_ (SDFFARX2_RVT)
 3                   293  MASTER    LE   NN    19778  + ref_clk               u_ctrl/u_aes/ct_out_reg_73_ (SDFFARX2_RVT)
 3                   294  MASTER    LE   NN    20142  + ref_clk               u_ctrl/ct_req_pulse_fast_reg (SDFFARX1_RVT)
 3                   295  MASTER    LE   NN    20018  + ref_clk               u_ctrl/ct_hold_fast_reg_28_ (SDFFARX1_RVT)
 3                   296  MASTER    LE   NN    20026  + ref_clk               u_ctrl/ct_hold_fast_reg_20_ (SDFFARX1_RVT)
 3                   297  MASTER    LE   NN    20034  + ref_clk               u_ctrl/ct_hold_fast_reg_12_ (SDFFARX1_RVT)
 3                   298  MASTER    LE   NN    19705  + ref_clk               u_ctrl/u_aes/ct_out_reg_16_ (SDFFARX1_RVT)
 3                   299  MASTER    LE   NN    20032  + ref_clk               u_ctrl/ct_hold_fast_reg_14_ (SDFFARX1_RVT)
 3                   300  MASTER    LE   NN    20040  + ref_clk               u_ctrl/ct_hold_fast_reg_6_ (SDFFARX1_RVT)
 3                   301  MASTER    LE   NN    20028  + ref_clk               u_ctrl/ct_hold_fast_reg_18_ (SDFFARX1_RVT)
 3                   302  MASTER    LE   NN    20031  + ref_clk               u_ctrl/ct_hold_fast_reg_15_ (SDFFARX1_RVT)
 3                   303  MASTER    LE   NN    20166  + ref_clk               u_ctrl/mem_wdata_reg_5_ (SDFFARX1_RVT)
 3                   304  MASTER    LE   NN    20162  + ref_clk               u_ctrl/mem_wdata_reg_1_ (SDFFARX1_RVT)
 3                   305  MASTER    LE   NN    20025  + ref_clk               u_ctrl/ct_hold_fast_reg_21_ (SDFFARX1_RVT)
 3                   306  MASTER    LE   NN    20194  + ref_clk               u_ctrl/ct_hold_div2_reg_22_ (SDFFARX1_RVT)
 3                   307  MASTER    LE   NN    20202  + ref_clk               u_ctrl/ct_hold_div2_reg_12_ (SDFFARX1_RVT)
 3                   308  MASTER    LE   NN    20023  + ref_clk               u_ctrl/ct_hold_fast_reg_23_ (SDFFARX1_RVT)
 3                   309  MASTER    LE   NN    20157  + ref_clk               u_ctrl/fail_reg (SDFFARX1_RVT)
 3                   310  MASTER    LE   NN    19937  + ref_clk               u_ctrl/u_ct_cdc/req_tog_src_reg (SDFFARX1_RVT)
 3                   311  MASTER    LE   NN    20177  + ref_clk               u_ctrl/stream_sent_div2_reg (SDFFARX1_RVT)
 3                   312  MASTER    LE   NN    20178  + ref_clk               u_ctrl/stream_ready_div2_reg (SDFFARX1_RVT)
 3                   313  MASTER    LE   NN    20179  + ref_clk               u_ctrl/allow_send_div2_d_reg (SDFFARX1_RVT)
 3                   314  MASTER    LE   NN    20184  + ref_clk               u_ctrl/crc_done_hold_reg (SDFFARX1_RVT)
 3                   315  MASTER    LE   NN    20344  + ref_clk               u_ctrl/aes_start_reg (SDFFARX2_RVT)
 3                   316  MASTER    LE   NN    20165  + ref_clk               u_ctrl/mem_wdata_reg_4_ (SDFFARX1_RVT)
 3                   317  MASTER    LE   NN    20039  + ref_clk               u_ctrl/ct_hold_fast_reg_7_ (SDFFARX1_RVT)
 3                   318  MASTER    LE   NN    20164  + ref_clk               u_ctrl/mem_wdata_reg_3_ (SDFFARX1_RVT)
 3                   319  MASTER    LE   NN    20167  + ref_clk               u_ctrl/mem_wdata_reg_6_ (SDFFARX1_RVT)
 3                   320  MASTER    LE   NN    20035  + ref_clk               u_ctrl/ct_hold_fast_reg_11_ (SDFFARX1_RVT)
 3                   321  MASTER    LE   NN    20036  + ref_clk               u_ctrl/ct_hold_fast_reg_10_ (SDFFARX1_RVT)
 3                   322  MASTER    LE   NN    20205  + ref_clk               u_ctrl/ct_hold_div2_reg_9_ (SDFFARX1_RVT)
 3                   323  MASTER    LE   NN    20020  + ref_clk               u_ctrl/ct_hold_fast_reg_26_ (SDFFARX1_RVT)
 3                   324  MASTER    LE   NN    20019  + ref_clk               u_ctrl/ct_hold_fast_reg_27_ (SDFFARX1_RVT)
 3                   325  MASTER    LE   NN    20203  + ref_clk               u_ctrl/ct_hold_div2_reg_11_ (SDFFARX1_RVT)
 3                   326  MASTER    LE   NN    20197  + ref_clk               u_ctrl/ct_hold_div2_reg_18_ (SDFFARX1_RVT)
 3                   327  MASTER    LE   NN    20207  + ref_clk               u_ctrl/ct_hold_div2_reg_7_ (SDFFARX1_RVT)
 3                   328  MASTER    LE   NN    20196  + ref_clk               u_ctrl/ct_hold_div2_reg_19_ (SDFFARX1_RVT)
 3                   329  MASTER    LE   NN    20195  + ref_clk               u_ctrl/ct_hold_div2_reg_21_ (SDFFARX1_RVT)
 3                   330  MASTER    LE   NN    20190  + ref_clk               u_ctrl/ct_hold_div2_reg_26_ (SDFFARX1_RVT)
 3                   331  MASTER    LE   NN    20189  + ref_clk               u_ctrl/ct_hold_div2_reg_27_ (SDFFARX1_RVT)
 3                   332  MASTER    LE   NN    20274  + ref_clk               u_ctrl/ct_hold_div2_reg_67_ (SDFFARX1_RVT)
 3                   333  MASTER    LE   NN    20356  + ref_clk               u_ctrl/mem_addr_reg_3_ (SDFFARX1_RVT)
 3                   334  MASTER    LE   NN    20380  + ref_clk               u_ctrl/mem_addr_reg_0_ (SDFFARX2_RVT)
 3                   335  MASTER    LE   NN    20379  + ref_clk               u_ctrl/mem_addr_reg_2_ (SDFFARX2_RVT)
 3                   336  MASTER    LE   NN    20378  + ref_clk               u_ctrl/mem_addr_reg_1_ (SDFFARX2_RVT)
 3                   337  MASTER    LE   NN    20200  + ref_clk               u_ctrl/ct_hold_div2_reg_15_ (SDFFARX1_RVT)
 3                   338  MASTER    LE   NN    20192  + ref_clk               u_ctrl/ct_hold_div2_reg_24_ (SDFFARX1_RVT)
 3                   339  MASTER    LE   NN    20204  + ref_clk               u_ctrl/ct_hold_div2_reg_10_ (SDFFARX1_RVT)
 3                   340  MASTER    LE   NN    20037  + ref_clk               u_ctrl/ct_hold_fast_reg_9_ (SDFFARX1_RVT)
 3                   341  MASTER    LE   NN    20163  + ref_clk               u_ctrl/mem_wdata_reg_2_ (SDFFARX1_RVT)
 3                   342  MASTER    LE   NN    20369  + ref_clk               u_ctrl/ct_hold_div2_reg_13_ (SDFFARX2_RVT)
 3                   343  MASTER    LE   NN    20201  + ref_clk               u_ctrl/ct_hold_div2_reg_14_ (SDFFARX1_RVT)
 3                   344  MASTER    LE   NN    20208  + ref_clk               u_ctrl/ct_hold_div2_reg_6_ (SDFFARX1_RVT)
 3                   345  MASTER    LE   NN    20033  + ref_clk               u_ctrl/ct_hold_fast_reg_13_ (SDFFARX1_RVT)
 3                   346  MASTER    LE   NN    20024  + ref_clk               u_ctrl/ct_hold_fast_reg_22_ (SDFFARX1_RVT)
 3                   347  MASTER    LE   NN    19706  + ref_clk               u_ctrl/u_aes/ct_out_reg_12_ (SDFFARX1_RVT)
 3                   348  MASTER    LE   NN    19701  + ref_clk               u_ctrl/u_aes/ct_out_reg_24_ (SDFFARX1_RVT)
 3                   349  MASTER    LE   NN    19703  + ref_clk               u_ctrl/u_aes/ct_out_reg_19_ (SDFFARX1_RVT)
 3                   350  MASTER    LE   NN    20149  + ref_clk               u_ctrl/crc_byte_reg_3_ (SDFFARX1_RVT)
 3                   351  MASTER    LE   NN    20315  + ref_clk               u_ctrl/tx_byte_div2_reg_5_ (SDFFARX1_RVT)
 3                   352  MASTER    LE   NN    20321  + ref_clk               u_ctrl/tx_byte_div2_reg_2_ (SDFFARX1_RVT)
 3                   353  MASTER    LE   NN    20313  + ref_clk               u_ctrl/tx_byte_div2_reg_6_ (SDFFARX1_RVT)
 3                   354  MASTER    LE   NN    20154  + ref_clk               u_ctrl/crc_finish_reg (SDFFARX1_RVT)
 3                   355  MASTER    LE   NN    20147  + ref_clk               u_ctrl/crc_byte_reg_6_ (SDFFARX1_RVT)
 3                   356  MASTER    LE   NN    20150  + ref_clk               u_ctrl/crc_byte_reg_2_ (SDFFARX1_RVT)
 3                   357  MASTER    LE   NN    20153  + ref_clk               u_ctrl/crc_dv_reg (SDFFARX1_RVT)
 3                   358  MASTER    LE   NN    20319  + ref_clk               u_ctrl/tx_byte_div2_reg_3_ (SDFFARX1_RVT)
 3                   359  MASTER    LE   NN    19998  + ref_clk               u_ctrl/u_crc/crc_out_reg_6_ (SDFFARX1_RVT)
 3                   360  MASTER    LE   NN    19991  + ref_clk               u_ctrl/u_crc/crc_out_reg_13_ (SDFFARX1_RVT)
 3                   361  MASTER    LE   NN    19977  + ref_clk               u_ctrl/u_crc/crc_out_reg_27_ (SDFFARX1_RVT)
 3                   362  MASTER    LE   NN    19985  + ref_clk               u_ctrl/u_crc/crc_out_reg_19_ (SDFFARX1_RVT)
 3                   363  MASTER    LE   NN    19949  + ref_clk               u_ctrl/u_crc/crc_reg_27_ (SDFFASX1_RVT)
 3                   364  MASTER    LE   NN    19965  + ref_clk               u_ctrl/u_crc/crc_reg_19_ (SDFFASX1_RVT)
 3                   365  MASTER    LE   NN    19950  + ref_clk               u_ctrl/u_crc/crc_reg_13_ (SDFFASX1_RVT)
 3                   366  MASTER    LE   NN    19957  + ref_clk               u_ctrl/u_crc/crc_reg_7_ (SDFFASX1_RVT)
 3                   367  MASTER    LE   NN    19958  + ref_clk               u_ctrl/u_crc/crc_reg_15_ (SDFFASX1_RVT)
 3                   368  MASTER    LE   NN    19960  + ref_clk               u_ctrl/u_crc/crc_reg_2_ (SDFFASX1_RVT)
 3                   369  MASTER    LE   NN    19088  + ref_clk               u_ctrl/u_aes/rkeys_reg_1098_ (SDFFARX1_RVT)
 3                   370  MASTER    LE   NN    19094  + ref_clk               u_ctrl/u_aes/rkeys_reg_1088_ (SDFFARX1_RVT)
 3                   371  MASTER    LE   NN    19101  + ref_clk               u_ctrl/u_aes/rkeys_reg_1079_ (SDFFARX1_RVT)
 3                   372  MASTER    LE   NN    19231  + ref_clk               u_ctrl/u_aes/rkeys_reg_831_ (SDFFARX1_RVT)
 3                   373  MASTER    LE   NN    19003  + ref_clk               u_ctrl/u_aes/rkeys_reg_1241_ (SDFFARX1_RVT)
 3                   374  MASTER    LE   NN    19379  + ref_clk               u_ctrl/u_aes/rkeys_reg_575_ (SDFFARX1_RVT)
 3                   375  MASTER    LE   NN    19374  + ref_clk               u_ctrl/u_aes/rkeys_reg_585_ (SDFFARX1_RVT)
 3                   376  MASTER    LE   NN    19296  + ref_clk               u_ctrl/u_aes/rkeys_reg_716_ (SDFFARX1_RVT)
 3                   377  MASTER    LE   NN    19303  + ref_clk               u_ctrl/u_aes/rkeys_reg_707_ (SDFFARX1_RVT)
 3                   378  MASTER    LE   NN    19441  + ref_clk               u_ctrl/u_aes/rkeys_reg_455_ (SDFFARX1_RVT)
 3                   379  MASTER    LE   NN    19300  + ref_clk               u_ctrl/u_aes/rkeys_reg_711_ (SDFFARX1_RVT)
 3                   380  MASTER    LE   NN    19086  + ref_clk               u_ctrl/u_aes/rkeys_reg_1100_ (SDFFARX1_RVT)
 3                   381  MASTER    LE   NN    19021  + ref_clk               u_ctrl/u_aes/rkeys_reg_1214_ (SDFFARX1_RVT)
 3                   382  MASTER    LE   NN    19503  + ref_clk               u_ctrl/u_aes/rkeys_reg_317_ (SDFFARX1_RVT)
 4                     0  MASTER    LE   NN    20262  + ref_clk               u_ctrl/ct_hold_div2_reg_79_ (SDFFARX1_RVT)
 4                     1  MASTER    LE   NN    20264  + ref_clk               u_ctrl/ct_hold_div2_reg_77_ (SDFFARX1_RVT)
 4                     2  MASTER    LE   NN    20268  + ref_clk               u_ctrl/ct_hold_div2_reg_73_ (SDFFARX1_RVT)
 4                     3  MASTER    LE   NN    20266  + ref_clk               u_ctrl/ct_hold_div2_reg_75_ (SDFFARX1_RVT)
 4                     4  MASTER    LE   NN    20261  + ref_clk               u_ctrl/ct_hold_div2_reg_80_ (SDFFARX1_RVT)
 4                     5  MASTER    LE   NN    20273  + ref_clk               u_ctrl/ct_hold_div2_reg_68_ (SDFFARX1_RVT)
 4                     6  MASTER    LE   NN    20259  + ref_clk               u_ctrl/ct_hold_div2_reg_82_ (SDFFARX1_RVT)
 4                     7  MASTER    LE   NN    20230  + ref_clk               u_ctrl/ct_hold_div2_reg_111_ (SDFFARX1_RVT)
 4                     8  MASTER    LE   NN    19920  + ref_clk               u_ctrl/u_aes/state_reg_45_ (SDFFARX1_RVT)
 4                     9  MASTER    LE   NN    18947  + ref_clk               u_ctrl/u_tx/shifter_reg_0_ (SDFFASX1_RVT)
 4                    10  MASTER    LE   NN    19766  + ref_clk               u_ctrl/u_aes/state_reg_61_ (SDFFARX2_RVT)
 4                    11  MASTER    LE   NN    19729  + ref_clk               u_ctrl/u_aes/state_reg_53_ (SDFFARX2_RVT)
 4                    12  MASTER    LE   NN    18950  + ref_clk               u_ctrl/u_tx/divcnt_reg_14_ (SDFFARX2_RVT)
 4                    13  MASTER    LE   NN    18921  + ref_clk               u_ctrl/u_tx/divcnt_reg_17_ (SDFFARX1_RVT)
 4                    14  MASTER    LE   NN    18920  + ref_clk               u_ctrl/u_tx/divcnt_reg_16_ (SDFFARX1_RVT)
 4                    15  MASTER    LE   NN    18919  + ref_clk               u_ctrl/u_tx/divcnt_reg_15_ (SDFFARX1_RVT)
 4                    16  MASTER    LE   NN    19832  + ref_clk               u_ctrl/u_aes/state_reg_106_ (SDFFARX2_RVT)
 4                    17  MASTER    LE   NN    19928  + ref_clk               u_ctrl/u_aes/state_reg_109_ (SDFFARX1_RVT)
 4                    18  MASTER    LE   NN    19867  + ref_clk               u_ctrl/u_aes/ct_out_reg_122_ (SDFFARX2_RVT)
 4                    19  MASTER    LE   NN    19903  + ref_clk               u_ctrl/u_aes/state_reg_122_ (SDFFARX2_RVT)
 4                    20  MASTER    LE   NN    19841  + ref_clk               u_ctrl/u_aes/ct_out_reg_125_ (SDFFARX2_RVT)
 4                    21  MASTER    LE   NN    19744  + ref_clk               u_ctrl/u_aes/ct_out_reg_119_ (SDFFARX2_RVT)
 4                    22  MASTER    LE   NN    19826  + ref_clk               u_ctrl/u_aes/state_reg_114_ (SDFFARX1_RVT)
 4                    23  MASTER    LE   NN    19923  + ref_clk               u_ctrl/u_aes/state_reg_117_ (SDFFARX1_RVT)
 4                    24  MASTER    LE   NN    19930  + ref_clk               u_ctrl/u_aes/rkeys_reg_7_ (SDFFARX1_RVT)
 4                    25  MASTER    LE   NN    19861  + ref_clk               u_ctrl/u_aes/rkeys_reg_153_ (SDFFARX2_RVT)
 4                    26  MASTER    LE   NN    19187  + ref_clk               u_ctrl/u_aes/rkeys_reg_908_ (SDFFARX1_RVT)
 4                    27  MASTER    LE   NN    19049  + ref_clk               u_ctrl/u_aes/rkeys_reg_1164_ (SDFFARX1_RVT)
 4                    28  MASTER    LE   NN    19397  + ref_clk               u_ctrl/u_aes/rkeys_reg_537_ (SDFFARX1_RVT)
 4                    29  MASTER    LE   NN    19041  + ref_clk               u_ctrl/u_aes/rkeys_reg_1177_ (SDFFARX1_RVT)
 4                    30  MASTER    LE   NN    19522  + ref_clk               u_ctrl/u_aes/rkeys_reg_279_ (SDFFARX1_RVT)
 4                    31  MASTER    LE   NN    19117  + ref_clk               u_ctrl/u_aes/rkeys_reg_1033_ (SDFFARX1_RVT)
 4                    32  MASTER    LE   NN    19533  + ref_clk               u_ctrl/u_aes/rkeys_reg_265_ (SDFFARX1_RVT)
 4                    33  MASTER    LE   NN    19258  + ref_clk               u_ctrl/u_aes/rkeys_reg_783_ (SDFFARX1_RVT)
 4                    34  MASTER    LE   NN    19467  + ref_clk               u_ctrl/u_aes/rkeys_reg_399_ (SDFFARX1_RVT)
 4                    35  MASTER    LE   NN    19462  + ref_clk               u_ctrl/u_aes/rkeys_reg_409_ (SDFFARX1_RVT)
 4                    36  MASTER    LE   NN    19116  + ref_clk               u_ctrl/u_aes/rkeys_reg_1036_ (SDFFARX1_RVT)
 4                    37  MASTER    LE   NN    19531  + ref_clk               u_ctrl/u_aes/rkeys_reg_268_ (SDFFARX1_RVT)
 4                    38  MASTER    LE   NN    19402  + ref_clk               u_ctrl/u_aes/rkeys_reg_524_ (SDFFARX1_RVT)
 4                    39  MASTER    LE   NN    19550  + ref_clk               u_ctrl/u_aes/rkeys_reg_228_ (SDFFARX1_RVT)
 4                    40  MASTER    LE   NN    19585  + ref_clk               u_ctrl/u_aes/rkeys_reg_140_ (SDFFARX1_RVT)
 4                    41  MASTER    LE   NN    19518  + ref_clk               u_ctrl/u_aes/rkeys_reg_285_ (SDFFARX1_RVT)
 4                    42  MASTER    LE   NN    19521  + ref_clk               u_ctrl/u_aes/rkeys_reg_281_ (SDFFARX1_RVT)
 4                    43  MASTER    LE   NN    19577  + ref_clk               u_ctrl/u_aes/rkeys_reg_157_ (SDFFARX1_RVT)
 4                    44  MASTER    LE   NN    19921  + ref_clk               u_ctrl/u_aes/state_reg_12_ (SDFFARX1_RVT)
 4                    45  MASTER    LE   NN    19588  + ref_clk               u_ctrl/u_aes/rkeys_reg_136_ (SDFFARX1_RVT)
 4                    46  MASTER    LE   NN    19787  + ref_clk               u_ctrl/u_aes/state_reg_9_ (SDFFARX1_RVT)
 4                    47  MASTER    LE   NN    19519  + ref_clk               u_ctrl/u_aes/rkeys_reg_283_ (SDFFARX1_RVT)
 4                    48  MASTER    LE   NN    19253  + ref_clk               u_ctrl/u_aes/rkeys_reg_795_ (SDFFARX1_RVT)
 4                    49  MASTER    LE   NN    19261  + ref_clk               u_ctrl/u_aes/rkeys_reg_776_ (SDFFARX1_RVT)
 4                    50  MASTER    LE   NN    19483  + ref_clk               u_ctrl/u_aes/rkeys_reg_356_ (SDFFARX1_RVT)
 4                    51  MASTER    LE   NN    19584  + ref_clk               u_ctrl/u_aes/rkeys_reg_143_ (SDFFARX1_RVT)
 4                    52  MASTER    LE   NN    19185  + ref_clk               u_ctrl/u_aes/rkeys_reg_911_ (SDFFARX1_RVT)
 4                    53  MASTER    LE   NN    19357  + ref_clk               u_ctrl/u_aes/rkeys_reg_612_ (SDFFARX1_RVT)
 4                    54  MASTER    LE   NN    19200  + ref_clk               u_ctrl/u_aes/rkeys_reg_885_ (SDFFARX1_RVT)
 4                    55  MASTER    LE   NN    19352  + ref_clk               u_ctrl/u_aes/rkeys_reg_618_ (SDFFARX1_RVT)
 4                    56  MASTER    LE   NN    19350  + ref_clk               u_ctrl/u_aes/rkeys_reg_624_ (SDFFARX1_RVT)
 4                    57  MASTER    LE   NN    19214  + ref_clk               u_ctrl/u_aes/rkeys_reg_868_ (SDFFARX1_RVT)
 4                    58  MASTER    LE   NN    19404  + ref_clk               u_ctrl/u_aes/rkeys_reg_522_ (SDFFARX1_RVT)
 4                    59  MASTER    LE   NN    19526  + ref_clk               u_ctrl/u_aes/rkeys_reg_274_ (SDFFARX1_RVT)
 4                    60  MASTER    LE   NN    19334  + ref_clk               u_ctrl/u_aes/rkeys_reg_658_ (SDFFARX1_RVT)
 4                    61  MASTER    LE   NN    19039  + ref_clk               u_ctrl/u_aes/rkeys_reg_1180_ (SDFFARX1_RVT)
 4                    62  MASTER    LE   NN    19578  + ref_clk               u_ctrl/u_aes/rkeys_reg_156_ (SDFFARX1_RVT)
 4                    63  MASTER    LE   NN    19330  + ref_clk               u_ctrl/u_aes/rkeys_reg_663_ (SDFFARX1_RVT)
 4                    64  MASTER    LE   NN    19398  + ref_clk               u_ctrl/u_aes/rkeys_reg_535_ (SDFFARX1_RVT)
 4                    65  MASTER    LE   NN    19399  + ref_clk               u_ctrl/u_aes/rkeys_reg_533_ (SDFFARX1_RVT)
 4                    66  MASTER    LE   NN    19515  + ref_clk               u_ctrl/u_aes/rkeys_reg_292_ (SDFFARX1_RVT)
 4                    67  MASTER    LE   NN    19824  + ref_clk               u_ctrl/u_aes/rkeys_reg_175_ (SDFFARX1_RVT)
 4                    68  MASTER    LE   NN    18986  + ref_clk               u_ctrl/u_aes/rkeys_reg_1271_ (SDFFARX1_RVT)
 4                    69  MASTER    LE   NN    19541  + ref_clk               u_ctrl/u_aes/rkeys_reg_247_ (SDFFARX1_RVT)
 4                    70  MASTER    LE   NN    19408  + ref_clk               u_ctrl/u_aes/rkeys_reg_517_ (SDFFARX1_RVT)
 4                    71  MASTER    LE   NN    19121  + ref_clk               u_ctrl/u_aes/rkeys_reg_1029_ (SDFFARX1_RVT)
 4                    72  MASTER    LE   NN    19054  + ref_clk               u_ctrl/u_aes/rkeys_reg_1157_ (SDFFARX1_RVT)
 4                    73  MASTER    LE   NN    19043  + ref_clk               u_ctrl/u_aes/rkeys_reg_1173_ (SDFFARX1_RVT)
 4                    74  MASTER    LE   NN    19042  + ref_clk               u_ctrl/u_aes/rkeys_reg_1175_ (SDFFARX1_RVT)
 4                    75  MASTER    LE   NN    19516  + ref_clk               u_ctrl/u_aes/rkeys_reg_290_ (SDFFARX1_RVT)
 4                    76  MASTER    LE   NN    19523  + ref_clk               u_ctrl/u_aes/rkeys_reg_277_ (SDFFARX1_RVT)
 4                    77  MASTER    LE   NN    19581  + ref_clk               u_ctrl/u_aes/rkeys_reg_149_ (SDFFARX1_RVT)
 4                    78  MASTER    LE   NN    19182  + ref_clk               u_ctrl/u_aes/rkeys_reg_917_ (SDFFARX1_RVT)
 4                    79  MASTER    LE   NN    19464  + ref_clk               u_ctrl/u_aes/rkeys_reg_405_ (SDFFARX1_RVT)
 4                    80  MASTER    LE   NN    19332  + ref_clk               u_ctrl/u_aes/rkeys_reg_661_ (SDFFARX1_RVT)
 4                    81  MASTER    LE   NN    19463  + ref_clk               u_ctrl/u_aes/rkeys_reg_407_ (SDFFARX1_RVT)
 4                    82  MASTER    LE   NN    19337  + ref_clk               u_ctrl/u_aes/rkeys_reg_649_ (SDFFARX1_RVT)
 4                    83  MASTER    LE   NN    19406  + ref_clk               u_ctrl/u_aes/rkeys_reg_520_ (SDFFARX1_RVT)
 4                    84  MASTER    LE   NN    19188  + ref_clk               u_ctrl/u_aes/rkeys_reg_907_ (SDFFARX1_RVT)
 4                    85  MASTER    LE   NN    19252  + ref_clk               u_ctrl/u_aes/rkeys_reg_796_ (SDFFARX1_RVT)
 4                    86  MASTER    LE   NN    19280  + ref_clk               u_ctrl/u_aes/rkeys_reg_744_ (SDFFARX1_RVT)
 4                    87  MASTER    LE   NN    19481  + ref_clk               u_ctrl/u_aes/rkeys_reg_360_ (SDFFARX1_RVT)
 4                    88  MASTER    LE   NN    19189  + ref_clk               u_ctrl/u_aes/rkeys_reg_906_ (SDFFARX1_RVT)
 4                    89  MASTER    LE   NN    19209  + ref_clk               u_ctrl/u_aes/rkeys_reg_874_ (SDFFARX1_RVT)
 4                    90  MASTER    LE   NN    19132  + ref_clk               u_ctrl/u_aes/rkeys_reg_1013_ (SDFFARX1_RVT)
 4                    91  MASTER    LE   NN    19479  + ref_clk               u_ctrl/u_aes/rkeys_reg_362_ (SDFFARX1_RVT)
 4                    92  MASTER    LE   NN    19751  + ref_clk               u_ctrl/u_aes/state_reg_8_ (SDFFARX2_RVT)
 4                    93  MASTER    LE   NN    19747  + ref_clk               u_ctrl/u_aes/state_reg_14_ (SDFFARX2_RVT)
 4                    94  MASTER    LE   NN    19831  + ref_clk               u_ctrl/u_aes/state_reg_15_ (SDFFARX1_RVT)
 4                    95  MASTER    LE   NN    19745  + ref_clk               u_ctrl/u_aes/state_reg_11_ (SDFFARX2_RVT)
 4                    96  MASTER    LE   NN    19478  + ref_clk               u_ctrl/u_aes/rkeys_reg_367_ (SDFFARX1_RVT)
 4                    97  MASTER    LE   NN    19475  + ref_clk               u_ctrl/u_aes/rkeys_reg_374_ (SDFFARX1_RVT)
 4                    98  MASTER    LE   NN    19477  + ref_clk               u_ctrl/u_aes/rkeys_reg_368_ (SDFFARX1_RVT)
 4                    99  MASTER    LE   NN    19486  + ref_clk               u_ctrl/u_aes/rkeys_reg_351_ (SDFFARX1_RVT)
 4                   100  MASTER    LE   NN    19354  + ref_clk               u_ctrl/u_aes/rkeys_reg_616_ (SDFFARX1_RVT)
 4                   101  MASTER    LE   NN    19361  + ref_clk               u_ctrl/u_aes/rkeys_reg_607_ (SDFFARX1_RVT)
 4                   102  MASTER    LE   NN    19201  + ref_clk               u_ctrl/u_aes/rkeys_reg_884_ (SDFFARX1_RVT)
 4                   103  MASTER    LE   NN    19583  + ref_clk               u_ctrl/u_aes/rkeys_reg_146_ (SDFFARX1_RVT)
 4                   104  MASTER    LE   NN    19351  + ref_clk               u_ctrl/u_aes/rkeys_reg_619_ (SDFFARX1_RVT)
 4                   105  MASTER    LE   NN    19260  + ref_clk               u_ctrl/u_aes/rkeys_reg_778_ (SDFFARX1_RVT)
 4                   106  MASTER    LE   NN    19050  + ref_clk               u_ctrl/u_aes/rkeys_reg_1162_ (SDFFARX1_RVT)
 4                   107  MASTER    LE   NN    19532  + ref_clk               u_ctrl/u_aes/rkeys_reg_267_ (SDFFARX1_RVT)
 4                   108  MASTER    LE   NN    19587  + ref_clk               u_ctrl/u_aes/rkeys_reg_137_ (SDFFARX1_RVT)
 4                   109  MASTER    LE   NN    19053  + ref_clk               u_ctrl/u_aes/rkeys_reg_1158_ (SDFFARX1_RVT)
 4                   110  MASTER    LE   NN    19535  + ref_clk               u_ctrl/u_aes/rkeys_reg_262_ (SDFFARX1_RVT)
 4                   111  MASTER    LE   NN    19589  + ref_clk               u_ctrl/u_aes/rkeys_reg_134_ (SDFFARX1_RVT)
 4                   112  MASTER    LE   NN    19414  + ref_clk               u_ctrl/u_aes/rkeys_reg_503_ (SDFFARX1_RVT)
 4                   113  MASTER    LE   NN    19469  + ref_clk               u_ctrl/u_aes/rkeys_reg_389_ (SDFFARX1_RVT)
 4                   114  MASTER    LE   NN    19251  + ref_clk               u_ctrl/u_aes/rkeys_reg_797_ (SDFFARX1_RVT)
 4                   115  MASTER    LE   NN    19326  + ref_clk               u_ctrl/u_aes/rkeys_reg_669_ (SDFFARX1_RVT)
 4                   116  MASTER    LE   NN    18987  + ref_clk               u_ctrl/u_aes/rkeys_reg_1269_ (SDFFARX1_RVT)
 4                   117  MASTER    LE   NN    19416  + ref_clk               u_ctrl/u_aes/rkeys_reg_501_ (SDFFARX1_RVT)
 4                   118  MASTER    LE   NN    19264  + ref_clk               u_ctrl/u_aes/rkeys_reg_773_ (SDFFARX1_RVT)
 4                   119  MASTER    LE   NN    19061  + ref_clk               u_ctrl/u_aes/rkeys_reg_1148_ (SDFFARX1_RVT)
 4                   120  MASTER    LE   NN    19198  + ref_clk               u_ctrl/u_aes/rkeys_reg_887_ (SDFFARX1_RVT)
 4                   121  MASTER    LE   NN    19819  + ref_clk               u_ctrl/u_aes/rkeys_reg_167_ (SDFFARX1_RVT)
 4                   122  MASTER    LE   NN    19037  + ref_clk               u_ctrl/u_aes/rkeys_reg_1183_ (SDFFARX1_RVT)
 4                   123  MASTER    LE   NN    19035  + ref_clk               u_ctrl/u_aes/rkeys_reg_1188_ (SDFFARX1_RVT)
 4                   124  MASTER    LE   NN    19034  + ref_clk               u_ctrl/u_aes/rkeys_reg_1189_ (SDFFARX1_RVT)
 4                   125  MASTER    LE   NN    19358  + ref_clk               u_ctrl/u_aes/rkeys_reg_611_ (SDFFARX1_RVT)
 4                   126  MASTER    LE   NN    19248  + ref_clk               u_ctrl/u_aes/rkeys_reg_802_ (SDFFARX1_RVT)
 4                   127  MASTER    LE   NN    19514  + ref_clk               u_ctrl/u_aes/rkeys_reg_293_ (SDFFARX1_RVT)
 4                   128  MASTER    LE   NN    19507  + ref_clk               u_ctrl/u_aes/rkeys_reg_303_ (SDFFARX1_RVT)
 4                   129  MASTER    LE   NN    19575  + ref_clk               u_ctrl/u_aes/rkeys_reg_162_ (SDFFARX1_RVT)
 4                   130  MASTER    LE   NN    19457  + ref_clk               u_ctrl/u_aes/rkeys_reg_418_ (SDFFARX1_RVT)
 4                   131  MASTER    LE   NN    19393  + ref_clk               u_ctrl/u_aes/rkeys_reg_551_ (SDFFARX1_RVT)
 4                   132  MASTER    LE   NN    19448  + ref_clk               u_ctrl/u_aes/rkeys_reg_431_ (SDFFARX1_RVT)
 4                   133  MASTER    LE   NN    19207  + ref_clk               u_ctrl/u_aes/rkeys_reg_877_ (SDFFARX1_RVT)
 4                   134  MASTER    LE   NN    19508  + ref_clk               u_ctrl/u_aes/rkeys_reg_301_ (SDFFARX1_RVT)
 4                   135  MASTER    LE   NN    19322  + ref_clk               u_ctrl/u_aes/rkeys_reg_674_ (SDFFARX1_RVT)
 4                   136  MASTER    LE   NN    19191  + ref_clk               u_ctrl/u_aes/rkeys_reg_904_ (SDFFARX1_RVT)
 4                   137  MASTER    LE   NN    19517  + ref_clk               u_ctrl/u_aes/rkeys_reg_287_ (SDFFARX1_RVT)
 4                   138  MASTER    LE   NN    19823  + ref_clk               u_ctrl/u_aes/rkeys_reg_173_ (SDFFARX1_RVT)
 4                   139  MASTER    LE   NN    19273  + ref_clk               u_ctrl/u_aes/rkeys_reg_759_ (SDFFARX1_RVT)
 4                   140  MASTER    LE   NN    19064  + ref_clk               u_ctrl/u_aes/rkeys_reg_1143_ (SDFFARX1_RVT)
 4                   141  MASTER    LE   NN    18983  + ref_clk               u_ctrl/u_aes/rkeys_reg_1276_ (SDFFARX1_RVT)
 4                   142  MASTER    LE   NN    19343  + ref_clk               u_ctrl/u_aes/rkeys_reg_636_ (SDFFARX1_RVT)
 4                   143  MASTER    LE   NN    19347  + ref_clk               u_ctrl/u_aes/rkeys_reg_629_ (SDFFARX1_RVT)
 4                   144  MASTER    LE   NN    19339  + ref_clk               u_ctrl/u_aes/rkeys_reg_645_ (SDFFARX1_RVT)
 4                   145  MASTER    LE   NN    19539  + ref_clk               u_ctrl/u_aes/rkeys_reg_252_ (SDFFARX1_RVT)
 4                   146  MASTER    LE   NN    19407  + ref_clk               u_ctrl/u_aes/rkeys_reg_518_ (SDFFARX1_RVT)
 4                   147  MASTER    LE   NN    19525  + ref_clk               u_ctrl/u_aes/rkeys_reg_275_ (SDFFARX1_RVT)
 4                   148  MASTER    LE   NN    19405  + ref_clk               u_ctrl/u_aes/rkeys_reg_521_ (SDFFARX1_RVT)
 4                   149  MASTER    LE   NN    19274  + ref_clk               u_ctrl/u_aes/rkeys_reg_757_ (SDFFARX1_RVT)
 4                   150  MASTER    LE   NN    19044  + ref_clk               u_ctrl/u_aes/rkeys_reg_1171_ (SDFFARX1_RVT)
 4                   151  MASTER    LE   NN    19412  + ref_clk               u_ctrl/u_aes/rkeys_reg_508_ (SDFFARX1_RVT)
 4                   152  MASTER    LE   NN    18992  + ref_clk               u_ctrl/u_aes/rkeys_reg_1260_ (SDFFARX1_RVT)
 4                   153  MASTER    LE   NN    19130  + ref_clk               u_ctrl/u_aes/rkeys_reg_1015_ (SDFFARX1_RVT)
 4                   154  MASTER    LE   NN    18994  + ref_clk               u_ctrl/u_aes/rkeys_reg_1255_ (SDFFARX1_RVT)
 4                   155  MASTER    LE   NN    19574  + ref_clk               u_ctrl/u_aes/rkeys_reg_164_ (SDFFARX1_RVT)
 4                   156  MASTER    LE   NN    19118  + ref_clk               u_ctrl/u_aes/rkeys_reg_1032_ (SDFFARX1_RVT)
 4                   157  MASTER    LE   NN    19545  + ref_clk               u_ctrl/u_aes/rkeys_reg_237_ (SDFFARX1_RVT)
 4                   158  MASTER    LE   NN    19263  + ref_clk               u_ctrl/u_aes/rkeys_reg_774_ (SDFFARX1_RVT)
 4                   159  MASTER    LE   NN    19192  + ref_clk               u_ctrl/u_aes/rkeys_reg_902_ (SDFFARX1_RVT)
 4                   160  MASTER    LE   NN    19139  + ref_clk               u_ctrl/u_aes/rkeys_reg_1005_ (SDFFARX1_RVT)
 4                   161  MASTER    LE   NN    19283  + ref_clk               u_ctrl/u_aes/rkeys_reg_741_ (SDFFARX1_RVT)
 4                   162  MASTER    LE   NN    19482  + ref_clk               u_ctrl/u_aes/rkeys_reg_357_ (SDFFARX1_RVT)
 4                   163  MASTER    LE   NN    18984  + ref_clk               u_ctrl/u_aes/rkeys_reg_1274_ (SDFFARX1_RVT)
 4                   164  MASTER    LE   NN    19540  + ref_clk               u_ctrl/u_aes/rkeys_reg_250_ (SDFFARX1_RVT)
 4                   165  MASTER    LE   NN    19212  + ref_clk               u_ctrl/u_aes/rkeys_reg_871_ (SDFFARX1_RVT)
 4                   166  MASTER    LE   NN    19546  + ref_clk               u_ctrl/u_aes/rkeys_reg_236_ (SDFFARX1_RVT)
 4                   167  MASTER    LE   NN    19591  + ref_clk               u_ctrl/u_aes/rkeys_reg_130_ (SDFFARX1_RVT)
 4                   168  MASTER    LE   NN    19485  + ref_clk               u_ctrl/u_aes/rkeys_reg_352_ (SDFFARX1_RVT)
 4                   169  MASTER    LE   NN    19586  + ref_clk               u_ctrl/u_aes/rkeys_reg_138_ (SDFFARX1_RVT)
 4                   170  MASTER    LE   NN    19190  + ref_clk               u_ctrl/u_aes/rkeys_reg_905_ (SDFFARX1_RVT)
 4                   171  MASTER    LE   NN    19051  + ref_clk               u_ctrl/u_aes/rkeys_reg_1161_ (SDFFARX1_RVT)
 4                   172  MASTER    LE   NN    18976  + ref_clk               u_ctrl/u_aes/rkeys_reg_1289_ (SDFFARX1_RVT)
 4                   173  MASTER    LE   NN    19065  + ref_clk               u_ctrl/u_aes/rkeys_reg_1140_ (SDFFARX1_RVT)
 4                   174  MASTER    LE   NN    19133  + ref_clk               u_ctrl/u_aes/rkeys_reg_1012_ (SDFFARX1_RVT)
 4                   175  MASTER    LE   NN    19069  + ref_clk               u_ctrl/u_aes/rkeys_reg_1131_ (SDFFARX1_RVT)
 4                   176  MASTER    LE   NN    19120  + ref_clk               u_ctrl/u_aes/rkeys_reg_1030_ (SDFFARX1_RVT)
 4                   177  MASTER    LE   NN    19401  + ref_clk               u_ctrl/u_aes/rkeys_reg_528_ (SDFFARX1_RVT)
 4                   178  MASTER    LE   NN    19528  + ref_clk               u_ctrl/u_aes/rkeys_reg_272_ (SDFFARX1_RVT)
 4                   179  MASTER    LE   NN    19468  + ref_clk               u_ctrl/u_aes/rkeys_reg_398_ (SDFFARX1_RVT)
 4                   180  MASTER    LE   NN    19259  + ref_clk               u_ctrl/u_aes/rkeys_reg_779_ (SDFFARX1_RVT)
 4                   181  MASTER    LE   NN    19534  + ref_clk               u_ctrl/u_aes/rkeys_reg_263_ (SDFFARX1_RVT)
 4                   182  MASTER    LE   NN    19579  + ref_clk               u_ctrl/u_aes/rkeys_reg_155_ (SDFFARX1_RVT)
 4                   183  MASTER    LE   NN    19460  + ref_clk               u_ctrl/u_aes/rkeys_reg_411_ (SDFFARX1_RVT)
 4                   184  MASTER    LE   NN    19529  + ref_clk               u_ctrl/u_aes/rkeys_reg_270_ (SDFFARX1_RVT)
 4                   185  MASTER    LE   NN    19045  + ref_clk               u_ctrl/u_aes/rkeys_reg_1169_ (SDFFARX1_RVT)
 4                   186  MASTER    LE   NN    19527  + ref_clk               u_ctrl/u_aes/rkeys_reg_273_ (SDFFARX1_RVT)
 4                   187  MASTER    LE   NN    19348  + ref_clk               u_ctrl/u_aes/rkeys_reg_628_ (SDFFARX1_RVT)
 4                   188  MASTER    LE   NN    19400  + ref_clk               u_ctrl/u_aes/rkeys_reg_529_ (SDFFARX1_RVT)
 4                   189  MASTER    LE   NN    19141  + ref_clk               u_ctrl/u_aes/rkeys_reg_1002_ (SDFFARX1_RVT)
 4                   190  MASTER    LE   NN    19417  + ref_clk               u_ctrl/u_aes/rkeys_reg_500_ (SDFFARX1_RVT)
 4                   191  MASTER    LE   NN    19542  + ref_clk               u_ctrl/u_aes/rkeys_reg_244_ (SDFFARX1_RVT)
 4                   192  MASTER    LE   NN    19211  + ref_clk               u_ctrl/u_aes/rkeys_reg_872_ (SDFFARX1_RVT)
 4                   193  MASTER    LE   NN    19131  + ref_clk               u_ctrl/u_aes/rkeys_reg_1014_ (SDFFARX1_RVT)
 4                   194  MASTER    LE   NN    19205  + ref_clk               u_ctrl/u_aes/rkeys_reg_879_ (SDFFARX1_RVT)
 4                   195  MASTER    LE   NN    19199  + ref_clk               u_ctrl/u_aes/rkeys_reg_886_ (SDFFARX1_RVT)
 4                   196  MASTER    LE   NN    19783  + ref_clk               u_ctrl/u_aes/state_reg_44_ (SDFFARX1_RVT)
 4                   197  MASTER    LE   NN    19644  + ref_clk               u_ctrl/u_aes/state_reg_40_ (SDFFARX1_RVT)
 4                   198  MASTER    LE   NN    19755  + ref_clk               u_ctrl/u_aes/state_reg_47_ (SDFFARX2_RVT)
 4                   199  MASTER    LE   NN    19716  + ref_clk               u_ctrl/u_aes/state_reg_46_ (SDFFARX2_RVT)
 4                   200  MASTER    LE   NN    19474  + ref_clk               u_ctrl/u_aes/rkeys_reg_376_ (SDFFARX1_RVT)
 4                   201  MASTER    LE   NN    19415  + ref_clk               u_ctrl/u_aes/rkeys_reg_502_ (SDFFARX1_RVT)
 4                   202  MASTER    LE   NN    19476  + ref_clk               u_ctrl/u_aes/rkeys_reg_369_ (SDFFARX1_RVT)
 4                   203  MASTER    LE   NN    19552  + ref_clk               u_ctrl/u_aes/rkeys_reg_223_ (SDFFARX1_RVT)
 4                   204  MASTER    LE   NN    19256  + ref_clk               u_ctrl/u_aes/rkeys_reg_786_ (SDFFARX1_RVT)
 4                   205  MASTER    LE   NN    19285  + ref_clk               u_ctrl/u_aes/rkeys_reg_735_ (SDFFARX1_RVT)
 4                   206  MASTER    LE   NN    19000  + ref_clk               u_ctrl/u_aes/rkeys_reg_1247_ (SDFFARX1_RVT)
 4                   207  MASTER    LE   NN    19335  + ref_clk               u_ctrl/u_aes/rkeys_reg_657_ (SDFFARX1_RVT)
 4                   208  MASTER    LE   NN    19047  + ref_clk               u_ctrl/u_aes/rkeys_reg_1166_ (SDFFARX1_RVT)
 4                   209  MASTER    LE   NN    19066  + ref_clk               u_ctrl/u_aes/rkeys_reg_1137_ (SDFFARX1_RVT)
 4                   210  MASTER    LE   NN    19056  + ref_clk               u_ctrl/u_aes/rkeys_reg_1155_ (SDFFARX1_RVT)
 4                   211  MASTER    LE   NN    19524  + ref_clk               u_ctrl/u_aes/rkeys_reg_276_ (SDFFARX1_RVT)
 4                   212  MASTER    LE   NN    19338  + ref_clk               u_ctrl/u_aes/rkeys_reg_647_ (SDFFARX1_RVT)
 4                   213  MASTER    LE   NN    19052  + ref_clk               u_ctrl/u_aes/rkeys_reg_1159_ (SDFFARX1_RVT)
 4                   214  MASTER    LE   NN    19262  + ref_clk               u_ctrl/u_aes/rkeys_reg_775_ (SDFFARX1_RVT)
 4                   215  MASTER    LE   NN    19536  + ref_clk               u_ctrl/u_aes/rkeys_reg_260_ (SDFFARX1_RVT)
 4                   216  MASTER    LE   NN    19254  + ref_clk               u_ctrl/u_aes/rkeys_reg_794_ (SDFFARX1_RVT)
 4                   217  MASTER    LE   NN    19520  + ref_clk               u_ctrl/u_aes/rkeys_reg_282_ (SDFFARX1_RVT)
 4                   218  MASTER    LE   NN    19551  + ref_clk               u_ctrl/u_aes/rkeys_reg_224_ (SDFFARX1_RVT)
 4                   219  MASTER    LE   NN    19265  + ref_clk               u_ctrl/u_aes/rkeys_reg_772_ (SDFFARX1_RVT)
 4                   220  MASTER    LE   NN    19270  + ref_clk               u_ctrl/u_aes/rkeys_reg_764_ (SDFFARX1_RVT)
 4                   221  MASTER    LE   NN    19128  + ref_clk               u_ctrl/u_aes/rkeys_reg_1020_ (SDFFARX1_RVT)
 4                   222  MASTER    LE   NN    19842  + ref_clk               u_ctrl/u_aes/rkeys_reg_171_ (SDFFARX2_RVT)
 4                   223  MASTER    LE   NN    19217  + ref_clk               u_ctrl/u_aes/rkeys_reg_860_ (SDFFARX1_RVT)
 4                   224  MASTER    LE   NN    19403  + ref_clk               u_ctrl/u_aes/rkeys_reg_523_ (SDFFARX1_RVT)
 4                   225  MASTER    LE   NN    19213  + ref_clk               u_ctrl/u_aes/rkeys_reg_869_ (SDFFARX1_RVT)
 4                   226  MASTER    LE   NN    19356  + ref_clk               u_ctrl/u_aes/rkeys_reg_613_ (SDFFARX1_RVT)
 4                   227  MASTER    LE   NN    19246  + ref_clk               u_ctrl/u_aes/rkeys_reg_804_ (SDFFARX1_RVT)
 4                   228  MASTER    LE   NN    18991  + ref_clk               u_ctrl/u_aes/rkeys_reg_1261_ (SDFFARX1_RVT)
 4                   229  MASTER    LE   NN    19038  + ref_clk               u_ctrl/u_aes/rkeys_reg_1182_ (SDFFARX1_RVT)
 4                   230  MASTER    LE   NN    19250  + ref_clk               u_ctrl/u_aes/rkeys_reg_798_ (SDFFARX1_RVT)
 4                   231  MASTER    LE   NN    18996  + ref_clk               u_ctrl/u_aes/rkeys_reg_1253_ (SDFFARX1_RVT)
 4                   232  MASTER    LE   NN    19890  + ref_clk               u_ctrl/u_aes/rkeys_reg_1250_ (SDFFARX2_RVT)
 4                   233  MASTER    LE   NN    19449  + ref_clk               u_ctrl/u_aes/rkeys_reg_430_ (SDFFARX1_RVT)
 4                   234  MASTER    LE   NN    19571  + ref_clk               u_ctrl/u_aes/rkeys_reg_174_ (SDFFARX1_RVT)
 4                   235  MASTER    LE   NN    19002  + ref_clk               u_ctrl/u_aes/rkeys_reg_1244_ (SDFFARX1_RVT)
 4                   236  MASTER    LE   NN    19364  + ref_clk               u_ctrl/u_aes/rkeys_reg_604_ (SDFFARX1_RVT)
 4                   237  MASTER    LE   NN    19573  + ref_clk               u_ctrl/u_aes/rkeys_reg_168_ (SDFFARX1_RVT)
 4                   238  MASTER    LE   NN    19548  + ref_clk               u_ctrl/u_aes/rkeys_reg_231_ (SDFFARX1_RVT)
 4                   239  MASTER    LE   NN    19119  + ref_clk               u_ctrl/u_aes/rkeys_reg_1031_ (SDFFARX1_RVT)
 4                   240  MASTER    LE   NN    18978  + ref_clk               u_ctrl/u_aes/rkeys_reg_1282_ (SDFFARX1_RVT)
 4                   241  MASTER    LE   NN    19055  + ref_clk               u_ctrl/u_aes/rkeys_reg_1156_ (SDFFARX1_RVT)
 4                   242  MASTER    LE   NN    19555  + ref_clk               u_ctrl/u_aes/rkeys_reg_220_ (SDFFARX1_RVT)
 4                   243  MASTER    LE   NN    18979  + ref_clk               u_ctrl/u_aes/rkeys_reg_1281_ (SDFFARX1_RVT)
 4                   244  MASTER    LE   NN    19148  + ref_clk               u_ctrl/u_aes/rkeys_reg_988_ (SDFFARX1_RVT)
 4                   245  MASTER    LE   NN    19325  + ref_clk               u_ctrl/u_aes/rkeys_reg_671_ (SDFFARX1_RVT)
 4                   246  MASTER    LE   NN    19341  + ref_clk               u_ctrl/u_aes/rkeys_reg_641_ (SDFFARX1_RVT)
 4                   247  MASTER    LE   NN    19122  + ref_clk               u_ctrl/u_aes/rkeys_reg_1028_ (SDFFARX1_RVT)
 4                   248  MASTER    LE   NN    19590  + ref_clk               u_ctrl/u_aes/rkeys_reg_131_ (SDFFARX1_RVT)
 4                   249  MASTER    LE   NN    19340  + ref_clk               u_ctrl/u_aes/rkeys_reg_643_ (SDFFARX1_RVT)
 4                   250  MASTER    LE   NN    18985  + ref_clk               u_ctrl/u_aes/rkeys_reg_1273_ (SDFFARX1_RVT)
 4                   251  MASTER    LE   NN    19409  + ref_clk               u_ctrl/u_aes/rkeys_reg_515_ (SDFFARX1_RVT)
 4                   252  MASTER    LE   NN    19333  + ref_clk               u_ctrl/u_aes/rkeys_reg_660_ (SDFFARX1_RVT)
 4                   253  MASTER    LE   NN    19058  + ref_clk               u_ctrl/u_aes/rkeys_reg_1153_ (SDFFARX1_RVT)
 4                   254  MASTER    LE   NN    19471  + ref_clk               u_ctrl/u_aes/rkeys_reg_385_ (SDFFARX1_RVT)
 4                   255  MASTER    LE   NN    19580  + ref_clk               u_ctrl/u_aes/rkeys_reg_154_ (SDFFARX1_RVT)
 4                   256  MASTER    LE   NN    19125  + ref_clk               u_ctrl/u_aes/rkeys_reg_1025_ (SDFFARX1_RVT)
 4                   257  MASTER    LE   NN    19113  + ref_clk               u_ctrl/u_aes/rkeys_reg_1044_ (SDFFARX1_RVT)
 4                   258  MASTER    LE   NN    19329  + ref_clk               u_ctrl/u_aes/rkeys_reg_664_ (SDFFARX1_RVT)
 4                   259  MASTER    LE   NN    19123  + ref_clk               u_ctrl/u_aes/rkeys_reg_1027_ (SDFFARX1_RVT)
 4                   260  MASTER    LE   NN    19331  + ref_clk               u_ctrl/u_aes/rkeys_reg_662_ (SDFFARX1_RVT)
 4                   261  MASTER    LE   NN    19461  + ref_clk               u_ctrl/u_aes/rkeys_reg_410_ (SDFFARX1_RVT)
 4                   262  MASTER    LE   NN    19582  + ref_clk               u_ctrl/u_aes/rkeys_reg_147_ (SDFFARX1_RVT)
 4                   263  MASTER    LE   NN    19576  + ref_clk               u_ctrl/u_aes/rkeys_reg_159_ (SDFFARX1_RVT)
 4                   264  MASTER    LE   NN    19057  + ref_clk               u_ctrl/u_aes/rkeys_reg_1154_ (SDFFARX1_RVT)
 4                   265  MASTER    LE   NN    19124  + ref_clk               u_ctrl/u_aes/rkeys_reg_1026_ (SDFFARX1_RVT)
 4                   266  MASTER    LE   NN    19267  + ref_clk               u_ctrl/u_aes/rkeys_reg_770_ (SDFFARX1_RVT)
 4                   267  MASTER    LE   NN    19063  + ref_clk               u_ctrl/u_aes/rkeys_reg_1145_ (SDFFARX1_RVT)
 4                   268  MASTER    LE   NN    19249  + ref_clk               u_ctrl/u_aes/rkeys_reg_799_ (SDFFARX1_RVT)
 4                   269  MASTER    LE   NN    19281  + ref_clk               u_ctrl/u_aes/rkeys_reg_743_ (SDFFARX1_RVT)
 4                   270  MASTER    LE   NN    19272  + ref_clk               u_ctrl/u_aes/rkeys_reg_762_ (SDFFARX1_RVT)
 4                   271  MASTER    LE   NN    19413  + ref_clk               u_ctrl/u_aes/rkeys_reg_506_ (SDFFARX1_RVT)
 4                   272  MASTER    LE   NN    19454  + ref_clk               u_ctrl/u_aes/rkeys_reg_424_ (SDFFARX1_RVT)
 4                   273  MASTER    LE   NN    19392  + ref_clk               u_ctrl/u_aes/rkeys_reg_552_ (SDFFARX1_RVT)
 4                   274  MASTER    LE   NN    19484  + ref_clk               u_ctrl/u_aes/rkeys_reg_354_ (SDFFARX1_RVT)
 4                   275  MASTER    LE   NN    19195  + ref_clk               u_ctrl/u_aes/rkeys_reg_890_ (SDFFARX1_RVT)
 4                   276  MASTER    LE   NN    19345  + ref_clk               u_ctrl/u_aes/rkeys_reg_634_ (SDFFARX1_RVT)
 4                   277  MASTER    LE   NN    19062  + ref_clk               u_ctrl/u_aes/rkeys_reg_1146_ (SDFFARX1_RVT)
 4                   278  MASTER    LE   NN    19327  + ref_clk               u_ctrl/u_aes/rkeys_reg_667_ (SDFFARX1_RVT)
 4                   279  MASTER    LE   NN    19530  + ref_clk               u_ctrl/u_aes/rkeys_reg_269_ (SDFFARX1_RVT)
 4                   280  MASTER    LE   NN    19336  + ref_clk               u_ctrl/u_aes/rkeys_reg_653_ (SDFFARX1_RVT)
 4                   281  MASTER    LE   NN    19186  + ref_clk               u_ctrl/u_aes/rkeys_reg_909_ (SDFFARX1_RVT)
 4                   282  MASTER    LE   NN    19422  + ref_clk               u_ctrl/u_aes/rkeys_reg_492_ (SDFFARX1_RVT)
 4                   283  MASTER    LE   NN    19279  + ref_clk               u_ctrl/u_aes/rkeys_reg_745_ (SDFFARX1_RVT)
 4                   284  MASTER    LE   NN    19547  + ref_clk               u_ctrl/u_aes/rkeys_reg_233_ (SDFFARX1_RVT)
 4                   285  MASTER    LE   NN    19353  + ref_clk               u_ctrl/u_aes/rkeys_reg_617_ (SDFFARX1_RVT)
 4                   286  MASTER    LE   NN    19821  + ref_clk               u_ctrl/u_aes/rkeys_reg_163_ (SDFFARX1_RVT)
 4                   287  MASTER    LE   NN    19048  + ref_clk               u_ctrl/u_aes/rkeys_reg_1165_ (SDFFARX1_RVT)
 4                   288  MASTER    LE   NN    19538  + ref_clk               u_ctrl/u_aes/rkeys_reg_254_ (SDFFARX1_RVT)
 4                   289  MASTER    LE   NN    19194  + ref_clk               u_ctrl/u_aes/rkeys_reg_894_ (SDFFARX1_RVT)
 4                   290  MASTER    LE   NN    19268  + ref_clk               u_ctrl/u_aes/rkeys_reg_768_ (SDFFARX1_RVT)
 4                   291  MASTER    LE   NN    19411  + ref_clk               u_ctrl/u_aes/rkeys_reg_512_ (SDFFARX1_RVT)
 4                   292  MASTER    LE   NN    19909  + ref_clk               u_ctrl/u_aes/rkeys_reg_378_ (SDFFARX2_RVT)
 4                   293  MASTER    LE   NN    19893  + ref_clk               u_ctrl/u_aes/rkeys_reg_866_ (SDFFARX2_RVT)
 4                   294  MASTER    LE   NN    19144  + ref_clk               u_ctrl/u_aes/rkeys_reg_994_ (SDFFARX1_RVT)
 4                   295  MASTER    LE   NN    19359  + ref_clk               u_ctrl/u_aes/rkeys_reg_610_ (SDFFARX1_RVT)
 4                   296  MASTER    LE   NN    19033  + ref_clk               u_ctrl/u_aes/rkeys_reg_1190_ (SDFFARX1_RVT)
 4                   297  MASTER    LE   NN    19513  + ref_clk               u_ctrl/u_aes/rkeys_reg_294_ (SDFFARX1_RVT)
 4                   298  MASTER    LE   NN    19218  + ref_clk               u_ctrl/u_aes/rkeys_reg_858_ (SDFFARX1_RVT)
 4                   299  MASTER    LE   NN    19894  + ref_clk               u_ctrl/u_aes/rkeys_reg_1191_ (SDFFARX2_RVT)
 4                   300  MASTER    LE   NN    19244  + ref_clk               u_ctrl/u_aes/rkeys_reg_807_ (SDFFARX1_RVT)
 4                   301  MASTER    LE   NN    19245  + ref_clk               u_ctrl/u_aes/rkeys_reg_805_ (SDFFARX1_RVT)
 4                   302  MASTER    LE   NN    19215  + ref_clk               u_ctrl/u_aes/rkeys_reg_867_ (SDFFARX1_RVT)
 4                   303  MASTER    LE   NN    19031  + ref_clk               u_ctrl/u_aes/rkeys_reg_1196_ (SDFFARX1_RVT)
 4                   304  MASTER    LE   NN    19505  + ref_clk               u_ctrl/u_aes/rkeys_reg_306_ (SDFFARX1_RVT)
 4                   305  MASTER    LE   NN    19114  + ref_clk               u_ctrl/u_aes/rkeys_reg_1039_ (SDFFARX1_RVT)
 4                   306  MASTER    LE   NN    19127  + ref_clk               u_ctrl/u_aes/rkeys_reg_1021_ (SDFFARX1_RVT)
 4                   307  MASTER    LE   NN    18997  + ref_clk               u_ctrl/u_aes/rkeys_reg_1252_ (SDFFARX1_RVT)
 4                   308  MASTER    LE   NN    18993  + ref_clk               u_ctrl/u_aes/rkeys_reg_1258_ (SDFFARX1_RVT)
 4                   309  MASTER    LE   NN    19070  + ref_clk               u_ctrl/u_aes/rkeys_reg_1130_ (SDFFARX1_RVT)
 4                   310  MASTER    LE   NN    19178  + ref_clk               u_ctrl/u_aes/rkeys_reg_930_ (SDFFARX1_RVT)
 4                   311  MASTER    LE   NN    19767  + ref_clk               u_ctrl/u_aes/rkeys_reg_1045_ (SDFFARX2_RVT)
 4                   312  MASTER    LE   NN    19111  + ref_clk               u_ctrl/u_aes/rkeys_reg_1053_ (SDFFARX1_RVT)
 4                   313  MASTER    LE   NN    19059  + ref_clk               u_ctrl/u_aes/rkeys_reg_1151_ (SDFFARX1_RVT)
 4                   314  MASTER    LE   NN    18981  + ref_clk               u_ctrl/u_aes/rkeys_reg_1279_ (SDFFARX1_RVT)
 4                   315  MASTER    LE   NN    19512  + ref_clk               u_ctrl/u_aes/rkeys_reg_295_ (SDFFARX1_RVT)
 4                   316  MASTER    LE   NN    19510  + ref_clk               u_ctrl/u_aes/rkeys_reg_299_ (SDFFARX1_RVT)
 4                   317  MASTER    LE   NN    19174  + ref_clk               u_ctrl/u_aes/rkeys_reg_935_ (SDFFARX1_RVT)
 4                   318  MASTER    LE   NN    19032  + ref_clk               u_ctrl/u_aes/rkeys_reg_1195_ (SDFFARX1_RVT)
 4                   319  MASTER    LE   NN    19029  + ref_clk               u_ctrl/u_aes/rkeys_reg_1198_ (SDFFARX1_RVT)
 4                   320  MASTER    LE   NN    19107  + ref_clk               u_ctrl/u_aes/rkeys_reg_1070_ (SDFFARX1_RVT)
 4                   321  MASTER    LE   NN    19017  + ref_clk               u_ctrl/u_aes/rkeys_reg_1220_ (SDFFARX1_RVT)
 4                   322  MASTER    LE   NN    19498  + ref_clk               u_ctrl/u_aes/rkeys_reg_324_ (SDFFARX1_RVT)
 4                   323  MASTER    LE   NN    19030  + ref_clk               u_ctrl/u_aes/rkeys_reg_1197_ (SDFFARX1_RVT)
 4                   324  MASTER    LE   NN    19363  + ref_clk               u_ctrl/u_aes/rkeys_reg_605_ (SDFFARX1_RVT)
 4                   325  MASTER    LE   NN    19077  + ref_clk               u_ctrl/u_aes/rkeys_reg_1117_ (SDFFARX1_RVT)
 4                   326  MASTER    LE   NN    19421  + ref_clk               u_ctrl/u_aes/rkeys_reg_493_ (SDFFARX1_RVT)
 4                   327  MASTER    LE   NN    19278  + ref_clk               u_ctrl/u_aes/rkeys_reg_749_ (SDFFARX1_RVT)
 4                   328  MASTER    LE   NN    19284  + ref_clk               u_ctrl/u_aes/rkeys_reg_739_ (SDFFARX1_RVT)
 4                   329  MASTER    LE   NN    19175  + ref_clk               u_ctrl/u_aes/rkeys_reg_933_ (SDFFARX1_RVT)
 4                   330  MASTER    LE   NN    18998  + ref_clk               u_ctrl/u_aes/rkeys_reg_1251_ (SDFFARX1_RVT)
 4                   331  MASTER    LE   NN    19423  + ref_clk               u_ctrl/u_aes/rkeys_reg_484_ (SDFFARX1_RVT)
 4                   332  MASTER    LE   NN    19269  + ref_clk               u_ctrl/u_aes/rkeys_reg_765_ (SDFFARX1_RVT)
 4                   333  MASTER    LE   NN    19487  + ref_clk               u_ctrl/u_aes/rkeys_reg_349_ (SDFFARX1_RVT)
 4                   334  MASTER    LE   NN    19286  + ref_clk               u_ctrl/u_aes/rkeys_reg_733_ (SDFFARX1_RVT)
 4                   335  MASTER    LE   NN    19060  + ref_clk               u_ctrl/u_aes/rkeys_reg_1149_ (SDFFARX1_RVT)
 4                   336  MASTER    LE   NN    18990  + ref_clk               u_ctrl/u_aes/rkeys_reg_1262_ (SDFFARX1_RVT)
 4                   337  MASTER    LE   NN    19420  + ref_clk               u_ctrl/u_aes/rkeys_reg_494_ (SDFFARX1_RVT)
 4                   338  MASTER    LE   NN    19424  + ref_clk               u_ctrl/u_aes/rkeys_reg_483_ (SDFFARX1_RVT)
 4                   339  MASTER    LE   NN    18995  + ref_clk               u_ctrl/u_aes/rkeys_reg_1254_ (SDFFARX1_RVT)
 4                   340  MASTER    LE   NN    19126  + ref_clk               u_ctrl/u_aes/rkeys_reg_1023_ (SDFFARX1_RVT)
 4                   341  MASTER    LE   NN    19355  + ref_clk               u_ctrl/u_aes/rkeys_reg_614_ (SDFFARX1_RVT)
 4                   342  MASTER    LE   NN    19549  + ref_clk               u_ctrl/u_aes/rkeys_reg_230_ (SDFFARX1_RVT)
 4                   343  MASTER    LE   NN    19282  + ref_clk               u_ctrl/u_aes/rkeys_reg_742_ (SDFFARX1_RVT)
 4                   344  MASTER    LE   NN    19109  + ref_clk               u_ctrl/u_aes/rkeys_reg_1064_ (SDFFARX1_RVT)
 4                   345  MASTER    LE   NN    18982  + ref_clk               u_ctrl/u_aes/rkeys_reg_1278_ (SDFFARX1_RVT)
 4                   346  MASTER    LE   NN    19176  + ref_clk               u_ctrl/u_aes/rkeys_reg_932_ (SDFFARX1_RVT)
 4                   347  MASTER    LE   NN    19321  + ref_clk               u_ctrl/u_aes/rkeys_reg_676_ (SDFFARX1_RVT)
 4                   348  MASTER    LE   NN    19078  + ref_clk               u_ctrl/u_aes/rkeys_reg_1114_ (SDFFARX1_RVT)
 4                   349  MASTER    LE   NN    19466  + ref_clk               u_ctrl/u_aes/rkeys_reg_400_ (SDFFARX1_RVT)
 4                   350  MASTER    LE   NN    19046  + ref_clk               u_ctrl/u_aes/rkeys_reg_1168_ (SDFFARX1_RVT)
 4                   351  MASTER    LE   NN    19324  + ref_clk               u_ctrl/u_aes/rkeys_reg_672_ (SDFFARX1_RVT)
 4                   352  MASTER    LE   NN    19428  + ref_clk               u_ctrl/u_aes/rkeys_reg_477_ (SDFFARX1_RVT)
 4                   353  MASTER    LE   NN    19554  + ref_clk               u_ctrl/u_aes/rkeys_reg_221_ (SDFFARX1_RVT)
 4                   354  MASTER    LE   NN    19067  + ref_clk               u_ctrl/u_aes/rkeys_reg_1135_ (SDFFARX1_RVT)
 4                   355  MASTER    LE   NN    19277  + ref_clk               u_ctrl/u_aes/rkeys_reg_751_ (SDFFARX1_RVT)
 4                   356  MASTER    LE   NN    19068  + ref_clk               u_ctrl/u_aes/rkeys_reg_1134_ (SDFFARX1_RVT)
 4                   357  MASTER    LE   NN    19458  + ref_clk               u_ctrl/u_aes/rkeys_reg_416_ (SDFFARX1_RVT)
 4                   358  MASTER    LE   NN    19257  + ref_clk               u_ctrl/u_aes/rkeys_reg_784_ (SDFFARX1_RVT)
 4                   359  MASTER    LE   NN    19079  + ref_clk               u_ctrl/u_aes/rkeys_reg_1109_ (SDFFARX1_RVT)
 4                   360  MASTER    LE   NN    18988  + ref_clk               u_ctrl/u_aes/rkeys_reg_1267_ (SDFFARX1_RVT)
 4                   361  MASTER    LE   NN    19543  + ref_clk               u_ctrl/u_aes/rkeys_reg_243_ (SDFFARX1_RVT)
 4                   362  MASTER    LE   NN    19142  + ref_clk               u_ctrl/u_aes/rkeys_reg_998_ (SDFFARX1_RVT)
 4                   363  MASTER    LE   NN    19319  + ref_clk               u_ctrl/u_aes/rkeys_reg_680_ (SDFFARX1_RVT)
 4                   364  MASTER    LE   NN    19372  + ref_clk               u_ctrl/u_aes/rkeys_reg_591_ (SDFFARX1_RVT)
 4                   365  MASTER    LE   NN    19084  + ref_clk               u_ctrl/u_aes/rkeys_reg_1103_ (SDFFARX1_RVT)
 4                   366  MASTER    LE   NN    19315  + ref_clk               u_ctrl/u_aes/rkeys_reg_685_ (SDFFARX1_RVT)
 4                   367  MASTER    LE   NN    19506  + ref_clk               u_ctrl/u_aes/rkeys_reg_305_ (SDFFARX1_RVT)
 4                   368  MASTER    LE   NN    19027  + ref_clk               u_ctrl/u_aes/rkeys_reg_1202_ (SDFFARX1_RVT)
 4                   369  MASTER    LE   NN    19095  + ref_clk               u_ctrl/u_aes/rkeys_reg_1087_ (SDFFARX1_RVT)
 4                   370  MASTER    LE   NN    19501  + ref_clk               u_ctrl/u_aes/rkeys_reg_319_ (SDFFARX1_RVT)
 4                   371  MASTER    LE   NN    19509  + ref_clk               u_ctrl/u_aes/rkeys_reg_300_ (SDFFARX1_RVT)
 4                   372  MASTER    LE   NN    19106  + ref_clk               u_ctrl/u_aes/rkeys_reg_1071_ (SDFFARX1_RVT)
 4                   373  MASTER    LE   NN    19098  + ref_clk               u_ctrl/u_aes/rkeys_reg_1083_ (SDFFARX1_RVT)
 4                   374  MASTER    LE   NN    19023  + ref_clk               u_ctrl/u_aes/rkeys_reg_1211_ (SDFFARX1_RVT)
 4                   375  MASTER    LE   NN    19314  + ref_clk               u_ctrl/u_aes/rkeys_reg_687_ (SDFFARX1_RVT)
 4                   376  MASTER    LE   NN    19022  + ref_clk               u_ctrl/u_aes/rkeys_reg_1212_ (SDFFARX1_RVT)
 4                   377  MASTER    LE   NN    19097  + ref_clk               u_ctrl/u_aes/rkeys_reg_1084_ (SDFFARX1_RVT)
 4                   378  MASTER    LE   NN    19389  + ref_clk               u_ctrl/u_aes/rkeys_reg_556_ (SDFFARX1_RVT)
 4                   379  MASTER    LE   NN    19242  + ref_clk               u_ctrl/u_aes/rkeys_reg_812_ (SDFFARX1_RVT)
 4                   380  MASTER    LE   NN    19318  + ref_clk               u_ctrl/u_aes/rkeys_reg_681_ (SDFFARX1_RVT)
 4                   381  MASTER    LE   NN    19511  + ref_clk               u_ctrl/u_aes/rkeys_reg_297_ (SDFFARX1_RVT)
 4                   382  MASTER    LE   NN    19096  + ref_clk               u_ctrl/u_aes/rkeys_reg_1085_ (SDFFARX1_RVT)
