****************************************
Report : disable_timing
Design : top_mcu_pll_sram_multiclk_soc
Version: W-2024.09-SP5-3
Date   : Wed Apr 15 22:47:39 2026
****************************************

Flags :     c  case-analysis
            C  Conditional arc
            d  default conditional arc
            f  false net-arc
            l  loop breaking
            L  db inherited loop breaking
	    m  mode
            p  propagated constant
            u  user-defined
            U  User-defined library arcs

Cell or Port                From    To      Sense           Flag  Reason
--------------------------------------------------------------------------------
u_pll                       REF_CLK CLK_1X  positive_unate  C     PLL_BYPASS = 0
u_pll                       REF_CLK CLK_2X  positive_unate  C     PLL_BYPASS = 0
u_pll                       REF_CLK CLK_4X  positive_unate  C     PLL_BYPASS = 0
U3                          A1      Y       positive_unate  c     A1 = 0
U3                          A1      Y       positive_unate  c     A1 = 0
U3                          A2      Y       positive_unate  c     A1 = 0, A3 = 1
U3                          A2      Y       positive_unate  c     A1 = 0, A3 = 1
U3                          A3      Y       positive_unate  c     A3 = 1
U3                          A3      Y       positive_unate  c     A3 = 1
U4                          A1      Y       positive_unate  c     A1 = 0
U4                          A1      Y       positive_unate  c     A1 = 0
U4                          A2      Y       positive_unate  c     A1 = 0, A3 = 1
U4                          A2      Y       positive_unate  c     A1 = 0, A3 = 1
U4                          A3      Y       positive_unate  c     A3 = 1
U4                          A3      Y       positive_unate  c     A3 = 1
U5                          A1      Y       positive_unate  c     A1 = 0
U5                          A1      Y       positive_unate  c     A1 = 0
U5                          A2      Y       positive_unate  c     A1 = 0, A3 = 1
U5                          A2      Y       positive_unate  c     A1 = 0, A3 = 1
U5                          A3      Y       positive_unate  c     A3 = 1
U5                          A3      Y       positive_unate  c     A3 = 1
U6                          A1      Y       positive_unate  c     A1 = 0
U6                          A1      Y       positive_unate  c     A1 = 0
U6                          A2      Y       positive_unate  c     A1 = 0, A3 = 1
U6                          A2      Y       positive_unate  c     A1 = 0, A3 = 1
U6                          A3      Y       positive_unate  c     A3 = 1
U6                          A3      Y       positive_unate  c     A3 = 1
u_ctrl/tx_byte_ff1_reg_0_   CLK     SI      hold_clk_rise   c     SE = 0
u_ctrl/tx_byte_ff1_reg_0_   CLK     SI      setup_clk_rise  c     SE = 0
u_ctrl/tx_byte_ff1_reg_0_   CLK     SE      hold_clk_rise   c     SE = 0
u_ctrl/tx_byte_ff1_reg_0_   CLK     SE      setup_clk_rise  c     SE = 0
u_ctrl/tx_byte_ff1_reg_7_   CLK     SI      hold_clk_rise   c     SE = 0
u_ctrl/tx_byte_ff1_reg_7_   CLK     SI      setup_clk_rise  c     SE = 0
u_ctrl/tx_byte_ff1_reg_7_   CLK     SE      hold_clk_rise   c     SE = 0
u_ctrl/tx_byte_ff1_reg_7_   CLK     SE      setup_clk_rise  c     SE = 0
u_div8/clk_out_reg          CLK     SI      hold_clk_rise   c     SE = 0
u_div8/clk_out_reg          CLK     SI      setup_clk_rise  c     SE = 0
u_div8/clk_out_reg          CLK     SE      hold_clk_rise   c     SE = 0
u_div8/clk_out_reg          CLK     SE      setup_clk_rise  c     SE = 0
u_ctrl/crc_finish_reg       CLK     SI      hold_clk_rise   c     SE = 0
u_ctrl/crc_finish_reg       CLK     SI      setup_clk_rise  c     SE = 0
u_ctrl/crc_finish_reg       CLK     SE      hold_clk_rise   c     SE = 0
u_ctrl/crc_finish_reg       CLK     SE      setup_clk_rise  c     SE = 0
u_ctrl/u_send_cdc/ack_ff1_reg
                            CLK     SI      hold_clk_rise   c     SE = 0
u_ctrl/u_send_cdc/ack_ff1_reg
                            CLK     SI      setup_clk_rise  c     SE = 0
u_ctrl/u_send_cdc/ack_ff1_reg
                            CLK     SE      hold_clk_rise   c     SE = 0
u_ctrl/u_send_cdc/ack_ff1_reg
                            CLK     SE      setup_clk_rise  c     SE = 0
u_ctrl/u_send_cdc/req_ff1_reg
                            CLK     SI      hold_clk_rise   c     SE = 0
u_ctrl/u_send_cdc/req_ff1_reg
                            CLK     SI      setup_clk_rise  c     SE = 0
u_ctrl/u_send_cdc/req_ff1_reg
                            CLK     SE      hold_clk_rise   c     SE = 0
u_ctrl/u_send_cdc/req_ff1_reg
                            CLK     SE      setup_clk_rise  c     SE = 0
u_ctrl/tx_byte_ff1_reg_5_   CLK     SI      hold_clk_rise   c     SE = 0
u_ctrl/tx_byte_ff1_reg_5_   CLK     SI      setup_clk_rise  c     SE = 0
u_ctrl/tx_byte_ff1_reg_5_   CLK     SE      hold_clk_rise   c     SE = 0
u_ctrl/tx_byte_ff1_reg_5_   CLK     SE      setup_clk_rise  c     SE = 0
u_ctrl/tx_byte_ff1_reg_6_   CLK     SI      hold_clk_rise   c     SE = 0
u_ctrl/tx_byte_ff1_reg_6_   CLK     SI      setup_clk_rise  c     SE = 0
u_ctrl/tx_byte_ff1_reg_6_   CLK     SE      hold_clk_rise   c     SE = 0
u_ctrl/tx_byte_ff1_reg_6_   CLK     SE      setup_clk_rise  c     SE = 0
u_ctrl/su_ff1_reg           CLK     SI      hold_clk_rise   c     SE = 0
u_ctrl/su_ff1_reg           CLK     SI      setup_clk_rise  c     SE = 0
u_ctrl/su_ff1_reg           CLK     SE      hold_clk_rise   c     SE = 0
u_ctrl/su_ff1_reg           CLK     SE      setup_clk_rise  c     SE = 0
u_ctrl/fail_ff1_reg         CLK     SI      hold_clk_rise   c     SE = 0
u_ctrl/fail_ff1_reg         CLK     SI      setup_clk_rise  c     SE = 0
u_ctrl/fail_ff1_reg         CLK     SE      hold_clk_rise   c     SE = 0
u_ctrl/fail_ff1_reg         CLK     SE      setup_clk_rise  c     SE = 0
u_ctrl/tx_byte_ff1_reg_1_   CLK     SI      hold_clk_rise   c     SE = 0
u_ctrl/tx_byte_ff1_reg_1_   CLK     SI      setup_clk_rise  c     SE = 0
u_ctrl/tx_byte_ff1_reg_1_   CLK     SE      hold_clk_rise   c     SE = 0
u_ctrl/tx_byte_ff1_reg_1_   CLK     SE      setup_clk_rise  c     SE = 0
u_ctrl/tx_byte_ff1_reg_2_   CLK     SI      hold_clk_rise   c     SE = 0
u_ctrl/tx_byte_ff1_reg_2_   CLK     SI      setup_clk_rise  c     SE = 0
u_ctrl/tx_byte_ff1_reg_2_   CLK     SE      hold_clk_rise   c     SE = 0
u_ctrl/tx_byte_ff1_reg_2_   CLK     SE      setup_clk_rise  c     SE = 0
u_ctrl/tx_byte_ff1_reg_3_   CLK     SI      hold_clk_rise   c     SE = 0
u_ctrl/tx_byte_ff1_reg_3_   CLK     SI      setup_clk_rise  c     SE = 0
u_ctrl/tx_byte_ff1_reg_3_   CLK     SE      hold_clk_rise   c     SE = 0
u_ctrl/tx_byte_ff1_reg_3_   CLK     SE      setup_clk_rise  c     SE = 0
u_ctrl/aes_done_ff1_reg     CLK     SI      hold_clk_rise   c     SE = 0
u_ctrl/aes_done_ff1_reg     CLK     SI      setup_clk_rise  c     SE = 0
u_ctrl/aes_done_ff1_reg     CLK     SE      hold_clk_rise   c     SE = 0
u_ctrl/aes_done_ff1_reg     CLK     SE      setup_clk_rise  c     SE = 0
u_ctrl/tx_byte_ff1_reg_4_   CLK     SI      hold_clk_rise   c     SE = 0
u_ctrl/tx_byte_ff1_reg_4_   CLK     SI      setup_clk_rise  c     SE = 0
u_ctrl/tx_byte_ff1_reg_4_   CLK     SE      hold_clk_rise   c     SE = 0
u_ctrl/tx_byte_ff1_reg_4_   CLK     SE      setup_clk_rise  c     SE = 0
u_ctrl/u_ct_cdc/ack_ff1_reg CLK     SI      hold_clk_rise   c     SE = 0
u_ctrl/u_ct_cdc/ack_ff1_reg CLK     SI      setup_clk_rise  c     SE = 0
u_ctrl/u_ct_cdc/ack_ff1_reg CLK     SE      hold_clk_rise   c     SE = 0
u_ctrl/u_ct_cdc/ack_ff1_reg CLK     SE      setup_clk_rise  c     SE = 0
u_ctrl/u_ct_cdc/req_ff1_reg CLK     SI      hold_clk_rise   c     SE = 0
u_ctrl/u_ct_cdc/req_ff1_reg CLK     SI      setup_clk_rise  c     SE = 0
u_ctrl/u_ct_cdc/req_ff1_reg CLK     SE      hold_clk_rise   c     SE = 0
u_ctrl/u_ct_cdc/req_ff1_reg CLK     SE      setup_clk_rise  c     SE = 0
u_ctrl/crc_dv_reg           CLK     SI      hold_clk_rise   c     SE = 0
u_ctrl/crc_dv_reg           CLK     SI      setup_clk_rise  c     SE = 0
u_ctrl/crc_dv_reg           CLK     SE      hold_clk_rise   c     SE = 0
u_ctrl/crc_dv_reg           CLK     SE      setup_clk_rise  c     SE = 0
u_ctrl/mem_oe_reg           CLK     SI      hold_clk_rise   c     SE = 0
u_ctrl/mem_oe_reg           CLK     SI      setup_clk_rise  c     SE = 0
u_ctrl/mem_oe_reg           CLK     SE      hold_clk_rise   c     SE = 0
u_ctrl/mem_oe_reg           CLK     SE      setup_clk_rise  c     SE = 0
u_ctrl/u_icg_aes/U3         A2      Y       positive_unate  c     A2 = 0
u_ctrl/u_icg_aes/U3         A2      Y       positive_unate  c     A2 = 0
u_ctrl/txdone_ff1_reg       CLK     SI      hold_clk_rise   c     SE = 0
u_ctrl/txdone_ff1_reg       CLK     SI      setup_clk_rise  c     SE = 0
u_ctrl/txdone_ff1_reg       CLK     SE      hold_clk_rise   c     SE = 0
u_ctrl/txdone_ff1_reg       CLK     SE      setup_clk_rise  c     SE = 0
u_ctrl/crc_ff1_reg          CLK     SI      hold_clk_rise   c     SE = 0
u_ctrl/crc_ff1_reg          CLK     SI      setup_clk_rise  c     SE = 0
u_ctrl/crc_ff1_reg          CLK     SE      hold_clk_rise   c     SE = 0
u_ctrl/crc_ff1_reg          CLK     SE      setup_clk_rise  c     SE = 0
u_ctrl/mem_we_reg           CLK     SI      hold_clk_rise   c     SE = 0
u_ctrl/mem_we_reg           CLK     SI      setup_clk_rise  c     SE = 0
u_ctrl/mem_we_reg           CLK     SE      hold_clk_rise   c     SE = 0
u_ctrl/mem_we_reg           CLK     SE      setup_clk_rise  c     SE = 0
u_ctrl/u_send_cdc/req_tog_src_reg
                            CLK     SI      hold_clk_rise   c     SE = 0
u_ctrl/u_send_cdc/req_tog_src_reg
                            CLK     SI      setup_clk_rise  c     SE = 0
u_ctrl/u_send_cdc/req_tog_src_reg
                            CLK     SE      hold_clk_rise   c     SE = 0
u_ctrl/u_send_cdc/req_tog_src_reg
                            CLK     SE      setup_clk_rise  c     SE = 0
u_ctrl/u_crc/crc_reg_22_    CLK     SI      hold_clk_rise   c     SE = 0
u_ctrl/u_crc/crc_reg_22_    CLK     SI      setup_clk_rise  c     SE = 0
u_ctrl/u_crc/crc_reg_22_    CLK     SE      hold_clk_rise   c     SE = 0
u_ctrl/u_crc/crc_reg_22_    CLK     SE      setup_clk_rise  c     SE = 0
u_ctrl/u_crc/crc_reg_19_    CLK     SI      hold_clk_rise   c     SE = 0
u_ctrl/u_crc/crc_reg_19_    CLK     SI      setup_clk_rise  c     SE = 0
u_ctrl/u_crc/crc_reg_19_    CLK     SE      hold_clk_rise   c     SE = 0
u_ctrl/u_crc/crc_reg_19_    CLK     SE      setup_clk_rise  c     SE = 0
u_ctrl/u_crc/crc_reg_31_    CLK     SI      hold_clk_rise   c     SE = 0
u_ctrl/u_crc/crc_reg_31_    CLK     SI      setup_clk_rise  c     SE = 0
u_ctrl/u_crc/crc_reg_31_    CLK     SE      hold_clk_rise   c     SE = 0
u_ctrl/u_crc/crc_reg_31_    CLK     SE      setup_clk_rise  c     SE = 0
u_ctrl/u_crc/crc_reg_21_    CLK     SI      hold_clk_rise   c     SE = 0
u_ctrl/u_crc/crc_reg_21_    CLK     SI      setup_clk_rise  c     SE = 0
u_ctrl/u_crc/crc_reg_21_    CLK     SE      hold_clk_rise   c     SE = 0
u_ctrl/u_crc/crc_reg_21_    CLK     SE      setup_clk_rise  c     SE = 0
u_ctrl/u_ct_cdc/pulse_dst_reg
                            CLK     SI      hold_clk_rise   c     SE = 0
u_ctrl/u_ct_cdc/pulse_dst_reg
                            CLK     SI      setup_clk_rise  c     SE = 0
u_ctrl/u_ct_cdc/pulse_dst_reg
                            CLK     SE      hold_clk_rise   c     SE = 0
u_ctrl/u_ct_cdc/pulse_dst_reg
                            CLK     SE      setup_clk_rise  c     SE = 0
u_ctrl/mem_cs_reg           CLK     SI      hold_clk_rise   c     SE = 0
u_ctrl/mem_cs_reg           CLK     SI      setup_clk_rise  c     SE = 0
u_ctrl/mem_cs_reg           CLK     SE      hold_clk_rise   c     SE = 0
u_ctrl/mem_cs_reg           CLK     SE      setup_clk_rise  c     SE = 0
u_ctrl/tx_busy_d_reg        CLK     SI      hold_clk_rise   c     SE = 0
u_ctrl/tx_busy_d_reg        CLK     SI      setup_clk_rise  c     SE = 0
u_ctrl/tx_busy_d_reg        CLK     SE      hold_clk_rise   c     SE = 0
u_ctrl/tx_busy_d_reg        CLK     SE      setup_clk_rise  c     SE = 0
u_ctrl/crc_byte_reg_0_      CLK     SI      hold_clk_rise   c     SE = 0
u_ctrl/crc_byte_reg_0_      CLK     SI      setup_clk_rise  c     SE = 0
u_ctrl/crc_byte_reg_0_      CLK     SE      hold_clk_rise   c     SE = 0
u_ctrl/crc_byte_reg_0_      CLK     SE      setup_clk_rise  c     SE = 0
u_ctrl/crc_byte_reg_1_      CLK     SI      hold_clk_rise   c     SE = 0
u_ctrl/crc_byte_reg_1_      CLK     SI      setup_clk_rise  c     SE = 0
u_ctrl/crc_byte_reg_1_      CLK     SE      hold_clk_rise   c     SE = 0
u_ctrl/crc_byte_reg_1_      CLK     SE      setup_clk_rise  c     SE = 0
u_ctrl/crc_byte_reg_2_      CLK     SI      hold_clk_rise   c     SE = 0
u_ctrl/crc_byte_reg_2_      CLK     SI      setup_clk_rise  c     SE = 0
u_ctrl/crc_byte_reg_2_      CLK     SE      hold_clk_rise   c     SE = 0
u_ctrl/crc_byte_reg_2_      CLK     SE      setup_clk_rise  c     SE = 0
u_ctrl/crc_byte_reg_3_      CLK     SI      hold_clk_rise   c     SE = 0
u_ctrl/crc_byte_reg_3_      CLK     SI      setup_clk_rise  c     SE = 0
u_ctrl/crc_byte_reg_3_      CLK     SE      hold_clk_rise   c     SE = 0
u_ctrl/crc_byte_reg_3_      CLK     SE      setup_clk_rise  c     SE = 0
u_ctrl/crc_byte_reg_4_      CLK     SI      hold_clk_rise   c     SE = 0
u_ctrl/crc_byte_reg_4_      CLK     SI      setup_clk_rise  c     SE = 0
u_ctrl/crc_byte_reg_4_      CLK     SE      hold_clk_rise   c     SE = 0
u_ctrl/crc_byte_reg_4_      CLK     SE      setup_clk_rise  c     SE = 0
u_ctrl/crc_byte_reg_5_      CLK     SI      hold_clk_rise   c     SE = 0
u_ctrl/crc_byte_reg_5_      CLK     SI      setup_clk_rise  c     SE = 0
u_ctrl/crc_byte_reg_5_      CLK     SE      hold_clk_rise   c     SE = 0
u_ctrl/crc_byte_reg_5_      CLK     SE      setup_clk_rise  c     SE = 0
u_ctrl/crc_byte_reg_6_      CLK     SI      hold_clk_rise   c     SE = 0
u_ctrl/crc_byte_reg_6_      CLK     SI      setup_clk_rise  c     SE = 0
u_ctrl/crc_byte_reg_6_      CLK     SE      hold_clk_rise   c     SE = 0
u_ctrl/crc_byte_reg_6_      CLK     SE      setup_clk_rise  c     SE = 0
u_ctrl/crc_byte_reg_7_      CLK     SI      hold_clk_rise   c     SE = 0
u_ctrl/crc_byte_reg_7_      CLK     SI      setup_clk_rise  c     SE = 0
u_ctrl/crc_byte_reg_7_      CLK     SE      hold_clk_rise   c     SE = 0
u_ctrl/crc_byte_reg_7_      CLK     SE      setup_clk_rise  c     SE = 0
u_ctrl/start_seen_reg       CLK     SI      hold_clk_rise   c     SE = 0
u_ctrl/start_seen_reg       CLK     SI      setup_clk_rise  c     SE = 0
u_ctrl/start_seen_reg       CLK     SE      hold_clk_rise   c     SE = 0
u_ctrl/start_seen_reg       CLK     SE      setup_clk_rise  c     SE = 0
u_mem/u_sram                CE      A[4]    hold_clk_rise   p     A[4] = 0
u_mem/u_sram                CE      A[4]    setup_clk_rise  p     A[4] = 0
u_mem/u_sram                CE      A[5]    hold_clk_rise   p     A[5] = 0
u_mem/u_sram                CE      A[5]    setup_clk_rise  p     A[5] = 0
u_mem/u_sram                CE      A[6]    hold_clk_rise   p     A[6] = 0
u_mem/u_sram                CE      A[6]    setup_clk_rise  p     A[6] = 0
u_mem/u_sram                CE      A[7]    hold_clk_rise   p     A[7] = 0
u_mem/u_sram                CE      A[7]    setup_clk_rise  p     A[7] = 0
u_mem/u_sram                CE      A[8]    hold_clk_rise   p     A[8] = 0
u_mem/u_sram                CE      A[8]    setup_clk_rise  p     A[8] = 0
u_mem/u_sram                CE      A[9]    hold_clk_rise   p     A[9] = 0
u_mem/u_sram                CE      A[9]    setup_clk_rise  p     A[9] = 0
u_ctrl/mem_addr_reg_3_      CLK     SI      hold_clk_rise   c     SE = 0
u_ctrl/mem_addr_reg_3_      CLK     SI      setup_clk_rise  c     SE = 0
u_ctrl/mem_addr_reg_3_      CLK     SE      hold_clk_rise   c     SE = 0
u_ctrl/mem_addr_reg_3_      CLK     SE      setup_clk_rise  c     SE = 0
u_ctrl/tx_cnt_div4_reg_0_   CLK     SI      hold_clk_rise   c     SE = 0
u_ctrl/tx_cnt_div4_reg_0_   CLK     SI      setup_clk_rise  c     SE = 0
u_ctrl/tx_cnt_div4_reg_0_   CLK     SE      hold_clk_rise   c     SE = 0
u_ctrl/tx_cnt_div4_reg_0_   CLK     SE      setup_clk_rise  c     SE = 0
u_ctrl/tx_cnt_div4_reg_1_   CLK     SI      hold_clk_rise   c     SE = 0
u_ctrl/tx_cnt_div4_reg_1_   CLK     SI      setup_clk_rise  c     SE = 0
u_ctrl/tx_cnt_div4_reg_1_   CLK     SE      hold_clk_rise   c     SE = 0
u_ctrl/tx_cnt_div4_reg_1_   CLK     SE      setup_clk_rise  c     SE = 0
u_ctrl/allow_send_div2_d_reg
                            CLK     SI      hold_clk_rise   c     SE = 0
u_ctrl/allow_send_div2_d_reg
                            CLK     SI      setup_clk_rise  c     SE = 0
u_ctrl/allow_send_div2_d_reg
                            CLK     SE      hold_clk_rise   c     SE = 0
u_ctrl/allow_send_div2_d_reg
                            CLK     SE      setup_clk_rise  c     SE = 0
u_ctrl/u_send_cdc/pulse_dst_reg
                            CLK     SI      hold_clk_rise   c     SE = 0
u_ctrl/u_send_cdc/pulse_dst_reg
                            CLK     SI      setup_clk_rise  c     SE = 0
u_ctrl/u_send_cdc/pulse_dst_reg
                            CLK     SE      hold_clk_rise   c     SE = 0
u_ctrl/u_send_cdc/pulse_dst_reg
                            CLK     SE      setup_clk_rise  c     SE = 0
u_ctrl/tx_buf_data_reg_0_   CLK     SI      hold_clk_rise   c     SE = 0
u_ctrl/tx_buf_data_reg_0_   CLK     SI      setup_clk_rise  c     SE = 0
u_ctrl/tx_buf_data_reg_0_   CLK     SE      hold_clk_rise   c     SE = 0
u_ctrl/tx_buf_data_reg_0_   CLK     SE      setup_clk_rise  c     SE = 0
u_ctrl/tx_buf_data_reg_1_   CLK     SI      hold_clk_rise   c     SE = 0
u_ctrl/tx_buf_data_reg_1_   CLK     SI      setup_clk_rise  c     SE = 0
u_ctrl/tx_buf_data_reg_1_   CLK     SE      hold_clk_rise   c     SE = 0
u_ctrl/tx_buf_data_reg_1_   CLK     SE      setup_clk_rise  c     SE = 0
u_ctrl/u_crc/crc_reg_17_    CLK     SI      hold_clk_rise   c     SE = 0
u_ctrl/u_crc/crc_reg_17_    CLK     SI      setup_clk_rise  c     SE = 0
u_ctrl/u_crc/crc_reg_17_    CLK     SE      hold_clk_rise   c     SE = 0
u_ctrl/u_crc/crc_reg_17_    CLK     SE      setup_clk_rise  c     SE = 0
u_ctrl/u_crc/crc_reg_29_    CLK     SI      hold_clk_rise   c     SE = 0
u_ctrl/u_crc/crc_reg_29_    CLK     SI      setup_clk_rise  c     SE = 0
u_ctrl/u_crc/crc_reg_29_    CLK     SE      hold_clk_rise   c     SE = 0
u_ctrl/u_crc/crc_reg_29_    CLK     SE      setup_clk_rise  c     SE = 0
u_ctrl/u_crc/crc_reg_0_     CLK     SI      hold_clk_rise   c     SE = 0
u_ctrl/u_crc/crc_reg_0_     CLK     SI      setup_clk_rise  c     SE = 0
u_ctrl/u_crc/crc_reg_0_     CLK     SE      hold_clk_rise   c     SE = 0
u_ctrl/u_crc/crc_reg_0_     CLK     SE      setup_clk_rise  c     SE = 0
u_ctrl/u_crc/done_reg       CLK     SI      hold_clk_rise   c     SE = 0
u_ctrl/u_crc/done_reg       CLK     SI      setup_clk_rise  c     SE = 0
u_ctrl/u_crc/done_reg       CLK     SE      hold_clk_rise   c     SE = 0
u_ctrl/u_crc/done_reg       CLK     SE      setup_clk_rise  c     SE = 0
u_ctrl/u_crc/crc_reg_20_    CLK     SI      hold_clk_rise   c     SE = 0
u_ctrl/u_crc/crc_reg_20_    CLK     SI      setup_clk_rise  c     SE = 0
u_ctrl/u_crc/crc_reg_20_    CLK     SE      hold_clk_rise   c     SE = 0
u_ctrl/u_crc/crc_reg_20_    CLK     SE      setup_clk_rise  c     SE = 0
u_ctrl/u_crc/crc_reg_15_    CLK     SI      hold_clk_rise   c     SE = 0
u_ctrl/u_crc/crc_reg_15_    CLK     SI      setup_clk_rise  c     SE = 0
u_ctrl/u_crc/crc_reg_15_    CLK     SE      hold_clk_rise   c     SE = 0
u_ctrl/u_crc/crc_reg_15_    CLK     SE      setup_clk_rise  c     SE = 0
u_ctrl/tx_buf_data_reg_2_   CLK     SI      hold_clk_rise   c     SE = 0
u_ctrl/tx_buf_data_reg_2_   CLK     SI      setup_clk_rise  c     SE = 0
u_ctrl/tx_buf_data_reg_2_   CLK     SE      hold_clk_rise   c     SE = 0
u_ctrl/tx_buf_data_reg_2_   CLK     SE      setup_clk_rise  c     SE = 0
u_ctrl/tx_buf_data_reg_3_   CLK     SI      hold_clk_rise   c     SE = 0
u_ctrl/tx_buf_data_reg_3_   CLK     SI      setup_clk_rise  c     SE = 0
u_ctrl/tx_buf_data_reg_3_   CLK     SE      hold_clk_rise   c     SE = 0
u_ctrl/tx_buf_data_reg_3_   CLK     SE      setup_clk_rise  c     SE = 0
u_ctrl/u_ct_cdc/req_tog_src_reg
                            CLK     SI      hold_clk_rise   c     SE = 0
u_ctrl/u_ct_cdc/req_tog_src_reg
                            CLK     SI      setup_clk_rise  c     SE = 0
u_ctrl/u_ct_cdc/req_tog_src_reg
                            CLK     SE      hold_clk_rise   c     SE = 0
u_ctrl/u_ct_cdc/req_tog_src_reg
                            CLK     SE      setup_clk_rise  c     SE = 0
u_ctrl/tx_buf_data_reg_4_   CLK     SI      hold_clk_rise   c     SE = 0
u_ctrl/tx_buf_data_reg_4_   CLK     SI      setup_clk_rise  c     SE = 0
u_ctrl/tx_buf_data_reg_4_   CLK     SE      hold_clk_rise   c     SE = 0
u_ctrl/tx_buf_data_reg_4_   CLK     SE      setup_clk_rise  c     SE = 0
u_ctrl/tx_buf_data_reg_5_   CLK     SI      hold_clk_rise   c     SE = 0
u_ctrl/tx_buf_data_reg_5_   CLK     SI      setup_clk_rise  c     SE = 0
u_ctrl/tx_buf_data_reg_5_   CLK     SE      hold_clk_rise   c     SE = 0
u_ctrl/tx_buf_data_reg_5_   CLK     SE      setup_clk_rise  c     SE = 0
u_ctrl/tx_buf_data_reg_6_   CLK     SI      hold_clk_rise   c     SE = 0
u_ctrl/tx_buf_data_reg_6_   CLK     SI      setup_clk_rise  c     SE = 0
u_ctrl/tx_buf_data_reg_6_   CLK     SE      hold_clk_rise   c     SE = 0
u_ctrl/tx_buf_data_reg_6_   CLK     SE      setup_clk_rise  c     SE = 0
u_ctrl/tx_buf_data_reg_7_   CLK     SI      hold_clk_rise   c     SE = 0
u_ctrl/tx_buf_data_reg_7_   CLK     SI      setup_clk_rise  c     SE = 0
u_ctrl/tx_buf_data_reg_7_   CLK     SE      hold_clk_rise   c     SE = 0
u_ctrl/tx_buf_data_reg_7_   CLK     SE      setup_clk_rise  c     SE = 0
u_ctrl/u_aes/done_reg       CLK     SI      hold_clk_rise   c     SE = 0
u_ctrl/u_aes/done_reg       CLK     SI      setup_clk_rise  c     SE = 0
u_ctrl/u_aes/done_reg       CLK     SE      hold_clk_rise   c     SE = 0
u_ctrl/u_aes/done_reg       CLK     SE      setup_clk_rise  c     SE = 0
u_ctrl/crc_done_hold_reg    CLK     SI      hold_clk_rise   c     SE = 0
u_ctrl/crc_done_hold_reg    CLK     SI      setup_clk_rise  c     SE = 0
u_ctrl/crc_done_hold_reg    CLK     SE      hold_clk_rise   c     SE = 0
u_ctrl/crc_done_hold_reg    CLK     SE      setup_clk_rise  c     SE = 0
u_ctrl/mem_addr_reg_0_      CLK     SI      hold_clk_rise   c     SE = 0
u_ctrl/mem_addr_reg_0_      CLK     SI      setup_clk_rise  c     SE = 0
u_ctrl/mem_addr_reg_0_      CLK     SE      hold_clk_rise   c     SE = 0
u_ctrl/mem_addr_reg_0_      CLK     SE      setup_clk_rise  c     SE = 0
u_ctrl/mem_addr_reg_1_      CLK     SI      hold_clk_rise   c     SE = 0
u_ctrl/mem_addr_reg_1_      CLK     SI      setup_clk_rise  c     SE = 0
u_ctrl/mem_addr_reg_1_      CLK     SE      hold_clk_rise   c     SE = 0
u_ctrl/mem_addr_reg_1_      CLK     SE      setup_clk_rise  c     SE = 0
u_ctrl/mem_addr_reg_2_      CLK     SI      hold_clk_rise   c     SE = 0
u_ctrl/mem_addr_reg_2_      CLK     SI      setup_clk_rise  c     SE = 0
u_ctrl/mem_addr_reg_2_      CLK     SE      hold_clk_rise   c     SE = 0
u_ctrl/mem_addr_reg_2_      CLK     SE      setup_clk_rise  c     SE = 0
u_ctrl/ct_hold_div2_reg_34_ CLK     SI      hold_clk_rise   c     SE = 0
u_ctrl/ct_hold_div2_reg_34_ CLK     SI      setup_clk_rise  c     SE = 0
u_ctrl/ct_hold_div2_reg_34_ CLK     SE      hold_clk_rise   c     SE = 0
u_ctrl/ct_hold_div2_reg_34_ CLK     SE      setup_clk_rise  c     SE = 0
u_ctrl/ct_hold_div2_reg_35_ CLK     SI      hold_clk_rise   c     SE = 0
u_ctrl/ct_hold_div2_reg_35_ CLK     SI      setup_clk_rise  c     SE = 0
u_ctrl/ct_hold_div2_reg_35_ CLK     SE      hold_clk_rise   c     SE = 0
u_ctrl/ct_hold_div2_reg_35_ CLK     SE      setup_clk_rise  c     SE = 0
u_ctrl/ct_hold_div2_reg_36_ CLK     SI      hold_clk_rise   c     SE = 0
u_ctrl/ct_hold_div2_reg_36_ CLK     SI      setup_clk_rise  c     SE = 0
u_ctrl/ct_hold_div2_reg_36_ CLK     SE      hold_clk_rise   c     SE = 0
u_ctrl/ct_hold_div2_reg_36_ CLK     SE      setup_clk_rise  c     SE = 0
u_ctrl/ct_hold_div2_reg_39_ CLK     SI      hold_clk_rise   c     SE = 0
u_ctrl/ct_hold_div2_reg_39_ CLK     SI      setup_clk_rise  c     SE = 0
u_ctrl/ct_hold_div2_reg_39_ CLK     SE      hold_clk_rise   c     SE = 0
u_ctrl/ct_hold_div2_reg_39_ CLK     SE      setup_clk_rise  c     SE = 0
u_ctrl/ct_hold_div2_reg_63_ CLK     SI      hold_clk_rise   c     SE = 0
u_ctrl/ct_hold_div2_reg_63_ CLK     SI      setup_clk_rise  c     SE = 0
u_ctrl/ct_hold_div2_reg_63_ CLK     SE      hold_clk_rise   c     SE = 0
u_ctrl/ct_hold_div2_reg_63_ CLK     SE      setup_clk_rise  c     SE = 0
u_ctrl/tx_buf_valid_reg     CLK     SI      hold_clk_rise   c     SE = 0
u_ctrl/tx_buf_valid_reg     CLK     SI      setup_clk_rise  c     SE = 0
u_ctrl/tx_buf_valid_reg     CLK     SE      hold_clk_rise   c     SE = 0
u_ctrl/tx_buf_valid_reg     CLK     SE      setup_clk_rise  c     SE = 0
u_ctrl/tx_cnt_div4_reg_2_   CLK     SI      hold_clk_rise   c     SE = 0
u_ctrl/tx_cnt_div4_reg_2_   CLK     SI      setup_clk_rise  c     SE = 0
u_ctrl/tx_cnt_div4_reg_2_   CLK     SE      hold_clk_rise   c     SE = 0
u_ctrl/tx_cnt_div4_reg_2_   CLK     SE      setup_clk_rise  c     SE = 0
u_ctrl/aes_clk_req_reg      CLK     SI      hold_clk_rise   c     SE = 0
u_ctrl/aes_clk_req_reg      CLK     SI      setup_clk_rise  c     SE = 0
u_ctrl/aes_clk_req_reg      CLK     SE      hold_clk_rise   c     SE = 0
u_ctrl/aes_clk_req_reg      CLK     SE      setup_clk_rise  c     SE = 0
u_ctrl/aes_start_reg        CLK     SI      hold_clk_rise   c     SE = 0
u_ctrl/aes_start_reg        CLK     SI      setup_clk_rise  c     SE = 0
u_ctrl/aes_start_reg        CLK     SE      hold_clk_rise   c     SE = 0
u_ctrl/aes_start_reg        CLK     SE      setup_clk_rise  c     SE = 0
u_ctrl/tx_cnt_div4_reg_3_   CLK     SI      hold_clk_rise   c     SE = 0
u_ctrl/tx_cnt_div4_reg_3_   CLK     SI      setup_clk_rise  c     SE = 0
u_ctrl/tx_cnt_div4_reg_3_   CLK     SE      hold_clk_rise   c     SE = 0
u_ctrl/tx_cnt_div4_reg_3_   CLK     SE      setup_clk_rise  c     SE = 0
u_ctrl/ct_hold_div2_reg_29_ CLK     SI      hold_clk_rise   c     SE = 0
u_ctrl/ct_hold_div2_reg_29_ CLK     SI      setup_clk_rise  c     SE = 0
u_ctrl/ct_hold_div2_reg_29_ CLK     SE      hold_clk_rise   c     SE = 0
u_ctrl/ct_hold_div2_reg_29_ CLK     SE      setup_clk_rise  c     SE = 0
u_ctrl/start_uart_cmd_reg   CLK     SI      hold_clk_rise   c     SE = 0
u_ctrl/start_uart_cmd_reg   CLK     SI      setup_clk_rise  c     SE = 0
u_ctrl/start_uart_cmd_reg   CLK     SE      hold_clk_rise   c     SE = 0
u_ctrl/start_uart_cmd_reg   CLK     SE      setup_clk_rise  c     SE = 0
u_ctrl/send_go_div2_reg     CLK     SI      hold_clk_rise   c     SE = 0
u_ctrl/send_go_div2_reg     CLK     SI      setup_clk_rise  c     SE = 0
u_ctrl/send_go_div2_reg     CLK     SE      hold_clk_rise   c     SE = 0
u_ctrl/send_go_div2_reg     CLK     SE      setup_clk_rise  c     SE = 0
u_ctrl/u_crc/crc_out_reg_2_ CLK     SI      hold_clk_rise   c     SE = 0
u_ctrl/u_crc/crc_out_reg_2_ CLK     SI      setup_clk_rise  c     SE = 0
u_ctrl/u_crc/crc_out_reg_2_ CLK     SE      hold_clk_rise   c     SE = 0
u_ctrl/u_crc/crc_out_reg_2_ CLK     SE      setup_clk_rise  c     SE = 0
u_ctrl/u_crc/crc_out_reg_15_
                            CLK     SI      hold_clk_rise   c     SE = 0
u_ctrl/u_crc/crc_out_reg_15_
                            CLK     SI      setup_clk_rise  c     SE = 0
u_ctrl/u_crc/crc_out_reg_15_
                            CLK     SE      hold_clk_rise   c     SE = 0
u_ctrl/u_crc/crc_out_reg_15_
                            CLK     SE      setup_clk_rise  c     SE = 0
u_ctrl/u_crc/crc_out_reg_31_
                            CLK     SI      hold_clk_rise   c     SE = 0
u_ctrl/u_crc/crc_out_reg_31_
                            CLK     SI      setup_clk_rise  c     SE = 0
u_ctrl/u_crc/crc_out_reg_31_
                            CLK     SE      hold_clk_rise   c     SE = 0
u_ctrl/u_crc/crc_out_reg_31_
                            CLK     SE      setup_clk_rise  c     SE = 0
u_ctrl/u_crc/crc_out_reg_10_
                            CLK     SI      hold_clk_rise   c     SE = 0
u_ctrl/u_crc/crc_out_reg_10_
                            CLK     SI      setup_clk_rise  c     SE = 0
u_ctrl/u_crc/crc_out_reg_10_
                            CLK     SE      hold_clk_rise   c     SE = 0
u_ctrl/u_crc/crc_out_reg_10_
                            CLK     SE      setup_clk_rise  c     SE = 0
u_ctrl/u_crc/crc_out_reg_26_
                            CLK     SI      hold_clk_rise   c     SE = 0
u_ctrl/u_crc/crc_out_reg_26_
                            CLK     SI      setup_clk_rise  c     SE = 0
u_ctrl/u_crc/crc_out_reg_26_
                            CLK     SE      hold_clk_rise   c     SE = 0
u_ctrl/u_crc/crc_out_reg_26_
                            CLK     SE      setup_clk_rise  c     SE = 0
u_ctrl/u_crc/crc_out_reg_8_ CLK     SI      hold_clk_rise   c     SE = 0
u_ctrl/u_crc/crc_out_reg_8_ CLK     SI      setup_clk_rise  c     SE = 0
u_ctrl/u_crc/crc_out_reg_8_ CLK     SE      hold_clk_rise   c     SE = 0
u_ctrl/u_crc/crc_out_reg_8_ CLK     SE      setup_clk_rise  c     SE = 0
u_ctrl/u_crc/crc_out_reg_21_
                            CLK     SI      hold_clk_rise   c     SE = 0
u_ctrl/u_crc/crc_out_reg_21_
                            CLK     SI      setup_clk_rise  c     SE = 0
u_ctrl/u_crc/crc_out_reg_21_
                            CLK     SE      hold_clk_rise   c     SE = 0
u_ctrl/u_crc/crc_out_reg_21_
                            CLK     SE      setup_clk_rise  c     SE = 0
u_ctrl/u_crc/crc_reg_23_    CLK     SI      hold_clk_rise   c     SE = 0
u_ctrl/u_crc/crc_reg_23_    CLK     SI      setup_clk_rise  c     SE = 0
u_ctrl/u_crc/crc_reg_23_    CLK     SE      hold_clk_rise   c     SE = 0
u_ctrl/u_crc/crc_reg_23_    CLK     SE      setup_clk_rise  c     SE = 0
u_ctrl/u_crc/crc_out_reg_3_ CLK     SI      hold_clk_rise   c     SE = 0
u_ctrl/u_crc/crc_out_reg_3_ CLK     SI      setup_clk_rise  c     SE = 0
u_ctrl/u_crc/crc_out_reg_3_ CLK     SE      hold_clk_rise   c     SE = 0
u_ctrl/u_crc/crc_out_reg_3_ CLK     SE      setup_clk_rise  c     SE = 0
u_ctrl/u_crc/crc_out_reg_16_
                            CLK     SI      hold_clk_rise   c     SE = 0
u_ctrl/u_crc/crc_out_reg_16_
                            CLK     SI      setup_clk_rise  c     SE = 0
u_ctrl/u_crc/crc_out_reg_16_
                            CLK     SE      hold_clk_rise   c     SE = 0
u_ctrl/u_crc/crc_out_reg_16_
                            CLK     SE      setup_clk_rise  c     SE = 0
u_ctrl/u_crc/crc_reg_18_    CLK     SI      hold_clk_rise   c     SE = 0
u_ctrl/u_crc/crc_reg_18_    CLK     SI      setup_clk_rise  c     SE = 0
u_ctrl/u_crc/crc_reg_18_    CLK     SE      hold_clk_rise   c     SE = 0
u_ctrl/u_crc/crc_reg_18_    CLK     SE      setup_clk_rise  c     SE = 0
u_ctrl/u_crc/crc_out_reg_11_
                            CLK     SI      hold_clk_rise   c     SE = 0
u_ctrl/u_crc/crc_out_reg_11_
                            CLK     SI      setup_clk_rise  c     SE = 0
u_ctrl/u_crc/crc_out_reg_11_
                            CLK     SE      hold_clk_rise   c     SE = 0
u_ctrl/u_crc/crc_out_reg_11_
                            CLK     SE      setup_clk_rise  c     SE = 0
u_ctrl/u_crc/crc_out_reg_27_
                            CLK     SI      hold_clk_rise   c     SE = 0
u_ctrl/u_crc/crc_out_reg_27_
                            CLK     SI      setup_clk_rise  c     SE = 0
u_ctrl/u_crc/crc_out_reg_27_
                            CLK     SE      hold_clk_rise   c     SE = 0
u_ctrl/u_crc/crc_out_reg_27_
                            CLK     SE      setup_clk_rise  c     SE = 0
u_ctrl/u_crc/crc_out_reg_9_ CLK     SI      hold_clk_rise   c     SE = 0
u_ctrl/u_crc/crc_out_reg_9_ CLK     SI      setup_clk_rise  c     SE = 0
u_ctrl/u_crc/crc_out_reg_9_ CLK     SE      hold_clk_rise   c     SE = 0
u_ctrl/u_crc/crc_out_reg_9_ CLK     SE      setup_clk_rise  c     SE = 0
u_ctrl/u_crc/crc_out_reg_22_
                            CLK     SI      hold_clk_rise   c     SE = 0
u_ctrl/u_crc/crc_out_reg_22_
                            CLK     SI      setup_clk_rise  c     SE = 0
u_ctrl/u_crc/crc_out_reg_22_
                            CLK     SE      hold_clk_rise   c     SE = 0
u_ctrl/u_crc/crc_out_reg_22_
                            CLK     SE      setup_clk_rise  c     SE = 0
u_ctrl/u_crc/crc_out_reg_4_ CLK     SI      hold_clk_rise   c     SE = 0
u_ctrl/u_crc/crc_out_reg_4_ CLK     SI      setup_clk_rise  c     SE = 0
u_ctrl/u_crc/crc_out_reg_4_ CLK     SE      hold_clk_rise   c     SE = 0
u_ctrl/u_crc/crc_out_reg_4_ CLK     SE      setup_clk_rise  c     SE = 0
u_ctrl/u_crc/crc_out_reg_17_
                            CLK     SI      hold_clk_rise   c     SE = 0
u_ctrl/u_crc/crc_out_reg_17_
                            CLK     SI      setup_clk_rise  c     SE = 0
u_ctrl/u_crc/crc_out_reg_17_
                            CLK     SE      hold_clk_rise   c     SE = 0
u_ctrl/u_crc/crc_out_reg_17_
                            CLK     SE      setup_clk_rise  c     SE = 0
u_ctrl/u_crc/crc_out_reg_12_
                            CLK     SI      hold_clk_rise   c     SE = 0
u_ctrl/u_crc/crc_out_reg_12_
                            CLK     SI      setup_clk_rise  c     SE = 0
u_ctrl/u_crc/crc_out_reg_12_
                            CLK     SE      hold_clk_rise   c     SE = 0
u_ctrl/u_crc/crc_out_reg_12_
                            CLK     SE      setup_clk_rise  c     SE = 0
u_ctrl/u_crc/crc_reg_30_    CLK     SI      hold_clk_rise   c     SE = 0
u_ctrl/u_crc/crc_reg_30_    CLK     SI      setup_clk_rise  c     SE = 0
u_ctrl/u_crc/crc_reg_30_    CLK     SE      hold_clk_rise   c     SE = 0
u_ctrl/u_crc/crc_reg_30_    CLK     SE      setup_clk_rise  c     SE = 0
u_ctrl/u_crc/crc_out_reg_28_
                            CLK     SI      hold_clk_rise   c     SE = 0
u_ctrl/u_crc/crc_out_reg_28_
                            CLK     SI      setup_clk_rise  c     SE = 0
u_ctrl/u_crc/crc_out_reg_28_
                            CLK     SE      hold_clk_rise   c     SE = 0
u_ctrl/u_crc/crc_out_reg_28_
                            CLK     SE      setup_clk_rise  c     SE = 0
u_ctrl/u_crc/crc_out_reg_23_
                            CLK     SI      hold_clk_rise   c     SE = 0
u_ctrl/u_crc/crc_out_reg_23_
                            CLK     SI      setup_clk_rise  c     SE = 0
u_ctrl/u_crc/crc_out_reg_23_
                            CLK     SE      hold_clk_rise   c     SE = 0
u_ctrl/u_crc/crc_out_reg_23_
                            CLK     SE      setup_clk_rise  c     SE = 0
u_ctrl/u_crc/crc_reg_25_    CLK     SI      hold_clk_rise   c     SE = 0
u_ctrl/u_crc/crc_reg_25_    CLK     SI      setup_clk_rise  c     SE = 0
u_ctrl/u_crc/crc_reg_25_    CLK     SE      hold_clk_rise   c     SE = 0
u_ctrl/u_crc/crc_reg_25_    CLK     SE      setup_clk_rise  c     SE = 0
u_ctrl/u_crc/crc_out_reg_5_ CLK     SI      hold_clk_rise   c     SE = 0
u_ctrl/u_crc/crc_out_reg_5_ CLK     SI      setup_clk_rise  c     SE = 0
u_ctrl/u_crc/crc_out_reg_5_ CLK     SE      hold_clk_rise   c     SE = 0
u_ctrl/u_crc/crc_out_reg_5_ CLK     SE      setup_clk_rise  c     SE = 0
u_ctrl/u_crc/crc_out_reg_18_
                            CLK     SI      hold_clk_rise   c     SE = 0
u_ctrl/u_crc/crc_out_reg_18_
                            CLK     SI      setup_clk_rise  c     SE = 0
u_ctrl/u_crc/crc_out_reg_18_
                            CLK     SE      hold_clk_rise   c     SE = 0
u_ctrl/u_crc/crc_out_reg_18_
                            CLK     SE      setup_clk_rise  c     SE = 0
u_ctrl/u_crc/crc_out_reg_0_ CLK     SI      hold_clk_rise   c     SE = 0
u_ctrl/u_crc/crc_out_reg_0_ CLK     SI      setup_clk_rise  c     SE = 0
u_ctrl/u_crc/crc_out_reg_0_ CLK     SE      hold_clk_rise   c     SE = 0
u_ctrl/u_crc/crc_out_reg_0_ CLK     SE      setup_clk_rise  c     SE = 0
u_ctrl/u_crc/crc_out_reg_13_
                            CLK     SI      hold_clk_rise   c     SE = 0
u_ctrl/u_crc/crc_out_reg_13_
                            CLK     SI      setup_clk_rise  c     SE = 0
u_ctrl/u_crc/crc_out_reg_13_
                            CLK     SE      hold_clk_rise   c     SE = 0
u_ctrl/u_crc/crc_out_reg_13_
                            CLK     SE      setup_clk_rise  c     SE = 0
u_ctrl/u_crc/crc_out_reg_29_
                            CLK     SI      hold_clk_rise   c     SE = 0
u_ctrl/u_crc/crc_out_reg_29_
                            CLK     SI      setup_clk_rise  c     SE = 0
u_ctrl/u_crc/crc_out_reg_29_
                            CLK     SE      hold_clk_rise   c     SE = 0
u_ctrl/u_crc/crc_out_reg_29_
                            CLK     SE      setup_clk_rise  c     SE = 0
u_ctrl/u_crc/crc_out_reg_24_
                            CLK     SI      hold_clk_rise   c     SE = 0
u_ctrl/u_crc/crc_out_reg_24_
                            CLK     SI      setup_clk_rise  c     SE = 0
u_ctrl/u_crc/crc_out_reg_24_
                            CLK     SE      hold_clk_rise   c     SE = 0
u_ctrl/u_crc/crc_out_reg_24_
                            CLK     SE      setup_clk_rise  c     SE = 0
u_ctrl/u_crc/crc_out_reg_6_ CLK     SI      hold_clk_rise   c     SE = 0
u_ctrl/u_crc/crc_out_reg_6_ CLK     SI      setup_clk_rise  c     SE = 0
u_ctrl/u_crc/crc_out_reg_6_ CLK     SE      hold_clk_rise   c     SE = 0
u_ctrl/u_crc/crc_out_reg_6_ CLK     SE      setup_clk_rise  c     SE = 0
u_ctrl/u_crc/crc_out_reg_19_
                            CLK     SI      hold_clk_rise   c     SE = 0
u_ctrl/u_crc/crc_out_reg_19_
                            CLK     SI      setup_clk_rise  c     SE = 0
u_ctrl/u_crc/crc_out_reg_19_
                            CLK     SE      hold_clk_rise   c     SE = 0
u_ctrl/u_crc/crc_out_reg_19_
                            CLK     SE      setup_clk_rise  c     SE = 0
u_ctrl/u_crc/crc_out_reg_1_ CLK     SI      hold_clk_rise   c     SE = 0
u_ctrl/u_crc/crc_out_reg_1_ CLK     SI      setup_clk_rise  c     SE = 0
u_ctrl/u_crc/crc_out_reg_1_ CLK     SE      hold_clk_rise   c     SE = 0
u_ctrl/u_crc/crc_out_reg_1_ CLK     SE      setup_clk_rise  c     SE = 0
u_ctrl/u_crc/crc_out_reg_14_
                            CLK     SI      hold_clk_rise   c     SE = 0
u_ctrl/u_crc/crc_out_reg_14_
                            CLK     SI      setup_clk_rise  c     SE = 0
u_ctrl/u_crc/crc_out_reg_14_
                            CLK     SE      hold_clk_rise   c     SE = 0
u_ctrl/u_crc/crc_out_reg_14_
                            CLK     SE      setup_clk_rise  c     SE = 0
u_ctrl/u_crc/crc_reg_16_    CLK     SI      hold_clk_rise   c     SE = 0
u_ctrl/u_crc/crc_reg_16_    CLK     SI      setup_clk_rise  c     SE = 0
u_ctrl/u_crc/crc_reg_16_    CLK     SE      hold_clk_rise   c     SE = 0
u_ctrl/u_crc/crc_reg_16_    CLK     SE      setup_clk_rise  c     SE = 0
u_ctrl/u_crc/crc_out_reg_30_
                            CLK     SI      hold_clk_rise   c     SE = 0
u_ctrl/u_crc/crc_out_reg_30_
                            CLK     SI      setup_clk_rise  c     SE = 0
u_ctrl/u_crc/crc_out_reg_30_
                            CLK     SE      hold_clk_rise   c     SE = 0
u_ctrl/u_crc/crc_out_reg_30_
                            CLK     SE      setup_clk_rise  c     SE = 0
u_ctrl/u_crc/crc_out_reg_25_
                            CLK     SI      hold_clk_rise   c     SE = 0
u_ctrl/u_crc/crc_out_reg_25_
                            CLK     SI      setup_clk_rise  c     SE = 0
u_ctrl/u_crc/crc_out_reg_25_
                            CLK     SE      hold_clk_rise   c     SE = 0
u_ctrl/u_crc/crc_out_reg_25_
                            CLK     SE      setup_clk_rise  c     SE = 0
u_ctrl/u_crc/crc_out_reg_7_ CLK     SI      hold_clk_rise   c     SE = 0
u_ctrl/u_crc/crc_out_reg_7_ CLK     SI      setup_clk_rise  c     SE = 0
u_ctrl/u_crc/crc_out_reg_7_ CLK     SE      hold_clk_rise   c     SE = 0
u_ctrl/u_crc/crc_out_reg_7_ CLK     SE      setup_clk_rise  c     SE = 0
u_ctrl/u_crc/crc_out_reg_20_
                            CLK     SI      hold_clk_rise   c     SE = 0
u_ctrl/u_crc/crc_out_reg_20_
                            CLK     SI      setup_clk_rise  c     SE = 0
u_ctrl/u_crc/crc_out_reg_20_
                            CLK     SE      hold_clk_rise   c     SE = 0
u_ctrl/u_crc/crc_out_reg_20_
                            CLK     SE      setup_clk_rise  c     SE = 0
u_ctrl/u_ct_cdc/ack_tog_dst_reg
                            CLK     SI      hold_clk_rise   c     SE = 0
u_ctrl/u_ct_cdc/ack_tog_dst_reg
                            CLK     SI      setup_clk_rise  c     SE = 0
u_ctrl/u_ct_cdc/ack_tog_dst_reg
                            CLK     SE      hold_clk_rise   c     SE = 0
u_ctrl/u_ct_cdc/ack_tog_dst_reg
                            CLK     SE      setup_clk_rise  c     SE = 0
u_ctrl/ct_hold_div2_reg_111_
                            CLK     SI      hold_clk_rise   c     SE = 0
u_ctrl/ct_hold_div2_reg_111_
                            CLK     SI      setup_clk_rise  c     SE = 0
u_ctrl/ct_hold_div2_reg_111_
                            CLK     SE      hold_clk_rise   c     SE = 0
u_ctrl/ct_hold_div2_reg_111_
                            CLK     SE      setup_clk_rise  c     SE = 0
u_ctrl/done_reg             CLK     SI      hold_clk_rise   c     SE = 0
u_ctrl/done_reg             CLK     SI      setup_clk_rise  c     SE = 0
u_ctrl/done_reg             CLK     SE      hold_clk_rise   c     SE = 0
u_ctrl/done_reg             CLK     SE      setup_clk_rise  c     SE = 0
u_ctrl/ct_hold_div2_reg_114_
                            CLK     SI      hold_clk_rise   c     SE = 0
u_ctrl/ct_hold_div2_reg_114_
                            CLK     SI      setup_clk_rise  c     SE = 0
u_ctrl/ct_hold_div2_reg_114_
                            CLK     SE      hold_clk_rise   c     SE = 0
u_ctrl/ct_hold_div2_reg_114_
                            CLK     SE      setup_clk_rise  c     SE = 0
u_ctrl/ct_hold_div2_reg_99_ CLK     SI      hold_clk_rise   c     SE = 0
u_ctrl/ct_hold_div2_reg_99_ CLK     SI      setup_clk_rise  c     SE = 0
u_ctrl/ct_hold_div2_reg_99_ CLK     SE      hold_clk_rise   c     SE = 0
u_ctrl/ct_hold_div2_reg_99_ CLK     SE      setup_clk_rise  c     SE = 0
u_ctrl/u_aes/rkeys_reg_7_   CLK     SI      hold_clk_rise   c     SE = 0
u_ctrl/u_aes/rkeys_reg_7_   CLK     SI      setup_clk_rise  c     SE = 0
u_ctrl/u_aes/rkeys_reg_7_   CLK     SE      hold_clk_rise   c     SE = 0
u_ctrl/u_aes/rkeys_reg_7_   CLK     SE      setup_clk_rise  c     SE = 0
u_ctrl/u_aes/rkeys_reg_12_  CLK     SI      hold_clk_rise   c     SE = 0
u_ctrl/u_aes/rkeys_reg_12_  CLK     SI      setup_clk_rise  c     SE = 0
u_ctrl/u_aes/rkeys_reg_12_  CLK     SE      hold_clk_rise   c     SE = 0
u_ctrl/u_aes/rkeys_reg_12_  CLK     SE      setup_clk_rise  c     SE = 0
u_ctrl/u_aes/rkeys_reg_16_  CLK     SI      hold_clk_rise   c     SE = 0
u_ctrl/u_aes/rkeys_reg_16_  CLK     SI      setup_clk_rise  c     SE = 0
u_ctrl/u_aes/rkeys_reg_16_  CLK     SE      hold_clk_rise   c     SE = 0
u_ctrl/u_aes/rkeys_reg_16_  CLK     SE      setup_clk_rise  c     SE = 0
u_ctrl/u_aes/rkeys_reg_17_  CLK     SI      hold_clk_rise   c     SE = 0
u_ctrl/u_aes/rkeys_reg_17_  CLK     SI      setup_clk_rise  c     SE = 0
u_ctrl/u_aes/rkeys_reg_17_  CLK     SE      hold_clk_rise   c     SE = 0
u_ctrl/u_aes/rkeys_reg_17_  CLK     SE      setup_clk_rise  c     SE = 0
u_ctrl/u_aes/rkeys_reg_19_  CLK     SI      hold_clk_rise   c     SE = 0
u_ctrl/u_aes/rkeys_reg_19_  CLK     SI      setup_clk_rise  c     SE = 0
u_ctrl/u_aes/rkeys_reg_19_  CLK     SE      hold_clk_rise   c     SE = 0
u_ctrl/u_aes/rkeys_reg_19_  CLK     SE      setup_clk_rise  c     SE = 0
u_ctrl/u_aes/rkeys_reg_21_  CLK     SI      hold_clk_rise   c     SE = 0
u_ctrl/u_aes/rkeys_reg_21_  CLK     SI      setup_clk_rise  c     SE = 0
u_ctrl/u_aes/rkeys_reg_21_  CLK     SE      hold_clk_rise   c     SE = 0
u_ctrl/u_aes/rkeys_reg_21_  CLK     SE      setup_clk_rise  c     SE = 0
u_ctrl/u_aes/rkeys_reg_24_  CLK     SI      hold_clk_rise   c     SE = 0
u_ctrl/u_aes/rkeys_reg_24_  CLK     SI      setup_clk_rise  c     SE = 0
u_ctrl/u_aes/rkeys_reg_24_  CLK     SE      hold_clk_rise   c     SE = 0
u_ctrl/u_aes/rkeys_reg_24_  CLK     SE      setup_clk_rise  c     SE = 0
u_ctrl/u_aes/rkeys_reg_26_  CLK     SI      hold_clk_rise   c     SE = 0
u_ctrl/u_aes/rkeys_reg_26_  CLK     SI      setup_clk_rise  c     SE = 0
u_ctrl/u_aes/rkeys_reg_26_  CLK     SE      hold_clk_rise   c     SE = 0
u_ctrl/u_aes/rkeys_reg_26_  CLK     SE      setup_clk_rise  c     SE = 0
u_ctrl/u_aes/rkeys_reg_27_  CLK     SI      hold_clk_rise   c     SE = 0
u_ctrl/u_aes/rkeys_reg_27_  CLK     SI      setup_clk_rise  c     SE = 0
u_ctrl/u_aes/rkeys_reg_27_  CLK     SE      hold_clk_rise   c     SE = 0
u_ctrl/u_aes/rkeys_reg_27_  CLK     SE      setup_clk_rise  c     SE = 0
u_ctrl/u_aes/rkeys_reg_30_  CLK     SI      hold_clk_rise   c     SE = 0
u_ctrl/u_aes/rkeys_reg_30_  CLK     SI      setup_clk_rise  c     SE = 0
u_ctrl/u_aes/rkeys_reg_30_  CLK     SE      hold_clk_rise   c     SE = 0
u_ctrl/u_aes/rkeys_reg_30_  CLK     SE      setup_clk_rise  c     SE = 0
u_ctrl/u_aes/rkeys_reg_0_   CLK     SI      hold_clk_rise   c     SE = 0
u_ctrl/u_aes/rkeys_reg_0_   CLK     SI      setup_clk_rise  c     SE = 0
u_ctrl/u_aes/rkeys_reg_0_   CLK     SE      hold_clk_rise   c     SE = 0
u_ctrl/u_aes/rkeys_reg_0_   CLK     SE      setup_clk_rise  c     SE = 0
u_ctrl/tx_start_reg         CLK     SI      hold_clk_rise   c     SE = 0
u_ctrl/tx_start_reg         CLK     SI      setup_clk_rise  c     SE = 0
u_ctrl/tx_start_reg         CLK     SE      hold_clk_rise   c     SE = 0
u_ctrl/tx_start_reg         CLK     SE      setup_clk_rise  c     SE = 0
u_ctrl/pass_reg             CLK     SI      hold_clk_rise   c     SE = 0
u_ctrl/pass_reg             CLK     SI      setup_clk_rise  c     SE = 0
u_ctrl/pass_reg             CLK     SE      hold_clk_rise   c     SE = 0
u_ctrl/pass_reg             CLK     SE      setup_clk_rise  c     SE = 0
u_ctrl/ct_hold_div2_reg_102_
                            CLK     SI      hold_clk_rise   c     SE = 0
u_ctrl/ct_hold_div2_reg_102_
                            CLK     SI      setup_clk_rise  c     SE = 0
u_ctrl/ct_hold_div2_reg_102_
                            CLK     SE      hold_clk_rise   c     SE = 0
u_ctrl/ct_hold_div2_reg_102_
                            CLK     SE      setup_clk_rise  c     SE = 0
u_ctrl/tx_active_div4_reg   CLK     SI      hold_clk_rise   c     SE = 0
u_ctrl/tx_active_div4_reg   CLK     SI      setup_clk_rise  c     SE = 0
u_ctrl/tx_active_div4_reg   CLK     SE      hold_clk_rise   c     SE = 0
u_ctrl/tx_active_div4_reg   CLK     SE      setup_clk_rise  c     SE = 0
u_ctrl/ct_hold_div2_reg_30_ CLK     SI      hold_clk_rise   c     SE = 0
u_ctrl/ct_hold_div2_reg_30_ CLK     SI      setup_clk_rise  c     SE = 0
u_ctrl/ct_hold_div2_reg_30_ CLK     SE      hold_clk_rise   c     SE = 0
u_ctrl/ct_hold_div2_reg_30_ CLK     SE      setup_clk_rise  c     SE = 0
u_ctrl/sst_reg_1_           CLK     SI      hold_clk_rise   c     SE = 0
u_ctrl/sst_reg_1_           CLK     SI      setup_clk_rise  c     SE = 0
u_ctrl/sst_reg_1_           CLK     SE      hold_clk_rise   c     SE = 0
u_ctrl/sst_reg_1_           CLK     SE      setup_clk_rise  c     SE = 0
u_ctrl/ct_hold_div2_reg_31_ CLK     SI      hold_clk_rise   c     SE = 0
u_ctrl/ct_hold_div2_reg_31_ CLK     SI      setup_clk_rise  c     SE = 0
u_ctrl/ct_hold_div2_reg_31_ CLK     SE      hold_clk_rise   c     SE = 0
u_ctrl/ct_hold_div2_reg_31_ CLK     SE      setup_clk_rise  c     SE = 0
u_ctrl/ct_req_pulse_fast_reg
                            CLK     SI      hold_clk_rise   c     SE = 0
u_ctrl/ct_req_pulse_fast_reg
                            CLK     SI      setup_clk_rise  c     SE = 0
u_ctrl/ct_req_pulse_fast_reg
                            CLK     SE      hold_clk_rise   c     SE = 0
u_ctrl/ct_req_pulse_fast_reg
                            CLK     SE      setup_clk_rise  c     SE = 0
u_ctrl/ct_hold_div2_reg_32_ CLK     SI      hold_clk_rise   c     SE = 0
u_ctrl/ct_hold_div2_reg_32_ CLK     SI      setup_clk_rise  c     SE = 0
u_ctrl/ct_hold_div2_reg_32_ CLK     SE      hold_clk_rise   c     SE = 0
u_ctrl/ct_hold_div2_reg_32_ CLK     SE      setup_clk_rise  c     SE = 0
u_ctrl/ct_hold_div2_reg_33_ CLK     SI      hold_clk_rise   c     SE = 0
u_ctrl/ct_hold_div2_reg_33_ CLK     SI      setup_clk_rise  c     SE = 0
u_ctrl/ct_hold_div2_reg_33_ CLK     SE      hold_clk_rise   c     SE = 0
u_ctrl/ct_hold_div2_reg_33_ CLK     SE      setup_clk_rise  c     SE = 0
u_ctrl/ct_hold_div2_reg_109_
                            CLK     SI      hold_clk_rise   c     SE = 0
u_ctrl/ct_hold_div2_reg_109_
                            CLK     SI      setup_clk_rise  c     SE = 0
u_ctrl/ct_hold_div2_reg_109_
                            CLK     SE      hold_clk_rise   c     SE = 0
u_ctrl/ct_hold_div2_reg_109_
                            CLK     SE      setup_clk_rise  c     SE = 0
u_ctrl/ct_hold_div2_reg_73_ CLK     SI      hold_clk_rise   c     SE = 0
u_ctrl/ct_hold_div2_reg_73_ CLK     SI      setup_clk_rise  c     SE = 0
u_ctrl/ct_hold_div2_reg_73_ CLK     SE      hold_clk_rise   c     SE = 0
u_ctrl/ct_hold_div2_reg_73_ CLK     SE      setup_clk_rise  c     SE = 0
u_ctrl/ct_hold_fast_reg_81_ CLK     SI      hold_clk_rise   c     SE = 0
u_ctrl/ct_hold_fast_reg_81_ CLK     SI      setup_clk_rise  c     SE = 0
u_ctrl/ct_hold_fast_reg_81_ CLK     SE      hold_clk_rise   c     SE = 0
u_ctrl/ct_hold_fast_reg_81_ CLK     SE      setup_clk_rise  c     SE = 0
u_ctrl/ct_hold_fast_reg_113_
                            CLK     SI      hold_clk_rise   c     SE = 0
u_ctrl/ct_hold_fast_reg_113_
                            CLK     SI      setup_clk_rise  c     SE = 0
u_ctrl/ct_hold_fast_reg_113_
                            CLK     SE      hold_clk_rise   c     SE = 0
u_ctrl/ct_hold_fast_reg_113_
                            CLK     SE      setup_clk_rise  c     SE = 0
u_ctrl/ct_hold_fast_reg_6_  CLK     SI      hold_clk_rise   c     SE = 0
u_ctrl/ct_hold_fast_reg_6_  CLK     SI      setup_clk_rise  c     SE = 0
u_ctrl/ct_hold_fast_reg_6_  CLK     SE      hold_clk_rise   c     SE = 0
u_ctrl/ct_hold_fast_reg_6_  CLK     SE      setup_clk_rise  c     SE = 0
u_ctrl/tx_data_reg_5_       CLK     SI      hold_clk_rise   c     SE = 0
u_ctrl/tx_data_reg_5_       CLK     SI      setup_clk_rise  c     SE = 0
u_ctrl/tx_data_reg_5_       CLK     SE      hold_clk_rise   c     SE = 0
u_ctrl/tx_data_reg_5_       CLK     SE      setup_clk_rise  c     SE = 0
u_ctrl/ct_hold_fast_reg_42_ CLK     SI      hold_clk_rise   c     SE = 0
u_ctrl/ct_hold_fast_reg_42_ CLK     SI      setup_clk_rise  c     SE = 0
u_ctrl/ct_hold_fast_reg_42_ CLK     SE      hold_clk_rise   c     SE = 0
u_ctrl/ct_hold_fast_reg_42_ CLK     SE      setup_clk_rise  c     SE = 0
u_ctrl/ct_hold_div2_reg_74_ CLK     SI      hold_clk_rise   c     SE = 0
u_ctrl/ct_hold_div2_reg_74_ CLK     SI      setup_clk_rise  c     SE = 0
u_ctrl/ct_hold_div2_reg_74_ CLK     SE      hold_clk_rise   c     SE = 0
u_ctrl/ct_hold_div2_reg_74_ CLK     SE      setup_clk_rise  c     SE = 0
u_ctrl/ct_hold_fast_reg_82_ CLK     SI      hold_clk_rise   c     SE = 0
u_ctrl/ct_hold_fast_reg_82_ CLK     SI      setup_clk_rise  c     SE = 0
u_ctrl/ct_hold_fast_reg_82_ CLK     SE      hold_clk_rise   c     SE = 0
u_ctrl/ct_hold_fast_reg_82_ CLK     SE      setup_clk_rise  c     SE = 0
u_ctrl/ct_hold_fast_reg_114_
                            CLK     SI      hold_clk_rise   c     SE = 0
u_ctrl/ct_hold_fast_reg_114_
                            CLK     SI      setup_clk_rise  c     SE = 0
u_ctrl/ct_hold_fast_reg_114_
                            CLK     SE      hold_clk_rise   c     SE = 0
u_ctrl/ct_hold_fast_reg_114_
                            CLK     SE      setup_clk_rise  c     SE = 0
u_ctrl/ct_hold_fast_reg_7_  CLK     SI      hold_clk_rise   c     SE = 0
u_ctrl/ct_hold_fast_reg_7_  CLK     SI      setup_clk_rise  c     SE = 0
u_ctrl/ct_hold_fast_reg_7_  CLK     SE      hold_clk_rise   c     SE = 0
u_ctrl/ct_hold_fast_reg_7_  CLK     SE      setup_clk_rise  c     SE = 0
u_ctrl/tx_data_reg_6_       CLK     SI      hold_clk_rise   c     SE = 0
u_ctrl/tx_data_reg_6_       CLK     SI      setup_clk_rise  c     SE = 0
u_ctrl/tx_data_reg_6_       CLK     SE      hold_clk_rise   c     SE = 0
u_ctrl/tx_data_reg_6_       CLK     SE      setup_clk_rise  c     SE = 0
u_ctrl/ct_hold_fast_reg_43_ CLK     SI      hold_clk_rise   c     SE = 0
u_ctrl/ct_hold_fast_reg_43_ CLK     SI      setup_clk_rise  c     SE = 0
u_ctrl/ct_hold_fast_reg_43_ CLK     SE      hold_clk_rise   c     SE = 0
u_ctrl/ct_hold_fast_reg_43_ CLK     SE      setup_clk_rise  c     SE = 0
u_ctrl/ct_hold_div2_reg_75_ CLK     SI      hold_clk_rise   c     SE = 0
u_ctrl/ct_hold_div2_reg_75_ CLK     SI      setup_clk_rise  c     SE = 0
u_ctrl/ct_hold_div2_reg_75_ CLK     SE      hold_clk_rise   c     SE = 0
u_ctrl/ct_hold_div2_reg_75_ CLK     SE      setup_clk_rise  c     SE = 0
u_ctrl/ct_hold_fast_reg_83_ CLK     SI      hold_clk_rise   c     SE = 0
u_ctrl/ct_hold_fast_reg_83_ CLK     SI      setup_clk_rise  c     SE = 0
u_ctrl/ct_hold_fast_reg_83_ CLK     SE      hold_clk_rise   c     SE = 0
u_ctrl/ct_hold_fast_reg_83_ CLK     SE      setup_clk_rise  c     SE = 0
u_ctrl/ct_hold_fast_reg_115_
                            CLK     SI      hold_clk_rise   c     SE = 0
u_ctrl/ct_hold_fast_reg_115_
                            CLK     SI      setup_clk_rise  c     SE = 0
u_ctrl/ct_hold_fast_reg_115_
                            CLK     SE      hold_clk_rise   c     SE = 0
u_ctrl/ct_hold_fast_reg_115_
                            CLK     SE      setup_clk_rise  c     SE = 0
u_ctrl/ct_hold_fast_reg_8_  CLK     SI      hold_clk_rise   c     SE = 0
u_ctrl/ct_hold_fast_reg_8_  CLK     SI      setup_clk_rise  c     SE = 0
u_ctrl/ct_hold_fast_reg_8_  CLK     SE      hold_clk_rise   c     SE = 0
u_ctrl/ct_hold_fast_reg_8_  CLK     SE      setup_clk_rise  c     SE = 0
u_ctrl/tx_data_reg_7_       CLK     SI      hold_clk_rise   c     SE = 0
u_ctrl/tx_data_reg_7_       CLK     SI      setup_clk_rise  c     SE = 0
u_ctrl/tx_data_reg_7_       CLK     SE      hold_clk_rise   c     SE = 0
u_ctrl/tx_data_reg_7_       CLK     SE      setup_clk_rise  c     SE = 0
u_ctrl/ct_hold_fast_reg_44_ CLK     SI      hold_clk_rise   c     SE = 0
u_ctrl/ct_hold_fast_reg_44_ CLK     SI      setup_clk_rise  c     SE = 0
u_ctrl/ct_hold_fast_reg_44_ CLK     SE      hold_clk_rise   c     SE = 0
u_ctrl/ct_hold_fast_reg_44_ CLK     SE      setup_clk_rise  c     SE = 0
u_ctrl/ct_hold_div2_reg_76_ CLK     SI      hold_clk_rise   c     SE = 0
u_ctrl/ct_hold_div2_reg_76_ CLK     SI      setup_clk_rise  c     SE = 0
u_ctrl/ct_hold_div2_reg_76_ CLK     SE      hold_clk_rise   c     SE = 0
u_ctrl/ct_hold_div2_reg_76_ CLK     SE      setup_clk_rise  c     SE = 0
u_ctrl/ct_hold_fast_reg_84_ CLK     SI      hold_clk_rise   c     SE = 0
u_ctrl/ct_hold_fast_reg_84_ CLK     SI      setup_clk_rise  c     SE = 0
u_ctrl/ct_hold_fast_reg_84_ CLK     SE      hold_clk_rise   c     SE = 0
u_ctrl/ct_hold_fast_reg_84_ CLK     SE      setup_clk_rise  c     SE = 0
u_ctrl/ct_hold_fast_reg_116_
                            CLK     SI      hold_clk_rise   c     SE = 0
u_ctrl/ct_hold_fast_reg_116_
                            CLK     SI      setup_clk_rise  c     SE = 0
u_ctrl/ct_hold_fast_reg_116_
                            CLK     SE      hold_clk_rise   c     SE = 0
u_ctrl/ct_hold_fast_reg_116_
                            CLK     SE      setup_clk_rise  c     SE = 0
u_ctrl/ct_hold_fast_reg_9_  CLK     SI      hold_clk_rise   c     SE = 0
u_ctrl/ct_hold_fast_reg_9_  CLK     SI      setup_clk_rise  c     SE = 0
u_ctrl/ct_hold_fast_reg_9_  CLK     SE      hold_clk_rise   c     SE = 0
u_ctrl/ct_hold_fast_reg_9_  CLK     SE      setup_clk_rise  c     SE = 0
u_ctrl/ct_hold_fast_reg_45_ CLK     SI      hold_clk_rise   c     SE = 0
u_ctrl/ct_hold_fast_reg_45_ CLK     SI      setup_clk_rise  c     SE = 0
u_ctrl/ct_hold_fast_reg_45_ CLK     SE      hold_clk_rise   c     SE = 0
u_ctrl/ct_hold_fast_reg_45_ CLK     SE      setup_clk_rise  c     SE = 0
u_ctrl/ct_hold_div2_reg_77_ CLK     SI      hold_clk_rise   c     SE = 0
u_ctrl/ct_hold_div2_reg_77_ CLK     SI      setup_clk_rise  c     SE = 0
u_ctrl/ct_hold_div2_reg_77_ CLK     SE      hold_clk_rise   c     SE = 0
u_ctrl/ct_hold_div2_reg_77_ CLK     SE      setup_clk_rise  c     SE = 0
u_ctrl/ct_hold_fast_reg_85_ CLK     SI      hold_clk_rise   c     SE = 0
u_ctrl/ct_hold_fast_reg_85_ CLK     SI      setup_clk_rise  c     SE = 0
u_ctrl/ct_hold_fast_reg_85_ CLK     SE      hold_clk_rise   c     SE = 0
u_ctrl/ct_hold_fast_reg_85_ CLK     SE      setup_clk_rise  c     SE = 0
u_ctrl/ct_hold_fast_reg_117_
                            CLK     SI      hold_clk_rise   c     SE = 0
u_ctrl/ct_hold_fast_reg_117_
                            CLK     SI      setup_clk_rise  c     SE = 0
u_ctrl/ct_hold_fast_reg_117_
                            CLK     SE      hold_clk_rise   c     SE = 0
u_ctrl/ct_hold_fast_reg_117_
                            CLK     SE      setup_clk_rise  c     SE = 0
u_ctrl/ct_hold_fast_reg_46_ CLK     SI      hold_clk_rise   c     SE = 0
u_ctrl/ct_hold_fast_reg_46_ CLK     SI      setup_clk_rise  c     SE = 0
u_ctrl/ct_hold_fast_reg_46_ CLK     SE      hold_clk_rise   c     SE = 0
u_ctrl/ct_hold_fast_reg_46_ CLK     SE      setup_clk_rise  c     SE = 0
u_ctrl/ct_hold_div2_reg_78_ CLK     SI      hold_clk_rise   c     SE = 0
u_ctrl/ct_hold_div2_reg_78_ CLK     SI      setup_clk_rise  c     SE = 0
u_ctrl/ct_hold_div2_reg_78_ CLK     SE      hold_clk_rise   c     SE = 0
u_ctrl/ct_hold_div2_reg_78_ CLK     SE      setup_clk_rise  c     SE = 0
u_ctrl/ct_hold_fast_reg_86_ CLK     SI      hold_clk_rise   c     SE = 0
u_ctrl/ct_hold_fast_reg_86_ CLK     SI      setup_clk_rise  c     SE = 0
u_ctrl/ct_hold_fast_reg_86_ CLK     SE      hold_clk_rise   c     SE = 0
u_ctrl/ct_hold_fast_reg_86_ CLK     SE      setup_clk_rise  c     SE = 0
u_ctrl/ct_hold_fast_reg_118_
                            CLK     SI      hold_clk_rise   c     SE = 0
u_ctrl/ct_hold_fast_reg_118_
                            CLK     SI      setup_clk_rise  c     SE = 0
u_ctrl/ct_hold_fast_reg_118_
                            CLK     SE      hold_clk_rise   c     SE = 0
u_ctrl/ct_hold_fast_reg_118_
                            CLK     SE      setup_clk_rise  c     SE = 0
u_ctrl/ct_hold_fast_reg_47_ CLK     SI      hold_clk_rise   c     SE = 0
u_ctrl/ct_hold_fast_reg_47_ CLK     SI      setup_clk_rise  c     SE = 0
u_ctrl/ct_hold_fast_reg_47_ CLK     SE      hold_clk_rise   c     SE = 0
u_ctrl/ct_hold_fast_reg_47_ CLK     SE      setup_clk_rise  c     SE = 0
u_ctrl/ct_hold_div2_reg_79_ CLK     SI      hold_clk_rise   c     SE = 0
u_ctrl/ct_hold_div2_reg_79_ CLK     SI      setup_clk_rise  c     SE = 0
u_ctrl/ct_hold_div2_reg_79_ CLK     SE      hold_clk_rise   c     SE = 0
u_ctrl/ct_hold_div2_reg_79_ CLK     SE      setup_clk_rise  c     SE = 0
u_ctrl/ct_hold_fast_reg_87_ CLK     SI      hold_clk_rise   c     SE = 0
u_ctrl/ct_hold_fast_reg_87_ CLK     SI      setup_clk_rise  c     SE = 0
u_ctrl/ct_hold_fast_reg_87_ CLK     SE      hold_clk_rise   c     SE = 0
u_ctrl/ct_hold_fast_reg_87_ CLK     SE      setup_clk_rise  c     SE = 0
u_ctrl/ct_hold_fast_reg_119_
                            CLK     SI      hold_clk_rise   c     SE = 0
u_ctrl/ct_hold_fast_reg_119_
                            CLK     SI      setup_clk_rise  c     SE = 0
u_ctrl/ct_hold_fast_reg_119_
                            CLK     SE      hold_clk_rise   c     SE = 0
u_ctrl/ct_hold_fast_reg_119_
                            CLK     SE      setup_clk_rise  c     SE = 0
u_ctrl/ct_hold_fast_reg_48_ CLK     SI      hold_clk_rise   c     SE = 0
u_ctrl/ct_hold_fast_reg_48_ CLK     SI      setup_clk_rise  c     SE = 0
u_ctrl/ct_hold_fast_reg_48_ CLK     SE      hold_clk_rise   c     SE = 0
u_ctrl/ct_hold_fast_reg_48_ CLK     SE      setup_clk_rise  c     SE = 0
u_ctrl/ct_hold_fast_reg_88_ CLK     SI      hold_clk_rise   c     SE = 0
u_ctrl/ct_hold_fast_reg_88_ CLK     SI      setup_clk_rise  c     SE = 0
u_ctrl/ct_hold_fast_reg_88_ CLK     SE      hold_clk_rise   c     SE = 0
u_ctrl/ct_hold_fast_reg_88_ CLK     SE      setup_clk_rise  c     SE = 0
u_ctrl/ct_hold_fast_reg_100_
                            CLK     SI      hold_clk_rise   c     SE = 0
u_ctrl/ct_hold_fast_reg_100_
                            CLK     SI      setup_clk_rise  c     SE = 0
u_ctrl/ct_hold_fast_reg_100_
                            CLK     SE      hold_clk_rise   c     SE = 0
u_ctrl/ct_hold_fast_reg_100_
                            CLK     SE      setup_clk_rise  c     SE = 0
u_ctrl/ct_hold_fast_reg_49_ CLK     SI      hold_clk_rise   c     SE = 0
u_ctrl/ct_hold_fast_reg_49_ CLK     SI      setup_clk_rise  c     SE = 0
u_ctrl/ct_hold_fast_reg_49_ CLK     SE      hold_clk_rise   c     SE = 0
u_ctrl/ct_hold_fast_reg_49_ CLK     SE      setup_clk_rise  c     SE = 0
u_ctrl/ct_hold_fast_reg_89_ CLK     SI      hold_clk_rise   c     SE = 0
u_ctrl/ct_hold_fast_reg_89_ CLK     SI      setup_clk_rise  c     SE = 0
u_ctrl/ct_hold_fast_reg_89_ CLK     SE      hold_clk_rise   c     SE = 0
u_ctrl/ct_hold_fast_reg_89_ CLK     SE      setup_clk_rise  c     SE = 0
u_ctrl/ct_hold_fast_reg_101_
                            CLK     SI      hold_clk_rise   c     SE = 0
u_ctrl/ct_hold_fast_reg_101_
                            CLK     SI      setup_clk_rise  c     SE = 0
u_ctrl/ct_hold_fast_reg_101_
                            CLK     SE      hold_clk_rise   c     SE = 0
u_ctrl/ct_hold_fast_reg_101_
                            CLK     SE      setup_clk_rise  c     SE = 0
u_ctrl/ct_hold_fast_reg_30_ CLK     SI      hold_clk_rise   c     SE = 0
u_ctrl/ct_hold_fast_reg_30_ CLK     SI      setup_clk_rise  c     SE = 0
u_ctrl/ct_hold_fast_reg_30_ CLK     SE      hold_clk_rise   c     SE = 0
u_ctrl/ct_hold_fast_reg_30_ CLK     SE      setup_clk_rise  c     SE = 0
u_ctrl/ct_hold_fast_reg_70_ CLK     SI      hold_clk_rise   c     SE = 0
u_ctrl/ct_hold_fast_reg_70_ CLK     SI      setup_clk_rise  c     SE = 0
u_ctrl/ct_hold_fast_reg_70_ CLK     SE      hold_clk_rise   c     SE = 0
u_ctrl/ct_hold_fast_reg_70_ CLK     SE      setup_clk_rise  c     SE = 0
u_ctrl/ct_hold_fast_reg_102_
                            CLK     SI      hold_clk_rise   c     SE = 0
u_ctrl/ct_hold_fast_reg_102_
                            CLK     SI      setup_clk_rise  c     SE = 0
u_ctrl/ct_hold_fast_reg_102_
                            CLK     SE      hold_clk_rise   c     SE = 0
u_ctrl/ct_hold_fast_reg_102_
                            CLK     SE      setup_clk_rise  c     SE = 0
u_ctrl/ct_hold_fast_reg_31_ CLK     SI      hold_clk_rise   c     SE = 0
u_ctrl/ct_hold_fast_reg_31_ CLK     SI      setup_clk_rise  c     SE = 0
u_ctrl/ct_hold_fast_reg_31_ CLK     SE      hold_clk_rise   c     SE = 0
u_ctrl/ct_hold_fast_reg_31_ CLK     SE      setup_clk_rise  c     SE = 0
u_ctrl/ct_hold_fast_reg_71_ CLK     SI      hold_clk_rise   c     SE = 0
u_ctrl/ct_hold_fast_reg_71_ CLK     SI      setup_clk_rise  c     SE = 0
u_ctrl/ct_hold_fast_reg_71_ CLK     SE      hold_clk_rise   c     SE = 0
u_ctrl/ct_hold_fast_reg_71_ CLK     SE      setup_clk_rise  c     SE = 0
u_ctrl/ct_hold_fast_reg_103_
                            CLK     SI      hold_clk_rise   c     SE = 0
u_ctrl/ct_hold_fast_reg_103_
                            CLK     SI      setup_clk_rise  c     SE = 0
u_ctrl/ct_hold_fast_reg_103_
                            CLK     SE      hold_clk_rise   c     SE = 0
u_ctrl/ct_hold_fast_reg_103_
                            CLK     SE      setup_clk_rise  c     SE = 0
u_ctrl/ct_hold_fast_reg_32_ CLK     SI      hold_clk_rise   c     SE = 0
u_ctrl/ct_hold_fast_reg_32_ CLK     SI      setup_clk_rise  c     SE = 0
u_ctrl/ct_hold_fast_reg_32_ CLK     SE      hold_clk_rise   c     SE = 0
u_ctrl/ct_hold_fast_reg_32_ CLK     SE      setup_clk_rise  c     SE = 0
u_ctrl/ct_hold_fast_reg_72_ CLK     SI      hold_clk_rise   c     SE = 0
u_ctrl/ct_hold_fast_reg_72_ CLK     SI      setup_clk_rise  c     SE = 0
u_ctrl/ct_hold_fast_reg_72_ CLK     SE      hold_clk_rise   c     SE = 0
u_ctrl/ct_hold_fast_reg_72_ CLK     SE      setup_clk_rise  c     SE = 0
u_ctrl/ct_hold_fast_reg_104_
                            CLK     SI      hold_clk_rise   c     SE = 0
u_ctrl/ct_hold_fast_reg_104_
                            CLK     SI      setup_clk_rise  c     SE = 0
u_ctrl/ct_hold_fast_reg_104_
                            CLK     SE      hold_clk_rise   c     SE = 0
u_ctrl/ct_hold_fast_reg_104_
                            CLK     SE      setup_clk_rise  c     SE = 0
u_ctrl/ct_hold_fast_reg_33_ CLK     SI      hold_clk_rise   c     SE = 0
u_ctrl/ct_hold_fast_reg_33_ CLK     SI      setup_clk_rise  c     SE = 0
u_ctrl/ct_hold_fast_reg_33_ CLK     SE      hold_clk_rise   c     SE = 0
u_ctrl/ct_hold_fast_reg_33_ CLK     SE      setup_clk_rise  c     SE = 0
u_ctrl/ct_hold_fast_reg_73_ CLK     SI      hold_clk_rise   c     SE = 0
u_ctrl/ct_hold_fast_reg_73_ CLK     SI      setup_clk_rise  c     SE = 0
u_ctrl/ct_hold_fast_reg_73_ CLK     SE      hold_clk_rise   c     SE = 0
u_ctrl/ct_hold_fast_reg_73_ CLK     SE      setup_clk_rise  c     SE = 0
u_ctrl/ct_hold_fast_reg_105_
                            CLK     SI      hold_clk_rise   c     SE = 0
u_ctrl/ct_hold_fast_reg_105_
                            CLK     SI      setup_clk_rise  c     SE = 0
u_ctrl/ct_hold_fast_reg_105_
                            CLK     SE      hold_clk_rise   c     SE = 0
u_ctrl/ct_hold_fast_reg_105_
                            CLK     SE      setup_clk_rise  c     SE = 0
u_ctrl/ct_hold_fast_reg_34_ CLK     SI      hold_clk_rise   c     SE = 0
u_ctrl/ct_hold_fast_reg_34_ CLK     SI      setup_clk_rise  c     SE = 0
u_ctrl/ct_hold_fast_reg_34_ CLK     SE      hold_clk_rise   c     SE = 0
u_ctrl/ct_hold_fast_reg_34_ CLK     SE      setup_clk_rise  c     SE = 0
u_ctrl/ct_hold_fast_reg_74_ CLK     SI      hold_clk_rise   c     SE = 0
u_ctrl/ct_hold_fast_reg_74_ CLK     SI      setup_clk_rise  c     SE = 0
u_ctrl/ct_hold_fast_reg_74_ CLK     SE      hold_clk_rise   c     SE = 0
u_ctrl/ct_hold_fast_reg_74_ CLK     SE      setup_clk_rise  c     SE = 0
u_ctrl/ct_hold_fast_reg_106_
                            CLK     SI      hold_clk_rise   c     SE = 0
u_ctrl/ct_hold_fast_reg_106_
                            CLK     SI      setup_clk_rise  c     SE = 0
u_ctrl/ct_hold_fast_reg_106_
                            CLK     SE      hold_clk_rise   c     SE = 0
u_ctrl/ct_hold_fast_reg_106_
                            CLK     SE      setup_clk_rise  c     SE = 0
u_ctrl/ct_hold_fast_reg_35_ CLK     SI      hold_clk_rise   c     SE = 0
u_ctrl/ct_hold_fast_reg_35_ CLK     SI      setup_clk_rise  c     SE = 0
u_ctrl/ct_hold_fast_reg_35_ CLK     SE      hold_clk_rise   c     SE = 0
u_ctrl/ct_hold_fast_reg_35_ CLK     SE      setup_clk_rise  c     SE = 0
u_ctrl/ct_hold_fast_reg_75_ CLK     SI      hold_clk_rise   c     SE = 0
u_ctrl/ct_hold_fast_reg_75_ CLK     SI      setup_clk_rise  c     SE = 0
u_ctrl/ct_hold_fast_reg_75_ CLK     SE      hold_clk_rise   c     SE = 0
u_ctrl/ct_hold_fast_reg_75_ CLK     SE      setup_clk_rise  c     SE = 0
u_ctrl/ct_hold_fast_reg_107_
                            CLK     SI      hold_clk_rise   c     SE = 0
u_ctrl/ct_hold_fast_reg_107_
                            CLK     SI      setup_clk_rise  c     SE = 0
u_ctrl/ct_hold_fast_reg_107_
                            CLK     SE      hold_clk_rise   c     SE = 0
u_ctrl/ct_hold_fast_reg_107_
                            CLK     SE      setup_clk_rise  c     SE = 0
u_ctrl/tx_cnt_div4_reg_4_   CLK     SI      hold_clk_rise   c     SE = 0
u_ctrl/tx_cnt_div4_reg_4_   CLK     SI      setup_clk_rise  c     SE = 0
u_ctrl/tx_cnt_div4_reg_4_   CLK     SE      hold_clk_rise   c     SE = 0
u_ctrl/tx_cnt_div4_reg_4_   CLK     SE      setup_clk_rise  c     SE = 0
u_ctrl/ct_hold_fast_reg_36_ CLK     SI      hold_clk_rise   c     SE = 0
u_ctrl/ct_hold_fast_reg_36_ CLK     SI      setup_clk_rise  c     SE = 0
u_ctrl/ct_hold_fast_reg_36_ CLK     SE      hold_clk_rise   c     SE = 0
u_ctrl/ct_hold_fast_reg_36_ CLK     SE      setup_clk_rise  c     SE = 0
u_ctrl/ct_hold_div2_reg_68_ CLK     SI      hold_clk_rise   c     SE = 0
u_ctrl/ct_hold_div2_reg_68_ CLK     SI      setup_clk_rise  c     SE = 0
u_ctrl/ct_hold_div2_reg_68_ CLK     SE      hold_clk_rise   c     SE = 0
u_ctrl/ct_hold_div2_reg_68_ CLK     SE      setup_clk_rise  c     SE = 0
u_ctrl/ct_hold_fast_reg_76_ CLK     SI      hold_clk_rise   c     SE = 0
u_ctrl/ct_hold_fast_reg_76_ CLK     SI      setup_clk_rise  c     SE = 0
u_ctrl/ct_hold_fast_reg_76_ CLK     SE      hold_clk_rise   c     SE = 0
u_ctrl/ct_hold_fast_reg_76_ CLK     SE      setup_clk_rise  c     SE = 0
u_ctrl/ct_hold_fast_reg_108_
                            CLK     SI      hold_clk_rise   c     SE = 0
u_ctrl/ct_hold_fast_reg_108_
                            CLK     SI      setup_clk_rise  c     SE = 0
u_ctrl/ct_hold_fast_reg_108_
                            CLK     SE      hold_clk_rise   c     SE = 0
u_ctrl/ct_hold_fast_reg_108_
                            CLK     SE      setup_clk_rise  c     SE = 0
u_ctrl/ct_hold_fast_reg_37_ CLK     SI      hold_clk_rise   c     SE = 0
u_ctrl/ct_hold_fast_reg_37_ CLK     SI      setup_clk_rise  c     SE = 0
u_ctrl/ct_hold_fast_reg_37_ CLK     SE      hold_clk_rise   c     SE = 0
u_ctrl/ct_hold_fast_reg_37_ CLK     SE      setup_clk_rise  c     SE = 0
u_ctrl/ct_hold_fast_reg_77_ CLK     SI      hold_clk_rise   c     SE = 0
u_ctrl/ct_hold_fast_reg_77_ CLK     SI      setup_clk_rise  c     SE = 0
u_ctrl/ct_hold_fast_reg_77_ CLK     SE      hold_clk_rise   c     SE = 0
u_ctrl/ct_hold_fast_reg_77_ CLK     SE      setup_clk_rise  c     SE = 0
u_ctrl/ct_hold_fast_reg_109_
                            CLK     SI      hold_clk_rise   c     SE = 0
u_ctrl/ct_hold_fast_reg_109_
                            CLK     SI      setup_clk_rise  c     SE = 0
u_ctrl/ct_hold_fast_reg_109_
                            CLK     SE      hold_clk_rise   c     SE = 0
u_ctrl/ct_hold_fast_reg_109_
                            CLK     SE      setup_clk_rise  c     SE = 0
u_ctrl/ct_hold_fast_reg_38_ CLK     SI      hold_clk_rise   c     SE = 0
u_ctrl/ct_hold_fast_reg_38_ CLK     SI      setup_clk_rise  c     SE = 0
u_ctrl/ct_hold_fast_reg_38_ CLK     SE      hold_clk_rise   c     SE = 0
u_ctrl/ct_hold_fast_reg_38_ CLK     SE      setup_clk_rise  c     SE = 0
u_ctrl/ct_hold_fast_reg_78_ CLK     SI      hold_clk_rise   c     SE = 0
u_ctrl/ct_hold_fast_reg_78_ CLK     SI      setup_clk_rise  c     SE = 0
u_ctrl/ct_hold_fast_reg_78_ CLK     SE      hold_clk_rise   c     SE = 0
u_ctrl/ct_hold_fast_reg_78_ CLK     SE      setup_clk_rise  c     SE = 0
u_ctrl/ct_hold_fast_reg_39_ CLK     SI      hold_clk_rise   c     SE = 0
u_ctrl/ct_hold_fast_reg_39_ CLK     SI      setup_clk_rise  c     SE = 0
u_ctrl/ct_hold_fast_reg_39_ CLK     SE      hold_clk_rise   c     SE = 0
u_ctrl/ct_hold_fast_reg_39_ CLK     SE      setup_clk_rise  c     SE = 0
u_ctrl/u_send_cdc/ack_tog_dst_reg
                            CLK     SI      hold_clk_rise   c     SE = 0
u_ctrl/u_send_cdc/ack_tog_dst_reg
                            CLK     SI      setup_clk_rise  c     SE = 0
u_ctrl/u_send_cdc/ack_tog_dst_reg
                            CLK     SE      hold_clk_rise   c     SE = 0
u_ctrl/u_send_cdc/ack_tog_dst_reg
                            CLK     SE      setup_clk_rise  c     SE = 0
u_ctrl/ct_hold_fast_reg_79_ CLK     SI      hold_clk_rise   c     SE = 0
u_ctrl/ct_hold_fast_reg_79_ CLK     SI      setup_clk_rise  c     SE = 0
u_ctrl/ct_hold_fast_reg_79_ CLK     SE      hold_clk_rise   c     SE = 0
u_ctrl/ct_hold_fast_reg_79_ CLK     SE      setup_clk_rise  c     SE = 0
u_ctrl/ct_hold_fast_reg_20_ CLK     SI      hold_clk_rise   c     SE = 0
u_ctrl/ct_hold_fast_reg_20_ CLK     SI      setup_clk_rise  c     SE = 0
u_ctrl/ct_hold_fast_reg_20_ CLK     SE      hold_clk_rise   c     SE = 0
u_ctrl/ct_hold_fast_reg_20_ CLK     SE      setup_clk_rise  c     SE = 0
u_ctrl/ct_hold_fast_reg_60_ CLK     SI      hold_clk_rise   c     SE = 0
u_ctrl/ct_hold_fast_reg_60_ CLK     SI      setup_clk_rise  c     SE = 0
u_ctrl/ct_hold_fast_reg_60_ CLK     SE      hold_clk_rise   c     SE = 0
u_ctrl/ct_hold_fast_reg_60_ CLK     SE      setup_clk_rise  c     SE = 0
u_ctrl/ct_hold_fast_reg_21_ CLK     SI      hold_clk_rise   c     SE = 0
u_ctrl/ct_hold_fast_reg_21_ CLK     SI      setup_clk_rise  c     SE = 0
u_ctrl/ct_hold_fast_reg_21_ CLK     SE      hold_clk_rise   c     SE = 0
u_ctrl/ct_hold_fast_reg_21_ CLK     SE      setup_clk_rise  c     SE = 0
u_ctrl/u_crc/crc_reg_28_    CLK     SI      hold_clk_rise   c     SE = 0
u_ctrl/u_crc/crc_reg_28_    CLK     SI      setup_clk_rise  c     SE = 0
u_ctrl/u_crc/crc_reg_28_    CLK     SE      hold_clk_rise   c     SE = 0
u_ctrl/u_crc/crc_reg_28_    CLK     SE      setup_clk_rise  c     SE = 0
u_ctrl/u_crc/crc_reg_24_    CLK     SI      hold_clk_rise   c     SE = 0
u_ctrl/u_crc/crc_reg_24_    CLK     SI      setup_clk_rise  c     SE = 0
u_ctrl/u_crc/crc_reg_24_    CLK     SE      hold_clk_rise   c     SE = 0
u_ctrl/u_crc/crc_reg_24_    CLK     SE      setup_clk_rise  c     SE = 0
u_ctrl/u_crc/crc_reg_6_     CLK     SI      hold_clk_rise   c     SE = 0
u_ctrl/u_crc/crc_reg_6_     CLK     SI      setup_clk_rise  c     SE = 0
u_ctrl/u_crc/crc_reg_6_     CLK     SE      hold_clk_rise   c     SE = 0
u_ctrl/u_crc/crc_reg_6_     CLK     SE      setup_clk_rise  c     SE = 0
u_ctrl/u_crc/crc_reg_1_     CLK     SI      hold_clk_rise   c     SE = 0
u_ctrl/u_crc/crc_reg_1_     CLK     SI      setup_clk_rise  c     SE = 0
u_ctrl/u_crc/crc_reg_1_     CLK     SE      hold_clk_rise   c     SE = 0
u_ctrl/u_crc/crc_reg_1_     CLK     SE      setup_clk_rise  c     SE = 0
u_ctrl/u_crc/crc_reg_2_     CLK     SI      hold_clk_rise   c     SE = 0
u_ctrl/u_crc/crc_reg_2_     CLK     SI      setup_clk_rise  c     SE = 0
u_ctrl/u_crc/crc_reg_2_     CLK     SE      hold_clk_rise   c     SE = 0
u_ctrl/u_crc/crc_reg_2_     CLK     SE      setup_clk_rise  c     SE = 0
u_ctrl/u_crc/crc_reg_3_     CLK     SI      hold_clk_rise   c     SE = 0
u_ctrl/u_crc/crc_reg_3_     CLK     SI      setup_clk_rise  c     SE = 0
u_ctrl/u_crc/crc_reg_3_     CLK     SE      hold_clk_rise   c     SE = 0
u_ctrl/u_crc/crc_reg_3_     CLK     SE      setup_clk_rise  c     SE = 0
u_ctrl/ct_hold_fast_reg_61_ CLK     SI      hold_clk_rise   c     SE = 0
u_ctrl/ct_hold_fast_reg_61_ CLK     SI      setup_clk_rise  c     SE = 0
u_ctrl/ct_hold_fast_reg_61_ CLK     SE      hold_clk_rise   c     SE = 0
u_ctrl/ct_hold_fast_reg_61_ CLK     SE      setup_clk_rise  c     SE = 0
u_ctrl/ct_hold_fast_reg_22_ CLK     SI      hold_clk_rise   c     SE = 0
u_ctrl/ct_hold_fast_reg_22_ CLK     SI      setup_clk_rise  c     SE = 0
u_ctrl/ct_hold_fast_reg_22_ CLK     SE      hold_clk_rise   c     SE = 0
u_ctrl/ct_hold_fast_reg_22_ CLK     SE      setup_clk_rise  c     SE = 0
u_ctrl/ct_hold_fast_reg_62_ CLK     SI      hold_clk_rise   c     SE = 0
u_ctrl/ct_hold_fast_reg_62_ CLK     SI      setup_clk_rise  c     SE = 0
u_ctrl/ct_hold_fast_reg_62_ CLK     SE      hold_clk_rise   c     SE = 0
u_ctrl/ct_hold_fast_reg_62_ CLK     SE      setup_clk_rise  c     SE = 0
u_ctrl/tx_all_started_div4_reg
                            CLK     SI      hold_clk_rise   c     SE = 0
u_ctrl/tx_all_started_div4_reg
                            CLK     SI      setup_clk_rise  c     SE = 0
u_ctrl/tx_all_started_div4_reg
                            CLK     SE      hold_clk_rise   c     SE = 0
u_ctrl/tx_all_started_div4_reg
                            CLK     SE      setup_clk_rise  c     SE = 0
u_ctrl/ct_hold_fast_reg_23_ CLK     SI      hold_clk_rise   c     SE = 0
u_ctrl/ct_hold_fast_reg_23_ CLK     SI      setup_clk_rise  c     SE = 0
u_ctrl/ct_hold_fast_reg_23_ CLK     SE      hold_clk_rise   c     SE = 0
u_ctrl/ct_hold_fast_reg_23_ CLK     SE      setup_clk_rise  c     SE = 0
u_ctrl/ct_hold_fast_reg_63_ CLK     SI      hold_clk_rise   c     SE = 0
u_ctrl/ct_hold_fast_reg_63_ CLK     SI      setup_clk_rise  c     SE = 0
u_ctrl/ct_hold_fast_reg_63_ CLK     SE      hold_clk_rise   c     SE = 0
u_ctrl/ct_hold_fast_reg_63_ CLK     SE      setup_clk_rise  c     SE = 0
u_ctrl/ct_hold_fast_reg_24_ CLK     SI      hold_clk_rise   c     SE = 0
u_ctrl/ct_hold_fast_reg_24_ CLK     SI      setup_clk_rise  c     SE = 0
u_ctrl/ct_hold_fast_reg_24_ CLK     SE      hold_clk_rise   c     SE = 0
u_ctrl/ct_hold_fast_reg_24_ CLK     SE      setup_clk_rise  c     SE = 0
u_ctrl/tx_done_div4_reg     CLK     SI      hold_clk_rise   c     SE = 0
u_ctrl/tx_done_div4_reg     CLK     SI      setup_clk_rise  c     SE = 0
u_ctrl/tx_done_div4_reg     CLK     SE      hold_clk_rise   c     SE = 0
u_ctrl/tx_done_div4_reg     CLK     SE      setup_clk_rise  c     SE = 0
u_ctrl/ct_hold_fast_reg_64_ CLK     SI      hold_clk_rise   c     SE = 0
u_ctrl/ct_hold_fast_reg_64_ CLK     SI      setup_clk_rise  c     SE = 0
u_ctrl/ct_hold_fast_reg_64_ CLK     SE      hold_clk_rise   c     SE = 0
u_ctrl/ct_hold_fast_reg_64_ CLK     SE      setup_clk_rise  c     SE = 0
u_ctrl/ct_hold_fast_reg_25_ CLK     SI      hold_clk_rise   c     SE = 0
u_ctrl/ct_hold_fast_reg_25_ CLK     SI      setup_clk_rise  c     SE = 0
u_ctrl/ct_hold_fast_reg_25_ CLK     SE      hold_clk_rise   c     SE = 0
u_ctrl/ct_hold_fast_reg_25_ CLK     SE      setup_clk_rise  c     SE = 0
u_ctrl/ct_hold_fast_reg_65_ CLK     SI      hold_clk_rise   c     SE = 0
u_ctrl/ct_hold_fast_reg_65_ CLK     SI      setup_clk_rise  c     SE = 0
u_ctrl/ct_hold_fast_reg_65_ CLK     SE      hold_clk_rise   c     SE = 0
u_ctrl/ct_hold_fast_reg_65_ CLK     SE      setup_clk_rise  c     SE = 0
u_ctrl/ct_hold_fast_reg_26_ CLK     SI      hold_clk_rise   c     SE = 0
u_ctrl/ct_hold_fast_reg_26_ CLK     SI      setup_clk_rise  c     SE = 0
u_ctrl/ct_hold_fast_reg_26_ CLK     SE      hold_clk_rise   c     SE = 0
u_ctrl/ct_hold_fast_reg_26_ CLK     SE      setup_clk_rise  c     SE = 0
u_ctrl/ct_hold_fast_reg_66_ CLK     SI      hold_clk_rise   c     SE = 0
u_ctrl/ct_hold_fast_reg_66_ CLK     SI      setup_clk_rise  c     SE = 0
u_ctrl/ct_hold_fast_reg_66_ CLK     SE      hold_clk_rise   c     SE = 0
u_ctrl/ct_hold_fast_reg_66_ CLK     SE      setup_clk_rise  c     SE = 0
u_ctrl/ct_hold_fast_reg_27_ CLK     SI      hold_clk_rise   c     SE = 0
u_ctrl/ct_hold_fast_reg_27_ CLK     SI      setup_clk_rise  c     SE = 0
u_ctrl/ct_hold_fast_reg_27_ CLK     SE      hold_clk_rise   c     SE = 0
u_ctrl/ct_hold_fast_reg_27_ CLK     SE      setup_clk_rise  c     SE = 0
u_ctrl/ct_hold_fast_reg_67_ CLK     SI      hold_clk_rise   c     SE = 0
u_ctrl/ct_hold_fast_reg_67_ CLK     SI      setup_clk_rise  c     SE = 0
u_ctrl/ct_hold_fast_reg_67_ CLK     SE      hold_clk_rise   c     SE = 0
u_ctrl/ct_hold_fast_reg_67_ CLK     SE      setup_clk_rise  c     SE = 0
u_ctrl/ct_hold_fast_reg_28_ CLK     SI      hold_clk_rise   c     SE = 0
u_ctrl/ct_hold_fast_reg_28_ CLK     SI      setup_clk_rise  c     SE = 0
u_ctrl/ct_hold_fast_reg_28_ CLK     SE      hold_clk_rise   c     SE = 0
u_ctrl/ct_hold_fast_reg_28_ CLK     SE      setup_clk_rise  c     SE = 0
u_ctrl/ct_hold_fast_reg_68_ CLK     SI      hold_clk_rise   c     SE = 0
u_ctrl/ct_hold_fast_reg_68_ CLK     SI      setup_clk_rise  c     SE = 0
u_ctrl/ct_hold_fast_reg_68_ CLK     SE      hold_clk_rise   c     SE = 0
u_ctrl/ct_hold_fast_reg_68_ CLK     SE      setup_clk_rise  c     SE = 0
u_ctrl/ct_hold_div2_reg_80_ CLK     SI      hold_clk_rise   c     SE = 0
u_ctrl/ct_hold_div2_reg_80_ CLK     SI      setup_clk_rise  c     SE = 0
u_ctrl/ct_hold_div2_reg_80_ CLK     SE      hold_clk_rise   c     SE = 0
u_ctrl/ct_hold_div2_reg_80_ CLK     SE      setup_clk_rise  c     SE = 0
u_ctrl/ct_hold_fast_reg_29_ CLK     SI      hold_clk_rise   c     SE = 0
u_ctrl/ct_hold_fast_reg_29_ CLK     SI      setup_clk_rise  c     SE = 0
u_ctrl/ct_hold_fast_reg_29_ CLK     SE      hold_clk_rise   c     SE = 0
u_ctrl/ct_hold_fast_reg_29_ CLK     SE      setup_clk_rise  c     SE = 0
u_ctrl/u_aes/rkeys_reg_918_ CLK     SI      hold_clk_rise   c     SE = 0
u_ctrl/u_aes/rkeys_reg_918_ CLK     SI      setup_clk_rise  c     SE = 0
u_ctrl/u_aes/rkeys_reg_918_ CLK     SE      hold_clk_rise   c     SE = 0
u_ctrl/u_aes/rkeys_reg_918_ CLK     SE      setup_clk_rise  c     SE = 0
u_ctrl/u_aes/rkeys_reg_100_ CLK     SI      hold_clk_rise   c     SE = 0
u_ctrl/u_aes/rkeys_reg_100_ CLK     SI      setup_clk_rise  c     SE = 0
u_ctrl/u_aes/rkeys_reg_100_ CLK     SE      hold_clk_rise   c     SE = 0
u_ctrl/u_aes/rkeys_reg_100_ CLK     SE      setup_clk_rise  c     SE = 0
u_ctrl/u_aes/rkeys_reg_731_ CLK     SI      hold_clk_rise   c     SE = 0
u_ctrl/u_aes/rkeys_reg_731_ CLK     SI      setup_clk_rise  c     SE = 0
u_ctrl/u_aes/rkeys_reg_731_ CLK     SE      hold_clk_rise   c     SE = 0
u_ctrl/u_aes/rkeys_reg_731_ CLK     SE      setup_clk_rise  c     SE = 0
u_ctrl/u_aes/rkeys_reg_1027_
                            CLK     SI      hold_clk_rise   c     SE = 0
u_ctrl/u_aes/rkeys_reg_1027_
                            CLK     SI      setup_clk_rise  c     SE = 0
u_ctrl/u_aes/rkeys_reg_1027_
                            CLK     SE      hold_clk_rise   c     SE = 0
u_ctrl/u_aes/rkeys_reg_1027_
                            CLK     SE      setup_clk_rise  c     SE = 0
u_ctrl/u_aes/rkeys_reg_102_ CLK     SI      hold_clk_rise   c     SE = 0
u_ctrl/u_aes/rkeys_reg_102_ CLK     SI      setup_clk_rise  c     SE = 0
u_ctrl/u_aes/rkeys_reg_102_ CLK     SE      hold_clk_rise   c     SE = 0
u_ctrl/u_aes/rkeys_reg_102_ CLK     SE      setup_clk_rise  c     SE = 0
u_ctrl/u_aes/rkeys_reg_1044_
                            CLK     SI      hold_clk_rise   c     SE = 0
u_ctrl/u_aes/rkeys_reg_1044_
                            CLK     SI      setup_clk_rise  c     SE = 0
u_ctrl/u_aes/rkeys_reg_1044_
                            CLK     SE      hold_clk_rise   c     SE = 0
u_ctrl/u_aes/rkeys_reg_1044_
                            CLK     SE      setup_clk_rise  c     SE = 0
u_ctrl/u_aes/rkeys_reg_64_  CLK     SI      hold_clk_rise   c     SE = 0
u_ctrl/u_aes/rkeys_reg_64_  CLK     SI      setup_clk_rise  c     SE = 0
u_ctrl/u_aes/rkeys_reg_64_  CLK     SE      hold_clk_rise   c     SE = 0
u_ctrl/u_aes/rkeys_reg_64_  CLK     SE      setup_clk_rise  c     SE = 0
u_ctrl/u_aes/rkeys_reg_660_ CLK     SI      hold_clk_rise   c     SE = 0
u_ctrl/u_aes/rkeys_reg_660_ CLK     SI      setup_clk_rise  c     SE = 0
u_ctrl/u_aes/rkeys_reg_660_ CLK     SE      hold_clk_rise   c     SE = 0
u_ctrl/u_aes/rkeys_reg_660_ CLK     SE      setup_clk_rise  c     SE = 0
u_ctrl/u_aes/rkeys_reg_873_ CLK     SI      hold_clk_rise   c     SE = 0
u_ctrl/u_aes/rkeys_reg_873_ CLK     SI      setup_clk_rise  c     SE = 0
u_ctrl/u_aes/rkeys_reg_873_ CLK     SE      hold_clk_rise   c     SE = 0
u_ctrl/u_aes/rkeys_reg_873_ CLK     SE      setup_clk_rise  c     SE = 0
u_ctrl/u_aes/rkeys_reg_664_ CLK     SI      hold_clk_rise   c     SE = 0
u_ctrl/u_aes/rkeys_reg_664_ CLK     SI      setup_clk_rise  c     SE = 0
u_ctrl/u_aes/rkeys_reg_664_ CLK     SE      hold_clk_rise   c     SE = 0
u_ctrl/u_aes/rkeys_reg_664_ CLK     SE      setup_clk_rise  c     SE = 0
u_ctrl/ct_hold_fast_reg_120_
                            CLK     SI      hold_clk_rise   c     SE = 0
u_ctrl/ct_hold_fast_reg_120_
                            CLK     SI      setup_clk_rise  c     SE = 0
u_ctrl/ct_hold_fast_reg_120_
                            CLK     SE      hold_clk_rise   c     SE = 0
u_ctrl/ct_hold_fast_reg_120_
                            CLK     SE      setup_clk_rise  c     SE = 0
u_ctrl/ct_hold_fast_reg_69_ CLK     SI      hold_clk_rise   c     SE = 0
u_ctrl/ct_hold_fast_reg_69_ CLK     SI      setup_clk_rise  c     SE = 0
u_ctrl/ct_hold_fast_reg_69_ CLK     SE      hold_clk_rise   c     SE = 0
u_ctrl/ct_hold_fast_reg_69_ CLK     SE      setup_clk_rise  c     SE = 0
u_ctrl/ct_hold_fast_reg_10_ CLK     SI      hold_clk_rise   c     SE = 0
u_ctrl/ct_hold_fast_reg_10_ CLK     SI      setup_clk_rise  c     SE = 0
u_ctrl/ct_hold_fast_reg_10_ CLK     SE      hold_clk_rise   c     SE = 0
u_ctrl/ct_hold_fast_reg_10_ CLK     SE      setup_clk_rise  c     SE = 0
u_ctrl/ct_hold_fast_reg_121_
                            CLK     SI      hold_clk_rise   c     SE = 0
u_ctrl/ct_hold_fast_reg_121_
                            CLK     SI      setup_clk_rise  c     SE = 0
u_ctrl/ct_hold_fast_reg_121_
                            CLK     SE      hold_clk_rise   c     SE = 0
u_ctrl/ct_hold_fast_reg_121_
                            CLK     SE      setup_clk_rise  c     SE = 0
u_ctrl/ct_hold_fast_reg_50_ CLK     SI      hold_clk_rise   c     SE = 0
u_ctrl/ct_hold_fast_reg_50_ CLK     SI      setup_clk_rise  c     SE = 0
u_ctrl/ct_hold_fast_reg_50_ CLK     SE      hold_clk_rise   c     SE = 0
u_ctrl/ct_hold_fast_reg_50_ CLK     SE      setup_clk_rise  c     SE = 0
u_ctrl/ct_hold_fast_reg_90_ CLK     SI      hold_clk_rise   c     SE = 0
u_ctrl/ct_hold_fast_reg_90_ CLK     SI      setup_clk_rise  c     SE = 0
u_ctrl/ct_hold_fast_reg_90_ CLK     SE      hold_clk_rise   c     SE = 0
u_ctrl/ct_hold_fast_reg_90_ CLK     SE      setup_clk_rise  c     SE = 0
u_ctrl/ct_hold_fast_reg_11_ CLK     SI      hold_clk_rise   c     SE = 0
u_ctrl/ct_hold_fast_reg_11_ CLK     SI      setup_clk_rise  c     SE = 0
u_ctrl/ct_hold_fast_reg_11_ CLK     SE      hold_clk_rise   c     SE = 0
u_ctrl/ct_hold_fast_reg_11_ CLK     SE      setup_clk_rise  c     SE = 0
u_ctrl/ct_hold_fast_reg_122_
                            CLK     SI      hold_clk_rise   c     SE = 0
u_ctrl/ct_hold_fast_reg_122_
                            CLK     SI      setup_clk_rise  c     SE = 0
u_ctrl/ct_hold_fast_reg_122_
                            CLK     SE      hold_clk_rise   c     SE = 0
u_ctrl/ct_hold_fast_reg_122_
                            CLK     SE      setup_clk_rise  c     SE = 0
u_ctrl/ct_hold_fast_reg_51_ CLK     SI      hold_clk_rise   c     SE = 0
u_ctrl/ct_hold_fast_reg_51_ CLK     SI      setup_clk_rise  c     SE = 0
u_ctrl/ct_hold_fast_reg_51_ CLK     SE      hold_clk_rise   c     SE = 0
u_ctrl/ct_hold_fast_reg_51_ CLK     SE      setup_clk_rise  c     SE = 0
u_ctrl/ct_hold_fast_reg_91_ CLK     SI      hold_clk_rise   c     SE = 0
u_ctrl/ct_hold_fast_reg_91_ CLK     SI      setup_clk_rise  c     SE = 0
u_ctrl/ct_hold_fast_reg_91_ CLK     SE      hold_clk_rise   c     SE = 0
u_ctrl/ct_hold_fast_reg_91_ CLK     SE      setup_clk_rise  c     SE = 0
u_ctrl/ct_hold_fast_reg_12_ CLK     SI      hold_clk_rise   c     SE = 0
u_ctrl/ct_hold_fast_reg_12_ CLK     SI      setup_clk_rise  c     SE = 0
u_ctrl/ct_hold_fast_reg_12_ CLK     SE      hold_clk_rise   c     SE = 0
u_ctrl/ct_hold_fast_reg_12_ CLK     SE      setup_clk_rise  c     SE = 0
u_ctrl/ct_hold_fast_reg_123_
                            CLK     SI      hold_clk_rise   c     SE = 0
u_ctrl/ct_hold_fast_reg_123_
                            CLK     SI      setup_clk_rise  c     SE = 0
u_ctrl/ct_hold_fast_reg_123_
                            CLK     SE      hold_clk_rise   c     SE = 0
u_ctrl/ct_hold_fast_reg_123_
                            CLK     SE      setup_clk_rise  c     SE = 0
u_ctrl/ct_hold_fast_reg_52_ CLK     SI      hold_clk_rise   c     SE = 0
u_ctrl/ct_hold_fast_reg_52_ CLK     SI      setup_clk_rise  c     SE = 0
u_ctrl/ct_hold_fast_reg_52_ CLK     SE      hold_clk_rise   c     SE = 0
u_ctrl/ct_hold_fast_reg_52_ CLK     SE      setup_clk_rise  c     SE = 0
u_ctrl/ct_hold_fast_reg_92_ CLK     SI      hold_clk_rise   c     SE = 0
u_ctrl/ct_hold_fast_reg_92_ CLK     SI      setup_clk_rise  c     SE = 0
u_ctrl/ct_hold_fast_reg_92_ CLK     SE      hold_clk_rise   c     SE = 0
u_ctrl/ct_hold_fast_reg_92_ CLK     SE      setup_clk_rise  c     SE = 0
u_ctrl/ct_hold_fast_reg_13_ CLK     SI      hold_clk_rise   c     SE = 0
u_ctrl/ct_hold_fast_reg_13_ CLK     SI      setup_clk_rise  c     SE = 0
u_ctrl/ct_hold_fast_reg_13_ CLK     SE      hold_clk_rise   c     SE = 0
u_ctrl/ct_hold_fast_reg_13_ CLK     SE      setup_clk_rise  c     SE = 0
u_ctrl/ct_hold_fast_reg_124_
                            CLK     SI      hold_clk_rise   c     SE = 0
u_ctrl/ct_hold_fast_reg_124_
                            CLK     SI      setup_clk_rise  c     SE = 0
u_ctrl/ct_hold_fast_reg_124_
                            CLK     SE      hold_clk_rise   c     SE = 0
u_ctrl/ct_hold_fast_reg_124_
                            CLK     SE      setup_clk_rise  c     SE = 0
u_ctrl/ct_hold_fast_reg_53_ CLK     SI      hold_clk_rise   c     SE = 0
u_ctrl/ct_hold_fast_reg_53_ CLK     SI      setup_clk_rise  c     SE = 0
u_ctrl/ct_hold_fast_reg_53_ CLK     SE      hold_clk_rise   c     SE = 0
u_ctrl/ct_hold_fast_reg_53_ CLK     SE      setup_clk_rise  c     SE = 0
u_ctrl/ct_hold_fast_reg_93_ CLK     SI      hold_clk_rise   c     SE = 0
u_ctrl/ct_hold_fast_reg_93_ CLK     SI      setup_clk_rise  c     SE = 0
u_ctrl/ct_hold_fast_reg_93_ CLK     SE      hold_clk_rise   c     SE = 0
u_ctrl/ct_hold_fast_reg_93_ CLK     SE      setup_clk_rise  c     SE = 0
u_ctrl/ct_hold_fast_reg_14_ CLK     SI      hold_clk_rise   c     SE = 0
u_ctrl/ct_hold_fast_reg_14_ CLK     SI      setup_clk_rise  c     SE = 0
u_ctrl/ct_hold_fast_reg_14_ CLK     SE      hold_clk_rise   c     SE = 0
u_ctrl/ct_hold_fast_reg_14_ CLK     SE      setup_clk_rise  c     SE = 0
u_ctrl/ct_hold_fast_reg_125_
                            CLK     SI      hold_clk_rise   c     SE = 0
u_ctrl/ct_hold_fast_reg_125_
                            CLK     SI      setup_clk_rise  c     SE = 0
u_ctrl/ct_hold_fast_reg_125_
                            CLK     SE      hold_clk_rise   c     SE = 0
u_ctrl/ct_hold_fast_reg_125_
                            CLK     SE      setup_clk_rise  c     SE = 0
u_ctrl/ct_hold_fast_reg_54_ CLK     SI      hold_clk_rise   c     SE = 0
u_ctrl/ct_hold_fast_reg_54_ CLK     SI      setup_clk_rise  c     SE = 0
u_ctrl/ct_hold_fast_reg_54_ CLK     SE      hold_clk_rise   c     SE = 0
u_ctrl/ct_hold_fast_reg_54_ CLK     SE      setup_clk_rise  c     SE = 0
u_ctrl/ct_hold_fast_reg_94_ CLK     SI      hold_clk_rise   c     SE = 0
u_ctrl/ct_hold_fast_reg_94_ CLK     SI      setup_clk_rise  c     SE = 0
u_ctrl/ct_hold_fast_reg_94_ CLK     SE      hold_clk_rise   c     SE = 0
u_ctrl/ct_hold_fast_reg_94_ CLK     SE      setup_clk_rise  c     SE = 0
u_ctrl/ct_hold_fast_reg_15_ CLK     SI      hold_clk_rise   c     SE = 0
u_ctrl/ct_hold_fast_reg_15_ CLK     SI      setup_clk_rise  c     SE = 0
u_ctrl/ct_hold_fast_reg_15_ CLK     SE      hold_clk_rise   c     SE = 0
u_ctrl/ct_hold_fast_reg_15_ CLK     SE      setup_clk_rise  c     SE = 0
u_ctrl/ct_hold_fast_reg_126_
                            CLK     SI      hold_clk_rise   c     SE = 0
u_ctrl/ct_hold_fast_reg_126_
                            CLK     SI      setup_clk_rise  c     SE = 0
u_ctrl/ct_hold_fast_reg_126_
                            CLK     SE      hold_clk_rise   c     SE = 0
u_ctrl/ct_hold_fast_reg_126_
                            CLK     SE      setup_clk_rise  c     SE = 0
u_ctrl/ct_hold_fast_reg_55_ CLK     SI      hold_clk_rise   c     SE = 0
u_ctrl/ct_hold_fast_reg_55_ CLK     SI      setup_clk_rise  c     SE = 0
u_ctrl/ct_hold_fast_reg_55_ CLK     SE      hold_clk_rise   c     SE = 0
u_ctrl/ct_hold_fast_reg_55_ CLK     SE      setup_clk_rise  c     SE = 0
u_ctrl/ct_hold_fast_reg_95_ CLK     SI      hold_clk_rise   c     SE = 0
u_ctrl/ct_hold_fast_reg_95_ CLK     SI      setup_clk_rise  c     SE = 0
u_ctrl/ct_hold_fast_reg_95_ CLK     SE      hold_clk_rise   c     SE = 0
u_ctrl/ct_hold_fast_reg_95_ CLK     SE      setup_clk_rise  c     SE = 0
u_ctrl/ct_hold_fast_reg_16_ CLK     SI      hold_clk_rise   c     SE = 0
u_ctrl/ct_hold_fast_reg_16_ CLK     SI      setup_clk_rise  c     SE = 0
u_ctrl/ct_hold_fast_reg_16_ CLK     SE      hold_clk_rise   c     SE = 0
u_ctrl/ct_hold_fast_reg_16_ CLK     SE      setup_clk_rise  c     SE = 0
u_ctrl/ct_hold_fast_reg_127_
                            CLK     SI      hold_clk_rise   c     SE = 0
u_ctrl/ct_hold_fast_reg_127_
                            CLK     SI      setup_clk_rise  c     SE = 0
u_ctrl/ct_hold_fast_reg_127_
                            CLK     SE      hold_clk_rise   c     SE = 0
u_ctrl/ct_hold_fast_reg_127_
                            CLK     SE      setup_clk_rise  c     SE = 0
u_ctrl/ct_hold_fast_reg_0_  CLK     SI      hold_clk_rise   c     SE = 0
u_ctrl/ct_hold_fast_reg_0_  CLK     SI      setup_clk_rise  c     SE = 0
u_ctrl/ct_hold_fast_reg_0_  CLK     SE      hold_clk_rise   c     SE = 0
u_ctrl/ct_hold_fast_reg_0_  CLK     SE      setup_clk_rise  c     SE = 0
u_ctrl/ct_hold_fast_reg_56_ CLK     SI      hold_clk_rise   c     SE = 0
u_ctrl/ct_hold_fast_reg_56_ CLK     SI      setup_clk_rise  c     SE = 0
u_ctrl/ct_hold_fast_reg_56_ CLK     SE      hold_clk_rise   c     SE = 0
u_ctrl/ct_hold_fast_reg_56_ CLK     SE      setup_clk_rise  c     SE = 0
u_ctrl/ct_hold_fast_reg_96_ CLK     SI      hold_clk_rise   c     SE = 0
u_ctrl/ct_hold_fast_reg_96_ CLK     SI      setup_clk_rise  c     SE = 0
u_ctrl/ct_hold_fast_reg_96_ CLK     SE      hold_clk_rise   c     SE = 0
u_ctrl/ct_hold_fast_reg_96_ CLK     SE      setup_clk_rise  c     SE = 0
u_ctrl/ct_hold_fast_reg_17_ CLK     SI      hold_clk_rise   c     SE = 0
u_ctrl/ct_hold_fast_reg_17_ CLK     SI      setup_clk_rise  c     SE = 0
u_ctrl/ct_hold_fast_reg_17_ CLK     SE      hold_clk_rise   c     SE = 0
u_ctrl/ct_hold_fast_reg_17_ CLK     SE      setup_clk_rise  c     SE = 0
u_ctrl/ct_hold_fast_reg_57_ CLK     SI      hold_clk_rise   c     SE = 0
u_ctrl/ct_hold_fast_reg_57_ CLK     SI      setup_clk_rise  c     SE = 0
u_ctrl/ct_hold_fast_reg_57_ CLK     SE      hold_clk_rise   c     SE = 0
u_ctrl/ct_hold_fast_reg_57_ CLK     SE      setup_clk_rise  c     SE = 0
u_ctrl/tx_data_reg_0_       CLK     SI      hold_clk_rise   c     SE = 0
u_ctrl/tx_data_reg_0_       CLK     SI      setup_clk_rise  c     SE = 0
u_ctrl/tx_data_reg_0_       CLK     SE      hold_clk_rise   c     SE = 0
u_ctrl/tx_data_reg_0_       CLK     SE      setup_clk_rise  c     SE = 0
u_ctrl/ct_hold_fast_reg_97_ CLK     SI      hold_clk_rise   c     SE = 0
u_ctrl/ct_hold_fast_reg_97_ CLK     SI      setup_clk_rise  c     SE = 0
u_ctrl/ct_hold_fast_reg_97_ CLK     SE      hold_clk_rise   c     SE = 0
u_ctrl/ct_hold_fast_reg_97_ CLK     SE      setup_clk_rise  c     SE = 0
u_ctrl/ct_hold_fast_reg_18_ CLK     SI      hold_clk_rise   c     SE = 0
u_ctrl/ct_hold_fast_reg_18_ CLK     SI      setup_clk_rise  c     SE = 0
u_ctrl/ct_hold_fast_reg_18_ CLK     SE      hold_clk_rise   c     SE = 0
u_ctrl/ct_hold_fast_reg_18_ CLK     SE      setup_clk_rise  c     SE = 0
u_ctrl/ct_hold_fast_reg_2_  CLK     SI      hold_clk_rise   c     SE = 0
u_ctrl/ct_hold_fast_reg_2_  CLK     SI      setup_clk_rise  c     SE = 0
u_ctrl/ct_hold_fast_reg_2_  CLK     SE      hold_clk_rise   c     SE = 0
u_ctrl/ct_hold_fast_reg_2_  CLK     SE      setup_clk_rise  c     SE = 0
u_ctrl/ct_hold_fast_reg_58_ CLK     SI      hold_clk_rise   c     SE = 0
u_ctrl/ct_hold_fast_reg_58_ CLK     SI      setup_clk_rise  c     SE = 0
u_ctrl/ct_hold_fast_reg_58_ CLK     SE      hold_clk_rise   c     SE = 0
u_ctrl/ct_hold_fast_reg_58_ CLK     SE      setup_clk_rise  c     SE = 0
u_ctrl/tx_data_reg_1_       CLK     SI      hold_clk_rise   c     SE = 0
u_ctrl/tx_data_reg_1_       CLK     SI      setup_clk_rise  c     SE = 0
u_ctrl/tx_data_reg_1_       CLK     SE      hold_clk_rise   c     SE = 0
u_ctrl/tx_data_reg_1_       CLK     SE      setup_clk_rise  c     SE = 0
u_ctrl/ct_hold_fast_reg_98_ CLK     SI      hold_clk_rise   c     SE = 0
u_ctrl/ct_hold_fast_reg_98_ CLK     SI      setup_clk_rise  c     SE = 0
u_ctrl/ct_hold_fast_reg_98_ CLK     SE      hold_clk_rise   c     SE = 0
u_ctrl/ct_hold_fast_reg_98_ CLK     SE      setup_clk_rise  c     SE = 0
u_ctrl/ct_hold_fast_reg_19_ CLK     SI      hold_clk_rise   c     SE = 0
u_ctrl/ct_hold_fast_reg_19_ CLK     SI      setup_clk_rise  c     SE = 0
u_ctrl/ct_hold_fast_reg_19_ CLK     SE      hold_clk_rise   c     SE = 0
u_ctrl/ct_hold_fast_reg_19_ CLK     SE      setup_clk_rise  c     SE = 0
u_ctrl/ct_hold_fast_reg_110_
                            CLK     SI      hold_clk_rise   c     SE = 0
u_ctrl/ct_hold_fast_reg_110_
                            CLK     SI      setup_clk_rise  c     SE = 0
u_ctrl/ct_hold_fast_reg_110_
                            CLK     SE      hold_clk_rise   c     SE = 0
u_ctrl/ct_hold_fast_reg_110_
                            CLK     SE      setup_clk_rise  c     SE = 0
u_ctrl/ct_hold_fast_reg_3_  CLK     SI      hold_clk_rise   c     SE = 0
u_ctrl/ct_hold_fast_reg_3_  CLK     SI      setup_clk_rise  c     SE = 0
u_ctrl/ct_hold_fast_reg_3_  CLK     SE      hold_clk_rise   c     SE = 0
u_ctrl/ct_hold_fast_reg_3_  CLK     SE      setup_clk_rise  c     SE = 0
u_ctrl/ct_hold_fast_reg_59_ CLK     SI      hold_clk_rise   c     SE = 0
u_ctrl/ct_hold_fast_reg_59_ CLK     SI      setup_clk_rise  c     SE = 0
u_ctrl/ct_hold_fast_reg_59_ CLK     SE      hold_clk_rise   c     SE = 0
u_ctrl/ct_hold_fast_reg_59_ CLK     SE      setup_clk_rise  c     SE = 0
u_ctrl/tx_data_reg_2_       CLK     SI      hold_clk_rise   c     SE = 0
u_ctrl/tx_data_reg_2_       CLK     SI      setup_clk_rise  c     SE = 0
u_ctrl/tx_data_reg_2_       CLK     SE      hold_clk_rise   c     SE = 0
u_ctrl/tx_data_reg_2_       CLK     SE      setup_clk_rise  c     SE = 0
u_ctrl/ct_hold_fast_reg_99_ CLK     SI      hold_clk_rise   c     SE = 0
u_ctrl/ct_hold_fast_reg_99_ CLK     SI      setup_clk_rise  c     SE = 0
u_ctrl/ct_hold_fast_reg_99_ CLK     SE      hold_clk_rise   c     SE = 0
u_ctrl/ct_hold_fast_reg_99_ CLK     SE      setup_clk_rise  c     SE = 0
u_ctrl/sst_reg_2_           CLK     SI      hold_clk_rise   c     SE = 0
u_ctrl/sst_reg_2_           CLK     SI      setup_clk_rise  c     SE = 0
u_ctrl/sst_reg_2_           CLK     SE      hold_clk_rise   c     SE = 0
u_ctrl/sst_reg_2_           CLK     SE      setup_clk_rise  c     SE = 0
u_ctrl/ct_hold_fast_reg_111_
                            CLK     SI      hold_clk_rise   c     SE = 0
u_ctrl/ct_hold_fast_reg_111_
                            CLK     SI      setup_clk_rise  c     SE = 0
u_ctrl/ct_hold_fast_reg_111_
                            CLK     SE      hold_clk_rise   c     SE = 0
u_ctrl/ct_hold_fast_reg_111_
                            CLK     SE      setup_clk_rise  c     SE = 0
u_ctrl/ct_hold_fast_reg_4_  CLK     SI      hold_clk_rise   c     SE = 0
u_ctrl/ct_hold_fast_reg_4_  CLK     SI      setup_clk_rise  c     SE = 0
u_ctrl/ct_hold_fast_reg_4_  CLK     SE      hold_clk_rise   c     SE = 0
u_ctrl/ct_hold_fast_reg_4_  CLK     SE      setup_clk_rise  c     SE = 0
u_ctrl/tx_data_reg_3_       CLK     SI      hold_clk_rise   c     SE = 0
u_ctrl/tx_data_reg_3_       CLK     SI      setup_clk_rise  c     SE = 0
u_ctrl/tx_data_reg_3_       CLK     SE      hold_clk_rise   c     SE = 0
u_ctrl/tx_data_reg_3_       CLK     SE      setup_clk_rise  c     SE = 0
u_ctrl/ct_hold_fast_reg_40_ CLK     SI      hold_clk_rise   c     SE = 0
u_ctrl/ct_hold_fast_reg_40_ CLK     SI      setup_clk_rise  c     SE = 0
u_ctrl/ct_hold_fast_reg_40_ CLK     SE      hold_clk_rise   c     SE = 0
u_ctrl/ct_hold_fast_reg_40_ CLK     SE      setup_clk_rise  c     SE = 0
u_ctrl/ct_hold_div2_reg_72_ CLK     SI      hold_clk_rise   c     SE = 0
u_ctrl/ct_hold_div2_reg_72_ CLK     SI      setup_clk_rise  c     SE = 0
u_ctrl/ct_hold_div2_reg_72_ CLK     SE      hold_clk_rise   c     SE = 0
u_ctrl/ct_hold_div2_reg_72_ CLK     SE      setup_clk_rise  c     SE = 0
u_ctrl/ct_hold_fast_reg_80_ CLK     SI      hold_clk_rise   c     SE = 0
u_ctrl/ct_hold_fast_reg_80_ CLK     SI      setup_clk_rise  c     SE = 0
u_ctrl/ct_hold_fast_reg_80_ CLK     SE      hold_clk_rise   c     SE = 0
u_ctrl/ct_hold_fast_reg_80_ CLK     SE      setup_clk_rise  c     SE = 0
u_ctrl/ct_hold_fast_reg_112_
                            CLK     SI      hold_clk_rise   c     SE = 0
u_ctrl/ct_hold_fast_reg_112_
                            CLK     SI      setup_clk_rise  c     SE = 0
u_ctrl/ct_hold_fast_reg_112_
                            CLK     SE      hold_clk_rise   c     SE = 0
u_ctrl/ct_hold_fast_reg_112_
                            CLK     SE      setup_clk_rise  c     SE = 0
u_ctrl/ct_hold_fast_reg_5_  CLK     SI      hold_clk_rise   c     SE = 0
u_ctrl/ct_hold_fast_reg_5_  CLK     SI      setup_clk_rise  c     SE = 0
u_ctrl/ct_hold_fast_reg_5_  CLK     SE      hold_clk_rise   c     SE = 0
u_ctrl/ct_hold_fast_reg_5_  CLK     SE      setup_clk_rise  c     SE = 0
u_ctrl/tx_data_reg_4_       CLK     SI      hold_clk_rise   c     SE = 0
u_ctrl/tx_data_reg_4_       CLK     SI      setup_clk_rise  c     SE = 0
u_ctrl/tx_data_reg_4_       CLK     SE      hold_clk_rise   c     SE = 0
u_ctrl/tx_data_reg_4_       CLK     SE      setup_clk_rise  c     SE = 0
u_ctrl/ct_hold_fast_reg_41_ CLK     SI      hold_clk_rise   c     SE = 0
u_ctrl/ct_hold_fast_reg_41_ CLK     SI      setup_clk_rise  c     SE = 0
u_ctrl/ct_hold_fast_reg_41_ CLK     SE      hold_clk_rise   c     SE = 0
u_ctrl/ct_hold_fast_reg_41_ CLK     SE      setup_clk_rise  c     SE = 0
u_ctrl/byte_idx_reg_1_      CLK     SI      hold_clk_rise   c     SE = 0
u_ctrl/byte_idx_reg_1_      CLK     SI      setup_clk_rise  c     SE = 0
u_ctrl/byte_idx_reg_1_      CLK     SE      hold_clk_rise   c     SE = 0
u_ctrl/byte_idx_reg_1_      CLK     SE      setup_clk_rise  c     SE = 0
u_ctrl/crc_start_reg        CLK     SI      hold_clk_rise   c     SE = 0
u_ctrl/crc_start_reg        CLK     SI      setup_clk_rise  c     SE = 0
u_ctrl/crc_start_reg        CLK     SE      hold_clk_rise   c     SE = 0
u_ctrl/crc_start_reg        CLK     SE      setup_clk_rise  c     SE = 0
u_ctrl/ct_hold_div2_reg_20_ CLK     SI      hold_clk_rise   c     SE = 0
u_ctrl/ct_hold_div2_reg_20_ CLK     SI      setup_clk_rise  c     SE = 0
u_ctrl/ct_hold_div2_reg_20_ CLK     SE      hold_clk_rise   c     SE = 0
u_ctrl/ct_hold_div2_reg_20_ CLK     SE      setup_clk_rise  c     SE = 0
u_ctrl/ct_hold_div2_reg_21_ CLK     SI      hold_clk_rise   c     SE = 0
u_ctrl/ct_hold_div2_reg_21_ CLK     SI      setup_clk_rise  c     SE = 0
u_ctrl/ct_hold_div2_reg_21_ CLK     SE      hold_clk_rise   c     SE = 0
u_ctrl/ct_hold_div2_reg_21_ CLK     SE      setup_clk_rise  c     SE = 0
u_ctrl/ct_hold_div2_reg_61_ CLK     SI      hold_clk_rise   c     SE = 0
u_ctrl/ct_hold_div2_reg_61_ CLK     SI      setup_clk_rise  c     SE = 0
u_ctrl/ct_hold_div2_reg_61_ CLK     SE      hold_clk_rise   c     SE = 0
u_ctrl/ct_hold_div2_reg_61_ CLK     SE      setup_clk_rise  c     SE = 0
u_ctrl/ct_hold_div2_reg_22_ CLK     SI      hold_clk_rise   c     SE = 0
u_ctrl/ct_hold_div2_reg_22_ CLK     SI      setup_clk_rise  c     SE = 0
u_ctrl/ct_hold_div2_reg_22_ CLK     SE      hold_clk_rise   c     SE = 0
u_ctrl/ct_hold_div2_reg_22_ CLK     SE      setup_clk_rise  c     SE = 0
u_ctrl/ct_hold_div2_reg_62_ CLK     SI      hold_clk_rise   c     SE = 0
u_ctrl/ct_hold_div2_reg_62_ CLK     SI      setup_clk_rise  c     SE = 0
u_ctrl/ct_hold_div2_reg_62_ CLK     SE      hold_clk_rise   c     SE = 0
u_ctrl/ct_hold_div2_reg_62_ CLK     SE      setup_clk_rise  c     SE = 0
u_ctrl/ct_hold_div2_reg_23_ CLK     SI      hold_clk_rise   c     SE = 0
u_ctrl/ct_hold_div2_reg_23_ CLK     SI      setup_clk_rise  c     SE = 0
u_ctrl/ct_hold_div2_reg_23_ CLK     SE      hold_clk_rise   c     SE = 0
u_ctrl/ct_hold_div2_reg_23_ CLK     SE      setup_clk_rise  c     SE = 0
u_ctrl/ct_hold_div2_reg_24_ CLK     SI      hold_clk_rise   c     SE = 0
u_ctrl/ct_hold_div2_reg_24_ CLK     SI      setup_clk_rise  c     SE = 0
u_ctrl/ct_hold_div2_reg_24_ CLK     SE      hold_clk_rise   c     SE = 0
u_ctrl/ct_hold_div2_reg_24_ CLK     SE      setup_clk_rise  c     SE = 0
u_ctrl/ct_hold_div2_reg_64_ CLK     SI      hold_clk_rise   c     SE = 0
u_ctrl/ct_hold_div2_reg_64_ CLK     SI      setup_clk_rise  c     SE = 0
u_ctrl/ct_hold_div2_reg_64_ CLK     SE      hold_clk_rise   c     SE = 0
u_ctrl/ct_hold_div2_reg_64_ CLK     SE      setup_clk_rise  c     SE = 0
u_ctrl/ct_hold_div2_reg_25_ CLK     SI      hold_clk_rise   c     SE = 0
u_ctrl/ct_hold_div2_reg_25_ CLK     SI      setup_clk_rise  c     SE = 0
u_ctrl/ct_hold_div2_reg_25_ CLK     SE      hold_clk_rise   c     SE = 0
u_ctrl/ct_hold_div2_reg_25_ CLK     SE      setup_clk_rise  c     SE = 0
u_ctrl/ct_hold_div2_reg_65_ CLK     SI      hold_clk_rise   c     SE = 0
u_ctrl/ct_hold_div2_reg_65_ CLK     SI      setup_clk_rise  c     SE = 0
u_ctrl/ct_hold_div2_reg_65_ CLK     SE      hold_clk_rise   c     SE = 0
u_ctrl/ct_hold_div2_reg_65_ CLK     SE      setup_clk_rise  c     SE = 0
u_ctrl/ct_hold_div2_reg_26_ CLK     SI      hold_clk_rise   c     SE = 0
u_ctrl/ct_hold_div2_reg_26_ CLK     SI      setup_clk_rise  c     SE = 0
u_ctrl/ct_hold_div2_reg_26_ CLK     SE      hold_clk_rise   c     SE = 0
u_ctrl/ct_hold_div2_reg_26_ CLK     SE      setup_clk_rise  c     SE = 0
u_ctrl/ct_hold_div2_reg_66_ CLK     SI      hold_clk_rise   c     SE = 0
u_ctrl/ct_hold_div2_reg_66_ CLK     SI      setup_clk_rise  c     SE = 0
u_ctrl/ct_hold_div2_reg_66_ CLK     SE      hold_clk_rise   c     SE = 0
u_ctrl/ct_hold_div2_reg_66_ CLK     SE      setup_clk_rise  c     SE = 0
u_ctrl/ct_hold_div2_reg_27_ CLK     SI      hold_clk_rise   c     SE = 0
u_ctrl/ct_hold_div2_reg_27_ CLK     SI      setup_clk_rise  c     SE = 0
u_ctrl/ct_hold_div2_reg_27_ CLK     SE      hold_clk_rise   c     SE = 0
u_ctrl/ct_hold_div2_reg_27_ CLK     SE      setup_clk_rise  c     SE = 0
u_ctrl/ct_hold_div2_reg_67_ CLK     SI      hold_clk_rise   c     SE = 0
u_ctrl/ct_hold_div2_reg_67_ CLK     SI      setup_clk_rise  c     SE = 0
u_ctrl/ct_hold_div2_reg_67_ CLK     SE      hold_clk_rise   c     SE = 0
u_ctrl/ct_hold_div2_reg_67_ CLK     SE      setup_clk_rise  c     SE = 0
u_ctrl/ct_hold_div2_reg_28_ CLK     SI      hold_clk_rise   c     SE = 0
u_ctrl/ct_hold_div2_reg_28_ CLK     SI      setup_clk_rise  c     SE = 0
u_ctrl/ct_hold_div2_reg_28_ CLK     SE      hold_clk_rise   c     SE = 0
u_ctrl/ct_hold_div2_reg_28_ CLK     SE      setup_clk_rise  c     SE = 0
u_ctrl/ct_hold_div2_reg_69_ CLK     SI      hold_clk_rise   c     SE = 0
u_ctrl/ct_hold_div2_reg_69_ CLK     SI      setup_clk_rise  c     SE = 0
u_ctrl/ct_hold_div2_reg_69_ CLK     SE      hold_clk_rise   c     SE = 0
u_ctrl/ct_hold_div2_reg_69_ CLK     SE      setup_clk_rise  c     SE = 0
u_ctrl/ct_hold_div2_reg_10_ CLK     SI      hold_clk_rise   c     SE = 0
u_ctrl/ct_hold_div2_reg_10_ CLK     SI      setup_clk_rise  c     SE = 0
u_ctrl/ct_hold_div2_reg_10_ CLK     SE      hold_clk_rise   c     SE = 0
u_ctrl/ct_hold_div2_reg_10_ CLK     SE      setup_clk_rise  c     SE = 0
u_ctrl/ct_hold_div2_reg_50_ CLK     SI      hold_clk_rise   c     SE = 0
u_ctrl/ct_hold_div2_reg_50_ CLK     SI      setup_clk_rise  c     SE = 0
u_ctrl/ct_hold_div2_reg_50_ CLK     SE      hold_clk_rise   c     SE = 0
u_ctrl/ct_hold_div2_reg_50_ CLK     SE      setup_clk_rise  c     SE = 0
u_ctrl/ct_hold_div2_reg_11_ CLK     SI      hold_clk_rise   c     SE = 0
u_ctrl/ct_hold_div2_reg_11_ CLK     SI      setup_clk_rise  c     SE = 0
u_ctrl/ct_hold_div2_reg_11_ CLK     SE      hold_clk_rise   c     SE = 0
u_ctrl/ct_hold_div2_reg_11_ CLK     SE      setup_clk_rise  c     SE = 0
u_ctrl/ct_hold_div2_reg_51_ CLK     SI      hold_clk_rise   c     SE = 0
u_ctrl/ct_hold_div2_reg_51_ CLK     SI      setup_clk_rise  c     SE = 0
u_ctrl/ct_hold_div2_reg_51_ CLK     SE      hold_clk_rise   c     SE = 0
u_ctrl/ct_hold_div2_reg_51_ CLK     SE      setup_clk_rise  c     SE = 0
u_ctrl/ct_hold_div2_reg_12_ CLK     SI      hold_clk_rise   c     SE = 0
u_ctrl/ct_hold_div2_reg_12_ CLK     SI      setup_clk_rise  c     SE = 0
u_ctrl/ct_hold_div2_reg_12_ CLK     SE      hold_clk_rise   c     SE = 0
u_ctrl/ct_hold_div2_reg_12_ CLK     SE      setup_clk_rise  c     SE = 0
u_ctrl/ct_hold_div2_reg_52_ CLK     SI      hold_clk_rise   c     SE = 0
u_ctrl/ct_hold_div2_reg_52_ CLK     SI      setup_clk_rise  c     SE = 0
u_ctrl/ct_hold_div2_reg_52_ CLK     SE      hold_clk_rise   c     SE = 0
u_ctrl/ct_hold_div2_reg_52_ CLK     SE      setup_clk_rise  c     SE = 0
u_ctrl/ct_hold_div2_reg_13_ CLK     SI      hold_clk_rise   c     SE = 0
u_ctrl/ct_hold_div2_reg_13_ CLK     SI      setup_clk_rise  c     SE = 0
u_ctrl/ct_hold_div2_reg_13_ CLK     SE      hold_clk_rise   c     SE = 0
u_ctrl/ct_hold_div2_reg_13_ CLK     SE      setup_clk_rise  c     SE = 0
u_ctrl/u_crc/crc_reg_12_    CLK     SI      hold_clk_rise   c     SE = 0
u_ctrl/u_crc/crc_reg_12_    CLK     SI      setup_clk_rise  c     SE = 0
u_ctrl/u_crc/crc_reg_12_    CLK     SE      hold_clk_rise   c     SE = 0
u_ctrl/u_crc/crc_reg_12_    CLK     SE      setup_clk_rise  c     SE = 0
u_ctrl/u_crc/crc_reg_4_     CLK     SI      hold_clk_rise   c     SE = 0
u_ctrl/u_crc/crc_reg_4_     CLK     SI      setup_clk_rise  c     SE = 0
u_ctrl/u_crc/crc_reg_4_     CLK     SE      hold_clk_rise   c     SE = 0
u_ctrl/u_crc/crc_reg_4_     CLK     SE      setup_clk_rise  c     SE = 0
u_ctrl/u_crc/crc_reg_7_     CLK     SI      hold_clk_rise   c     SE = 0
u_ctrl/u_crc/crc_reg_7_     CLK     SI      setup_clk_rise  c     SE = 0
u_ctrl/u_crc/crc_reg_7_     CLK     SE      hold_clk_rise   c     SE = 0
u_ctrl/u_crc/crc_reg_7_     CLK     SE      setup_clk_rise  c     SE = 0
u_ctrl/u_crc/crc_reg_10_    CLK     SI      hold_clk_rise   c     SE = 0
u_ctrl/u_crc/crc_reg_10_    CLK     SI      setup_clk_rise  c     SE = 0
u_ctrl/u_crc/crc_reg_10_    CLK     SE      hold_clk_rise   c     SE = 0
u_ctrl/u_crc/crc_reg_10_    CLK     SE      setup_clk_rise  c     SE = 0
u_ctrl/u_crc/crc_reg_26_    CLK     SI      hold_clk_rise   c     SE = 0
u_ctrl/u_crc/crc_reg_26_    CLK     SI      setup_clk_rise  c     SE = 0
u_ctrl/u_crc/crc_reg_26_    CLK     SE      hold_clk_rise   c     SE = 0
u_ctrl/u_crc/crc_reg_26_    CLK     SE      setup_clk_rise  c     SE = 0
u_ctrl/u_crc/crc_reg_8_     CLK     SI      hold_clk_rise   c     SE = 0
u_ctrl/u_crc/crc_reg_8_     CLK     SI      setup_clk_rise  c     SE = 0
u_ctrl/u_crc/crc_reg_8_     CLK     SE      hold_clk_rise   c     SE = 0
u_ctrl/u_crc/crc_reg_8_     CLK     SE      setup_clk_rise  c     SE = 0
u_ctrl/u_crc/crc_reg_11_    CLK     SI      hold_clk_rise   c     SE = 0
u_ctrl/u_crc/crc_reg_11_    CLK     SI      setup_clk_rise  c     SE = 0
u_ctrl/u_crc/crc_reg_11_    CLK     SE      hold_clk_rise   c     SE = 0
u_ctrl/u_crc/crc_reg_11_    CLK     SE      setup_clk_rise  c     SE = 0
u_ctrl/ct_hold_div2_reg_14_ CLK     SI      hold_clk_rise   c     SE = 0
u_ctrl/ct_hold_div2_reg_14_ CLK     SI      setup_clk_rise  c     SE = 0
u_ctrl/ct_hold_div2_reg_14_ CLK     SE      hold_clk_rise   c     SE = 0
u_ctrl/ct_hold_div2_reg_14_ CLK     SE      setup_clk_rise  c     SE = 0
u_ctrl/ct_hold_div2_reg_54_ CLK     SI      hold_clk_rise   c     SE = 0
u_ctrl/ct_hold_div2_reg_54_ CLK     SI      setup_clk_rise  c     SE = 0
u_ctrl/ct_hold_div2_reg_54_ CLK     SE      hold_clk_rise   c     SE = 0
u_ctrl/ct_hold_div2_reg_54_ CLK     SE      setup_clk_rise  c     SE = 0
u_ctrl/ct_hold_div2_reg_110_
                            CLK     SI      hold_clk_rise   c     SE = 0
u_ctrl/ct_hold_div2_reg_110_
                            CLK     SI      setup_clk_rise  c     SE = 0
u_ctrl/ct_hold_div2_reg_110_
                            CLK     SE      hold_clk_rise   c     SE = 0
u_ctrl/ct_hold_div2_reg_110_
                            CLK     SE      setup_clk_rise  c     SE = 0
u_ctrl/ct_hold_div2_reg_15_ CLK     SI      hold_clk_rise   c     SE = 0
u_ctrl/ct_hold_div2_reg_15_ CLK     SI      setup_clk_rise  c     SE = 0
u_ctrl/ct_hold_div2_reg_15_ CLK     SE      hold_clk_rise   c     SE = 0
u_ctrl/ct_hold_div2_reg_15_ CLK     SE      setup_clk_rise  c     SE = 0
u_ctrl/ct_hold_div2_reg_0_  CLK     SI      hold_clk_rise   c     SE = 0
u_ctrl/ct_hold_div2_reg_0_  CLK     SI      setup_clk_rise  c     SE = 0
u_ctrl/ct_hold_div2_reg_0_  CLK     SE      hold_clk_rise   c     SE = 0
u_ctrl/ct_hold_div2_reg_0_  CLK     SE      setup_clk_rise  c     SE = 0
u_ctrl/ct_hold_div2_reg_16_ CLK     SI      hold_clk_rise   c     SE = 0
u_ctrl/ct_hold_div2_reg_16_ CLK     SI      setup_clk_rise  c     SE = 0
u_ctrl/ct_hold_div2_reg_16_ CLK     SE      hold_clk_rise   c     SE = 0
u_ctrl/ct_hold_div2_reg_16_ CLK     SE      setup_clk_rise  c     SE = 0
u_ctrl/ct_hold_div2_reg_1_  CLK     SI      hold_clk_rise   c     SE = 0
u_ctrl/ct_hold_div2_reg_1_  CLK     SI      setup_clk_rise  c     SE = 0
u_ctrl/ct_hold_div2_reg_1_  CLK     SE      hold_clk_rise   c     SE = 0
u_ctrl/ct_hold_div2_reg_1_  CLK     SE      setup_clk_rise  c     SE = 0
u_ctrl/ct_hold_div2_reg_56_ CLK     SI      hold_clk_rise   c     SE = 0
u_ctrl/ct_hold_div2_reg_56_ CLK     SI      setup_clk_rise  c     SE = 0
u_ctrl/ct_hold_div2_reg_56_ CLK     SE      hold_clk_rise   c     SE = 0
u_ctrl/ct_hold_div2_reg_56_ CLK     SE      setup_clk_rise  c     SE = 0
u_ctrl/ct_hold_div2_reg_17_ CLK     SI      hold_clk_rise   c     SE = 0
u_ctrl/ct_hold_div2_reg_17_ CLK     SI      setup_clk_rise  c     SE = 0
u_ctrl/ct_hold_div2_reg_17_ CLK     SE      hold_clk_rise   c     SE = 0
u_ctrl/ct_hold_div2_reg_17_ CLK     SE      setup_clk_rise  c     SE = 0
u_ctrl/ct_hold_div2_reg_2_  CLK     SI      hold_clk_rise   c     SE = 0
u_ctrl/ct_hold_div2_reg_2_  CLK     SI      setup_clk_rise  c     SE = 0
u_ctrl/ct_hold_div2_reg_2_  CLK     SE      hold_clk_rise   c     SE = 0
u_ctrl/ct_hold_div2_reg_2_  CLK     SE      setup_clk_rise  c     SE = 0
u_ctrl/ct_hold_div2_reg_57_ CLK     SI      hold_clk_rise   c     SE = 0
u_ctrl/ct_hold_div2_reg_57_ CLK     SI      setup_clk_rise  c     SE = 0
u_ctrl/ct_hold_div2_reg_57_ CLK     SE      hold_clk_rise   c     SE = 0
u_ctrl/ct_hold_div2_reg_57_ CLK     SE      setup_clk_rise  c     SE = 0
u_ctrl/ct_hold_div2_reg_97_ CLK     SI      hold_clk_rise   c     SE = 0
u_ctrl/ct_hold_div2_reg_97_ CLK     SI      setup_clk_rise  c     SE = 0
u_ctrl/ct_hold_div2_reg_97_ CLK     SE      hold_clk_rise   c     SE = 0
u_ctrl/ct_hold_div2_reg_97_ CLK     SE      setup_clk_rise  c     SE = 0
u_ctrl/ct_hold_div2_reg_18_ CLK     SI      hold_clk_rise   c     SE = 0
u_ctrl/ct_hold_div2_reg_18_ CLK     SI      setup_clk_rise  c     SE = 0
u_ctrl/ct_hold_div2_reg_18_ CLK     SE      hold_clk_rise   c     SE = 0
u_ctrl/ct_hold_div2_reg_18_ CLK     SE      setup_clk_rise  c     SE = 0
u_ctrl/ct_hold_div2_reg_3_  CLK     SI      hold_clk_rise   c     SE = 0
u_ctrl/ct_hold_div2_reg_3_  CLK     SI      setup_clk_rise  c     SE = 0
u_ctrl/ct_hold_div2_reg_3_  CLK     SE      hold_clk_rise   c     SE = 0
u_ctrl/ct_hold_div2_reg_3_  CLK     SE      setup_clk_rise  c     SE = 0
u_ctrl/ct_hold_div2_reg_58_ CLK     SI      hold_clk_rise   c     SE = 0
u_ctrl/ct_hold_div2_reg_58_ CLK     SI      setup_clk_rise  c     SE = 0
u_ctrl/ct_hold_div2_reg_58_ CLK     SE      hold_clk_rise   c     SE = 0
u_ctrl/ct_hold_div2_reg_58_ CLK     SE      setup_clk_rise  c     SE = 0
u_ctrl/ct_hold_div2_reg_19_ CLK     SI      hold_clk_rise   c     SE = 0
u_ctrl/ct_hold_div2_reg_19_ CLK     SI      setup_clk_rise  c     SE = 0
u_ctrl/ct_hold_div2_reg_19_ CLK     SE      hold_clk_rise   c     SE = 0
u_ctrl/ct_hold_div2_reg_19_ CLK     SE      setup_clk_rise  c     SE = 0
u_ctrl/ct_hold_div2_reg_4_  CLK     SI      hold_clk_rise   c     SE = 0
u_ctrl/ct_hold_div2_reg_4_  CLK     SI      setup_clk_rise  c     SE = 0
u_ctrl/ct_hold_div2_reg_4_  CLK     SE      hold_clk_rise   c     SE = 0
u_ctrl/ct_hold_div2_reg_4_  CLK     SE      setup_clk_rise  c     SE = 0
u_ctrl/ct_hold_div2_reg_59_ CLK     SI      hold_clk_rise   c     SE = 0
u_ctrl/ct_hold_div2_reg_59_ CLK     SI      setup_clk_rise  c     SE = 0
u_ctrl/ct_hold_div2_reg_59_ CLK     SE      hold_clk_rise   c     SE = 0
u_ctrl/ct_hold_div2_reg_59_ CLK     SE      setup_clk_rise  c     SE = 0
u_ctrl/ct_hold_div2_reg_5_  CLK     SI      hold_clk_rise   c     SE = 0
u_ctrl/ct_hold_div2_reg_5_  CLK     SI      setup_clk_rise  c     SE = 0
u_ctrl/ct_hold_div2_reg_5_  CLK     SE      hold_clk_rise   c     SE = 0
u_ctrl/ct_hold_div2_reg_5_  CLK     SE      setup_clk_rise  c     SE = 0
u_ctrl/ct_hold_div2_reg_6_  CLK     SI      hold_clk_rise   c     SE = 0
u_ctrl/ct_hold_div2_reg_6_  CLK     SI      setup_clk_rise  c     SE = 0
u_ctrl/ct_hold_div2_reg_6_  CLK     SE      hold_clk_rise   c     SE = 0
u_ctrl/ct_hold_div2_reg_6_  CLK     SE      setup_clk_rise  c     SE = 0
u_ctrl/u_aes/round_reg_2_   CLK     SI      hold_clk_rise   c     SE = 0
u_ctrl/u_aes/round_reg_2_   CLK     SI      setup_clk_rise  c     SE = 0
u_ctrl/u_aes/round_reg_2_   CLK     SE      hold_clk_rise   c     SE = 0
u_ctrl/u_aes/round_reg_2_   CLK     SE      setup_clk_rise  c     SE = 0
u_ctrl/u_aes/round_reg_3_   CLK     SI      hold_clk_rise   c     SE = 0
u_ctrl/u_aes/round_reg_3_   CLK     SI      setup_clk_rise  c     SE = 0
u_ctrl/u_aes/round_reg_3_   CLK     SE      hold_clk_rise   c     SE = 0
u_ctrl/u_aes/round_reg_3_   CLK     SE      setup_clk_rise  c     SE = 0
u_ctrl/u_aes/rkeys_reg_32_  CLK     SI      hold_clk_rise   c     SE = 0
u_ctrl/u_aes/rkeys_reg_32_  CLK     SI      setup_clk_rise  c     SE = 0
u_ctrl/u_aes/rkeys_reg_32_  CLK     SE      hold_clk_rise   c     SE = 0
u_ctrl/u_aes/rkeys_reg_32_  CLK     SE      setup_clk_rise  c     SE = 0
u_ctrl/u_aes/rkeys_reg_39_  CLK     SI      hold_clk_rise   c     SE = 0
u_ctrl/u_aes/rkeys_reg_39_  CLK     SI      setup_clk_rise  c     SE = 0
u_ctrl/u_aes/rkeys_reg_39_  CLK     SE      hold_clk_rise   c     SE = 0
u_ctrl/u_aes/rkeys_reg_39_  CLK     SE      setup_clk_rise  c     SE = 0
u_ctrl/u_aes/rkeys_reg_106_ CLK     SI      hold_clk_rise   c     SE = 0
u_ctrl/u_aes/rkeys_reg_106_ CLK     SI      setup_clk_rise  c     SE = 0
u_ctrl/u_aes/rkeys_reg_106_ CLK     SE      hold_clk_rise   c     SE = 0
u_ctrl/u_aes/rkeys_reg_106_ CLK     SE      setup_clk_rise  c     SE = 0
u_ctrl/u_aes/rkeys_reg_107_ CLK     SI      hold_clk_rise   c     SE = 0
u_ctrl/u_aes/rkeys_reg_107_ CLK     SI      setup_clk_rise  c     SE = 0
u_ctrl/u_aes/rkeys_reg_107_ CLK     SE      hold_clk_rise   c     SE = 0
u_ctrl/u_aes/rkeys_reg_107_ CLK     SE      setup_clk_rise  c     SE = 0
u_ctrl/u_aes/rkeys_reg_40_  CLK     SI      hold_clk_rise   c     SE = 0
u_ctrl/u_aes/rkeys_reg_40_  CLK     SI      setup_clk_rise  c     SE = 0
u_ctrl/u_aes/rkeys_reg_40_  CLK     SE      hold_clk_rise   c     SE = 0
u_ctrl/u_aes/rkeys_reg_40_  CLK     SE      setup_clk_rise  c     SE = 0
u_ctrl/u_aes/rkeys_reg_41_  CLK     SI      hold_clk_rise   c     SE = 0
u_ctrl/u_aes/rkeys_reg_41_  CLK     SI      setup_clk_rise  c     SE = 0
u_ctrl/u_aes/rkeys_reg_41_  CLK     SE      hold_clk_rise   c     SE = 0
u_ctrl/u_aes/rkeys_reg_41_  CLK     SE      setup_clk_rise  c     SE = 0
u_ctrl/u_aes/rkeys_reg_42_  CLK     SI      hold_clk_rise   c     SE = 0
u_ctrl/u_aes/rkeys_reg_42_  CLK     SI      setup_clk_rise  c     SE = 0
u_ctrl/u_aes/rkeys_reg_42_  CLK     SE      hold_clk_rise   c     SE = 0
u_ctrl/u_aes/rkeys_reg_42_  CLK     SE      setup_clk_rise  c     SE = 0
u_ctrl/u_aes/rkeys_reg_45_  CLK     SI      hold_clk_rise   c     SE = 0
u_ctrl/u_aes/rkeys_reg_45_  CLK     SI      setup_clk_rise  c     SE = 0
u_ctrl/u_aes/rkeys_reg_45_  CLK     SE      hold_clk_rise   c     SE = 0
u_ctrl/u_aes/rkeys_reg_45_  CLK     SE      setup_clk_rise  c     SE = 0
u_ctrl/u_aes/rkeys_reg_47_  CLK     SI      hold_clk_rise   c     SE = 0
u_ctrl/u_aes/rkeys_reg_47_  CLK     SI      setup_clk_rise  c     SE = 0
u_ctrl/u_aes/rkeys_reg_47_  CLK     SE      hold_clk_rise   c     SE = 0
u_ctrl/u_aes/rkeys_reg_47_  CLK     SE      setup_clk_rise  c     SE = 0
u_ctrl/u_aes/rkeys_reg_48_  CLK     SI      hold_clk_rise   c     SE = 0
u_ctrl/u_aes/rkeys_reg_48_  CLK     SI      setup_clk_rise  c     SE = 0
u_ctrl/u_aes/rkeys_reg_48_  CLK     SE      hold_clk_rise   c     SE = 0
u_ctrl/u_aes/rkeys_reg_48_  CLK     SE      setup_clk_rise  c     SE = 0
u_ctrl/u_aes/rkeys_reg_49_  CLK     SI      hold_clk_rise   c     SE = 0
u_ctrl/u_aes/rkeys_reg_49_  CLK     SI      setup_clk_rise  c     SE = 0
u_ctrl/u_aes/rkeys_reg_49_  CLK     SE      hold_clk_rise   c     SE = 0
u_ctrl/u_aes/rkeys_reg_49_  CLK     SE      setup_clk_rise  c     SE = 0
u_ctrl/u_aes/rkeys_reg_50_  CLK     SI      hold_clk_rise   c     SE = 0
u_ctrl/u_aes/rkeys_reg_50_  CLK     SI      setup_clk_rise  c     SE = 0
u_ctrl/u_aes/rkeys_reg_50_  CLK     SE      hold_clk_rise   c     SE = 0
u_ctrl/u_aes/rkeys_reg_50_  CLK     SE      setup_clk_rise  c     SE = 0
u_ctrl/u_aes/rkeys_reg_56_  CLK     SI      hold_clk_rise   c     SE = 0
u_ctrl/u_aes/rkeys_reg_56_  CLK     SI      setup_clk_rise  c     SE = 0
u_ctrl/u_aes/rkeys_reg_56_  CLK     SE      hold_clk_rise   c     SE = 0
u_ctrl/u_aes/rkeys_reg_56_  CLK     SE      setup_clk_rise  c     SE = 0
u_ctrl/u_aes/rkeys_reg_57_  CLK     SI      hold_clk_rise   c     SE = 0
u_ctrl/u_aes/rkeys_reg_57_  CLK     SI      setup_clk_rise  c     SE = 0
u_ctrl/u_aes/rkeys_reg_57_  CLK     SE      hold_clk_rise   c     SE = 0
u_ctrl/u_aes/rkeys_reg_57_  CLK     SE      setup_clk_rise  c     SE = 0
u_ctrl/u_aes/rkeys_reg_60_  CLK     SI      hold_clk_rise   c     SE = 0
u_ctrl/u_aes/rkeys_reg_60_  CLK     SI      setup_clk_rise  c     SE = 0
u_ctrl/u_aes/rkeys_reg_60_  CLK     SE      hold_clk_rise   c     SE = 0
u_ctrl/u_aes/rkeys_reg_60_  CLK     SE      setup_clk_rise  c     SE = 0
u_ctrl/u_aes/rkeys_reg_61_  CLK     SI      hold_clk_rise   c     SE = 0
u_ctrl/u_aes/rkeys_reg_61_  CLK     SI      setup_clk_rise  c     SE = 0
u_ctrl/u_aes/rkeys_reg_61_  CLK     SE      hold_clk_rise   c     SE = 0
u_ctrl/u_aes/rkeys_reg_61_  CLK     SE      setup_clk_rise  c     SE = 0
u_ctrl/u_aes/rkeys_reg_62_  CLK     SI      hold_clk_rise   c     SE = 0
u_ctrl/u_aes/rkeys_reg_62_  CLK     SI      setup_clk_rise  c     SE = 0
u_ctrl/u_aes/rkeys_reg_62_  CLK     SE      hold_clk_rise   c     SE = 0
u_ctrl/u_aes/rkeys_reg_62_  CLK     SE      setup_clk_rise  c     SE = 0
u_ctrl/u_aes/rkeys_reg_63_  CLK     SI      hold_clk_rise   c     SE = 0
u_ctrl/u_aes/rkeys_reg_63_  CLK     SI      setup_clk_rise  c     SE = 0
u_ctrl/u_aes/rkeys_reg_63_  CLK     SE      hold_clk_rise   c     SE = 0
u_ctrl/u_aes/rkeys_reg_63_  CLK     SE      setup_clk_rise  c     SE = 0
u_ctrl/u_aes/rkeys_reg_66_  CLK     SI      hold_clk_rise   c     SE = 0
u_ctrl/u_aes/rkeys_reg_66_  CLK     SI      setup_clk_rise  c     SE = 0
u_ctrl/u_aes/rkeys_reg_66_  CLK     SE      hold_clk_rise   c     SE = 0
u_ctrl/u_aes/rkeys_reg_66_  CLK     SE      setup_clk_rise  c     SE = 0
u_ctrl/u_aes/rkeys_reg_96_  CLK     SI      hold_clk_rise   c     SE = 0
u_ctrl/u_aes/rkeys_reg_96_  CLK     SI      setup_clk_rise  c     SE = 0
u_ctrl/u_aes/rkeys_reg_96_  CLK     SE      hold_clk_rise   c     SE = 0
u_ctrl/u_aes/rkeys_reg_96_  CLK     SE      setup_clk_rise  c     SE = 0
u_ctrl/u_aes/rkeys_reg_97_  CLK     SI      hold_clk_rise   c     SE = 0
u_ctrl/u_aes/rkeys_reg_97_  CLK     SI      setup_clk_rise  c     SE = 0
u_ctrl/u_aes/rkeys_reg_97_  CLK     SE      hold_clk_rise   c     SE = 0
u_ctrl/u_aes/rkeys_reg_97_  CLK     SE      setup_clk_rise  c     SE = 0
u_ctrl/u_aes/busy_reg       CLK     SI      hold_clk_rise   c     SE = 0
u_ctrl/u_aes/busy_reg       CLK     SI      setup_clk_rise  c     SE = 0
u_ctrl/u_aes/busy_reg       CLK     SE      hold_clk_rise   c     SE = 0
u_ctrl/u_aes/busy_reg       CLK     SE      setup_clk_rise  c     SE = 0
u_ctrl/ct_hold_div2_reg_7_  CLK     SI      hold_clk_rise   c     SE = 0
u_ctrl/ct_hold_div2_reg_7_  CLK     SI      setup_clk_rise  c     SE = 0
u_ctrl/ct_hold_div2_reg_7_  CLK     SE      hold_clk_rise   c     SE = 0
u_ctrl/ct_hold_div2_reg_7_  CLK     SE      setup_clk_rise  c     SE = 0
u_ctrl/ct_hold_div2_reg_8_  CLK     SI      hold_clk_rise   c     SE = 0
u_ctrl/ct_hold_div2_reg_8_  CLK     SI      setup_clk_rise  c     SE = 0
u_ctrl/ct_hold_div2_reg_8_  CLK     SE      hold_clk_rise   c     SE = 0
u_ctrl/ct_hold_div2_reg_8_  CLK     SE      setup_clk_rise  c     SE = 0
u_ctrl/ct_hold_div2_reg_9_  CLK     SI      hold_clk_rise   c     SE = 0
u_ctrl/ct_hold_div2_reg_9_  CLK     SI      setup_clk_rise  c     SE = 0
u_ctrl/ct_hold_div2_reg_9_  CLK     SE      hold_clk_rise   c     SE = 0
u_ctrl/ct_hold_div2_reg_9_  CLK     SE      setup_clk_rise  c     SE = 0
u_ctrl/ct_hold_div2_reg_49_ CLK     SI      hold_clk_rise   c     SE = 0
u_ctrl/ct_hold_div2_reg_49_ CLK     SI      setup_clk_rise  c     SE = 0
u_ctrl/ct_hold_div2_reg_49_ CLK     SE      hold_clk_rise   c     SE = 0
u_ctrl/ct_hold_div2_reg_49_ CLK     SE      setup_clk_rise  c     SE = 0
u_ctrl/ct_hold_fast_reg_1_  CLK     SI      hold_clk_rise   c     SE = 0
u_ctrl/ct_hold_fast_reg_1_  CLK     SI      setup_clk_rise  c     SE = 0
u_ctrl/ct_hold_fast_reg_1_  CLK     SE      hold_clk_rise   c     SE = 0
u_ctrl/ct_hold_fast_reg_1_  CLK     SE      setup_clk_rise  c     SE = 0
u_ctrl/ct_hold_div2_reg_70_ CLK     SI      hold_clk_rise   c     SE = 0
u_ctrl/ct_hold_div2_reg_70_ CLK     SI      setup_clk_rise  c     SE = 0
u_ctrl/ct_hold_div2_reg_70_ CLK     SE      hold_clk_rise   c     SE = 0
u_ctrl/ct_hold_div2_reg_70_ CLK     SE      setup_clk_rise  c     SE = 0
u_ctrl/ct_hold_div2_reg_71_ CLK     SI      hold_clk_rise   c     SE = 0
u_ctrl/ct_hold_div2_reg_71_ CLK     SI      setup_clk_rise  c     SE = 0
u_ctrl/ct_hold_div2_reg_71_ CLK     SE      hold_clk_rise   c     SE = 0
u_ctrl/ct_hold_div2_reg_71_ CLK     SE      setup_clk_rise  c     SE = 0
u_ctrl/byte_idx_reg_0_      CLK     SI      hold_clk_rise   c     SE = 0
u_ctrl/byte_idx_reg_0_      CLK     SI      setup_clk_rise  c     SE = 0
u_ctrl/byte_idx_reg_0_      CLK     SE      hold_clk_rise   c     SE = 0
u_ctrl/byte_idx_reg_0_      CLK     SE      setup_clk_rise  c     SE = 0
u_ctrl/byte_idx_reg_2_      CLK     SI      hold_clk_rise   c     SE = 0
u_ctrl/byte_idx_reg_2_      CLK     SI      setup_clk_rise  c     SE = 0
u_ctrl/byte_idx_reg_2_      CLK     SE      hold_clk_rise   c     SE = 0
u_ctrl/byte_idx_reg_2_      CLK     SE      setup_clk_rise  c     SE = 0
u_ctrl/byte_idx_reg_3_      CLK     SI      hold_clk_rise   c     SE = 0
u_ctrl/byte_idx_reg_3_      CLK     SI      setup_clk_rise  c     SE = 0
u_ctrl/byte_idx_reg_3_      CLK     SE      hold_clk_rise   c     SE = 0
u_ctrl/byte_idx_reg_3_      CLK     SE      setup_clk_rise  c     SE = 0
u_ctrl/ct_hold_div2_reg_37_ CLK     SI      hold_clk_rise   c     SE = 0
u_ctrl/ct_hold_div2_reg_37_ CLK     SI      setup_clk_rise  c     SE = 0
u_ctrl/ct_hold_div2_reg_37_ CLK     SE      hold_clk_rise   c     SE = 0
u_ctrl/ct_hold_div2_reg_37_ CLK     SE      setup_clk_rise  c     SE = 0
u_ctrl/ct_hold_div2_reg_38_ CLK     SI      hold_clk_rise   c     SE = 0
u_ctrl/ct_hold_div2_reg_38_ CLK     SI      setup_clk_rise  c     SE = 0
u_ctrl/ct_hold_div2_reg_38_ CLK     SE      hold_clk_rise   c     SE = 0
u_ctrl/ct_hold_div2_reg_38_ CLK     SE      setup_clk_rise  c     SE = 0
u_ctrl/ct_hold_div2_reg_60_ CLK     SI      hold_clk_rise   c     SE = 0
u_ctrl/ct_hold_div2_reg_60_ CLK     SI      setup_clk_rise  c     SE = 0
u_ctrl/ct_hold_div2_reg_60_ CLK     SE      hold_clk_rise   c     SE = 0
u_ctrl/ct_hold_div2_reg_60_ CLK     SE      setup_clk_rise  c     SE = 0
u_ctrl/ct_hold_div2_reg_120_
                            CLK     SI      hold_clk_rise   c     SE = 0
u_ctrl/ct_hold_div2_reg_120_
                            CLK     SI      setup_clk_rise  c     SE = 0
u_ctrl/ct_hold_div2_reg_120_
                            CLK     SE      hold_clk_rise   c     SE = 0
u_ctrl/ct_hold_div2_reg_120_
                            CLK     SE      setup_clk_rise  c     SE = 0
u_ctrl/ct_hold_div2_reg_121_
                            CLK     SI      hold_clk_rise   c     SE = 0
u_ctrl/ct_hold_div2_reg_121_
                            CLK     SI      setup_clk_rise  c     SE = 0
u_ctrl/ct_hold_div2_reg_121_
                            CLK     SE      hold_clk_rise   c     SE = 0
u_ctrl/ct_hold_div2_reg_121_
                            CLK     SE      setup_clk_rise  c     SE = 0
u_ctrl/ct_hold_div2_reg_122_
                            CLK     SI      hold_clk_rise   c     SE = 0
u_ctrl/ct_hold_div2_reg_122_
                            CLK     SI      setup_clk_rise  c     SE = 0
u_ctrl/ct_hold_div2_reg_122_
                            CLK     SE      hold_clk_rise   c     SE = 0
u_ctrl/ct_hold_div2_reg_122_
                            CLK     SE      setup_clk_rise  c     SE = 0
u_ctrl/ct_hold_div2_reg_123_
                            CLK     SI      hold_clk_rise   c     SE = 0
u_ctrl/ct_hold_div2_reg_123_
                            CLK     SI      setup_clk_rise  c     SE = 0
u_ctrl/ct_hold_div2_reg_123_
                            CLK     SE      hold_clk_rise   c     SE = 0
u_ctrl/ct_hold_div2_reg_123_
                            CLK     SE      setup_clk_rise  c     SE = 0
u_ctrl/ct_hold_div2_reg_124_
                            CLK     SI      hold_clk_rise   c     SE = 0
u_ctrl/ct_hold_div2_reg_124_
                            CLK     SI      setup_clk_rise  c     SE = 0
u_ctrl/ct_hold_div2_reg_124_
                            CLK     SE      hold_clk_rise   c     SE = 0
u_ctrl/ct_hold_div2_reg_124_
                            CLK     SE      setup_clk_rise  c     SE = 0
u_ctrl/ct_hold_div2_reg_125_
                            CLK     SI      hold_clk_rise   c     SE = 0
u_ctrl/ct_hold_div2_reg_125_
                            CLK     SI      setup_clk_rise  c     SE = 0
u_ctrl/ct_hold_div2_reg_125_
                            CLK     SE      hold_clk_rise   c     SE = 0
u_ctrl/ct_hold_div2_reg_125_
                            CLK     SE      setup_clk_rise  c     SE = 0
u_ctrl/ct_hold_div2_reg_126_
                            CLK     SI      hold_clk_rise   c     SE = 0
u_ctrl/ct_hold_div2_reg_126_
                            CLK     SI      setup_clk_rise  c     SE = 0
u_ctrl/ct_hold_div2_reg_126_
                            CLK     SE      hold_clk_rise   c     SE = 0
u_ctrl/ct_hold_div2_reg_126_
                            CLK     SE      setup_clk_rise  c     SE = 0
u_ctrl/ct_hold_div2_reg_90_ CLK     SI      hold_clk_rise   c     SE = 0
u_ctrl/ct_hold_div2_reg_90_ CLK     SI      setup_clk_rise  c     SE = 0
u_ctrl/ct_hold_div2_reg_90_ CLK     SE      hold_clk_rise   c     SE = 0
u_ctrl/ct_hold_div2_reg_90_ CLK     SE      setup_clk_rise  c     SE = 0
u_ctrl/ct_hold_div2_reg_127_
                            CLK     SI      hold_clk_rise   c     SE = 0
u_ctrl/ct_hold_div2_reg_127_
                            CLK     SI      setup_clk_rise  c     SE = 0
u_ctrl/ct_hold_div2_reg_127_
                            CLK     SE      hold_clk_rise   c     SE = 0
u_ctrl/ct_hold_div2_reg_127_
                            CLK     SE      setup_clk_rise  c     SE = 0
u_ctrl/ct_hold_div2_reg_91_ CLK     SI      hold_clk_rise   c     SE = 0
u_ctrl/ct_hold_div2_reg_91_ CLK     SI      setup_clk_rise  c     SE = 0
u_ctrl/ct_hold_div2_reg_91_ CLK     SE      hold_clk_rise   c     SE = 0
u_ctrl/ct_hold_div2_reg_91_ CLK     SE      setup_clk_rise  c     SE = 0
u_ctrl/stream_sent_div2_reg CLK     SI      hold_clk_rise   c     SE = 0
u_ctrl/stream_sent_div2_reg CLK     SI      setup_clk_rise  c     SE = 0
u_ctrl/stream_sent_div2_reg CLK     SE      hold_clk_rise   c     SE = 0
u_ctrl/stream_sent_div2_reg CLK     SE      setup_clk_rise  c     SE = 0
u_ctrl/ct_hold_div2_reg_92_ CLK     SI      hold_clk_rise   c     SE = 0
u_ctrl/ct_hold_div2_reg_92_ CLK     SI      setup_clk_rise  c     SE = 0
u_ctrl/ct_hold_div2_reg_92_ CLK     SE      hold_clk_rise   c     SE = 0
u_ctrl/ct_hold_div2_reg_92_ CLK     SE      setup_clk_rise  c     SE = 0
u_ctrl/ct_hold_div2_reg_53_ CLK     SI      hold_clk_rise   c     SE = 0
u_ctrl/ct_hold_div2_reg_53_ CLK     SI      setup_clk_rise  c     SE = 0
u_ctrl/ct_hold_div2_reg_53_ CLK     SE      hold_clk_rise   c     SE = 0
u_ctrl/ct_hold_div2_reg_53_ CLK     SE      setup_clk_rise  c     SE = 0
u_ctrl/u_crc/crc_reg_9_     CLK     SI      hold_clk_rise   c     SE = 0
u_ctrl/u_crc/crc_reg_9_     CLK     SI      setup_clk_rise  c     SE = 0
u_ctrl/u_crc/crc_reg_9_     CLK     SE      hold_clk_rise   c     SE = 0
u_ctrl/u_crc/crc_reg_9_     CLK     SE      setup_clk_rise  c     SE = 0
u_ctrl/u_crc/crc_reg_13_    CLK     SI      hold_clk_rise   c     SE = 0
u_ctrl/u_crc/crc_reg_13_    CLK     SI      setup_clk_rise  c     SE = 0
u_ctrl/u_crc/crc_reg_13_    CLK     SE      hold_clk_rise   c     SE = 0
u_ctrl/u_crc/crc_reg_13_    CLK     SE      setup_clk_rise  c     SE = 0
u_ctrl/u_crc/crc_reg_5_     CLK     SI      hold_clk_rise   c     SE = 0
u_ctrl/u_crc/crc_reg_5_     CLK     SI      setup_clk_rise  c     SE = 0
u_ctrl/u_crc/crc_reg_5_     CLK     SE      hold_clk_rise   c     SE = 0
u_ctrl/u_crc/crc_reg_5_     CLK     SE      setup_clk_rise  c     SE = 0
u_ctrl/u_crc/crc_reg_14_    CLK     SI      hold_clk_rise   c     SE = 0
u_ctrl/u_crc/crc_reg_14_    CLK     SI      setup_clk_rise  c     SE = 0
u_ctrl/u_crc/crc_reg_14_    CLK     SE      hold_clk_rise   c     SE = 0
u_ctrl/u_crc/crc_reg_14_    CLK     SE      setup_clk_rise  c     SE = 0
u_ctrl/u_crc/crc_reg_27_    CLK     SI      hold_clk_rise   c     SE = 0
u_ctrl/u_crc/crc_reg_27_    CLK     SI      setup_clk_rise  c     SE = 0
u_ctrl/u_crc/crc_reg_27_    CLK     SE      hold_clk_rise   c     SE = 0
u_ctrl/u_crc/crc_reg_27_    CLK     SE      setup_clk_rise  c     SE = 0
u_ctrl/ct_hold_div2_reg_93_ CLK     SI      hold_clk_rise   c     SE = 0
u_ctrl/ct_hold_div2_reg_93_ CLK     SI      setup_clk_rise  c     SE = 0
u_ctrl/ct_hold_div2_reg_93_ CLK     SE      hold_clk_rise   c     SE = 0
u_ctrl/ct_hold_div2_reg_93_ CLK     SE      setup_clk_rise  c     SE = 0
u_ctrl/ct_hold_div2_reg_94_ CLK     SI      hold_clk_rise   c     SE = 0
u_ctrl/ct_hold_div2_reg_94_ CLK     SI      setup_clk_rise  c     SE = 0
u_ctrl/ct_hold_div2_reg_94_ CLK     SE      hold_clk_rise   c     SE = 0
u_ctrl/ct_hold_div2_reg_94_ CLK     SE      setup_clk_rise  c     SE = 0
u_ctrl/ct_hold_div2_reg_55_ CLK     SI      hold_clk_rise   c     SE = 0
u_ctrl/ct_hold_div2_reg_55_ CLK     SI      setup_clk_rise  c     SE = 0
u_ctrl/ct_hold_div2_reg_55_ CLK     SE      hold_clk_rise   c     SE = 0
u_ctrl/ct_hold_div2_reg_55_ CLK     SE      setup_clk_rise  c     SE = 0
u_ctrl/ct_hold_div2_reg_95_ CLK     SI      hold_clk_rise   c     SE = 0
u_ctrl/ct_hold_div2_reg_95_ CLK     SI      setup_clk_rise  c     SE = 0
u_ctrl/ct_hold_div2_reg_95_ CLK     SE      hold_clk_rise   c     SE = 0
u_ctrl/ct_hold_div2_reg_95_ CLK     SE      setup_clk_rise  c     SE = 0
u_ctrl/ct_hold_div2_reg_96_ CLK     SI      hold_clk_rise   c     SE = 0
u_ctrl/ct_hold_div2_reg_96_ CLK     SI      setup_clk_rise  c     SE = 0
u_ctrl/ct_hold_div2_reg_96_ CLK     SE      hold_clk_rise   c     SE = 0
u_ctrl/ct_hold_div2_reg_96_ CLK     SE      setup_clk_rise  c     SE = 0
u_ctrl/ct_hold_div2_reg_112_
                            CLK     SI      hold_clk_rise   c     SE = 0
u_ctrl/ct_hold_div2_reg_112_
                            CLK     SI      setup_clk_rise  c     SE = 0
u_ctrl/ct_hold_div2_reg_112_
                            CLK     SE      hold_clk_rise   c     SE = 0
u_ctrl/ct_hold_div2_reg_112_
                            CLK     SE      setup_clk_rise  c     SE = 0
u_ctrl/ct_hold_div2_reg_113_
                            CLK     SI      hold_clk_rise   c     SE = 0
u_ctrl/ct_hold_div2_reg_113_
                            CLK     SI      setup_clk_rise  c     SE = 0
u_ctrl/ct_hold_div2_reg_113_
                            CLK     SE      hold_clk_rise   c     SE = 0
u_ctrl/ct_hold_div2_reg_113_
                            CLK     SE      setup_clk_rise  c     SE = 0
u_ctrl/ct_hold_div2_reg_98_ CLK     SI      hold_clk_rise   c     SE = 0
u_ctrl/ct_hold_div2_reg_98_ CLK     SI      setup_clk_rise  c     SE = 0
u_ctrl/ct_hold_div2_reg_98_ CLK     SE      hold_clk_rise   c     SE = 0
u_ctrl/ct_hold_div2_reg_98_ CLK     SE      setup_clk_rise  c     SE = 0
u_ctrl/stream_ready_div2_reg
                            CLK     SI      hold_clk_rise   c     SE = 0
u_ctrl/stream_ready_div2_reg
                            CLK     SI      setup_clk_rise  c     SE = 0
u_ctrl/stream_ready_div2_reg
                            CLK     SE      hold_clk_rise   c     SE = 0
u_ctrl/stream_ready_div2_reg
                            CLK     SE      setup_clk_rise  c     SE = 0
u_ctrl/ct_hold_div2_reg_115_
                            CLK     SI      hold_clk_rise   c     SE = 0
u_ctrl/ct_hold_div2_reg_115_
                            CLK     SI      setup_clk_rise  c     SE = 0
u_ctrl/ct_hold_div2_reg_115_
                            CLK     SE      hold_clk_rise   c     SE = 0
u_ctrl/ct_hold_div2_reg_115_
                            CLK     SE      setup_clk_rise  c     SE = 0
u_ctrl/ct_hold_div2_reg_40_ CLK     SI      hold_clk_rise   c     SE = 0
u_ctrl/ct_hold_div2_reg_40_ CLK     SI      setup_clk_rise  c     SE = 0
u_ctrl/ct_hold_div2_reg_40_ CLK     SE      hold_clk_rise   c     SE = 0
u_ctrl/ct_hold_div2_reg_40_ CLK     SE      setup_clk_rise  c     SE = 0
u_ctrl/ct_hold_div2_reg_116_
                            CLK     SI      hold_clk_rise   c     SE = 0
u_ctrl/ct_hold_div2_reg_116_
                            CLK     SI      setup_clk_rise  c     SE = 0
u_ctrl/ct_hold_div2_reg_116_
                            CLK     SE      hold_clk_rise   c     SE = 0
u_ctrl/ct_hold_div2_reg_116_
                            CLK     SE      setup_clk_rise  c     SE = 0
u_ctrl/u_aes/rkeys_reg_6_   CLK     SI      hold_clk_rise   c     SE = 0
u_ctrl/u_aes/rkeys_reg_6_   CLK     SI      setup_clk_rise  c     SE = 0
u_ctrl/u_aes/rkeys_reg_6_   CLK     SE      hold_clk_rise   c     SE = 0
u_ctrl/u_aes/rkeys_reg_6_   CLK     SE      setup_clk_rise  c     SE = 0
u_ctrl/u_aes/rkeys_reg_493_ CLK     SI      hold_clk_rise   c     SE = 0
u_ctrl/u_aes/rkeys_reg_493_ CLK     SI      setup_clk_rise  c     SE = 0
u_ctrl/u_aes/rkeys_reg_493_ CLK     SE      hold_clk_rise   c     SE = 0
u_ctrl/u_aes/rkeys_reg_493_ CLK     SE      setup_clk_rise  c     SE = 0
u_ctrl/u_aes/rkeys_reg_283_ CLK     SI      hold_clk_rise   c     SE = 0
u_ctrl/u_aes/rkeys_reg_283_ CLK     SI      setup_clk_rise  c     SE = 0
u_ctrl/u_aes/rkeys_reg_283_ CLK     SE      hold_clk_rise   c     SE = 0
u_ctrl/u_aes/rkeys_reg_283_ CLK     SE      setup_clk_rise  c     SE = 0
u_ctrl/u_aes/rkeys_reg_1209_
                            CLK     SI      hold_clk_rise   c     SE = 0
u_ctrl/u_aes/rkeys_reg_1209_
                            CLK     SI      setup_clk_rise  c     SE = 0
u_ctrl/u_aes/rkeys_reg_1209_
                            CLK     SE      hold_clk_rise   c     SE = 0
u_ctrl/u_aes/rkeys_reg_1209_
                            CLK     SE      setup_clk_rise  c     SE = 0
u_ctrl/u_aes/rkeys_reg_704_ CLK     SI      hold_clk_rise   c     SE = 0
u_ctrl/u_aes/rkeys_reg_704_ CLK     SI      setup_clk_rise  c     SE = 0
u_ctrl/u_aes/rkeys_reg_704_ CLK     SE      hold_clk_rise   c     SE = 0
u_ctrl/u_aes/rkeys_reg_704_ CLK     SE      setup_clk_rise  c     SE = 0
u_ctrl/u_aes/rkeys_reg_494_ CLK     SI      hold_clk_rise   c     SE = 0
u_ctrl/u_aes/rkeys_reg_494_ CLK     SI      setup_clk_rise  c     SE = 0
u_ctrl/u_aes/rkeys_reg_494_ CLK     SE      hold_clk_rise   c     SE = 0
u_ctrl/u_aes/rkeys_reg_494_ CLK     SE      setup_clk_rise  c     SE = 0
u_ctrl/u_aes/rkeys_reg_915_ CLK     SI      hold_clk_rise   c     SE = 0
u_ctrl/u_aes/rkeys_reg_915_ CLK     SI      setup_clk_rise  c     SE = 0
u_ctrl/u_aes/rkeys_reg_915_ CLK     SE      hold_clk_rise   c     SE = 0
u_ctrl/u_aes/rkeys_reg_915_ CLK     SE      setup_clk_rise  c     SE = 0
u_ctrl/u_aes/rkeys_reg_705_ CLK     SI      hold_clk_rise   c     SE = 0
u_ctrl/u_aes/rkeys_reg_705_ CLK     SI      setup_clk_rise  c     SE = 0
u_ctrl/u_aes/rkeys_reg_705_ CLK     SE      hold_clk_rise   c     SE = 0
u_ctrl/u_aes/rkeys_reg_705_ CLK     SE      setup_clk_rise  c     SE = 0
u_ctrl/u_aes/rkeys_reg_285_ CLK     SI      hold_clk_rise   c     SE = 0
u_ctrl/u_aes/rkeys_reg_285_ CLK     SI      setup_clk_rise  c     SE = 0
u_ctrl/u_aes/rkeys_reg_285_ CLK     SE      hold_clk_rise   c     SE = 0
u_ctrl/u_aes/rkeys_reg_285_ CLK     SE      setup_clk_rise  c     SE = 0
u_ctrl/u_aes/rkeys_reg_496_ CLK     SI      hold_clk_rise   c     SE = 0
u_ctrl/u_aes/rkeys_reg_496_ CLK     SI      setup_clk_rise  c     SE = 0
u_ctrl/u_aes/rkeys_reg_496_ CLK     SE      hold_clk_rise   c     SE = 0
u_ctrl/u_aes/rkeys_reg_496_ CLK     SE      setup_clk_rise  c     SE = 0
u_ctrl/u_aes/rkeys_reg_917_ CLK     SI      hold_clk_rise   c     SE = 0
u_ctrl/u_aes/rkeys_reg_917_ CLK     SI      setup_clk_rise  c     SE = 0
u_ctrl/u_aes/rkeys_reg_917_ CLK     SE      hold_clk_rise   c     SE = 0
u_ctrl/u_aes/rkeys_reg_917_ CLK     SE      setup_clk_rise  c     SE = 0
u_ctrl/u_aes/rkeys_reg_707_ CLK     SI      hold_clk_rise   c     SE = 0
u_ctrl/u_aes/rkeys_reg_707_ CLK     SI      setup_clk_rise  c     SE = 0
u_ctrl/u_aes/rkeys_reg_707_ CLK     SE      hold_clk_rise   c     SE = 0
u_ctrl/u_aes/rkeys_reg_707_ CLK     SE      setup_clk_rise  c     SE = 0
u_ctrl/u_aes/rkeys_reg_287_ CLK     SI      hold_clk_rise   c     SE = 0
u_ctrl/u_aes/rkeys_reg_287_ CLK     SI      setup_clk_rise  c     SE = 0
u_ctrl/u_aes/rkeys_reg_287_ CLK     SE      hold_clk_rise   c     SE = 0
u_ctrl/u_aes/rkeys_reg_287_ CLK     SE      setup_clk_rise  c     SE = 0
u_ctrl/u_aes/rkeys_reg_709_ CLK     SI      hold_clk_rise   c     SE = 0
u_ctrl/u_aes/rkeys_reg_709_ CLK     SI      setup_clk_rise  c     SE = 0
u_ctrl/u_aes/rkeys_reg_709_ CLK     SE      hold_clk_rise   c     SE = 0
u_ctrl/u_aes/rkeys_reg_709_ CLK     SE      setup_clk_rise  c     SE = 0
u_ctrl/u_aes/rkeys_reg_499_ CLK     SI      hold_clk_rise   c     SE = 0
u_ctrl/u_aes/rkeys_reg_499_ CLK     SI      setup_clk_rise  c     SE = 0
u_ctrl/u_aes/rkeys_reg_499_ CLK     SE      hold_clk_rise   c     SE = 0
u_ctrl/u_aes/rkeys_reg_499_ CLK     SE      setup_clk_rise  c     SE = 0
u_ctrl/u_aes/rkeys_reg_1100_
                            CLK     SI      hold_clk_rise   c     SE = 0
u_ctrl/u_aes/rkeys_reg_1100_
                            CLK     SI      setup_clk_rise  c     SE = 0
u_ctrl/u_aes/rkeys_reg_1100_
                            CLK     SE      hold_clk_rise   c     SE = 0
u_ctrl/u_aes/rkeys_reg_1100_
                            CLK     SE      setup_clk_rise  c     SE = 0
u_ctrl/u_aes/rkeys_reg_1101_
                            CLK     SI      hold_clk_rise   c     SE = 0
u_ctrl/u_aes/rkeys_reg_1101_
                            CLK     SI      setup_clk_rise  c     SE = 0
u_ctrl/u_aes/rkeys_reg_1101_
                            CLK     SE      hold_clk_rise   c     SE = 0
u_ctrl/u_aes/rkeys_reg_1101_
                            CLK     SE      setup_clk_rise  c     SE = 0
u_ctrl/u_aes/rkeys_reg_1312_
                            CLK     SI      hold_clk_rise   c     SE = 0
u_ctrl/u_aes/rkeys_reg_1312_
                            CLK     SI      setup_clk_rise  c     SE = 0
u_ctrl/u_aes/rkeys_reg_1312_
                            CLK     SE      hold_clk_rise   c     SE = 0
u_ctrl/u_aes/rkeys_reg_1312_
                            CLK     SE      setup_clk_rise  c     SE = 0
u_ctrl/u_aes/rkeys_reg_1313_
                            CLK     SI      hold_clk_rise   c     SE = 0
u_ctrl/u_aes/rkeys_reg_1313_
                            CLK     SI      setup_clk_rise  c     SE = 0
u_ctrl/u_aes/rkeys_reg_1313_
                            CLK     SE      hold_clk_rise   c     SE = 0
u_ctrl/u_aes/rkeys_reg_1313_
                            CLK     SE      setup_clk_rise  c     SE = 0
u_ctrl/u_aes/rkeys_reg_1103_
                            CLK     SI      hold_clk_rise   c     SE = 0
u_ctrl/u_aes/rkeys_reg_1103_
                            CLK     SI      setup_clk_rise  c     SE = 0
u_ctrl/u_aes/rkeys_reg_1103_
                            CLK     SE      hold_clk_rise   c     SE = 0
u_ctrl/u_aes/rkeys_reg_1103_
                            CLK     SE      setup_clk_rise  c     SE = 0
u_ctrl/u_aes/rkeys_reg_1104_
                            CLK     SI      hold_clk_rise   c     SE = 0
u_ctrl/u_aes/rkeys_reg_1104_
                            CLK     SI      setup_clk_rise  c     SE = 0
u_ctrl/u_aes/rkeys_reg_1104_
                            CLK     SE      hold_clk_rise   c     SE = 0
u_ctrl/u_aes/rkeys_reg_1104_
                            CLK     SE      setup_clk_rise  c     SE = 0
u_ctrl/u_aes/rkeys_reg_1315_
                            CLK     SI      hold_clk_rise   c     SE = 0
u_ctrl/u_aes/rkeys_reg_1315_
                            CLK     SI      setup_clk_rise  c     SE = 0
u_ctrl/u_aes/rkeys_reg_1315_
                            CLK     SE      hold_clk_rise   c     SE = 0
u_ctrl/u_aes/rkeys_reg_1315_
                            CLK     SE      setup_clk_rise  c     SE = 0
u_ctrl/u_aes/rkeys_reg_600_ CLK     SI      hold_clk_rise   c     SE = 0
u_ctrl/u_aes/rkeys_reg_600_ CLK     SI      setup_clk_rise  c     SE = 0
u_ctrl/u_aes/rkeys_reg_600_ CLK     SE      hold_clk_rise   c     SE = 0
u_ctrl/u_aes/rkeys_reg_600_ CLK     SE      setup_clk_rise  c     SE = 0
u_ctrl/u_aes/rkeys_reg_180_ CLK     SI      hold_clk_rise   c     SE = 0
u_ctrl/u_aes/rkeys_reg_180_ CLK     SI      setup_clk_rise  c     SE = 0
u_ctrl/u_aes/rkeys_reg_180_ CLK     SE      hold_clk_rise   c     SE = 0
u_ctrl/u_aes/rkeys_reg_180_ CLK     SE      setup_clk_rise  c     SE = 0
u_ctrl/u_aes/rkeys_reg_1106_
                            CLK     SI      hold_clk_rise   c     SE = 0
u_ctrl/u_aes/rkeys_reg_1106_
                            CLK     SI      setup_clk_rise  c     SE = 0
u_ctrl/u_aes/rkeys_reg_1106_
                            CLK     SE      hold_clk_rise   c     SE = 0
u_ctrl/u_aes/rkeys_reg_1106_
                            CLK     SE      setup_clk_rise  c     SE = 0
u_ctrl/u_aes/rkeys_reg_601_ CLK     SI      hold_clk_rise   c     SE = 0
u_ctrl/u_aes/rkeys_reg_601_ CLK     SI      setup_clk_rise  c     SE = 0
u_ctrl/u_aes/rkeys_reg_601_ CLK     SE      hold_clk_rise   c     SE = 0
u_ctrl/u_aes/rkeys_reg_601_ CLK     SE      setup_clk_rise  c     SE = 0
u_ctrl/u_aes/rkeys_reg_1107_
                            CLK     SI      hold_clk_rise   c     SE = 0
u_ctrl/u_aes/rkeys_reg_1107_
                            CLK     SI      setup_clk_rise  c     SE = 0
u_ctrl/u_aes/rkeys_reg_1107_
                            CLK     SE      hold_clk_rise   c     SE = 0
u_ctrl/u_aes/rkeys_reg_1107_
                            CLK     SE      setup_clk_rise  c     SE = 0
u_ctrl/u_aes/rkeys_reg_812_ CLK     SI      hold_clk_rise   c     SE = 0
u_ctrl/u_aes/rkeys_reg_812_ CLK     SI      setup_clk_rise  c     SE = 0
u_ctrl/u_aes/rkeys_reg_812_ CLK     SE      hold_clk_rise   c     SE = 0
u_ctrl/u_aes/rkeys_reg_812_ CLK     SE      setup_clk_rise  c     SE = 0
u_ctrl/u_aes/rkeys_reg_602_ CLK     SI      hold_clk_rise   c     SE = 0
u_ctrl/u_aes/rkeys_reg_602_ CLK     SI      setup_clk_rise  c     SE = 0
u_ctrl/u_aes/rkeys_reg_602_ CLK     SE      hold_clk_rise   c     SE = 0
u_ctrl/u_aes/rkeys_reg_602_ CLK     SE      setup_clk_rise  c     SE = 0
u_ctrl/u_aes/rkeys_reg_1108_
                            CLK     SI      hold_clk_rise   c     SE = 0
u_ctrl/u_aes/rkeys_reg_1108_
                            CLK     SI      setup_clk_rise  c     SE = 0
u_ctrl/u_aes/rkeys_reg_1108_
                            CLK     SE      hold_clk_rise   c     SE = 0
u_ctrl/u_aes/rkeys_reg_1108_
                            CLK     SE      setup_clk_rise  c     SE = 0
u_ctrl/u_aes/rkeys_reg_813_ CLK     SI      hold_clk_rise   c     SE = 0
u_ctrl/u_aes/rkeys_reg_813_ CLK     SI      setup_clk_rise  c     SE = 0
u_ctrl/u_aes/rkeys_reg_813_ CLK     SE      hold_clk_rise   c     SE = 0
u_ctrl/u_aes/rkeys_reg_813_ CLK     SE      setup_clk_rise  c     SE = 0
u_ctrl/u_aes/rkeys_reg_183_ CLK     SI      hold_clk_rise   c     SE = 0
u_ctrl/u_aes/rkeys_reg_183_ CLK     SI      setup_clk_rise  c     SE = 0
u_ctrl/u_aes/rkeys_reg_183_ CLK     SE      hold_clk_rise   c     SE = 0
u_ctrl/u_aes/rkeys_reg_183_ CLK     SE      setup_clk_rise  c     SE = 0
u_ctrl/u_aes/rkeys_reg_1109_
                            CLK     SI      hold_clk_rise   c     SE = 0
u_ctrl/u_aes/rkeys_reg_1109_
                            CLK     SI      setup_clk_rise  c     SE = 0
u_ctrl/u_aes/rkeys_reg_1109_
                            CLK     SE      hold_clk_rise   c     SE = 0
u_ctrl/u_aes/rkeys_reg_1109_
                            CLK     SE      setup_clk_rise  c     SE = 0
u_ctrl/u_aes/rkeys_reg_604_ CLK     SI      hold_clk_rise   c     SE = 0
u_ctrl/u_aes/rkeys_reg_604_ CLK     SI      setup_clk_rise  c     SE = 0
u_ctrl/u_aes/rkeys_reg_604_ CLK     SE      hold_clk_rise   c     SE = 0
u_ctrl/u_aes/rkeys_reg_604_ CLK     SE      setup_clk_rise  c     SE = 0
u_ctrl/u_aes/rkeys_reg_605_ CLK     SI      hold_clk_rise   c     SE = 0
u_ctrl/u_aes/rkeys_reg_605_ CLK     SI      setup_clk_rise  c     SE = 0
u_ctrl/u_aes/rkeys_reg_605_ CLK     SE      hold_clk_rise   c     SE = 0
u_ctrl/u_aes/rkeys_reg_605_ CLK     SE      setup_clk_rise  c     SE = 0
u_ctrl/u_aes/rkeys_reg_606_ CLK     SI      hold_clk_rise   c     SE = 0
u_ctrl/u_aes/rkeys_reg_606_ CLK     SI      setup_clk_rise  c     SE = 0
u_ctrl/u_aes/rkeys_reg_606_ CLK     SE      hold_clk_rise   c     SE = 0
u_ctrl/u_aes/rkeys_reg_606_ CLK     SE      setup_clk_rise  c     SE = 0
u_ctrl/u_aes/rkeys_reg_607_ CLK     SI      hold_clk_rise   c     SE = 0
u_ctrl/u_aes/rkeys_reg_607_ CLK     SI      setup_clk_rise  c     SE = 0
u_ctrl/u_aes/rkeys_reg_607_ CLK     SE      hold_clk_rise   c     SE = 0
u_ctrl/u_aes/rkeys_reg_607_ CLK     SE      setup_clk_rise  c     SE = 0
u_ctrl/u_aes/rkeys_reg_818_ CLK     SI      hold_clk_rise   c     SE = 0
u_ctrl/u_aes/rkeys_reg_818_ CLK     SI      setup_clk_rise  c     SE = 0
u_ctrl/u_aes/rkeys_reg_818_ CLK     SE      hold_clk_rise   c     SE = 0
u_ctrl/u_aes/rkeys_reg_818_ CLK     SE      setup_clk_rise  c     SE = 0
u_ctrl/u_aes/rkeys_reg_608_ CLK     SI      hold_clk_rise   c     SE = 0
u_ctrl/u_aes/rkeys_reg_608_ CLK     SI      setup_clk_rise  c     SE = 0
u_ctrl/u_aes/rkeys_reg_608_ CLK     SE      hold_clk_rise   c     SE = 0
u_ctrl/u_aes/rkeys_reg_608_ CLK     SE      setup_clk_rise  c     SE = 0
u_ctrl/u_aes/rkeys_reg_398_ CLK     SI      hold_clk_rise   c     SE = 0
u_ctrl/u_aes/rkeys_reg_398_ CLK     SI      setup_clk_rise  c     SE = 0
u_ctrl/u_aes/rkeys_reg_398_ CLK     SE      hold_clk_rise   c     SE = 0
u_ctrl/u_aes/rkeys_reg_398_ CLK     SE      setup_clk_rise  c     SE = 0
u_ctrl/u_aes/rkeys_reg_188_ CLK     SI      hold_clk_rise   c     SE = 0
u_ctrl/u_aes/rkeys_reg_188_ CLK     SI      setup_clk_rise  c     SE = 0
u_ctrl/u_aes/rkeys_reg_188_ CLK     SE      hold_clk_rise   c     SE = 0
u_ctrl/u_aes/rkeys_reg_188_ CLK     SE      setup_clk_rise  c     SE = 0
u_ctrl/u_aes/rkeys_reg_819_ CLK     SI      hold_clk_rise   c     SE = 0
u_ctrl/u_aes/rkeys_reg_819_ CLK     SI      setup_clk_rise  c     SE = 0
u_ctrl/u_aes/rkeys_reg_819_ CLK     SE      hold_clk_rise   c     SE = 0
u_ctrl/u_aes/rkeys_reg_819_ CLK     SE      setup_clk_rise  c     SE = 0
u_ctrl/u_aes/rkeys_reg_399_ CLK     SI      hold_clk_rise   c     SE = 0
u_ctrl/u_aes/rkeys_reg_399_ CLK     SI      setup_clk_rise  c     SE = 0
u_ctrl/u_aes/rkeys_reg_399_ CLK     SE      hold_clk_rise   c     SE = 0
u_ctrl/u_aes/rkeys_reg_399_ CLK     SE      setup_clk_rise  c     SE = 0
u_ctrl/u_aes/rkeys_reg_13_  CLK     SI      hold_clk_rise   c     SE = 0
u_ctrl/u_aes/rkeys_reg_13_  CLK     SI      setup_clk_rise  c     SE = 0
u_ctrl/u_aes/rkeys_reg_13_  CLK     SE      hold_clk_rise   c     SE = 0
u_ctrl/u_aes/rkeys_reg_13_  CLK     SE      setup_clk_rise  c     SE = 0
u_ctrl/u_aes/rkeys_reg_1211_
                            CLK     SI      hold_clk_rise   c     SE = 0
u_ctrl/u_aes/rkeys_reg_1211_
                            CLK     SI      setup_clk_rise  c     SE = 0
u_ctrl/u_aes/rkeys_reg_1211_
                            CLK     SE      hold_clk_rise   c     SE = 0
u_ctrl/u_aes/rkeys_reg_1211_
                            CLK     SE      setup_clk_rise  c     SE = 0
u_ctrl/u_aes/rkeys_reg_1212_
                            CLK     SI      hold_clk_rise   c     SE = 0
u_ctrl/u_aes/rkeys_reg_1212_
                            CLK     SI      setup_clk_rise  c     SE = 0
u_ctrl/u_aes/rkeys_reg_1212_
                            CLK     SE      hold_clk_rise   c     SE = 0
u_ctrl/u_aes/rkeys_reg_1212_
                            CLK     SE      setup_clk_rise  c     SE = 0
u_ctrl/u_aes/rkeys_reg_1002_
                            CLK     SI      hold_clk_rise   c     SE = 0
u_ctrl/u_aes/rkeys_reg_1002_
                            CLK     SI      setup_clk_rise  c     SE = 0
u_ctrl/u_aes/rkeys_reg_1002_
                            CLK     SE      hold_clk_rise   c     SE = 0
u_ctrl/u_aes/rkeys_reg_1002_
                            CLK     SE      setup_clk_rise  c     SE = 0
u_ctrl/u_aes/rkeys_reg_1214_
                            CLK     SI      hold_clk_rise   c     SE = 0
u_ctrl/u_aes/rkeys_reg_1214_
                            CLK     SI      setup_clk_rise  c     SE = 0
u_ctrl/u_aes/rkeys_reg_1214_
                            CLK     SE      hold_clk_rise   c     SE = 0
u_ctrl/u_aes/rkeys_reg_1214_
                            CLK     SE      setup_clk_rise  c     SE = 0
u_ctrl/u_aes/rkeys_reg_1004_
                            CLK     SI      hold_clk_rise   c     SE = 0
u_ctrl/u_aes/rkeys_reg_1004_
                            CLK     SI      setup_clk_rise  c     SE = 0
u_ctrl/u_aes/rkeys_reg_1004_
                            CLK     SE      hold_clk_rise   c     SE = 0
u_ctrl/u_aes/rkeys_reg_1004_
                            CLK     SE      setup_clk_rise  c     SE = 0
u_ctrl/u_aes/rkeys_reg_1215_
                            CLK     SI      hold_clk_rise   c     SE = 0
u_ctrl/u_aes/rkeys_reg_1215_
                            CLK     SI      setup_clk_rise  c     SE = 0
u_ctrl/u_aes/rkeys_reg_1215_
                            CLK     SE      hold_clk_rise   c     SE = 0
u_ctrl/u_aes/rkeys_reg_1215_
                            CLK     SE      setup_clk_rise  c     SE = 0
u_ctrl/u_aes/rkeys_reg_1005_
                            CLK     SI      hold_clk_rise   c     SE = 0
u_ctrl/u_aes/rkeys_reg_1005_
                            CLK     SI      setup_clk_rise  c     SE = 0
u_ctrl/u_aes/rkeys_reg_1005_
                            CLK     SE      hold_clk_rise   c     SE = 0
u_ctrl/u_aes/rkeys_reg_1005_
                            CLK     SE      setup_clk_rise  c     SE = 0
u_ctrl/u_aes/rkeys_reg_710_ CLK     SI      hold_clk_rise   c     SE = 0
u_ctrl/u_aes/rkeys_reg_710_ CLK     SI      setup_clk_rise  c     SE = 0
u_ctrl/u_aes/rkeys_reg_710_ CLK     SE      hold_clk_rise   c     SE = 0
u_ctrl/u_aes/rkeys_reg_710_ CLK     SE      setup_clk_rise  c     SE = 0
u_ctrl/u_aes/rkeys_reg_500_ CLK     SI      hold_clk_rise   c     SE = 0
u_ctrl/u_aes/rkeys_reg_500_ CLK     SI      setup_clk_rise  c     SE = 0
u_ctrl/u_aes/rkeys_reg_500_ CLK     SE      hold_clk_rise   c     SE = 0
u_ctrl/u_aes/rkeys_reg_500_ CLK     SE      setup_clk_rise  c     SE = 0
u_ctrl/u_aes/rkeys_reg_290_ CLK     SI      hold_clk_rise   c     SE = 0
u_ctrl/u_aes/rkeys_reg_290_ CLK     SI      setup_clk_rise  c     SE = 0
u_ctrl/u_aes/rkeys_reg_290_ CLK     SE      hold_clk_rise   c     SE = 0
u_ctrl/u_aes/rkeys_reg_290_ CLK     SE      setup_clk_rise  c     SE = 0
u_ctrl/u_aes/rkeys_reg_1006_
                            CLK     SI      hold_clk_rise   c     SE = 0
u_ctrl/u_aes/rkeys_reg_1006_
                            CLK     SI      setup_clk_rise  c     SE = 0
u_ctrl/u_aes/rkeys_reg_1006_
                            CLK     SE      hold_clk_rise   c     SE = 0
u_ctrl/u_aes/rkeys_reg_1006_
                            CLK     SE      setup_clk_rise  c     SE = 0
u_ctrl/u_aes/rkeys_reg_711_ CLK     SI      hold_clk_rise   c     SE = 0
u_ctrl/u_aes/rkeys_reg_711_ CLK     SI      setup_clk_rise  c     SE = 0
u_ctrl/u_aes/rkeys_reg_711_ CLK     SE      hold_clk_rise   c     SE = 0
u_ctrl/u_aes/rkeys_reg_711_ CLK     SE      setup_clk_rise  c     SE = 0
u_ctrl/u_aes/rkeys_reg_501_ CLK     SI      hold_clk_rise   c     SE = 0
u_ctrl/u_aes/rkeys_reg_501_ CLK     SI      setup_clk_rise  c     SE = 0
u_ctrl/u_aes/rkeys_reg_501_ CLK     SE      hold_clk_rise   c     SE = 0
u_ctrl/u_aes/rkeys_reg_501_ CLK     SE      setup_clk_rise  c     SE = 0
u_ctrl/u_aes/rkeys_reg_1217_
                            CLK     SI      hold_clk_rise   c     SE = 0
u_ctrl/u_aes/rkeys_reg_1217_
                            CLK     SI      setup_clk_rise  c     SE = 0
u_ctrl/u_aes/rkeys_reg_1217_
                            CLK     SE      hold_clk_rise   c     SE = 0
u_ctrl/u_aes/rkeys_reg_1217_
                            CLK     SE      setup_clk_rise  c     SE = 0
u_ctrl/u_aes/rkeys_reg_922_ CLK     SI      hold_clk_rise   c     SE = 0
u_ctrl/u_aes/rkeys_reg_922_ CLK     SI      setup_clk_rise  c     SE = 0
u_ctrl/u_aes/rkeys_reg_922_ CLK     SE      hold_clk_rise   c     SE = 0
u_ctrl/u_aes/rkeys_reg_922_ CLK     SE      setup_clk_rise  c     SE = 0
u_ctrl/u_aes/rkeys_reg_712_ CLK     SI      hold_clk_rise   c     SE = 0
u_ctrl/u_aes/rkeys_reg_712_ CLK     SI      setup_clk_rise  c     SE = 0
u_ctrl/u_aes/rkeys_reg_712_ CLK     SE      hold_clk_rise   c     SE = 0
u_ctrl/u_aes/rkeys_reg_712_ CLK     SE      setup_clk_rise  c     SE = 0
u_ctrl/u_aes/rkeys_reg_502_ CLK     SI      hold_clk_rise   c     SE = 0
u_ctrl/u_aes/rkeys_reg_502_ CLK     SI      setup_clk_rise  c     SE = 0
u_ctrl/u_aes/rkeys_reg_502_ CLK     SE      hold_clk_rise   c     SE = 0
u_ctrl/u_aes/rkeys_reg_502_ CLK     SE      setup_clk_rise  c     SE = 0
u_ctrl/u_aes/rkeys_reg_292_ CLK     SI      hold_clk_rise   c     SE = 0
u_ctrl/u_aes/rkeys_reg_292_ CLK     SI      setup_clk_rise  c     SE = 0
u_ctrl/u_aes/rkeys_reg_292_ CLK     SE      hold_clk_rise   c     SE = 0
u_ctrl/u_aes/rkeys_reg_292_ CLK     SE      setup_clk_rise  c     SE = 0
u_ctrl/u_aes/rkeys_reg_1008_
                            CLK     SI      hold_clk_rise   c     SE = 0
u_ctrl/u_aes/rkeys_reg_1008_
                            CLK     SI      setup_clk_rise  c     SE = 0
u_ctrl/u_aes/rkeys_reg_1008_
                            CLK     SE      hold_clk_rise   c     SE = 0
u_ctrl/u_aes/rkeys_reg_1008_
                            CLK     SE      setup_clk_rise  c     SE = 0
u_ctrl/u_aes/rkeys_reg_503_ CLK     SI      hold_clk_rise   c     SE = 0
u_ctrl/u_aes/rkeys_reg_503_ CLK     SI      setup_clk_rise  c     SE = 0
u_ctrl/u_aes/rkeys_reg_503_ CLK     SE      hold_clk_rise   c     SE = 0
u_ctrl/u_aes/rkeys_reg_503_ CLK     SE      setup_clk_rise  c     SE = 0
u_ctrl/u_aes/rkeys_reg_293_ CLK     SI      hold_clk_rise   c     SE = 0
u_ctrl/u_aes/rkeys_reg_293_ CLK     SI      setup_clk_rise  c     SE = 0
u_ctrl/u_aes/rkeys_reg_293_ CLK     SE      hold_clk_rise   c     SE = 0
u_ctrl/u_aes/rkeys_reg_293_ CLK     SE      setup_clk_rise  c     SE = 0
u_ctrl/u_aes/rkeys_reg_1219_
                            CLK     SI      hold_clk_rise   c     SE = 0
u_ctrl/u_aes/rkeys_reg_1219_
                            CLK     SI      setup_clk_rise  c     SE = 0
u_ctrl/u_aes/rkeys_reg_1219_
                            CLK     SE      hold_clk_rise   c     SE = 0
u_ctrl/u_aes/rkeys_reg_1219_
                            CLK     SE      setup_clk_rise  c     SE = 0
u_ctrl/u_aes/rkeys_reg_1009_
                            CLK     SI      hold_clk_rise   c     SE = 0
u_ctrl/u_aes/rkeys_reg_1009_
                            CLK     SI      setup_clk_rise  c     SE = 0
u_ctrl/u_aes/rkeys_reg_1009_
                            CLK     SE      hold_clk_rise   c     SE = 0
u_ctrl/u_aes/rkeys_reg_1009_
                            CLK     SE      setup_clk_rise  c     SE = 0
u_ctrl/u_aes/rkeys_reg_714_ CLK     SI      hold_clk_rise   c     SE = 0
u_ctrl/u_aes/rkeys_reg_714_ CLK     SI      setup_clk_rise  c     SE = 0
u_ctrl/u_aes/rkeys_reg_714_ CLK     SE      hold_clk_rise   c     SE = 0
u_ctrl/u_aes/rkeys_reg_714_ CLK     SE      setup_clk_rise  c     SE = 0
u_ctrl/u_aes/rkeys_reg_294_ CLK     SI      hold_clk_rise   c     SE = 0
u_ctrl/u_aes/rkeys_reg_294_ CLK     SI      setup_clk_rise  c     SE = 0
u_ctrl/u_aes/rkeys_reg_294_ CLK     SE      hold_clk_rise   c     SE = 0
u_ctrl/u_aes/rkeys_reg_294_ CLK     SE      setup_clk_rise  c     SE = 0
u_ctrl/u_aes/rkeys_reg_715_ CLK     SI      hold_clk_rise   c     SE = 0
u_ctrl/u_aes/rkeys_reg_715_ CLK     SI      setup_clk_rise  c     SE = 0
u_ctrl/u_aes/rkeys_reg_715_ CLK     SE      hold_clk_rise   c     SE = 0
u_ctrl/u_aes/rkeys_reg_715_ CLK     SE      setup_clk_rise  c     SE = 0
u_ctrl/u_aes/rkeys_reg_295_ CLK     SI      hold_clk_rise   c     SE = 0
u_ctrl/u_aes/rkeys_reg_295_ CLK     SI      setup_clk_rise  c     SE = 0
u_ctrl/u_aes/rkeys_reg_295_ CLK     SE      hold_clk_rise   c     SE = 0
u_ctrl/u_aes/rkeys_reg_295_ CLK     SE      setup_clk_rise  c     SE = 0
u_ctrl/u_aes/rkeys_reg_716_ CLK     SI      hold_clk_rise   c     SE = 0
u_ctrl/u_aes/rkeys_reg_716_ CLK     SI      setup_clk_rise  c     SE = 0
u_ctrl/u_aes/rkeys_reg_716_ CLK     SE      hold_clk_rise   c     SE = 0
u_ctrl/u_aes/rkeys_reg_716_ CLK     SE      setup_clk_rise  c     SE = 0
u_ctrl/u_aes/rkeys_reg_506_ CLK     SI      hold_clk_rise   c     SE = 0
u_ctrl/u_aes/rkeys_reg_506_ CLK     SI      setup_clk_rise  c     SE = 0
u_ctrl/u_aes/rkeys_reg_506_ CLK     SE      hold_clk_rise   c     SE = 0
u_ctrl/u_aes/rkeys_reg_506_ CLK     SE      setup_clk_rise  c     SE = 0
u_ctrl/u_aes/rkeys_reg_297_ CLK     SI      hold_clk_rise   c     SE = 0
u_ctrl/u_aes/rkeys_reg_297_ CLK     SI      setup_clk_rise  c     SE = 0
u_ctrl/u_aes/rkeys_reg_297_ CLK     SE      hold_clk_rise   c     SE = 0
u_ctrl/u_aes/rkeys_reg_297_ CLK     SE      setup_clk_rise  c     SE = 0
u_ctrl/u_aes/rkeys_reg_928_ CLK     SI      hold_clk_rise   c     SE = 0
u_ctrl/u_aes/rkeys_reg_928_ CLK     SI      setup_clk_rise  c     SE = 0
u_ctrl/u_aes/rkeys_reg_928_ CLK     SE      hold_clk_rise   c     SE = 0
u_ctrl/u_aes/rkeys_reg_928_ CLK     SE      setup_clk_rise  c     SE = 0
u_ctrl/u_aes/rkeys_reg_508_ CLK     SI      hold_clk_rise   c     SE = 0
u_ctrl/u_aes/rkeys_reg_508_ CLK     SI      setup_clk_rise  c     SE = 0
u_ctrl/u_aes/rkeys_reg_508_ CLK     SE      hold_clk_rise   c     SE = 0
u_ctrl/u_aes/rkeys_reg_508_ CLK     SE      setup_clk_rise  c     SE = 0
u_ctrl/u_aes/rkeys_reg_929_ CLK     SI      hold_clk_rise   c     SE = 0
u_ctrl/u_aes/rkeys_reg_929_ CLK     SI      setup_clk_rise  c     SE = 0
u_ctrl/u_aes/rkeys_reg_929_ CLK     SE      hold_clk_rise   c     SE = 0
u_ctrl/u_aes/rkeys_reg_929_ CLK     SE      setup_clk_rise  c     SE = 0
u_ctrl/u_aes/rkeys_reg_719_ CLK     SI      hold_clk_rise   c     SE = 0
u_ctrl/u_aes/rkeys_reg_719_ CLK     SI      setup_clk_rise  c     SE = 0
u_ctrl/u_aes/rkeys_reg_719_ CLK     SE      hold_clk_rise   c     SE = 0
u_ctrl/u_aes/rkeys_reg_719_ CLK     SE      setup_clk_rise  c     SE = 0
u_ctrl/u_aes/rkeys_reg_299_ CLK     SI      hold_clk_rise   c     SE = 0
u_ctrl/u_aes/rkeys_reg_299_ CLK     SI      setup_clk_rise  c     SE = 0
u_ctrl/u_aes/rkeys_reg_299_ CLK     SE      hold_clk_rise   c     SE = 0
u_ctrl/u_aes/rkeys_reg_299_ CLK     SE      setup_clk_rise  c     SE = 0
u_ctrl/u_aes/rkeys_reg_1321_
                            CLK     SI      hold_clk_rise   c     SE = 0
u_ctrl/u_aes/rkeys_reg_1321_
                            CLK     SI      setup_clk_rise  c     SE = 0
u_ctrl/u_aes/rkeys_reg_1321_
                            CLK     SE      hold_clk_rise   c     SE = 0
u_ctrl/u_aes/rkeys_reg_1321_
                            CLK     SE      setup_clk_rise  c     SE = 0
u_ctrl/u_aes/rkeys_reg_1323_
                            CLK     SI      hold_clk_rise   c     SE = 0
u_ctrl/u_aes/rkeys_reg_1323_
                            CLK     SI      setup_clk_rise  c     SE = 0
u_ctrl/u_aes/rkeys_reg_1323_
                            CLK     SE      hold_clk_rise   c     SE = 0
u_ctrl/u_aes/rkeys_reg_1323_
                            CLK     SE      setup_clk_rise  c     SE = 0
u_ctrl/u_aes/rkeys_reg_1114_
                            CLK     SI      hold_clk_rise   c     SE = 0
u_ctrl/u_aes/rkeys_reg_1114_
                            CLK     SI      setup_clk_rise  c     SE = 0
u_ctrl/u_aes/rkeys_reg_1114_
                            CLK     SE      hold_clk_rise   c     SE = 0
u_ctrl/u_aes/rkeys_reg_1114_
                            CLK     SE      setup_clk_rise  c     SE = 0
u_ctrl/u_aes/rkeys_reg_610_ CLK     SI      hold_clk_rise   c     SE = 0
u_ctrl/u_aes/rkeys_reg_610_ CLK     SI      setup_clk_rise  c     SE = 0
u_ctrl/u_aes/rkeys_reg_610_ CLK     SE      hold_clk_rise   c     SE = 0
u_ctrl/u_aes/rkeys_reg_610_ CLK     SE      setup_clk_rise  c     SE = 0
u_ctrl/u_aes/rkeys_reg_400_ CLK     SI      hold_clk_rise   c     SE = 0
u_ctrl/u_aes/rkeys_reg_400_ CLK     SI      setup_clk_rise  c     SE = 0
u_ctrl/u_aes/rkeys_reg_400_ CLK     SE      hold_clk_rise   c     SE = 0
u_ctrl/u_aes/rkeys_reg_400_ CLK     SE      setup_clk_rise  c     SE = 0
u_ctrl/u_aes/rkeys_reg_821_ CLK     SI      hold_clk_rise   c     SE = 0
u_ctrl/u_aes/rkeys_reg_821_ CLK     SI      setup_clk_rise  c     SE = 0
u_ctrl/u_aes/rkeys_reg_821_ CLK     SE      hold_clk_rise   c     SE = 0
u_ctrl/u_aes/rkeys_reg_821_ CLK     SE      setup_clk_rise  c     SE = 0
u_ctrl/u_aes/rkeys_reg_611_ CLK     SI      hold_clk_rise   c     SE = 0
u_ctrl/u_aes/rkeys_reg_611_ CLK     SI      setup_clk_rise  c     SE = 0
u_ctrl/u_aes/rkeys_reg_611_ CLK     SE      hold_clk_rise   c     SE = 0
u_ctrl/u_aes/rkeys_reg_611_ CLK     SE      setup_clk_rise  c     SE = 0
u_ctrl/u_aes/rkeys_reg_1117_
                            CLK     SI      hold_clk_rise   c     SE = 0
u_ctrl/u_aes/rkeys_reg_1117_
                            CLK     SI      setup_clk_rise  c     SE = 0
u_ctrl/u_aes/rkeys_reg_1117_
                            CLK     SE      hold_clk_rise   c     SE = 0
u_ctrl/u_aes/rkeys_reg_1117_
                            CLK     SE      setup_clk_rise  c     SE = 0
u_ctrl/u_aes/rkeys_reg_822_ CLK     SI      hold_clk_rise   c     SE = 0
u_ctrl/u_aes/rkeys_reg_822_ CLK     SI      setup_clk_rise  c     SE = 0
u_ctrl/u_aes/rkeys_reg_822_ CLK     SE      hold_clk_rise   c     SE = 0
u_ctrl/u_aes/rkeys_reg_822_ CLK     SE      setup_clk_rise  c     SE = 0
u_ctrl/u_aes/rkeys_reg_612_ CLK     SI      hold_clk_rise   c     SE = 0
u_ctrl/u_aes/rkeys_reg_612_ CLK     SI      setup_clk_rise  c     SE = 0
u_ctrl/u_aes/rkeys_reg_612_ CLK     SE      hold_clk_rise   c     SE = 0
u_ctrl/u_aes/rkeys_reg_612_ CLK     SE      setup_clk_rise  c     SE = 0
u_ctrl/u_aes/rkeys_reg_1328_
                            CLK     SI      hold_clk_rise   c     SE = 0
u_ctrl/u_aes/rkeys_reg_1328_
                            CLK     SI      setup_clk_rise  c     SE = 0
u_ctrl/u_aes/rkeys_reg_1328_
                            CLK     SE      hold_clk_rise   c     SE = 0
u_ctrl/u_aes/rkeys_reg_1328_
                            CLK     SE      setup_clk_rise  c     SE = 0
u_ctrl/u_aes/rkeys_reg_1118_
                            CLK     SI      hold_clk_rise   c     SE = 0
u_ctrl/u_aes/rkeys_reg_1118_
                            CLK     SI      setup_clk_rise  c     SE = 0
u_ctrl/u_aes/rkeys_reg_1118_
                            CLK     SE      hold_clk_rise   c     SE = 0
u_ctrl/u_aes/rkeys_reg_1118_
                            CLK     SE      setup_clk_rise  c     SE = 0
u_ctrl/u_aes/rkeys_reg_613_ CLK     SI      hold_clk_rise   c     SE = 0
u_ctrl/u_aes/rkeys_reg_613_ CLK     SI      setup_clk_rise  c     SE = 0
u_ctrl/u_aes/rkeys_reg_613_ CLK     SE      hold_clk_rise   c     SE = 0
u_ctrl/u_aes/rkeys_reg_613_ CLK     SE      setup_clk_rise  c     SE = 0
u_ctrl/u_aes/rkeys_reg_403_ CLK     SI      hold_clk_rise   c     SE = 0
u_ctrl/u_aes/rkeys_reg_403_ CLK     SI      setup_clk_rise  c     SE = 0
u_ctrl/u_aes/rkeys_reg_403_ CLK     SE      hold_clk_rise   c     SE = 0
u_ctrl/u_aes/rkeys_reg_403_ CLK     SE      setup_clk_rise  c     SE = 0
u_ctrl/u_aes/rkeys_reg_824_ CLK     SI      hold_clk_rise   c     SE = 0
u_ctrl/u_aes/rkeys_reg_824_ CLK     SI      setup_clk_rise  c     SE = 0
u_ctrl/u_aes/rkeys_reg_824_ CLK     SE      hold_clk_rise   c     SE = 0
u_ctrl/u_aes/rkeys_reg_824_ CLK     SE      setup_clk_rise  c     SE = 0
u_ctrl/u_aes/rkeys_reg_614_ CLK     SI      hold_clk_rise   c     SE = 0
u_ctrl/u_aes/rkeys_reg_614_ CLK     SI      setup_clk_rise  c     SE = 0
u_ctrl/u_aes/rkeys_reg_614_ CLK     SE      hold_clk_rise   c     SE = 0
u_ctrl/u_aes/rkeys_reg_614_ CLK     SE      setup_clk_rise  c     SE = 0
u_ctrl/u_aes/rkeys_reg_405_ CLK     SI      hold_clk_rise   c     SE = 0
u_ctrl/u_aes/rkeys_reg_405_ CLK     SI      setup_clk_rise  c     SE = 0
u_ctrl/u_aes/rkeys_reg_405_ CLK     SE      hold_clk_rise   c     SE = 0
u_ctrl/u_aes/rkeys_reg_405_ CLK     SE      setup_clk_rise  c     SE = 0
u_ctrl/u_aes/rkeys_reg_195_ CLK     SI      hold_clk_rise   c     SE = 0
u_ctrl/u_aes/rkeys_reg_195_ CLK     SI      setup_clk_rise  c     SE = 0
u_ctrl/u_aes/rkeys_reg_195_ CLK     SE      hold_clk_rise   c     SE = 0
u_ctrl/u_aes/rkeys_reg_195_ CLK     SE      setup_clk_rise  c     SE = 0
u_ctrl/u_aes/rkeys_reg_616_ CLK     SI      hold_clk_rise   c     SE = 0
u_ctrl/u_aes/rkeys_reg_616_ CLK     SI      setup_clk_rise  c     SE = 0
u_ctrl/u_aes/rkeys_reg_616_ CLK     SE      hold_clk_rise   c     SE = 0
u_ctrl/u_aes/rkeys_reg_616_ CLK     SE      setup_clk_rise  c     SE = 0
u_ctrl/u_aes/rkeys_reg_827_ CLK     SI      hold_clk_rise   c     SE = 0
u_ctrl/u_aes/rkeys_reg_827_ CLK     SI      setup_clk_rise  c     SE = 0
u_ctrl/u_aes/rkeys_reg_827_ CLK     SE      hold_clk_rise   c     SE = 0
u_ctrl/u_aes/rkeys_reg_827_ CLK     SE      setup_clk_rise  c     SE = 0
u_ctrl/u_aes/rkeys_reg_617_ CLK     SI      hold_clk_rise   c     SE = 0
u_ctrl/u_aes/rkeys_reg_617_ CLK     SI      setup_clk_rise  c     SE = 0
u_ctrl/u_aes/rkeys_reg_617_ CLK     SE      hold_clk_rise   c     SE = 0
u_ctrl/u_aes/rkeys_reg_617_ CLK     SE      setup_clk_rise  c     SE = 0
u_ctrl/u_aes/rkeys_reg_407_ CLK     SI      hold_clk_rise   c     SE = 0
u_ctrl/u_aes/rkeys_reg_407_ CLK     SI      setup_clk_rise  c     SE = 0
u_ctrl/u_aes/rkeys_reg_407_ CLK     SE      hold_clk_rise   c     SE = 0
u_ctrl/u_aes/rkeys_reg_407_ CLK     SE      setup_clk_rise  c     SE = 0
u_ctrl/u_aes/rkeys_reg_197_ CLK     SI      hold_clk_rise   c     SE = 0
u_ctrl/u_aes/rkeys_reg_197_ CLK     SI      setup_clk_rise  c     SE = 0
u_ctrl/u_aes/rkeys_reg_197_ CLK     SE      hold_clk_rise   c     SE = 0
u_ctrl/u_aes/rkeys_reg_197_ CLK     SE      setup_clk_rise  c     SE = 0
u_ctrl/u_aes/rkeys_reg_828_ CLK     SI      hold_clk_rise   c     SE = 0
u_ctrl/u_aes/rkeys_reg_828_ CLK     SI      setup_clk_rise  c     SE = 0
u_ctrl/u_aes/rkeys_reg_828_ CLK     SE      hold_clk_rise   c     SE = 0
u_ctrl/u_aes/rkeys_reg_828_ CLK     SE      setup_clk_rise  c     SE = 0
u_ctrl/u_aes/rkeys_reg_618_ CLK     SI      hold_clk_rise   c     SE = 0
u_ctrl/u_aes/rkeys_reg_618_ CLK     SI      setup_clk_rise  c     SE = 0
u_ctrl/u_aes/rkeys_reg_618_ CLK     SE      hold_clk_rise   c     SE = 0
u_ctrl/u_aes/rkeys_reg_618_ CLK     SE      setup_clk_rise  c     SE = 0
u_ctrl/u_aes/rkeys_reg_198_ CLK     SI      hold_clk_rise   c     SE = 0
u_ctrl/u_aes/rkeys_reg_198_ CLK     SI      setup_clk_rise  c     SE = 0
u_ctrl/u_aes/rkeys_reg_198_ CLK     SE      hold_clk_rise   c     SE = 0
u_ctrl/u_aes/rkeys_reg_198_ CLK     SE      setup_clk_rise  c     SE = 0
u_ctrl/u_aes/rkeys_reg_829_ CLK     SI      hold_clk_rise   c     SE = 0
u_ctrl/u_aes/rkeys_reg_829_ CLK     SI      setup_clk_rise  c     SE = 0
u_ctrl/u_aes/rkeys_reg_829_ CLK     SE      hold_clk_rise   c     SE = 0
u_ctrl/u_aes/rkeys_reg_829_ CLK     SE      setup_clk_rise  c     SE = 0
u_ctrl/u_aes/rkeys_reg_619_ CLK     SI      hold_clk_rise   c     SE = 0
u_ctrl/u_aes/rkeys_reg_619_ CLK     SI      setup_clk_rise  c     SE = 0
u_ctrl/u_aes/rkeys_reg_619_ CLK     SE      hold_clk_rise   c     SE = 0
u_ctrl/u_aes/rkeys_reg_619_ CLK     SE      setup_clk_rise  c     SE = 0
u_ctrl/u_aes/rkeys_reg_409_ CLK     SI      hold_clk_rise   c     SE = 0
u_ctrl/u_aes/rkeys_reg_409_ CLK     SI      setup_clk_rise  c     SE = 0
u_ctrl/u_aes/rkeys_reg_409_ CLK     SE      hold_clk_rise   c     SE = 0
u_ctrl/u_aes/rkeys_reg_409_ CLK     SE      setup_clk_rise  c     SE = 0
u_ctrl/u_aes/rkeys_reg_1220_
                            CLK     SI      hold_clk_rise   c     SE = 0
u_ctrl/u_aes/rkeys_reg_1220_
                            CLK     SI      setup_clk_rise  c     SE = 0
u_ctrl/u_aes/rkeys_reg_1220_
                            CLK     SE      hold_clk_rise   c     SE = 0
u_ctrl/u_aes/rkeys_reg_1220_
                            CLK     SE      setup_clk_rise  c     SE = 0
u_ctrl/u_aes/rkeys_reg_1010_
                            CLK     SI      hold_clk_rise   c     SE = 0
u_ctrl/u_aes/rkeys_reg_1010_
                            CLK     SI      setup_clk_rise  c     SE = 0
u_ctrl/u_aes/rkeys_reg_1010_
                            CLK     SE      hold_clk_rise   c     SE = 0
u_ctrl/u_aes/rkeys_reg_1010_
                            CLK     SE      setup_clk_rise  c     SE = 0
u_ctrl/u_aes/rkeys_reg_1221_
                            CLK     SI      hold_clk_rise   c     SE = 0
u_ctrl/u_aes/rkeys_reg_1221_
                            CLK     SI      setup_clk_rise  c     SE = 0
u_ctrl/u_aes/rkeys_reg_1221_
                            CLK     SE      hold_clk_rise   c     SE = 0
u_ctrl/u_aes/rkeys_reg_1221_
                            CLK     SE      setup_clk_rise  c     SE = 0
u_ctrl/u_aes/rkeys_reg_1011_
                            CLK     SI      hold_clk_rise   c     SE = 0
u_ctrl/u_aes/rkeys_reg_1011_
                            CLK     SI      setup_clk_rise  c     SE = 0
u_ctrl/u_aes/rkeys_reg_1011_
                            CLK     SE      hold_clk_rise   c     SE = 0
u_ctrl/u_aes/rkeys_reg_1011_
                            CLK     SE      setup_clk_rise  c     SE = 0
u_ctrl/u_aes/rkeys_reg_1222_
                            CLK     SI      hold_clk_rise   c     SE = 0
u_ctrl/u_aes/rkeys_reg_1222_
                            CLK     SI      setup_clk_rise  c     SE = 0
u_ctrl/u_aes/rkeys_reg_1222_
                            CLK     SE      hold_clk_rise   c     SE = 0
u_ctrl/u_aes/rkeys_reg_1222_
                            CLK     SE      setup_clk_rise  c     SE = 0
u_ctrl/u_aes/rkeys_reg_1012_
                            CLK     SI      hold_clk_rise   c     SE = 0
u_ctrl/u_aes/rkeys_reg_1012_
                            CLK     SI      setup_clk_rise  c     SE = 0
u_ctrl/u_aes/rkeys_reg_1012_
                            CLK     SE      hold_clk_rise   c     SE = 0
u_ctrl/u_aes/rkeys_reg_1012_
                            CLK     SE      setup_clk_rise  c     SE = 0
u_ctrl/u_aes/rkeys_reg_1223_
                            CLK     SI      hold_clk_rise   c     SE = 0
u_ctrl/u_aes/rkeys_reg_1223_
                            CLK     SI      setup_clk_rise  c     SE = 0
u_ctrl/u_aes/rkeys_reg_1223_
                            CLK     SE      hold_clk_rise   c     SE = 0
u_ctrl/u_aes/rkeys_reg_1223_
                            CLK     SE      setup_clk_rise  c     SE = 0
u_ctrl/u_aes/rkeys_reg_1013_
                            CLK     SI      hold_clk_rise   c     SE = 0
u_ctrl/u_aes/rkeys_reg_1013_
                            CLK     SI      setup_clk_rise  c     SE = 0
u_ctrl/u_aes/rkeys_reg_1013_
                            CLK     SE      hold_clk_rise   c     SE = 0
u_ctrl/u_aes/rkeys_reg_1013_
                            CLK     SE      setup_clk_rise  c     SE = 0
u_ctrl/u_aes/rkeys_reg_1014_
                            CLK     SI      hold_clk_rise   c     SE = 0
u_ctrl/u_aes/rkeys_reg_1014_
                            CLK     SI      setup_clk_rise  c     SE = 0
u_ctrl/u_aes/rkeys_reg_1014_
                            CLK     SE      hold_clk_rise   c     SE = 0
u_ctrl/u_aes/rkeys_reg_1014_
                            CLK     SE      setup_clk_rise  c     SE = 0
u_ctrl/u_aes/round_reg_0_   CLK     SI      hold_clk_rise   c     SE = 0
u_ctrl/u_aes/round_reg_0_   CLK     SI      setup_clk_rise  c     SE = 0
u_ctrl/u_aes/round_reg_0_   CLK     SE      hold_clk_rise   c     SE = 0
u_ctrl/u_aes/round_reg_0_   CLK     SE      setup_clk_rise  c     SE = 0
u_ctrl/u_aes/rkeys_reg_1225_
                            CLK     SI      hold_clk_rise   c     SE = 0
u_ctrl/u_aes/rkeys_reg_1225_
                            CLK     SI      setup_clk_rise  c     SE = 0
u_ctrl/u_aes/rkeys_reg_1225_
                            CLK     SE      hold_clk_rise   c     SE = 0
u_ctrl/u_aes/rkeys_reg_1225_
                            CLK     SE      setup_clk_rise  c     SE = 0
u_ctrl/u_aes/rkeys_reg_1015_
                            CLK     SI      hold_clk_rise   c     SE = 0
u_ctrl/u_aes/rkeys_reg_1015_
                            CLK     SI      setup_clk_rise  c     SE = 0
u_ctrl/u_aes/rkeys_reg_1015_
                            CLK     SE      hold_clk_rise   c     SE = 0
u_ctrl/u_aes/rkeys_reg_1015_
                            CLK     SE      setup_clk_rise  c     SE = 0
u_ctrl/u_aes/round_reg_1_   CLK     SI      hold_clk_rise   c     SE = 0
u_ctrl/u_aes/round_reg_1_   CLK     SI      setup_clk_rise  c     SE = 0
u_ctrl/u_aes/round_reg_1_   CLK     SE      hold_clk_rise   c     SE = 0
u_ctrl/u_aes/round_reg_1_   CLK     SE      setup_clk_rise  c     SE = 0
u_ctrl/u_aes/rkeys_reg_930_ CLK     SI      hold_clk_rise   c     SE = 0
u_ctrl/u_aes/rkeys_reg_930_ CLK     SI      setup_clk_rise  c     SE = 0
u_ctrl/u_aes/rkeys_reg_930_ CLK     SE      hold_clk_rise   c     SE = 0
u_ctrl/u_aes/rkeys_reg_930_ CLK     SE      setup_clk_rise  c     SE = 0
u_ctrl/u_aes/rkeys_reg_720_ CLK     SI      hold_clk_rise   c     SE = 0
u_ctrl/u_aes/rkeys_reg_720_ CLK     SI      setup_clk_rise  c     SE = 0
u_ctrl/u_aes/rkeys_reg_720_ CLK     SE      hold_clk_rise   c     SE = 0
u_ctrl/u_aes/rkeys_reg_720_ CLK     SE      setup_clk_rise  c     SE = 0
u_ctrl/u_aes/rkeys_reg_300_ CLK     SI      hold_clk_rise   c     SE = 0
u_ctrl/u_aes/rkeys_reg_300_ CLK     SI      setup_clk_rise  c     SE = 0
u_ctrl/u_aes/rkeys_reg_300_ CLK     SE      hold_clk_rise   c     SE = 0
u_ctrl/u_aes/rkeys_reg_300_ CLK     SE      setup_clk_rise  c     SE = 0
u_ctrl/u_aes/rkeys_reg_931_ CLK     SI      hold_clk_rise   c     SE = 0
u_ctrl/u_aes/rkeys_reg_931_ CLK     SI      setup_clk_rise  c     SE = 0
u_ctrl/u_aes/rkeys_reg_931_ CLK     SE      hold_clk_rise   c     SE = 0
u_ctrl/u_aes/rkeys_reg_931_ CLK     SE      setup_clk_rise  c     SE = 0
u_ctrl/u_aes/rkeys_reg_721_ CLK     SI      hold_clk_rise   c     SE = 0
u_ctrl/u_aes/rkeys_reg_721_ CLK     SI      setup_clk_rise  c     SE = 0
u_ctrl/u_aes/rkeys_reg_721_ CLK     SE      hold_clk_rise   c     SE = 0
u_ctrl/u_aes/rkeys_reg_721_ CLK     SE      setup_clk_rise  c     SE = 0
u_ctrl/u_aes/rkeys_reg_301_ CLK     SI      hold_clk_rise   c     SE = 0
u_ctrl/u_aes/rkeys_reg_301_ CLK     SI      setup_clk_rise  c     SE = 0
u_ctrl/u_aes/rkeys_reg_301_ CLK     SE      hold_clk_rise   c     SE = 0
u_ctrl/u_aes/rkeys_reg_301_ CLK     SE      setup_clk_rise  c     SE = 0
u_ctrl/u_aes/rkeys_reg_1017_
                            CLK     SI      hold_clk_rise   c     SE = 0
u_ctrl/u_aes/rkeys_reg_1017_
                            CLK     SI      setup_clk_rise  c     SE = 0
u_ctrl/u_aes/rkeys_reg_1017_
                            CLK     SE      hold_clk_rise   c     SE = 0
u_ctrl/u_aes/rkeys_reg_1017_
                            CLK     SE      setup_clk_rise  c     SE = 0
u_ctrl/u_aes/rkeys_reg_932_ CLK     SI      hold_clk_rise   c     SE = 0
u_ctrl/u_aes/rkeys_reg_932_ CLK     SI      setup_clk_rise  c     SE = 0
u_ctrl/u_aes/rkeys_reg_932_ CLK     SE      hold_clk_rise   c     SE = 0
u_ctrl/u_aes/rkeys_reg_932_ CLK     SE      setup_clk_rise  c     SE = 0
u_ctrl/u_aes/rkeys_reg_722_ CLK     SI      hold_clk_rise   c     SE = 0
u_ctrl/u_aes/rkeys_reg_722_ CLK     SI      setup_clk_rise  c     SE = 0
u_ctrl/u_aes/rkeys_reg_722_ CLK     SE      hold_clk_rise   c     SE = 0
u_ctrl/u_aes/rkeys_reg_722_ CLK     SE      setup_clk_rise  c     SE = 0
u_ctrl/u_aes/rkeys_reg_512_ CLK     SI      hold_clk_rise   c     SE = 0
u_ctrl/u_aes/rkeys_reg_512_ CLK     SI      setup_clk_rise  c     SE = 0
u_ctrl/u_aes/rkeys_reg_512_ CLK     SE      hold_clk_rise   c     SE = 0
u_ctrl/u_aes/rkeys_reg_512_ CLK     SE      setup_clk_rise  c     SE = 0
u_ctrl/u_aes/rkeys_reg_1228_
                            CLK     SI      hold_clk_rise   c     SE = 0
u_ctrl/u_aes/rkeys_reg_1228_
                            CLK     SI      setup_clk_rise  c     SE = 0
u_ctrl/u_aes/rkeys_reg_1228_
                            CLK     SE      hold_clk_rise   c     SE = 0
u_ctrl/u_aes/rkeys_reg_1228_
                            CLK     SE      setup_clk_rise  c     SE = 0
u_ctrl/u_aes/rkeys_reg_1018_
                            CLK     SI      hold_clk_rise   c     SE = 0
u_ctrl/u_aes/rkeys_reg_1018_
                            CLK     SI      setup_clk_rise  c     SE = 0
u_ctrl/u_aes/rkeys_reg_1018_
                            CLK     SE      hold_clk_rise   c     SE = 0
u_ctrl/u_aes/rkeys_reg_1018_
                            CLK     SE      setup_clk_rise  c     SE = 0
u_ctrl/u_aes/rkeys_reg_933_ CLK     SI      hold_clk_rise   c     SE = 0
u_ctrl/u_aes/rkeys_reg_933_ CLK     SI      setup_clk_rise  c     SE = 0
u_ctrl/u_aes/rkeys_reg_933_ CLK     SE      hold_clk_rise   c     SE = 0
u_ctrl/u_aes/rkeys_reg_933_ CLK     SE      setup_clk_rise  c     SE = 0
u_ctrl/u_aes/rkeys_reg_723_ CLK     SI      hold_clk_rise   c     SE = 0
u_ctrl/u_aes/rkeys_reg_723_ CLK     SI      setup_clk_rise  c     SE = 0
u_ctrl/u_aes/rkeys_reg_723_ CLK     SE      hold_clk_rise   c     SE = 0
u_ctrl/u_aes/rkeys_reg_723_ CLK     SE      setup_clk_rise  c     SE = 0
u_ctrl/u_aes/rkeys_reg_513_ CLK     SI      hold_clk_rise   c     SE = 0
u_ctrl/u_aes/rkeys_reg_513_ CLK     SI      setup_clk_rise  c     SE = 0
u_ctrl/u_aes/rkeys_reg_513_ CLK     SE      hold_clk_rise   c     SE = 0
u_ctrl/u_aes/rkeys_reg_513_ CLK     SE      setup_clk_rise  c     SE = 0
u_ctrl/u_aes/rkeys_reg_303_ CLK     SI      hold_clk_rise   c     SE = 0
u_ctrl/u_aes/rkeys_reg_303_ CLK     SI      setup_clk_rise  c     SE = 0
u_ctrl/u_aes/rkeys_reg_303_ CLK     SE      hold_clk_rise   c     SE = 0
u_ctrl/u_aes/rkeys_reg_303_ CLK     SE      setup_clk_rise  c     SE = 0
u_ctrl/u_aes/rkeys_reg_1229_
                            CLK     SI      hold_clk_rise   c     SE = 0
u_ctrl/u_aes/rkeys_reg_1229_
                            CLK     SI      setup_clk_rise  c     SE = 0
u_ctrl/u_aes/rkeys_reg_1229_
                            CLK     SE      hold_clk_rise   c     SE = 0
u_ctrl/u_aes/rkeys_reg_1229_
                            CLK     SE      setup_clk_rise  c     SE = 0
u_ctrl/u_aes/rkeys_reg_724_ CLK     SI      hold_clk_rise   c     SE = 0
u_ctrl/u_aes/rkeys_reg_724_ CLK     SI      setup_clk_rise  c     SE = 0
u_ctrl/u_aes/rkeys_reg_724_ CLK     SE      hold_clk_rise   c     SE = 0
u_ctrl/u_aes/rkeys_reg_724_ CLK     SE      setup_clk_rise  c     SE = 0
u_ctrl/u_aes/rkeys_reg_935_ CLK     SI      hold_clk_rise   c     SE = 0
u_ctrl/u_aes/rkeys_reg_935_ CLK     SI      setup_clk_rise  c     SE = 0
u_ctrl/u_aes/rkeys_reg_935_ CLK     SE      hold_clk_rise   c     SE = 0
u_ctrl/u_aes/rkeys_reg_935_ CLK     SE      setup_clk_rise  c     SE = 0
u_ctrl/u_aes/rkeys_reg_515_ CLK     SI      hold_clk_rise   c     SE = 0
u_ctrl/u_aes/rkeys_reg_515_ CLK     SI      setup_clk_rise  c     SE = 0
u_ctrl/u_aes/rkeys_reg_515_ CLK     SE      hold_clk_rise   c     SE = 0
u_ctrl/u_aes/rkeys_reg_515_ CLK     SE      setup_clk_rise  c     SE = 0
u_ctrl/u_aes/rkeys_reg_305_ CLK     SI      hold_clk_rise   c     SE = 0
u_ctrl/u_aes/rkeys_reg_305_ CLK     SI      setup_clk_rise  c     SE = 0
u_ctrl/u_aes/rkeys_reg_305_ CLK     SE      hold_clk_rise   c     SE = 0
u_ctrl/u_aes/rkeys_reg_305_ CLK     SE      setup_clk_rise  c     SE = 0
u_ctrl/u_aes/rkeys_reg_306_ CLK     SI      hold_clk_rise   c     SE = 0
u_ctrl/u_aes/rkeys_reg_306_ CLK     SI      setup_clk_rise  c     SE = 0
u_ctrl/u_aes/rkeys_reg_306_ CLK     SE      hold_clk_rise   c     SE = 0
u_ctrl/u_aes/rkeys_reg_306_ CLK     SE      setup_clk_rise  c     SE = 0
u_ctrl/u_aes/rkeys_reg_727_ CLK     SI      hold_clk_rise   c     SE = 0
u_ctrl/u_aes/rkeys_reg_727_ CLK     SI      setup_clk_rise  c     SE = 0
u_ctrl/u_aes/rkeys_reg_727_ CLK     SE      hold_clk_rise   c     SE = 0
u_ctrl/u_aes/rkeys_reg_727_ CLK     SE      setup_clk_rise  c     SE = 0
u_ctrl/u_aes/rkeys_reg_517_ CLK     SI      hold_clk_rise   c     SE = 0
u_ctrl/u_aes/rkeys_reg_517_ CLK     SI      setup_clk_rise  c     SE = 0
u_ctrl/u_aes/rkeys_reg_517_ CLK     SE      hold_clk_rise   c     SE = 0
u_ctrl/u_aes/rkeys_reg_517_ CLK     SE      setup_clk_rise  c     SE = 0
u_ctrl/u_aes/rkeys_reg_938_ CLK     SI      hold_clk_rise   c     SE = 0
u_ctrl/u_aes/rkeys_reg_938_ CLK     SI      setup_clk_rise  c     SE = 0
u_ctrl/u_aes/rkeys_reg_938_ CLK     SE      hold_clk_rise   c     SE = 0
u_ctrl/u_aes/rkeys_reg_938_ CLK     SE      setup_clk_rise  c     SE = 0
u_ctrl/u_aes/rkeys_reg_728_ CLK     SI      hold_clk_rise   c     SE = 0
u_ctrl/u_aes/rkeys_reg_728_ CLK     SI      setup_clk_rise  c     SE = 0
u_ctrl/u_aes/rkeys_reg_728_ CLK     SE      hold_clk_rise   c     SE = 0
u_ctrl/u_aes/rkeys_reg_728_ CLK     SE      setup_clk_rise  c     SE = 0
u_ctrl/u_aes/rkeys_reg_518_ CLK     SI      hold_clk_rise   c     SE = 0
u_ctrl/u_aes/rkeys_reg_518_ CLK     SI      setup_clk_rise  c     SE = 0
u_ctrl/u_aes/rkeys_reg_518_ CLK     SE      hold_clk_rise   c     SE = 0
u_ctrl/u_aes/rkeys_reg_518_ CLK     SE      setup_clk_rise  c     SE = 0
u_ctrl/u_aes/rkeys_reg_308_ CLK     SI      hold_clk_rise   c     SE = 0
u_ctrl/u_aes/rkeys_reg_308_ CLK     SI      setup_clk_rise  c     SE = 0
u_ctrl/u_aes/rkeys_reg_308_ CLK     SE      hold_clk_rise   c     SE = 0
u_ctrl/u_aes/rkeys_reg_308_ CLK     SE      setup_clk_rise  c     SE = 0
u_ctrl/u_aes/rkeys_reg_939_ CLK     SI      hold_clk_rise   c     SE = 0
u_ctrl/u_aes/rkeys_reg_939_ CLK     SI      setup_clk_rise  c     SE = 0
u_ctrl/u_aes/rkeys_reg_939_ CLK     SE      hold_clk_rise   c     SE = 0
u_ctrl/u_aes/rkeys_reg_939_ CLK     SE      setup_clk_rise  c     SE = 0
u_ctrl/u_aes/rkeys_reg_1120_
                            CLK     SI      hold_clk_rise   c     SE = 0
u_ctrl/u_aes/rkeys_reg_1120_
                            CLK     SI      setup_clk_rise  c     SE = 0
u_ctrl/u_aes/rkeys_reg_1120_
                            CLK     SE      hold_clk_rise   c     SE = 0
u_ctrl/u_aes/rkeys_reg_1120_
                            CLK     SE      setup_clk_rise  c     SE = 0
u_ctrl/u_aes/rkeys_reg_1331_
                            CLK     SI      hold_clk_rise   c     SE = 0
u_ctrl/u_aes/rkeys_reg_1331_
                            CLK     SI      setup_clk_rise  c     SE = 0
u_ctrl/u_aes/rkeys_reg_1331_
                            CLK     SE      hold_clk_rise   c     SE = 0
u_ctrl/u_aes/rkeys_reg_1331_
                            CLK     SE      setup_clk_rise  c     SE = 0
u_ctrl/u_aes/rkeys_reg_1121_
                            CLK     SI      hold_clk_rise   c     SE = 0
u_ctrl/u_aes/rkeys_reg_1121_
                            CLK     SI      setup_clk_rise  c     SE = 0
u_ctrl/u_aes/rkeys_reg_1121_
                            CLK     SE      hold_clk_rise   c     SE = 0
u_ctrl/u_aes/rkeys_reg_1121_
                            CLK     SE      setup_clk_rise  c     SE = 0
u_ctrl/u_aes/rkeys_reg_1123_
                            CLK     SI      hold_clk_rise   c     SE = 0
u_ctrl/u_aes/rkeys_reg_1123_
                            CLK     SI      setup_clk_rise  c     SE = 0
u_ctrl/u_aes/rkeys_reg_1123_
                            CLK     SE      hold_clk_rise   c     SE = 0
u_ctrl/u_aes/rkeys_reg_1123_
                            CLK     SE      setup_clk_rise  c     SE = 0
u_ctrl/u_aes/rkeys_reg_830_ CLK     SI      hold_clk_rise   c     SE = 0
u_ctrl/u_aes/rkeys_reg_830_ CLK     SI      setup_clk_rise  c     SE = 0
u_ctrl/u_aes/rkeys_reg_830_ CLK     SE      hold_clk_rise   c     SE = 0
u_ctrl/u_aes/rkeys_reg_830_ CLK     SE      setup_clk_rise  c     SE = 0
u_ctrl/u_aes/rkeys_reg_410_ CLK     SI      hold_clk_rise   c     SE = 0
u_ctrl/u_aes/rkeys_reg_410_ CLK     SI      setup_clk_rise  c     SE = 0
u_ctrl/u_aes/rkeys_reg_410_ CLK     SE      hold_clk_rise   c     SE = 0
u_ctrl/u_aes/rkeys_reg_410_ CLK     SE      setup_clk_rise  c     SE = 0
u_ctrl/u_aes/rkeys_reg_200_ CLK     SI      hold_clk_rise   c     SE = 0
u_ctrl/u_aes/rkeys_reg_200_ CLK     SI      setup_clk_rise  c     SE = 0
u_ctrl/u_aes/rkeys_reg_200_ CLK     SE      hold_clk_rise   c     SE = 0
u_ctrl/u_aes/rkeys_reg_200_ CLK     SE      setup_clk_rise  c     SE = 0
u_ctrl/u_aes/rkeys_reg_831_ CLK     SI      hold_clk_rise   c     SE = 0
u_ctrl/u_aes/rkeys_reg_831_ CLK     SI      setup_clk_rise  c     SE = 0
u_ctrl/u_aes/rkeys_reg_831_ CLK     SE      hold_clk_rise   c     SE = 0
u_ctrl/u_aes/rkeys_reg_831_ CLK     SE      setup_clk_rise  c     SE = 0
u_ctrl/u_aes/rkeys_reg_411_ CLK     SI      hold_clk_rise   c     SE = 0
u_ctrl/u_aes/rkeys_reg_411_ CLK     SI      setup_clk_rise  c     SE = 0
u_ctrl/u_aes/rkeys_reg_411_ CLK     SE      hold_clk_rise   c     SE = 0
u_ctrl/u_aes/rkeys_reg_411_ CLK     SE      setup_clk_rise  c     SE = 0
u_ctrl/u_aes/rkeys_reg_201_ CLK     SI      hold_clk_rise   c     SE = 0
u_ctrl/u_aes/rkeys_reg_201_ CLK     SI      setup_clk_rise  c     SE = 0
u_ctrl/u_aes/rkeys_reg_201_ CLK     SE      hold_clk_rise   c     SE = 0
u_ctrl/u_aes/rkeys_reg_201_ CLK     SE      setup_clk_rise  c     SE = 0
u_ctrl/u_aes/rkeys_reg_832_ CLK     SI      hold_clk_rise   c     SE = 0
u_ctrl/u_aes/rkeys_reg_832_ CLK     SI      setup_clk_rise  c     SE = 0
u_ctrl/u_aes/rkeys_reg_832_ CLK     SE      hold_clk_rise   c     SE = 0
u_ctrl/u_aes/rkeys_reg_832_ CLK     SE      setup_clk_rise  c     SE = 0
u_ctrl/u_aes/rkeys_reg_202_ CLK     SI      hold_clk_rise   c     SE = 0
u_ctrl/u_aes/rkeys_reg_202_ CLK     SI      setup_clk_rise  c     SE = 0
u_ctrl/u_aes/rkeys_reg_202_ CLK     SE      hold_clk_rise   c     SE = 0
u_ctrl/u_aes/rkeys_reg_202_ CLK     SE      setup_clk_rise  c     SE = 0
u_ctrl/u_aes/rkeys_reg_1128_
                            CLK     SI      hold_clk_rise   c     SE = 0
u_ctrl/u_aes/rkeys_reg_1128_
                            CLK     SI      setup_clk_rise  c     SE = 0
u_ctrl/u_aes/rkeys_reg_1128_
                            CLK     SE      hold_clk_rise   c     SE = 0
u_ctrl/u_aes/rkeys_reg_1128_
                            CLK     SE      setup_clk_rise  c     SE = 0
u_ctrl/u_aes/rkeys_reg_833_ CLK     SI      hold_clk_rise   c     SE = 0
u_ctrl/u_aes/rkeys_reg_833_ CLK     SI      setup_clk_rise  c     SE = 0
u_ctrl/u_aes/rkeys_reg_833_ CLK     SE      hold_clk_rise   c     SE = 0
u_ctrl/u_aes/rkeys_reg_833_ CLK     SE      setup_clk_rise  c     SE = 0
u_ctrl/u_aes/rkeys_reg_1339_
                            CLK     SI      hold_clk_rise   c     SE = 0
u_ctrl/u_aes/rkeys_reg_1339_
                            CLK     SI      setup_clk_rise  c     SE = 0
u_ctrl/u_aes/rkeys_reg_1339_
                            CLK     SE      hold_clk_rise   c     SE = 0
u_ctrl/u_aes/rkeys_reg_1339_
                            CLK     SE      setup_clk_rise  c     SE = 0
u_ctrl/u_aes/rkeys_reg_1129_
                            CLK     SI      hold_clk_rise   c     SE = 0
u_ctrl/u_aes/rkeys_reg_1129_
                            CLK     SI      setup_clk_rise  c     SE = 0
u_ctrl/u_aes/rkeys_reg_1129_
                            CLK     SE      hold_clk_rise   c     SE = 0
u_ctrl/u_aes/rkeys_reg_1129_
                            CLK     SE      setup_clk_rise  c     SE = 0
u_ctrl/u_aes/rkeys_reg_624_ CLK     SI      hold_clk_rise   c     SE = 0
u_ctrl/u_aes/rkeys_reg_624_ CLK     SI      setup_clk_rise  c     SE = 0
u_ctrl/u_aes/rkeys_reg_624_ CLK     SE      hold_clk_rise   c     SE = 0
u_ctrl/u_aes/rkeys_reg_624_ CLK     SE      setup_clk_rise  c     SE = 0
u_ctrl/u_aes/rkeys_reg_414_ CLK     SI      hold_clk_rise   c     SE = 0
u_ctrl/u_aes/rkeys_reg_414_ CLK     SI      setup_clk_rise  c     SE = 0
u_ctrl/u_aes/rkeys_reg_414_ CLK     SE      hold_clk_rise   c     SE = 0
u_ctrl/u_aes/rkeys_reg_414_ CLK     SE      setup_clk_rise  c     SE = 0
u_ctrl/u_aes/rkeys_reg_204_ CLK     SI      hold_clk_rise   c     SE = 0
u_ctrl/u_aes/rkeys_reg_204_ CLK     SI      setup_clk_rise  c     SE = 0
u_ctrl/u_aes/rkeys_reg_204_ CLK     SE      hold_clk_rise   c     SE = 0
u_ctrl/u_aes/rkeys_reg_204_ CLK     SE      setup_clk_rise  c     SE = 0
u_ctrl/u_aes/rkeys_reg_416_ CLK     SI      hold_clk_rise   c     SE = 0
u_ctrl/u_aes/rkeys_reg_416_ CLK     SI      setup_clk_rise  c     SE = 0
u_ctrl/u_aes/rkeys_reg_416_ CLK     SE      hold_clk_rise   c     SE = 0
u_ctrl/u_aes/rkeys_reg_416_ CLK     SE      setup_clk_rise  c     SE = 0
u_ctrl/u_aes/rkeys_reg_206_ CLK     SI      hold_clk_rise   c     SE = 0
u_ctrl/u_aes/rkeys_reg_206_ CLK     SI      setup_clk_rise  c     SE = 0
u_ctrl/u_aes/rkeys_reg_206_ CLK     SE      hold_clk_rise   c     SE = 0
u_ctrl/u_aes/rkeys_reg_206_ CLK     SE      setup_clk_rise  c     SE = 0
u_ctrl/u_aes/rkeys_reg_627_ CLK     SI      hold_clk_rise   c     SE = 0
u_ctrl/u_aes/rkeys_reg_627_ CLK     SI      setup_clk_rise  c     SE = 0
u_ctrl/u_aes/rkeys_reg_627_ CLK     SE      hold_clk_rise   c     SE = 0
u_ctrl/u_aes/rkeys_reg_627_ CLK     SE      setup_clk_rise  c     SE = 0
u_ctrl/u_aes/rkeys_reg_628_ CLK     SI      hold_clk_rise   c     SE = 0
u_ctrl/u_aes/rkeys_reg_628_ CLK     SI      setup_clk_rise  c     SE = 0
u_ctrl/u_aes/rkeys_reg_628_ CLK     SE      hold_clk_rise   c     SE = 0
u_ctrl/u_aes/rkeys_reg_628_ CLK     SE      setup_clk_rise  c     SE = 0
u_ctrl/u_aes/rkeys_reg_418_ CLK     SI      hold_clk_rise   c     SE = 0
u_ctrl/u_aes/rkeys_reg_418_ CLK     SI      setup_clk_rise  c     SE = 0
u_ctrl/u_aes/rkeys_reg_418_ CLK     SE      hold_clk_rise   c     SE = 0
u_ctrl/u_aes/rkeys_reg_418_ CLK     SE      setup_clk_rise  c     SE = 0
u_ctrl/u_aes/rkeys_reg_208_ CLK     SI      hold_clk_rise   c     SE = 0
u_ctrl/u_aes/rkeys_reg_208_ CLK     SI      setup_clk_rise  c     SE = 0
u_ctrl/u_aes/rkeys_reg_208_ CLK     SE      hold_clk_rise   c     SE = 0
u_ctrl/u_aes/rkeys_reg_208_ CLK     SE      setup_clk_rise  c     SE = 0
u_ctrl/u_aes/rkeys_reg_629_ CLK     SI      hold_clk_rise   c     SE = 0
u_ctrl/u_aes/rkeys_reg_629_ CLK     SI      setup_clk_rise  c     SE = 0
u_ctrl/u_aes/rkeys_reg_629_ CLK     SE      hold_clk_rise   c     SE = 0
u_ctrl/u_aes/rkeys_reg_629_ CLK     SE      setup_clk_rise  c     SE = 0
u_ctrl/u_aes/rkeys_reg_419_ CLK     SI      hold_clk_rise   c     SE = 0
u_ctrl/u_aes/rkeys_reg_419_ CLK     SI      setup_clk_rise  c     SE = 0
u_ctrl/u_aes/rkeys_reg_419_ CLK     SE      hold_clk_rise   c     SE = 0
u_ctrl/u_aes/rkeys_reg_419_ CLK     SE      setup_clk_rise  c     SE = 0
u_ctrl/u_aes/rkeys_reg_1230_
                            CLK     SI      hold_clk_rise   c     SE = 0
u_ctrl/u_aes/rkeys_reg_1230_
                            CLK     SI      setup_clk_rise  c     SE = 0
u_ctrl/u_aes/rkeys_reg_1230_
                            CLK     SE      hold_clk_rise   c     SE = 0
u_ctrl/u_aes/rkeys_reg_1230_
                            CLK     SE      setup_clk_rise  c     SE = 0
u_ctrl/u_aes/rkeys_reg_1020_
                            CLK     SI      hold_clk_rise   c     SE = 0
u_ctrl/u_aes/rkeys_reg_1020_
                            CLK     SI      setup_clk_rise  c     SE = 0
u_ctrl/u_aes/rkeys_reg_1020_
                            CLK     SE      hold_clk_rise   c     SE = 0
u_ctrl/u_aes/rkeys_reg_1020_
                            CLK     SE      setup_clk_rise  c     SE = 0
u_ctrl/u_aes/rkeys_reg_33_  CLK     SI      hold_clk_rise   c     SE = 0
u_ctrl/u_aes/rkeys_reg_33_  CLK     SI      setup_clk_rise  c     SE = 0
u_ctrl/u_aes/rkeys_reg_33_  CLK     SE      hold_clk_rise   c     SE = 0
u_ctrl/u_aes/rkeys_reg_33_  CLK     SE      setup_clk_rise  c     SE = 0
u_ctrl/u_aes/rkeys_reg_1021_
                            CLK     SI      hold_clk_rise   c     SE = 0
u_ctrl/u_aes/rkeys_reg_1021_
                            CLK     SI      setup_clk_rise  c     SE = 0
u_ctrl/u_aes/rkeys_reg_1021_
                            CLK     SE      hold_clk_rise   c     SE = 0
u_ctrl/u_aes/rkeys_reg_1021_
                            CLK     SE      setup_clk_rise  c     SE = 0
u_ctrl/u_aes/rkeys_reg_1232_
                            CLK     SI      hold_clk_rise   c     SE = 0
u_ctrl/u_aes/rkeys_reg_1232_
                            CLK     SI      setup_clk_rise  c     SE = 0
u_ctrl/u_aes/rkeys_reg_1232_
                            CLK     SE      hold_clk_rise   c     SE = 0
u_ctrl/u_aes/rkeys_reg_1232_
                            CLK     SE      setup_clk_rise  c     SE = 0
u_ctrl/u_aes/rkeys_reg_35_  CLK     SI      hold_clk_rise   c     SE = 0
u_ctrl/u_aes/rkeys_reg_35_  CLK     SI      setup_clk_rise  c     SE = 0
u_ctrl/u_aes/rkeys_reg_35_  CLK     SE      hold_clk_rise   c     SE = 0
u_ctrl/u_aes/rkeys_reg_35_  CLK     SE      setup_clk_rise  c     SE = 0
u_ctrl/u_aes/rkeys_reg_1233_
                            CLK     SI      hold_clk_rise   c     SE = 0
u_ctrl/u_aes/rkeys_reg_1233_
                            CLK     SI      setup_clk_rise  c     SE = 0
u_ctrl/u_aes/rkeys_reg_1233_
                            CLK     SE      hold_clk_rise   c     SE = 0
u_ctrl/u_aes/rkeys_reg_1233_
                            CLK     SE      setup_clk_rise  c     SE = 0
u_ctrl/u_aes/rkeys_reg_1023_
                            CLK     SI      hold_clk_rise   c     SE = 0
u_ctrl/u_aes/rkeys_reg_1023_
                            CLK     SI      setup_clk_rise  c     SE = 0
u_ctrl/u_aes/rkeys_reg_1023_
                            CLK     SE      hold_clk_rise   c     SE = 0
u_ctrl/u_aes/rkeys_reg_1023_
                            CLK     SE      setup_clk_rise  c     SE = 0
u_ctrl/u_aes/rkeys_reg_1234_
                            CLK     SI      hold_clk_rise   c     SE = 0
u_ctrl/u_aes/rkeys_reg_1234_
                            CLK     SI      setup_clk_rise  c     SE = 0
u_ctrl/u_aes/rkeys_reg_1234_
                            CLK     SE      hold_clk_rise   c     SE = 0
u_ctrl/u_aes/rkeys_reg_1234_
                            CLK     SE      setup_clk_rise  c     SE = 0
u_ctrl/u_aes/rkeys_reg_1235_
                            CLK     SI      hold_clk_rise   c     SE = 0
u_ctrl/u_aes/rkeys_reg_1235_
                            CLK     SI      setup_clk_rise  c     SE = 0
u_ctrl/u_aes/rkeys_reg_1235_
                            CLK     SE      hold_clk_rise   c     SE = 0
u_ctrl/u_aes/rkeys_reg_1235_
                            CLK     SE      setup_clk_rise  c     SE = 0
u_ctrl/u_aes/rkeys_reg_1025_
                            CLK     SI      hold_clk_rise   c     SE = 0
u_ctrl/u_aes/rkeys_reg_1025_
                            CLK     SI      setup_clk_rise  c     SE = 0
u_ctrl/u_aes/rkeys_reg_1025_
                            CLK     SE      hold_clk_rise   c     SE = 0
u_ctrl/u_aes/rkeys_reg_1025_
                            CLK     SE      setup_clk_rise  c     SE = 0
u_ctrl/u_aes/rkeys_reg_520_ CLK     SI      hold_clk_rise   c     SE = 0
u_ctrl/u_aes/rkeys_reg_520_ CLK     SI      setup_clk_rise  c     SE = 0
u_ctrl/u_aes/rkeys_reg_520_ CLK     SE      hold_clk_rise   c     SE = 0
u_ctrl/u_aes/rkeys_reg_520_ CLK     SE      setup_clk_rise  c     SE = 0
u_ctrl/u_aes/rkeys_reg_1026_
                            CLK     SI      hold_clk_rise   c     SE = 0
u_ctrl/u_aes/rkeys_reg_1026_
                            CLK     SI      setup_clk_rise  c     SE = 0
u_ctrl/u_aes/rkeys_reg_1026_
                            CLK     SE      hold_clk_rise   c     SE = 0
u_ctrl/u_aes/rkeys_reg_1026_
                            CLK     SE      setup_clk_rise  c     SE = 0
u_ctrl/u_aes/rkeys_reg_521_ CLK     SI      hold_clk_rise   c     SE = 0
u_ctrl/u_aes/rkeys_reg_521_ CLK     SI      setup_clk_rise  c     SE = 0
u_ctrl/u_aes/rkeys_reg_521_ CLK     SE      hold_clk_rise   c     SE = 0
u_ctrl/u_aes/rkeys_reg_521_ CLK     SE      setup_clk_rise  c     SE = 0
u_ctrl/u_aes/rkeys_reg_101_ CLK     SI      hold_clk_rise   c     SE = 0
u_ctrl/u_aes/rkeys_reg_101_ CLK     SI      setup_clk_rise  c     SE = 0
u_ctrl/u_aes/rkeys_reg_101_ CLK     SE      hold_clk_rise   c     SE = 0
u_ctrl/u_aes/rkeys_reg_101_ CLK     SE      setup_clk_rise  c     SE = 0
u_ctrl/u_aes/rkeys_reg_1237_
                            CLK     SI      hold_clk_rise   c     SE = 0
u_ctrl/u_aes/rkeys_reg_1237_
                            CLK     SI      setup_clk_rise  c     SE = 0
u_ctrl/u_aes/rkeys_reg_1237_
                            CLK     SE      hold_clk_rise   c     SE = 0
u_ctrl/u_aes/rkeys_reg_1237_
                            CLK     SE      setup_clk_rise  c     SE = 0
u_ctrl/u_aes/rkeys_reg_522_ CLK     SI      hold_clk_rise   c     SE = 0
u_ctrl/u_aes/rkeys_reg_522_ CLK     SI      setup_clk_rise  c     SE = 0
u_ctrl/u_aes/rkeys_reg_522_ CLK     SE      hold_clk_rise   c     SE = 0
u_ctrl/u_aes/rkeys_reg_522_ CLK     SE      setup_clk_rise  c     SE = 0
u_ctrl/u_aes/rkeys_reg_1028_
                            CLK     SI      hold_clk_rise   c     SE = 0
u_ctrl/u_aes/rkeys_reg_1028_
                            CLK     SI      setup_clk_rise  c     SE = 0
u_ctrl/u_aes/rkeys_reg_1028_
                            CLK     SE      hold_clk_rise   c     SE = 0
u_ctrl/u_aes/rkeys_reg_1028_
                            CLK     SE      setup_clk_rise  c     SE = 0
u_ctrl/u_aes/rkeys_reg_733_ CLK     SI      hold_clk_rise   c     SE = 0
u_ctrl/u_aes/rkeys_reg_733_ CLK     SI      setup_clk_rise  c     SE = 0
u_ctrl/u_aes/rkeys_reg_733_ CLK     SE      hold_clk_rise   c     SE = 0
u_ctrl/u_aes/rkeys_reg_733_ CLK     SE      setup_clk_rise  c     SE = 0
u_ctrl/u_aes/rkeys_reg_523_ CLK     SI      hold_clk_rise   c     SE = 0
u_ctrl/u_aes/rkeys_reg_523_ CLK     SI      setup_clk_rise  c     SE = 0
u_ctrl/u_aes/rkeys_reg_523_ CLK     SE      hold_clk_rise   c     SE = 0
u_ctrl/u_aes/rkeys_reg_523_ CLK     SE      setup_clk_rise  c     SE = 0
u_ctrl/u_aes/rkeys_reg_1239_
                            CLK     SI      hold_clk_rise   c     SE = 0
u_ctrl/u_aes/rkeys_reg_1239_
                            CLK     SI      setup_clk_rise  c     SE = 0
u_ctrl/u_aes/rkeys_reg_1239_
                            CLK     SE      hold_clk_rise   c     SE = 0
u_ctrl/u_aes/rkeys_reg_1239_
                            CLK     SE      setup_clk_rise  c     SE = 0
u_ctrl/u_aes/rkeys_reg_1029_
                            CLK     SI      hold_clk_rise   c     SE = 0
u_ctrl/u_aes/rkeys_reg_1029_
                            CLK     SI      setup_clk_rise  c     SE = 0
u_ctrl/u_aes/rkeys_reg_1029_
                            CLK     SE      hold_clk_rise   c     SE = 0
u_ctrl/u_aes/rkeys_reg_1029_
                            CLK     SE      setup_clk_rise  c     SE = 0
u_ctrl/u_aes/rkeys_reg_944_ CLK     SI      hold_clk_rise   c     SE = 0
u_ctrl/u_aes/rkeys_reg_944_ CLK     SI      setup_clk_rise  c     SE = 0
u_ctrl/u_aes/rkeys_reg_944_ CLK     SE      hold_clk_rise   c     SE = 0
u_ctrl/u_aes/rkeys_reg_944_ CLK     SE      setup_clk_rise  c     SE = 0
u_ctrl/u_aes/rkeys_reg_524_ CLK     SI      hold_clk_rise   c     SE = 0
u_ctrl/u_aes/rkeys_reg_524_ CLK     SI      setup_clk_rise  c     SE = 0
u_ctrl/u_aes/rkeys_reg_524_ CLK     SE      hold_clk_rise   c     SE = 0
u_ctrl/u_aes/rkeys_reg_524_ CLK     SE      setup_clk_rise  c     SE = 0
u_ctrl/u_aes/rkeys_reg_104_ CLK     SI      hold_clk_rise   c     SE = 0
u_ctrl/u_aes/rkeys_reg_104_ CLK     SI      setup_clk_rise  c     SE = 0
u_ctrl/u_aes/rkeys_reg_104_ CLK     SE      hold_clk_rise   c     SE = 0
u_ctrl/u_aes/rkeys_reg_104_ CLK     SE      setup_clk_rise  c     SE = 0
u_ctrl/u_aes/rkeys_reg_735_ CLK     SI      hold_clk_rise   c     SE = 0
u_ctrl/u_aes/rkeys_reg_735_ CLK     SI      setup_clk_rise  c     SE = 0
u_ctrl/u_aes/rkeys_reg_735_ CLK     SE      hold_clk_rise   c     SE = 0
u_ctrl/u_aes/rkeys_reg_735_ CLK     SE      setup_clk_rise  c     SE = 0
u_ctrl/u_aes/rkeys_reg_947_ CLK     SI      hold_clk_rise   c     SE = 0
u_ctrl/u_aes/rkeys_reg_947_ CLK     SI      setup_clk_rise  c     SE = 0
u_ctrl/u_aes/rkeys_reg_947_ CLK     SE      hold_clk_rise   c     SE = 0
u_ctrl/u_aes/rkeys_reg_947_ CLK     SE      setup_clk_rise  c     SE = 0
u_ctrl/u_aes/rkeys_reg_317_ CLK     SI      hold_clk_rise   c     SE = 0
u_ctrl/u_aes/rkeys_reg_317_ CLK     SI      setup_clk_rise  c     SE = 0
u_ctrl/u_aes/rkeys_reg_317_ CLK     SE      hold_clk_rise   c     SE = 0
u_ctrl/u_aes/rkeys_reg_317_ CLK     SE      setup_clk_rise  c     SE = 0
u_ctrl/u_aes/rkeys_reg_948_ CLK     SI      hold_clk_rise   c     SE = 0
u_ctrl/u_aes/rkeys_reg_948_ CLK     SI      setup_clk_rise  c     SE = 0
u_ctrl/u_aes/rkeys_reg_948_ CLK     SE      hold_clk_rise   c     SE = 0
u_ctrl/u_aes/rkeys_reg_948_ CLK     SE      setup_clk_rise  c     SE = 0
u_ctrl/u_aes/rkeys_reg_528_ CLK     SI      hold_clk_rise   c     SE = 0
u_ctrl/u_aes/rkeys_reg_528_ CLK     SI      setup_clk_rise  c     SE = 0
u_ctrl/u_aes/rkeys_reg_528_ CLK     SE      hold_clk_rise   c     SE = 0
u_ctrl/u_aes/rkeys_reg_528_ CLK     SE      setup_clk_rise  c     SE = 0
u_ctrl/u_aes/rkeys_reg_318_ CLK     SI      hold_clk_rise   c     SE = 0
u_ctrl/u_aes/rkeys_reg_318_ CLK     SI      setup_clk_rise  c     SE = 0
u_ctrl/u_aes/rkeys_reg_318_ CLK     SE      hold_clk_rise   c     SE = 0
u_ctrl/u_aes/rkeys_reg_318_ CLK     SE      setup_clk_rise  c     SE = 0
u_ctrl/u_aes/rkeys_reg_108_ CLK     SI      hold_clk_rise   c     SE = 0
u_ctrl/u_aes/rkeys_reg_108_ CLK     SI      setup_clk_rise  c     SE = 0
u_ctrl/u_aes/rkeys_reg_108_ CLK     SE      hold_clk_rise   c     SE = 0
u_ctrl/u_aes/rkeys_reg_108_ CLK     SE      setup_clk_rise  c     SE = 0
u_ctrl/u_aes/rkeys_reg_739_ CLK     SI      hold_clk_rise   c     SE = 0
u_ctrl/u_aes/rkeys_reg_739_ CLK     SI      setup_clk_rise  c     SE = 0
u_ctrl/u_aes/rkeys_reg_739_ CLK     SE      hold_clk_rise   c     SE = 0
u_ctrl/u_aes/rkeys_reg_739_ CLK     SE      setup_clk_rise  c     SE = 0
u_ctrl/u_aes/rkeys_reg_529_ CLK     SI      hold_clk_rise   c     SE = 0
u_ctrl/u_aes/rkeys_reg_529_ CLK     SI      setup_clk_rise  c     SE = 0
u_ctrl/u_aes/rkeys_reg_529_ CLK     SE      hold_clk_rise   c     SE = 0
u_ctrl/u_aes/rkeys_reg_529_ CLK     SE      setup_clk_rise  c     SE = 0
u_ctrl/u_aes/rkeys_reg_319_ CLK     SI      hold_clk_rise   c     SE = 0
u_ctrl/u_aes/rkeys_reg_319_ CLK     SI      setup_clk_rise  c     SE = 0
u_ctrl/u_aes/rkeys_reg_319_ CLK     SE      hold_clk_rise   c     SE = 0
u_ctrl/u_aes/rkeys_reg_319_ CLK     SE      setup_clk_rise  c     SE = 0
u_ctrl/u_aes/rkeys_reg_1130_
                            CLK     SI      hold_clk_rise   c     SE = 0
u_ctrl/u_aes/rkeys_reg_1130_
                            CLK     SI      setup_clk_rise  c     SE = 0
u_ctrl/u_aes/rkeys_reg_1130_
                            CLK     SE      hold_clk_rise   c     SE = 0
u_ctrl/u_aes/rkeys_reg_1130_
                            CLK     SE      setup_clk_rise  c     SE = 0
u_ctrl/u_aes/rkeys_reg_1131_
                            CLK     SI      hold_clk_rise   c     SE = 0
u_ctrl/u_aes/rkeys_reg_1131_
                            CLK     SI      setup_clk_rise  c     SE = 0
u_ctrl/u_aes/rkeys_reg_1131_
                            CLK     SE      hold_clk_rise   c     SE = 0
u_ctrl/u_aes/rkeys_reg_1131_
                            CLK     SE      setup_clk_rise  c     SE = 0
u_ctrl/u_aes/rkeys_reg_1344_
                            CLK     SI      hold_clk_rise   c     SE = 0
u_ctrl/u_aes/rkeys_reg_1344_
                            CLK     SI      setup_clk_rise  c     SE = 0
u_ctrl/u_aes/rkeys_reg_1344_
                            CLK     SE      hold_clk_rise   c     SE = 0
u_ctrl/u_aes/rkeys_reg_1344_
                            CLK     SE      setup_clk_rise  c     SE = 0
u_ctrl/u_aes/rkeys_reg_1134_
                            CLK     SI      hold_clk_rise   c     SE = 0
u_ctrl/u_aes/rkeys_reg_1134_
                            CLK     SI      setup_clk_rise  c     SE = 0
u_ctrl/u_aes/rkeys_reg_1134_
                            CLK     SE      hold_clk_rise   c     SE = 0
u_ctrl/u_aes/rkeys_reg_1134_
                            CLK     SE      setup_clk_rise  c     SE = 0
u_ctrl/u_aes/rkeys_reg_1345_
                            CLK     SI      hold_clk_rise   c     SE = 0
u_ctrl/u_aes/rkeys_reg_1345_
                            CLK     SI      setup_clk_rise  c     SE = 0
u_ctrl/u_aes/rkeys_reg_1345_
                            CLK     SE      hold_clk_rise   c     SE = 0
u_ctrl/u_aes/rkeys_reg_1345_
                            CLK     SE      setup_clk_rise  c     SE = 0
u_ctrl/u_aes/rkeys_reg_1135_
                            CLK     SI      hold_clk_rise   c     SE = 0
u_ctrl/u_aes/rkeys_reg_1135_
                            CLK     SI      setup_clk_rise  c     SE = 0
u_ctrl/u_aes/rkeys_reg_1135_
                            CLK     SE      hold_clk_rise   c     SE = 0
u_ctrl/u_aes/rkeys_reg_1135_
                            CLK     SE      setup_clk_rise  c     SE = 0
u_ctrl/u_aes/rkeys_reg_210_ CLK     SI      hold_clk_rise   c     SE = 0
u_ctrl/u_aes/rkeys_reg_210_ CLK     SI      setup_clk_rise  c     SE = 0
u_ctrl/u_aes/rkeys_reg_210_ CLK     SE      hold_clk_rise   c     SE = 0
u_ctrl/u_aes/rkeys_reg_210_ CLK     SE      setup_clk_rise  c     SE = 0
u_ctrl/u_aes/rkeys_reg_1346_
                            CLK     SI      hold_clk_rise   c     SE = 0
u_ctrl/u_aes/rkeys_reg_1346_
                            CLK     SI      setup_clk_rise  c     SE = 0
u_ctrl/u_aes/rkeys_reg_1346_
                            CLK     SE      hold_clk_rise   c     SE = 0
u_ctrl/u_aes/rkeys_reg_1346_
                            CLK     SE      setup_clk_rise  c     SE = 0
u_ctrl/u_aes/rkeys_reg_841_ CLK     SI      hold_clk_rise   c     SE = 0
u_ctrl/u_aes/rkeys_reg_841_ CLK     SI      setup_clk_rise  c     SE = 0
u_ctrl/u_aes/rkeys_reg_841_ CLK     SE      hold_clk_rise   c     SE = 0
u_ctrl/u_aes/rkeys_reg_841_ CLK     SE      setup_clk_rise  c     SE = 0
u_ctrl/u_aes/rkeys_reg_1137_
                            CLK     SI      hold_clk_rise   c     SE = 0
u_ctrl/u_aes/rkeys_reg_1137_
                            CLK     SI      setup_clk_rise  c     SE = 0
u_ctrl/u_aes/rkeys_reg_1137_
                            CLK     SE      hold_clk_rise   c     SE = 0
u_ctrl/u_aes/rkeys_reg_1137_
                            CLK     SE      setup_clk_rise  c     SE = 0
u_ctrl/u_aes/rkeys_reg_842_ CLK     SI      hold_clk_rise   c     SE = 0
u_ctrl/u_aes/rkeys_reg_842_ CLK     SI      setup_clk_rise  c     SE = 0
u_ctrl/u_aes/rkeys_reg_842_ CLK     SE      hold_clk_rise   c     SE = 0
u_ctrl/u_aes/rkeys_reg_842_ CLK     SE      setup_clk_rise  c     SE = 0
u_ctrl/u_aes/rkeys_reg_422_ CLK     SI      hold_clk_rise   c     SE = 0
u_ctrl/u_aes/rkeys_reg_422_ CLK     SI      setup_clk_rise  c     SE = 0
u_ctrl/u_aes/rkeys_reg_422_ CLK     SE      hold_clk_rise   c     SE = 0
u_ctrl/u_aes/rkeys_reg_422_ CLK     SE      setup_clk_rise  c     SE = 0
u_ctrl/u_aes/rkeys_reg_843_ CLK     SI      hold_clk_rise   c     SE = 0
u_ctrl/u_aes/rkeys_reg_843_ CLK     SI      setup_clk_rise  c     SE = 0
u_ctrl/u_aes/rkeys_reg_843_ CLK     SE      hold_clk_rise   c     SE = 0
u_ctrl/u_aes/rkeys_reg_843_ CLK     SE      setup_clk_rise  c     SE = 0
u_ctrl/u_aes/rkeys_reg_633_ CLK     SI      hold_clk_rise   c     SE = 0
u_ctrl/u_aes/rkeys_reg_633_ CLK     SI      setup_clk_rise  c     SE = 0
u_ctrl/u_aes/rkeys_reg_633_ CLK     SE      hold_clk_rise   c     SE = 0
u_ctrl/u_aes/rkeys_reg_633_ CLK     SE      setup_clk_rise  c     SE = 0
u_ctrl/u_aes/rkeys_reg_844_ CLK     SI      hold_clk_rise   c     SE = 0
u_ctrl/u_aes/rkeys_reg_844_ CLK     SI      setup_clk_rise  c     SE = 0
u_ctrl/u_aes/rkeys_reg_844_ CLK     SE      hold_clk_rise   c     SE = 0
u_ctrl/u_aes/rkeys_reg_844_ CLK     SE      setup_clk_rise  c     SE = 0
u_ctrl/u_aes/rkeys_reg_634_ CLK     SI      hold_clk_rise   c     SE = 0
u_ctrl/u_aes/rkeys_reg_634_ CLK     SI      setup_clk_rise  c     SE = 0
u_ctrl/u_aes/rkeys_reg_634_ CLK     SE      hold_clk_rise   c     SE = 0
u_ctrl/u_aes/rkeys_reg_634_ CLK     SE      setup_clk_rise  c     SE = 0
u_ctrl/u_aes/rkeys_reg_424_ CLK     SI      hold_clk_rise   c     SE = 0
u_ctrl/u_aes/rkeys_reg_424_ CLK     SI      setup_clk_rise  c     SE = 0
u_ctrl/u_aes/rkeys_reg_424_ CLK     SE      hold_clk_rise   c     SE = 0
u_ctrl/u_aes/rkeys_reg_424_ CLK     SE      setup_clk_rise  c     SE = 0
u_ctrl/u_aes/rkeys_reg_845_ CLK     SI      hold_clk_rise   c     SE = 0
u_ctrl/u_aes/rkeys_reg_845_ CLK     SI      setup_clk_rise  c     SE = 0
u_ctrl/u_aes/rkeys_reg_845_ CLK     SE      hold_clk_rise   c     SE = 0
u_ctrl/u_aes/rkeys_reg_845_ CLK     SE      setup_clk_rise  c     SE = 0
u_ctrl/u_aes/rkeys_reg_635_ CLK     SI      hold_clk_rise   c     SE = 0
u_ctrl/u_aes/rkeys_reg_635_ CLK     SI      setup_clk_rise  c     SE = 0
u_ctrl/u_aes/rkeys_reg_635_ CLK     SE      hold_clk_rise   c     SE = 0
u_ctrl/u_aes/rkeys_reg_635_ CLK     SE      setup_clk_rise  c     SE = 0
u_ctrl/u_aes/rkeys_reg_425_ CLK     SI      hold_clk_rise   c     SE = 0
u_ctrl/u_aes/rkeys_reg_425_ CLK     SI      setup_clk_rise  c     SE = 0
u_ctrl/u_aes/rkeys_reg_425_ CLK     SE      hold_clk_rise   c     SE = 0
u_ctrl/u_aes/rkeys_reg_425_ CLK     SE      setup_clk_rise  c     SE = 0
u_ctrl/u_aes/rkeys_reg_215_ CLK     SI      hold_clk_rise   c     SE = 0
u_ctrl/u_aes/rkeys_reg_215_ CLK     SI      setup_clk_rise  c     SE = 0
u_ctrl/u_aes/rkeys_reg_215_ CLK     SE      hold_clk_rise   c     SE = 0
u_ctrl/u_aes/rkeys_reg_215_ CLK     SE      setup_clk_rise  c     SE = 0
u_ctrl/u_aes/rkeys_reg_636_ CLK     SI      hold_clk_rise   c     SE = 0
u_ctrl/u_aes/rkeys_reg_636_ CLK     SI      setup_clk_rise  c     SE = 0
u_ctrl/u_aes/rkeys_reg_636_ CLK     SE      hold_clk_rise   c     SE = 0
u_ctrl/u_aes/rkeys_reg_636_ CLK     SE      setup_clk_rise  c     SE = 0
u_ctrl/u_aes/rkeys_reg_426_ CLK     SI      hold_clk_rise   c     SE = 0
u_ctrl/u_aes/rkeys_reg_426_ CLK     SI      setup_clk_rise  c     SE = 0
u_ctrl/u_aes/rkeys_reg_426_ CLK     SE      hold_clk_rise   c     SE = 0
u_ctrl/u_aes/rkeys_reg_426_ CLK     SE      setup_clk_rise  c     SE = 0
u_ctrl/u_aes/rkeys_reg_427_ CLK     SI      hold_clk_rise   c     SE = 0
u_ctrl/u_aes/rkeys_reg_427_ CLK     SI      setup_clk_rise  c     SE = 0
u_ctrl/u_aes/rkeys_reg_427_ CLK     SE      hold_clk_rise   c     SE = 0
u_ctrl/u_aes/rkeys_reg_427_ CLK     SE      setup_clk_rise  c     SE = 0
u_ctrl/u_aes/rkeys_reg_848_ CLK     SI      hold_clk_rise   c     SE = 0
u_ctrl/u_aes/rkeys_reg_848_ CLK     SI      setup_clk_rise  c     SE = 0
u_ctrl/u_aes/rkeys_reg_848_ CLK     SE      hold_clk_rise   c     SE = 0
u_ctrl/u_aes/rkeys_reg_848_ CLK     SE      setup_clk_rise  c     SE = 0
u_ctrl/u_aes/rkeys_reg_638_ CLK     SI      hold_clk_rise   c     SE = 0
u_ctrl/u_aes/rkeys_reg_638_ CLK     SI      setup_clk_rise  c     SE = 0
u_ctrl/u_aes/rkeys_reg_638_ CLK     SE      hold_clk_rise   c     SE = 0
u_ctrl/u_aes/rkeys_reg_638_ CLK     SE      setup_clk_rise  c     SE = 0
u_ctrl/u_aes/rkeys_reg_428_ CLK     SI      hold_clk_rise   c     SE = 0
u_ctrl/u_aes/rkeys_reg_428_ CLK     SI      setup_clk_rise  c     SE = 0
u_ctrl/u_aes/rkeys_reg_428_ CLK     SE      hold_clk_rise   c     SE = 0
u_ctrl/u_aes/rkeys_reg_428_ CLK     SE      setup_clk_rise  c     SE = 0
u_ctrl/u_aes/rkeys_reg_1030_
                            CLK     SI      hold_clk_rise   c     SE = 0
u_ctrl/u_aes/rkeys_reg_1030_
                            CLK     SI      setup_clk_rise  c     SE = 0
u_ctrl/u_aes/rkeys_reg_1030_
                            CLK     SE      hold_clk_rise   c     SE = 0
u_ctrl/u_aes/rkeys_reg_1030_
                            CLK     SE      setup_clk_rise  c     SE = 0
u_ctrl/u_aes/rkeys_reg_1241_
                            CLK     SI      hold_clk_rise   c     SE = 0
u_ctrl/u_aes/rkeys_reg_1241_
                            CLK     SI      setup_clk_rise  c     SE = 0
u_ctrl/u_aes/rkeys_reg_1241_
                            CLK     SE      hold_clk_rise   c     SE = 0
u_ctrl/u_aes/rkeys_reg_1241_
                            CLK     SE      setup_clk_rise  c     SE = 0
u_ctrl/u_aes/rkeys_reg_1031_
                            CLK     SI      hold_clk_rise   c     SE = 0
u_ctrl/u_aes/rkeys_reg_1031_
                            CLK     SI      setup_clk_rise  c     SE = 0
u_ctrl/u_aes/rkeys_reg_1031_
                            CLK     SE      hold_clk_rise   c     SE = 0
u_ctrl/u_aes/rkeys_reg_1031_
                            CLK     SE      setup_clk_rise  c     SE = 0
u_ctrl/u_aes/rkeys_reg_1032_
                            CLK     SI      hold_clk_rise   c     SE = 0
u_ctrl/u_aes/rkeys_reg_1032_
                            CLK     SI      setup_clk_rise  c     SE = 0
u_ctrl/u_aes/rkeys_reg_1032_
                            CLK     SE      hold_clk_rise   c     SE = 0
u_ctrl/u_aes/rkeys_reg_1032_
                            CLK     SE      setup_clk_rise  c     SE = 0
u_ctrl/u_aes/rkeys_reg_1033_
                            CLK     SI      hold_clk_rise   c     SE = 0
u_ctrl/u_aes/rkeys_reg_1033_
                            CLK     SI      setup_clk_rise  c     SE = 0
u_ctrl/u_aes/rkeys_reg_1033_
                            CLK     SE      hold_clk_rise   c     SE = 0
u_ctrl/u_aes/rkeys_reg_1033_
                            CLK     SE      setup_clk_rise  c     SE = 0
u_ctrl/u_aes/rkeys_reg_1244_
                            CLK     SI      hold_clk_rise   c     SE = 0
u_ctrl/u_aes/rkeys_reg_1244_
                            CLK     SI      setup_clk_rise  c     SE = 0
u_ctrl/u_aes/rkeys_reg_1244_
                            CLK     SE      hold_clk_rise   c     SE = 0
u_ctrl/u_aes/rkeys_reg_1244_
                            CLK     SE      setup_clk_rise  c     SE = 0
u_ctrl/u_aes/rkeys_reg_950_ CLK     SI      hold_clk_rise   c     SE = 0
u_ctrl/u_aes/rkeys_reg_950_ CLK     SI      setup_clk_rise  c     SE = 0
u_ctrl/u_aes/rkeys_reg_950_ CLK     SE      hold_clk_rise   c     SE = 0
u_ctrl/u_aes/rkeys_reg_950_ CLK     SE      setup_clk_rise  c     SE = 0
u_ctrl/u_aes/rkeys_reg_320_ CLK     SI      hold_clk_rise   c     SE = 0
u_ctrl/u_aes/rkeys_reg_320_ CLK     SI      setup_clk_rise  c     SE = 0
u_ctrl/u_aes/rkeys_reg_320_ CLK     SE      hold_clk_rise   c     SE = 0
u_ctrl/u_aes/rkeys_reg_320_ CLK     SE      setup_clk_rise  c     SE = 0
u_ctrl/u_aes/rkeys_reg_1246_
                            CLK     SI      hold_clk_rise   c     SE = 0
u_ctrl/u_aes/rkeys_reg_1246_
                            CLK     SI      setup_clk_rise  c     SE = 0
u_ctrl/u_aes/rkeys_reg_1246_
                            CLK     SE      hold_clk_rise   c     SE = 0
u_ctrl/u_aes/rkeys_reg_1246_
                            CLK     SE      setup_clk_rise  c     SE = 0
u_ctrl/u_aes/rkeys_reg_1036_
                            CLK     SI      hold_clk_rise   c     SE = 0
u_ctrl/u_aes/rkeys_reg_1036_
                            CLK     SI      setup_clk_rise  c     SE = 0
u_ctrl/u_aes/rkeys_reg_1036_
                            CLK     SE      hold_clk_rise   c     SE = 0
u_ctrl/u_aes/rkeys_reg_1036_
                            CLK     SE      setup_clk_rise  c     SE = 0
u_ctrl/u_aes/rkeys_reg_741_ CLK     SI      hold_clk_rise   c     SE = 0
u_ctrl/u_aes/rkeys_reg_741_ CLK     SI      setup_clk_rise  c     SE = 0
u_ctrl/u_aes/rkeys_reg_741_ CLK     SE      hold_clk_rise   c     SE = 0
u_ctrl/u_aes/rkeys_reg_741_ CLK     SE      setup_clk_rise  c     SE = 0
u_ctrl/u_aes/rkeys_reg_1247_
                            CLK     SI      hold_clk_rise   c     SE = 0
u_ctrl/u_aes/rkeys_reg_1247_
                            CLK     SI      setup_clk_rise  c     SE = 0
u_ctrl/u_aes/rkeys_reg_1247_
                            CLK     SE      hold_clk_rise   c     SE = 0
u_ctrl/u_aes/rkeys_reg_1247_
                            CLK     SE      setup_clk_rise  c     SE = 0
u_ctrl/u_aes/rkeys_reg_1037_
                            CLK     SI      hold_clk_rise   c     SE = 0
u_ctrl/u_aes/rkeys_reg_1037_
                            CLK     SI      setup_clk_rise  c     SE = 0
u_ctrl/u_aes/rkeys_reg_1037_
                            CLK     SE      hold_clk_rise   c     SE = 0
u_ctrl/u_aes/rkeys_reg_1037_
                            CLK     SE      setup_clk_rise  c     SE = 0
u_ctrl/u_aes/rkeys_reg_742_ CLK     SI      hold_clk_rise   c     SE = 0
u_ctrl/u_aes/rkeys_reg_742_ CLK     SI      setup_clk_rise  c     SE = 0
u_ctrl/u_aes/rkeys_reg_742_ CLK     SE      hold_clk_rise   c     SE = 0
u_ctrl/u_aes/rkeys_reg_742_ CLK     SE      setup_clk_rise  c     SE = 0
u_ctrl/u_aes/rkeys_reg_112_ CLK     SI      hold_clk_rise   c     SE = 0
u_ctrl/u_aes/rkeys_reg_112_ CLK     SI      setup_clk_rise  c     SE = 0
u_ctrl/u_aes/rkeys_reg_112_ CLK     SE      hold_clk_rise   c     SE = 0
u_ctrl/u_aes/rkeys_reg_112_ CLK     SE      setup_clk_rise  c     SE = 0
u_ctrl/u_aes/rkeys_reg_1248_
                            CLK     SI      hold_clk_rise   c     SE = 0
u_ctrl/u_aes/rkeys_reg_1248_
                            CLK     SI      setup_clk_rise  c     SE = 0
u_ctrl/u_aes/rkeys_reg_1248_
                            CLK     SE      hold_clk_rise   c     SE = 0
u_ctrl/u_aes/rkeys_reg_1248_
                            CLK     SE      setup_clk_rise  c     SE = 0
u_ctrl/u_aes/rkeys_reg_743_ CLK     SI      hold_clk_rise   c     SE = 0
u_ctrl/u_aes/rkeys_reg_743_ CLK     SI      setup_clk_rise  c     SE = 0
u_ctrl/u_aes/rkeys_reg_743_ CLK     SE      hold_clk_rise   c     SE = 0
u_ctrl/u_aes/rkeys_reg_743_ CLK     SE      setup_clk_rise  c     SE = 0
u_ctrl/u_aes/rkeys_reg_533_ CLK     SI      hold_clk_rise   c     SE = 0
u_ctrl/u_aes/rkeys_reg_533_ CLK     SI      setup_clk_rise  c     SE = 0
u_ctrl/u_aes/rkeys_reg_533_ CLK     SE      hold_clk_rise   c     SE = 0
u_ctrl/u_aes/rkeys_reg_533_ CLK     SE      setup_clk_rise  c     SE = 0
u_ctrl/u_aes/rkeys_reg_323_ CLK     SI      hold_clk_rise   c     SE = 0
u_ctrl/u_aes/rkeys_reg_323_ CLK     SI      setup_clk_rise  c     SE = 0
u_ctrl/u_aes/rkeys_reg_323_ CLK     SE      hold_clk_rise   c     SE = 0
u_ctrl/u_aes/rkeys_reg_323_ CLK     SE      setup_clk_rise  c     SE = 0
u_ctrl/u_aes/rkeys_reg_1039_
                            CLK     SI      hold_clk_rise   c     SE = 0
u_ctrl/u_aes/rkeys_reg_1039_
                            CLK     SI      setup_clk_rise  c     SE = 0
u_ctrl/u_aes/rkeys_reg_1039_
                            CLK     SE      hold_clk_rise   c     SE = 0
u_ctrl/u_aes/rkeys_reg_1039_
                            CLK     SE      setup_clk_rise  c     SE = 0
u_ctrl/u_aes/rkeys_reg_954_ CLK     SI      hold_clk_rise   c     SE = 0
u_ctrl/u_aes/rkeys_reg_954_ CLK     SI      setup_clk_rise  c     SE = 0
u_ctrl/u_aes/rkeys_reg_954_ CLK     SE      hold_clk_rise   c     SE = 0
u_ctrl/u_aes/rkeys_reg_954_ CLK     SE      setup_clk_rise  c     SE = 0
u_ctrl/u_aes/rkeys_reg_744_ CLK     SI      hold_clk_rise   c     SE = 0
u_ctrl/u_aes/rkeys_reg_744_ CLK     SI      setup_clk_rise  c     SE = 0
u_ctrl/u_aes/rkeys_reg_744_ CLK     SE      hold_clk_rise   c     SE = 0
u_ctrl/u_aes/rkeys_reg_744_ CLK     SE      setup_clk_rise  c     SE = 0
u_ctrl/u_aes/rkeys_reg_324_ CLK     SI      hold_clk_rise   c     SE = 0
u_ctrl/u_aes/rkeys_reg_324_ CLK     SI      setup_clk_rise  c     SE = 0
u_ctrl/u_aes/rkeys_reg_324_ CLK     SE      hold_clk_rise   c     SE = 0
u_ctrl/u_aes/rkeys_reg_324_ CLK     SE      setup_clk_rise  c     SE = 0
u_ctrl/u_aes/rkeys_reg_955_ CLK     SI      hold_clk_rise   c     SE = 0
u_ctrl/u_aes/rkeys_reg_955_ CLK     SI      setup_clk_rise  c     SE = 0
u_ctrl/u_aes/rkeys_reg_955_ CLK     SE      hold_clk_rise   c     SE = 0
u_ctrl/u_aes/rkeys_reg_955_ CLK     SE      setup_clk_rise  c     SE = 0
u_ctrl/u_aes/rkeys_reg_745_ CLK     SI      hold_clk_rise   c     SE = 0
u_ctrl/u_aes/rkeys_reg_745_ CLK     SI      setup_clk_rise  c     SE = 0
u_ctrl/u_aes/rkeys_reg_745_ CLK     SE      hold_clk_rise   c     SE = 0
u_ctrl/u_aes/rkeys_reg_745_ CLK     SE      setup_clk_rise  c     SE = 0
u_ctrl/u_aes/rkeys_reg_535_ CLK     SI      hold_clk_rise   c     SE = 0
u_ctrl/u_aes/rkeys_reg_535_ CLK     SI      setup_clk_rise  c     SE = 0
u_ctrl/u_aes/rkeys_reg_535_ CLK     SE      hold_clk_rise   c     SE = 0
u_ctrl/u_aes/rkeys_reg_535_ CLK     SE      setup_clk_rise  c     SE = 0
u_ctrl/u_aes/rkeys_reg_325_ CLK     SI      hold_clk_rise   c     SE = 0
u_ctrl/u_aes/rkeys_reg_325_ CLK     SI      setup_clk_rise  c     SE = 0
u_ctrl/u_aes/rkeys_reg_325_ CLK     SE      hold_clk_rise   c     SE = 0
u_ctrl/u_aes/rkeys_reg_325_ CLK     SE      setup_clk_rise  c     SE = 0
u_ctrl/u_aes/rkeys_reg_116_ CLK     SI      hold_clk_rise   c     SE = 0
u_ctrl/u_aes/rkeys_reg_116_ CLK     SI      setup_clk_rise  c     SE = 0
u_ctrl/u_aes/rkeys_reg_116_ CLK     SE      hold_clk_rise   c     SE = 0
u_ctrl/u_aes/rkeys_reg_116_ CLK     SE      setup_clk_rise  c     SE = 0
u_ctrl/u_aes/rkeys_reg_957_ CLK     SI      hold_clk_rise   c     SE = 0
u_ctrl/u_aes/rkeys_reg_957_ CLK     SI      setup_clk_rise  c     SE = 0
u_ctrl/u_aes/rkeys_reg_957_ CLK     SE      hold_clk_rise   c     SE = 0
u_ctrl/u_aes/rkeys_reg_957_ CLK     SE      setup_clk_rise  c     SE = 0
u_ctrl/u_aes/rkeys_reg_537_ CLK     SI      hold_clk_rise   c     SE = 0
u_ctrl/u_aes/rkeys_reg_537_ CLK     SI      setup_clk_rise  c     SE = 0
u_ctrl/u_aes/rkeys_reg_537_ CLK     SE      hold_clk_rise   c     SE = 0
u_ctrl/u_aes/rkeys_reg_537_ CLK     SE      setup_clk_rise  c     SE = 0
u_ctrl/u_aes/rkeys_reg_327_ CLK     SI      hold_clk_rise   c     SE = 0
u_ctrl/u_aes/rkeys_reg_327_ CLK     SI      setup_clk_rise  c     SE = 0
u_ctrl/u_aes/rkeys_reg_327_ CLK     SE      hold_clk_rise   c     SE = 0
u_ctrl/u_aes/rkeys_reg_327_ CLK     SE      setup_clk_rise  c     SE = 0
u_ctrl/u_aes/rkeys_reg_958_ CLK     SI      hold_clk_rise   c     SE = 0
u_ctrl/u_aes/rkeys_reg_958_ CLK     SI      setup_clk_rise  c     SE = 0
u_ctrl/u_aes/rkeys_reg_958_ CLK     SE      hold_clk_rise   c     SE = 0
u_ctrl/u_aes/rkeys_reg_958_ CLK     SE      setup_clk_rise  c     SE = 0
u_ctrl/u_aes/rkeys_reg_328_ CLK     SI      hold_clk_rise   c     SE = 0
u_ctrl/u_aes/rkeys_reg_328_ CLK     SI      setup_clk_rise  c     SE = 0
u_ctrl/u_aes/rkeys_reg_328_ CLK     SE      hold_clk_rise   c     SE = 0
u_ctrl/u_aes/rkeys_reg_328_ CLK     SE      setup_clk_rise  c     SE = 0
u_ctrl/u_aes/rkeys_reg_749_ CLK     SI      hold_clk_rise   c     SE = 0
u_ctrl/u_aes/rkeys_reg_749_ CLK     SI      setup_clk_rise  c     SE = 0
u_ctrl/u_aes/rkeys_reg_749_ CLK     SE      hold_clk_rise   c     SE = 0
u_ctrl/u_aes/rkeys_reg_749_ CLK     SE      setup_clk_rise  c     SE = 0
u_ctrl/u_aes/rkeys_reg_539_ CLK     SI      hold_clk_rise   c     SE = 0
u_ctrl/u_aes/rkeys_reg_539_ CLK     SI      setup_clk_rise  c     SE = 0
u_ctrl/u_aes/rkeys_reg_539_ CLK     SE      hold_clk_rise   c     SE = 0
u_ctrl/u_aes/rkeys_reg_539_ CLK     SE      setup_clk_rise  c     SE = 0
u_ctrl/u_aes/rkeys_reg_1140_
                            CLK     SI      hold_clk_rise   c     SE = 0
u_ctrl/u_aes/rkeys_reg_1140_
                            CLK     SI      setup_clk_rise  c     SE = 0
u_ctrl/u_aes/rkeys_reg_1140_
                            CLK     SE      hold_clk_rise   c     SE = 0
u_ctrl/u_aes/rkeys_reg_1140_
                            CLK     SE      setup_clk_rise  c     SE = 0
u_ctrl/u_aes/rkeys_reg_1353_
                            CLK     SI      hold_clk_rise   c     SE = 0
u_ctrl/u_aes/rkeys_reg_1353_
                            CLK     SI      setup_clk_rise  c     SE = 0
u_ctrl/u_aes/rkeys_reg_1353_
                            CLK     SE      hold_clk_rise   c     SE = 0
u_ctrl/u_aes/rkeys_reg_1353_
                            CLK     SE      setup_clk_rise  c     SE = 0
u_ctrl/u_aes/rkeys_reg_1143_
                            CLK     SI      hold_clk_rise   c     SE = 0
u_ctrl/u_aes/rkeys_reg_1143_
                            CLK     SI      setup_clk_rise  c     SE = 0
u_ctrl/u_aes/rkeys_reg_1143_
                            CLK     SE      hold_clk_rise   c     SE = 0
u_ctrl/u_aes/rkeys_reg_1143_
                            CLK     SE      setup_clk_rise  c     SE = 0
u_ctrl/u_aes/rkeys_reg_1354_
                            CLK     SI      hold_clk_rise   c     SE = 0
u_ctrl/u_aes/rkeys_reg_1354_
                            CLK     SI      setup_clk_rise  c     SE = 0
u_ctrl/u_aes/rkeys_reg_1354_
                            CLK     SE      hold_clk_rise   c     SE = 0
u_ctrl/u_aes/rkeys_reg_1354_
                            CLK     SE      setup_clk_rise  c     SE = 0
u_ctrl/u_aes/rkeys_reg_1145_
                            CLK     SI      hold_clk_rise   c     SE = 0
u_ctrl/u_aes/rkeys_reg_1145_
                            CLK     SI      setup_clk_rise  c     SE = 0
u_ctrl/u_aes/rkeys_reg_1145_
                            CLK     SE      hold_clk_rise   c     SE = 0
u_ctrl/u_aes/rkeys_reg_1145_
                            CLK     SE      setup_clk_rise  c     SE = 0
u_ctrl/u_aes/rkeys_reg_850_ CLK     SI      hold_clk_rise   c     SE = 0
u_ctrl/u_aes/rkeys_reg_850_ CLK     SI      setup_clk_rise  c     SE = 0
u_ctrl/u_aes/rkeys_reg_850_ CLK     SE      hold_clk_rise   c     SE = 0
u_ctrl/u_aes/rkeys_reg_850_ CLK     SE      setup_clk_rise  c     SE = 0
u_ctrl/u_aes/rkeys_reg_430_ CLK     SI      hold_clk_rise   c     SE = 0
u_ctrl/u_aes/rkeys_reg_430_ CLK     SI      setup_clk_rise  c     SE = 0
u_ctrl/u_aes/rkeys_reg_430_ CLK     SE      hold_clk_rise   c     SE = 0
u_ctrl/u_aes/rkeys_reg_430_ CLK     SE      setup_clk_rise  c     SE = 0
u_ctrl/u_aes/rkeys_reg_220_ CLK     SI      hold_clk_rise   c     SE = 0
u_ctrl/u_aes/rkeys_reg_220_ CLK     SI      setup_clk_rise  c     SE = 0
u_ctrl/u_aes/rkeys_reg_220_ CLK     SE      hold_clk_rise   c     SE = 0
u_ctrl/u_aes/rkeys_reg_220_ CLK     SE      setup_clk_rise  c     SE = 0
u_ctrl/u_aes/rkeys_reg_1146_
                            CLK     SI      hold_clk_rise   c     SE = 0
u_ctrl/u_aes/rkeys_reg_1146_
                            CLK     SI      setup_clk_rise  c     SE = 0
u_ctrl/u_aes/rkeys_reg_1146_
                            CLK     SE      hold_clk_rise   c     SE = 0
u_ctrl/u_aes/rkeys_reg_1146_
                            CLK     SE      setup_clk_rise  c     SE = 0
u_ctrl/u_aes/rkeys_reg_641_ CLK     SI      hold_clk_rise   c     SE = 0
u_ctrl/u_aes/rkeys_reg_641_ CLK     SI      setup_clk_rise  c     SE = 0
u_ctrl/u_aes/rkeys_reg_641_ CLK     SE      hold_clk_rise   c     SE = 0
u_ctrl/u_aes/rkeys_reg_641_ CLK     SE      setup_clk_rise  c     SE = 0
u_ctrl/u_aes/rkeys_reg_431_ CLK     SI      hold_clk_rise   c     SE = 0
u_ctrl/u_aes/rkeys_reg_431_ CLK     SI      setup_clk_rise  c     SE = 0
u_ctrl/u_aes/rkeys_reg_431_ CLK     SE      hold_clk_rise   c     SE = 0
u_ctrl/u_aes/rkeys_reg_431_ CLK     SE      setup_clk_rise  c     SE = 0
u_ctrl/u_aes/rkeys_reg_221_ CLK     SI      hold_clk_rise   c     SE = 0
u_ctrl/u_aes/rkeys_reg_221_ CLK     SI      setup_clk_rise  c     SE = 0
u_ctrl/u_aes/rkeys_reg_221_ CLK     SE      hold_clk_rise   c     SE = 0
u_ctrl/u_aes/rkeys_reg_221_ CLK     SE      setup_clk_rise  c     SE = 0
u_ctrl/u_aes/rkeys_reg_852_ CLK     SI      hold_clk_rise   c     SE = 0
u_ctrl/u_aes/rkeys_reg_852_ CLK     SI      setup_clk_rise  c     SE = 0
u_ctrl/u_aes/rkeys_reg_852_ CLK     SE      hold_clk_rise   c     SE = 0
u_ctrl/u_aes/rkeys_reg_852_ CLK     SE      setup_clk_rise  c     SE = 0
u_ctrl/u_aes/rkeys_reg_222_ CLK     SI      hold_clk_rise   c     SE = 0
u_ctrl/u_aes/rkeys_reg_222_ CLK     SI      setup_clk_rise  c     SE = 0
u_ctrl/u_aes/rkeys_reg_222_ CLK     SE      hold_clk_rise   c     SE = 0
u_ctrl/u_aes/rkeys_reg_222_ CLK     SE      setup_clk_rise  c     SE = 0
u_ctrl/u_aes/rkeys_reg_1148_
                            CLK     SI      hold_clk_rise   c     SE = 0
u_ctrl/u_aes/rkeys_reg_1148_
                            CLK     SI      setup_clk_rise  c     SE = 0
u_ctrl/u_aes/rkeys_reg_1148_
                            CLK     SE      hold_clk_rise   c     SE = 0
u_ctrl/u_aes/rkeys_reg_1148_
                            CLK     SE      setup_clk_rise  c     SE = 0
u_ctrl/u_aes/rkeys_reg_853_ CLK     SI      hold_clk_rise   c     SE = 0
u_ctrl/u_aes/rkeys_reg_853_ CLK     SI      setup_clk_rise  c     SE = 0
u_ctrl/u_aes/rkeys_reg_853_ CLK     SE      hold_clk_rise   c     SE = 0
u_ctrl/u_aes/rkeys_reg_853_ CLK     SE      setup_clk_rise  c     SE = 0
u_ctrl/u_aes/rkeys_reg_643_ CLK     SI      hold_clk_rise   c     SE = 0
u_ctrl/u_aes/rkeys_reg_643_ CLK     SI      setup_clk_rise  c     SE = 0
u_ctrl/u_aes/rkeys_reg_643_ CLK     SE      hold_clk_rise   c     SE = 0
u_ctrl/u_aes/rkeys_reg_643_ CLK     SE      setup_clk_rise  c     SE = 0
u_ctrl/u_aes/rkeys_reg_433_ CLK     SI      hold_clk_rise   c     SE = 0
u_ctrl/u_aes/rkeys_reg_433_ CLK     SI      setup_clk_rise  c     SE = 0
u_ctrl/u_aes/rkeys_reg_433_ CLK     SE      hold_clk_rise   c     SE = 0
u_ctrl/u_aes/rkeys_reg_433_ CLK     SE      setup_clk_rise  c     SE = 0
u_ctrl/u_aes/rkeys_reg_223_ CLK     SI      hold_clk_rise   c     SE = 0
u_ctrl/u_aes/rkeys_reg_223_ CLK     SI      setup_clk_rise  c     SE = 0
u_ctrl/u_aes/rkeys_reg_223_ CLK     SE      hold_clk_rise   c     SE = 0
u_ctrl/u_aes/rkeys_reg_223_ CLK     SE      setup_clk_rise  c     SE = 0
u_ctrl/u_aes/rkeys_reg_1149_
                            CLK     SI      hold_clk_rise   c     SE = 0
u_ctrl/u_aes/rkeys_reg_1149_
                            CLK     SI      setup_clk_rise  c     SE = 0
u_ctrl/u_aes/rkeys_reg_1149_
                            CLK     SE      hold_clk_rise   c     SE = 0
u_ctrl/u_aes/rkeys_reg_1149_
                            CLK     SE      setup_clk_rise  c     SE = 0
u_ctrl/u_aes/rkeys_reg_224_ CLK     SI      hold_clk_rise   c     SE = 0
u_ctrl/u_aes/rkeys_reg_224_ CLK     SI      setup_clk_rise  c     SE = 0
u_ctrl/u_aes/rkeys_reg_224_ CLK     SE      hold_clk_rise   c     SE = 0
u_ctrl/u_aes/rkeys_reg_224_ CLK     SE      setup_clk_rise  c     SE = 0
u_ctrl/u_aes/rkeys_reg_645_ CLK     SI      hold_clk_rise   c     SE = 0
u_ctrl/u_aes/rkeys_reg_645_ CLK     SI      setup_clk_rise  c     SE = 0
u_ctrl/u_aes/rkeys_reg_645_ CLK     SE      hold_clk_rise   c     SE = 0
u_ctrl/u_aes/rkeys_reg_645_ CLK     SE      setup_clk_rise  c     SE = 0
u_ctrl/u_aes/rkeys_reg_435_ CLK     SI      hold_clk_rise   c     SE = 0
u_ctrl/u_aes/rkeys_reg_435_ CLK     SI      setup_clk_rise  c     SE = 0
u_ctrl/u_aes/rkeys_reg_435_ CLK     SE      hold_clk_rise   c     SE = 0
u_ctrl/u_aes/rkeys_reg_435_ CLK     SE      setup_clk_rise  c     SE = 0
u_ctrl/u_aes/rkeys_reg_856_ CLK     SI      hold_clk_rise   c     SE = 0
u_ctrl/u_aes/rkeys_reg_856_ CLK     SI      setup_clk_rise  c     SE = 0
u_ctrl/u_aes/rkeys_reg_856_ CLK     SE      hold_clk_rise   c     SE = 0
u_ctrl/u_aes/rkeys_reg_856_ CLK     SE      setup_clk_rise  c     SE = 0
u_ctrl/u_aes/rkeys_reg_647_ CLK     SI      hold_clk_rise   c     SE = 0
u_ctrl/u_aes/rkeys_reg_647_ CLK     SI      setup_clk_rise  c     SE = 0
u_ctrl/u_aes/rkeys_reg_647_ CLK     SE      hold_clk_rise   c     SE = 0
u_ctrl/u_aes/rkeys_reg_647_ CLK     SE      setup_clk_rise  c     SE = 0
u_ctrl/u_aes/rkeys_reg_858_ CLK     SI      hold_clk_rise   c     SE = 0
u_ctrl/u_aes/rkeys_reg_858_ CLK     SI      setup_clk_rise  c     SE = 0
u_ctrl/u_aes/rkeys_reg_858_ CLK     SE      hold_clk_rise   c     SE = 0
u_ctrl/u_aes/rkeys_reg_858_ CLK     SE      setup_clk_rise  c     SE = 0
u_ctrl/u_aes/rkeys_reg_228_ CLK     SI      hold_clk_rise   c     SE = 0
u_ctrl/u_aes/rkeys_reg_228_ CLK     SI      setup_clk_rise  c     SE = 0
u_ctrl/u_aes/rkeys_reg_228_ CLK     SE      hold_clk_rise   c     SE = 0
u_ctrl/u_aes/rkeys_reg_228_ CLK     SE      setup_clk_rise  c     SE = 0
u_ctrl/u_aes/rkeys_reg_649_ CLK     SI      hold_clk_rise   c     SE = 0
u_ctrl/u_aes/rkeys_reg_649_ CLK     SI      setup_clk_rise  c     SE = 0
u_ctrl/u_aes/rkeys_reg_649_ CLK     SE      hold_clk_rise   c     SE = 0
u_ctrl/u_aes/rkeys_reg_649_ CLK     SE      setup_clk_rise  c     SE = 0
u_ctrl/u_aes/rkeys_reg_1250_
                            CLK     SI      hold_clk_rise   c     SE = 0
u_ctrl/u_aes/rkeys_reg_1250_
                            CLK     SI      setup_clk_rise  c     SE = 0
u_ctrl/u_aes/rkeys_reg_1250_
                            CLK     SE      hold_clk_rise   c     SE = 0
u_ctrl/u_aes/rkeys_reg_1250_
                            CLK     SE      setup_clk_rise  c     SE = 0
u_ctrl/u_aes/rkeys_reg_1251_
                            CLK     SI      hold_clk_rise   c     SE = 0
u_ctrl/u_aes/rkeys_reg_1251_
                            CLK     SI      setup_clk_rise  c     SE = 0
u_ctrl/u_aes/rkeys_reg_1251_
                            CLK     SE      hold_clk_rise   c     SE = 0
u_ctrl/u_aes/rkeys_reg_1251_
                            CLK     SE      setup_clk_rise  c     SE = 0
u_ctrl/u_aes/rkeys_reg_1252_
                            CLK     SI      hold_clk_rise   c     SE = 0
u_ctrl/u_aes/rkeys_reg_1252_
                            CLK     SI      setup_clk_rise  c     SE = 0
u_ctrl/u_aes/rkeys_reg_1252_
                            CLK     SE      hold_clk_rise   c     SE = 0
u_ctrl/u_aes/rkeys_reg_1252_
                            CLK     SE      setup_clk_rise  c     SE = 0
u_ctrl/u_aes/rkeys_reg_1253_
                            CLK     SI      hold_clk_rise   c     SE = 0
u_ctrl/u_aes/rkeys_reg_1253_
                            CLK     SI      setup_clk_rise  c     SE = 0
u_ctrl/u_aes/rkeys_reg_1253_
                            CLK     SE      hold_clk_rise   c     SE = 0
u_ctrl/u_aes/rkeys_reg_1253_
                            CLK     SE      setup_clk_rise  c     SE = 0
u_ctrl/u_aes/rkeys_reg_1254_
                            CLK     SI      hold_clk_rise   c     SE = 0
u_ctrl/u_aes/rkeys_reg_1254_
                            CLK     SI      setup_clk_rise  c     SE = 0
u_ctrl/u_aes/rkeys_reg_1254_
                            CLK     SE      hold_clk_rise   c     SE = 0
u_ctrl/u_aes/rkeys_reg_1254_
                            CLK     SE      setup_clk_rise  c     SE = 0
u_ctrl/u_aes/rkeys_reg_1255_
                            CLK     SI      hold_clk_rise   c     SE = 0
u_ctrl/u_aes/rkeys_reg_1255_
                            CLK     SI      setup_clk_rise  c     SE = 0
u_ctrl/u_aes/rkeys_reg_1255_
                            CLK     SE      hold_clk_rise   c     SE = 0
u_ctrl/u_aes/rkeys_reg_1255_
                            CLK     SE      setup_clk_rise  c     SE = 0
u_ctrl/u_aes/rkeys_reg_1045_
                            CLK     SI      hold_clk_rise   c     SE = 0
u_ctrl/u_aes/rkeys_reg_1045_
                            CLK     SI      setup_clk_rise  c     SE = 0
u_ctrl/u_aes/rkeys_reg_1045_
                            CLK     SE      hold_clk_rise   c     SE = 0
u_ctrl/u_aes/rkeys_reg_1045_
                            CLK     SE      setup_clk_rise  c     SE = 0
u_ctrl/u_aes/rkeys_reg_960_ CLK     SI      hold_clk_rise   c     SE = 0
u_ctrl/u_aes/rkeys_reg_960_ CLK     SI      setup_clk_rise  c     SE = 0
u_ctrl/u_aes/rkeys_reg_960_ CLK     SE      hold_clk_rise   c     SE = 0
u_ctrl/u_aes/rkeys_reg_960_ CLK     SE      setup_clk_rise  c     SE = 0
u_ctrl/u_aes/rkeys_reg_330_ CLK     SI      hold_clk_rise   c     SE = 0
u_ctrl/u_aes/rkeys_reg_330_ CLK     SI      setup_clk_rise  c     SE = 0
u_ctrl/u_aes/rkeys_reg_330_ CLK     SE      hold_clk_rise   c     SE = 0
u_ctrl/u_aes/rkeys_reg_330_ CLK     SE      setup_clk_rise  c     SE = 0
u_ctrl/u_aes/rkeys_reg_120_ CLK     SI      hold_clk_rise   c     SE = 0
u_ctrl/u_aes/rkeys_reg_120_ CLK     SI      setup_clk_rise  c     SE = 0
u_ctrl/u_aes/rkeys_reg_120_ CLK     SE      hold_clk_rise   c     SE = 0
u_ctrl/u_aes/rkeys_reg_120_ CLK     SE      setup_clk_rise  c     SE = 0
u_ctrl/u_aes/rkeys_reg_961_ CLK     SI      hold_clk_rise   c     SE = 0
u_ctrl/u_aes/rkeys_reg_961_ CLK     SI      setup_clk_rise  c     SE = 0
u_ctrl/u_aes/rkeys_reg_961_ CLK     SE      hold_clk_rise   c     SE = 0
u_ctrl/u_aes/rkeys_reg_961_ CLK     SE      setup_clk_rise  c     SE = 0
u_ctrl/u_aes/rkeys_reg_751_ CLK     SI      hold_clk_rise   c     SE = 0
u_ctrl/u_aes/rkeys_reg_751_ CLK     SI      setup_clk_rise  c     SE = 0
u_ctrl/u_aes/rkeys_reg_751_ CLK     SE      hold_clk_rise   c     SE = 0
u_ctrl/u_aes/rkeys_reg_751_ CLK     SE      setup_clk_rise  c     SE = 0
u_ctrl/u_aes/rkeys_reg_121_ CLK     SI      hold_clk_rise   c     SE = 0
u_ctrl/u_aes/rkeys_reg_121_ CLK     SI      setup_clk_rise  c     SE = 0
u_ctrl/u_aes/rkeys_reg_121_ CLK     SE      hold_clk_rise   c     SE = 0
u_ctrl/u_aes/rkeys_reg_121_ CLK     SE      setup_clk_rise  c     SE = 0
u_ctrl/u_aes/rkeys_reg_962_ CLK     SI      hold_clk_rise   c     SE = 0
u_ctrl/u_aes/rkeys_reg_962_ CLK     SI      setup_clk_rise  c     SE = 0
u_ctrl/u_aes/rkeys_reg_962_ CLK     SE      hold_clk_rise   c     SE = 0
u_ctrl/u_aes/rkeys_reg_962_ CLK     SE      setup_clk_rise  c     SE = 0
u_ctrl/u_aes/rkeys_reg_1258_
                            CLK     SI      hold_clk_rise   c     SE = 0
u_ctrl/u_aes/rkeys_reg_1258_
                            CLK     SI      setup_clk_rise  c     SE = 0
u_ctrl/u_aes/rkeys_reg_1258_
                            CLK     SE      hold_clk_rise   c     SE = 0
u_ctrl/u_aes/rkeys_reg_1258_
                            CLK     SE      setup_clk_rise  c     SE = 0
u_ctrl/u_aes/rkeys_reg_963_ CLK     SI      hold_clk_rise   c     SE = 0
u_ctrl/u_aes/rkeys_reg_963_ CLK     SI      setup_clk_rise  c     SE = 0
u_ctrl/u_aes/rkeys_reg_963_ CLK     SE      hold_clk_rise   c     SE = 0
u_ctrl/u_aes/rkeys_reg_963_ CLK     SE      setup_clk_rise  c     SE = 0
u_ctrl/u_aes/rkeys_reg_753_ CLK     SI      hold_clk_rise   c     SE = 0
u_ctrl/u_aes/rkeys_reg_753_ CLK     SI      setup_clk_rise  c     SE = 0
u_ctrl/u_aes/rkeys_reg_753_ CLK     SE      hold_clk_rise   c     SE = 0
u_ctrl/u_aes/rkeys_reg_753_ CLK     SE      setup_clk_rise  c     SE = 0
u_ctrl/u_aes/rkeys_reg_333_ CLK     SI      hold_clk_rise   c     SE = 0
u_ctrl/u_aes/rkeys_reg_333_ CLK     SI      setup_clk_rise  c     SE = 0
u_ctrl/u_aes/rkeys_reg_333_ CLK     SE      hold_clk_rise   c     SE = 0
u_ctrl/u_aes/rkeys_reg_333_ CLK     SE      setup_clk_rise  c     SE = 0
u_ctrl/u_aes/rkeys_reg_964_ CLK     SI      hold_clk_rise   c     SE = 0
u_ctrl/u_aes/rkeys_reg_964_ CLK     SI      setup_clk_rise  c     SE = 0
u_ctrl/u_aes/rkeys_reg_964_ CLK     SE      hold_clk_rise   c     SE = 0
u_ctrl/u_aes/rkeys_reg_964_ CLK     SE      setup_clk_rise  c     SE = 0
u_ctrl/u_aes/rkeys_reg_544_ CLK     SI      hold_clk_rise   c     SE = 0
u_ctrl/u_aes/rkeys_reg_544_ CLK     SI      setup_clk_rise  c     SE = 0
u_ctrl/u_aes/rkeys_reg_544_ CLK     SE      hold_clk_rise   c     SE = 0
u_ctrl/u_aes/rkeys_reg_544_ CLK     SE      setup_clk_rise  c     SE = 0
u_ctrl/u_aes/rkeys_reg_334_ CLK     SI      hold_clk_rise   c     SE = 0
u_ctrl/u_aes/rkeys_reg_334_ CLK     SI      setup_clk_rise  c     SE = 0
u_ctrl/u_aes/rkeys_reg_334_ CLK     SE      hold_clk_rise   c     SE = 0
u_ctrl/u_aes/rkeys_reg_334_ CLK     SE      setup_clk_rise  c     SE = 0
u_ctrl/u_aes/rkeys_reg_124_ CLK     SI      hold_clk_rise   c     SE = 0
u_ctrl/u_aes/rkeys_reg_124_ CLK     SI      setup_clk_rise  c     SE = 0
u_ctrl/u_aes/rkeys_reg_124_ CLK     SE      hold_clk_rise   c     SE = 0
u_ctrl/u_aes/rkeys_reg_124_ CLK     SE      setup_clk_rise  c     SE = 0
u_ctrl/u_aes/rkeys_reg_965_ CLK     SI      hold_clk_rise   c     SE = 0
u_ctrl/u_aes/rkeys_reg_965_ CLK     SI      setup_clk_rise  c     SE = 0
u_ctrl/u_aes/rkeys_reg_965_ CLK     SE      hold_clk_rise   c     SE = 0
u_ctrl/u_aes/rkeys_reg_965_ CLK     SE      setup_clk_rise  c     SE = 0
u_ctrl/u_aes/rkeys_reg_755_ CLK     SI      hold_clk_rise   c     SE = 0
u_ctrl/u_aes/rkeys_reg_755_ CLK     SI      setup_clk_rise  c     SE = 0
u_ctrl/u_aes/rkeys_reg_755_ CLK     SE      hold_clk_rise   c     SE = 0
u_ctrl/u_aes/rkeys_reg_755_ CLK     SE      setup_clk_rise  c     SE = 0
u_ctrl/u_aes/rkeys_reg_967_ CLK     SI      hold_clk_rise   c     SE = 0
u_ctrl/u_aes/rkeys_reg_967_ CLK     SI      setup_clk_rise  c     SE = 0
u_ctrl/u_aes/rkeys_reg_967_ CLK     SE      hold_clk_rise   c     SE = 0
u_ctrl/u_aes/rkeys_reg_967_ CLK     SE      setup_clk_rise  c     SE = 0
u_ctrl/u_aes/rkeys_reg_757_ CLK     SI      hold_clk_rise   c     SE = 0
u_ctrl/u_aes/rkeys_reg_757_ CLK     SI      setup_clk_rise  c     SE = 0
u_ctrl/u_aes/rkeys_reg_757_ CLK     SE      hold_clk_rise   c     SE = 0
u_ctrl/u_aes/rkeys_reg_757_ CLK     SE      setup_clk_rise  c     SE = 0
u_ctrl/u_aes/rkeys_reg_968_ CLK     SI      hold_clk_rise   c     SE = 0
u_ctrl/u_aes/rkeys_reg_968_ CLK     SI      setup_clk_rise  c     SE = 0
u_ctrl/u_aes/rkeys_reg_968_ CLK     SE      hold_clk_rise   c     SE = 0
u_ctrl/u_aes/rkeys_reg_968_ CLK     SE      setup_clk_rise  c     SE = 0
u_ctrl/u_aes/rkeys_reg_338_ CLK     SI      hold_clk_rise   c     SE = 0
u_ctrl/u_aes/rkeys_reg_338_ CLK     SI      setup_clk_rise  c     SE = 0
u_ctrl/u_aes/rkeys_reg_338_ CLK     SE      hold_clk_rise   c     SE = 0
u_ctrl/u_aes/rkeys_reg_338_ CLK     SE      setup_clk_rise  c     SE = 0
u_ctrl/u_aes/rkeys_reg_759_ CLK     SI      hold_clk_rise   c     SE = 0
u_ctrl/u_aes/rkeys_reg_759_ CLK     SI      setup_clk_rise  c     SE = 0
u_ctrl/u_aes/rkeys_reg_759_ CLK     SE      hold_clk_rise   c     SE = 0
u_ctrl/u_aes/rkeys_reg_759_ CLK     SE      setup_clk_rise  c     SE = 0
u_ctrl/u_aes/rkeys_reg_339_ CLK     SI      hold_clk_rise   c     SE = 0
u_ctrl/u_aes/rkeys_reg_339_ CLK     SI      setup_clk_rise  c     SE = 0
u_ctrl/u_aes/rkeys_reg_339_ CLK     SE      hold_clk_rise   c     SE = 0
u_ctrl/u_aes/rkeys_reg_339_ CLK     SE      setup_clk_rise  c     SE = 0
u_ctrl/u_aes/rkeys_reg_129_ CLK     SI      hold_clk_rise   c     SE = 0
u_ctrl/u_aes/rkeys_reg_129_ CLK     SI      setup_clk_rise  c     SE = 0
u_ctrl/u_aes/rkeys_reg_129_ CLK     SE      hold_clk_rise   c     SE = 0
u_ctrl/u_aes/rkeys_reg_129_ CLK     SE      setup_clk_rise  c     SE = 0
u_ctrl/u_aes/rkeys_reg_1360_
                            CLK     SI      hold_clk_rise   c     SE = 0
u_ctrl/u_aes/rkeys_reg_1360_
                            CLK     SI      setup_clk_rise  c     SE = 0
u_ctrl/u_aes/rkeys_reg_1360_
                            CLK     SE      hold_clk_rise   c     SE = 0
u_ctrl/u_aes/rkeys_reg_1360_
                            CLK     SE      setup_clk_rise  c     SE = 0
u_ctrl/u_aes/rkeys_reg_1151_
                            CLK     SI      hold_clk_rise   c     SE = 0
u_ctrl/u_aes/rkeys_reg_1151_
                            CLK     SI      setup_clk_rise  c     SE = 0
u_ctrl/u_aes/rkeys_reg_1151_
                            CLK     SE      hold_clk_rise   c     SE = 0
u_ctrl/u_aes/rkeys_reg_1151_
                            CLK     SE      setup_clk_rise  c     SE = 0
u_ctrl/u_aes/rkeys_reg_1362_
                            CLK     SI      hold_clk_rise   c     SE = 0
u_ctrl/u_aes/rkeys_reg_1362_
                            CLK     SI      setup_clk_rise  c     SE = 0
u_ctrl/u_aes/rkeys_reg_1362_
                            CLK     SE      hold_clk_rise   c     SE = 0
u_ctrl/u_aes/rkeys_reg_1362_
                            CLK     SE      setup_clk_rise  c     SE = 0
u_ctrl/u_aes/rkeys_reg_1153_
                            CLK     SI      hold_clk_rise   c     SE = 0
u_ctrl/u_aes/rkeys_reg_1153_
                            CLK     SI      setup_clk_rise  c     SE = 0
u_ctrl/u_aes/rkeys_reg_1153_
                            CLK     SE      hold_clk_rise   c     SE = 0
u_ctrl/u_aes/rkeys_reg_1153_
                            CLK     SE      setup_clk_rise  c     SE = 0
u_ctrl/u_aes/rkeys_reg_1154_
                            CLK     SI      hold_clk_rise   c     SE = 0
u_ctrl/u_aes/rkeys_reg_1154_
                            CLK     SI      setup_clk_rise  c     SE = 0
u_ctrl/u_aes/rkeys_reg_1154_
                            CLK     SE      hold_clk_rise   c     SE = 0
u_ctrl/u_aes/rkeys_reg_1154_
                            CLK     SE      setup_clk_rise  c     SE = 0
u_ctrl/u_aes/rkeys_reg_1155_
                            CLK     SI      hold_clk_rise   c     SE = 0
u_ctrl/u_aes/rkeys_reg_1155_
                            CLK     SI      setup_clk_rise  c     SE = 0
u_ctrl/u_aes/rkeys_reg_1155_
                            CLK     SE      hold_clk_rise   c     SE = 0
u_ctrl/u_aes/rkeys_reg_1155_
                            CLK     SE      setup_clk_rise  c     SE = 0
u_ctrl/u_aes/rkeys_reg_860_ CLK     SI      hold_clk_rise   c     SE = 0
u_ctrl/u_aes/rkeys_reg_860_ CLK     SI      setup_clk_rise  c     SE = 0
u_ctrl/u_aes/rkeys_reg_860_ CLK     SE      hold_clk_rise   c     SE = 0
u_ctrl/u_aes/rkeys_reg_860_ CLK     SE      setup_clk_rise  c     SE = 0
u_ctrl/u_aes/rkeys_reg_230_ CLK     SI      hold_clk_rise   c     SE = 0
u_ctrl/u_aes/rkeys_reg_230_ CLK     SI      setup_clk_rise  c     SE = 0
u_ctrl/u_aes/rkeys_reg_230_ CLK     SE      hold_clk_rise   c     SE = 0
u_ctrl/u_aes/rkeys_reg_230_ CLK     SE      setup_clk_rise  c     SE = 0
u_ctrl/u_aes/rkeys_reg_1156_
                            CLK     SI      hold_clk_rise   c     SE = 0
u_ctrl/u_aes/rkeys_reg_1156_
                            CLK     SI      setup_clk_rise  c     SE = 0
u_ctrl/u_aes/rkeys_reg_1156_
                            CLK     SE      hold_clk_rise   c     SE = 0
u_ctrl/u_aes/rkeys_reg_1156_
                            CLK     SE      setup_clk_rise  c     SE = 0
u_ctrl/u_aes/rkeys_reg_231_ CLK     SI      hold_clk_rise   c     SE = 0
u_ctrl/u_aes/rkeys_reg_231_ CLK     SI      setup_clk_rise  c     SE = 0
u_ctrl/u_aes/rkeys_reg_231_ CLK     SE      hold_clk_rise   c     SE = 0
u_ctrl/u_aes/rkeys_reg_231_ CLK     SE      setup_clk_rise  c     SE = 0
u_ctrl/u_aes/rkeys_reg_1157_
                            CLK     SI      hold_clk_rise   c     SE = 0
u_ctrl/u_aes/rkeys_reg_1157_
                            CLK     SI      setup_clk_rise  c     SE = 0
u_ctrl/u_aes/rkeys_reg_1157_
                            CLK     SE      hold_clk_rise   c     SE = 0
u_ctrl/u_aes/rkeys_reg_1157_
                            CLK     SE      setup_clk_rise  c     SE = 0
u_ctrl/u_aes/rkeys_reg_442_ CLK     SI      hold_clk_rise   c     SE = 0
u_ctrl/u_aes/rkeys_reg_442_ CLK     SI      setup_clk_rise  c     SE = 0
u_ctrl/u_aes/rkeys_reg_442_ CLK     SE      hold_clk_rise   c     SE = 0
u_ctrl/u_aes/rkeys_reg_442_ CLK     SE      setup_clk_rise  c     SE = 0
u_ctrl/u_aes/rkeys_reg_1158_
                            CLK     SI      hold_clk_rise   c     SE = 0
u_ctrl/u_aes/rkeys_reg_1158_
                            CLK     SI      setup_clk_rise  c     SE = 0
u_ctrl/u_aes/rkeys_reg_1158_
                            CLK     SE      hold_clk_rise   c     SE = 0
u_ctrl/u_aes/rkeys_reg_1158_
                            CLK     SE      setup_clk_rise  c     SE = 0
u_ctrl/u_aes/rkeys_reg_863_ CLK     SI      hold_clk_rise   c     SE = 0
u_ctrl/u_aes/rkeys_reg_863_ CLK     SI      setup_clk_rise  c     SE = 0
u_ctrl/u_aes/rkeys_reg_863_ CLK     SE      hold_clk_rise   c     SE = 0
u_ctrl/u_aes/rkeys_reg_863_ CLK     SE      setup_clk_rise  c     SE = 0
u_ctrl/u_aes/rkeys_reg_653_ CLK     SI      hold_clk_rise   c     SE = 0
u_ctrl/u_aes/rkeys_reg_653_ CLK     SI      setup_clk_rise  c     SE = 0
u_ctrl/u_aes/rkeys_reg_653_ CLK     SE      hold_clk_rise   c     SE = 0
u_ctrl/u_aes/rkeys_reg_653_ CLK     SE      setup_clk_rise  c     SE = 0
u_ctrl/u_aes/rkeys_reg_233_ CLK     SI      hold_clk_rise   c     SE = 0
u_ctrl/u_aes/rkeys_reg_233_ CLK     SI      setup_clk_rise  c     SE = 0
u_ctrl/u_aes/rkeys_reg_233_ CLK     SE      hold_clk_rise   c     SE = 0
u_ctrl/u_aes/rkeys_reg_233_ CLK     SE      setup_clk_rise  c     SE = 0
u_ctrl/u_aes/rkeys_reg_1159_
                            CLK     SI      hold_clk_rise   c     SE = 0
u_ctrl/u_aes/rkeys_reg_1159_
                            CLK     SI      setup_clk_rise  c     SE = 0
u_ctrl/u_aes/rkeys_reg_1159_
                            CLK     SE      hold_clk_rise   c     SE = 0
u_ctrl/u_aes/rkeys_reg_1159_
                            CLK     SE      setup_clk_rise  c     SE = 0
u_ctrl/u_aes/rkeys_reg_866_ CLK     SI      hold_clk_rise   c     SE = 0
u_ctrl/u_aes/rkeys_reg_866_ CLK     SI      setup_clk_rise  c     SE = 0
u_ctrl/u_aes/rkeys_reg_866_ CLK     SE      hold_clk_rise   c     SE = 0
u_ctrl/u_aes/rkeys_reg_866_ CLK     SE      setup_clk_rise  c     SE = 0
u_ctrl/u_aes/rkeys_reg_446_ CLK     SI      hold_clk_rise   c     SE = 0
u_ctrl/u_aes/rkeys_reg_446_ CLK     SI      setup_clk_rise  c     SE = 0
u_ctrl/u_aes/rkeys_reg_446_ CLK     SE      hold_clk_rise   c     SE = 0
u_ctrl/u_aes/rkeys_reg_446_ CLK     SE      setup_clk_rise  c     SE = 0
u_ctrl/u_aes/rkeys_reg_236_ CLK     SI      hold_clk_rise   c     SE = 0
u_ctrl/u_aes/rkeys_reg_236_ CLK     SI      setup_clk_rise  c     SE = 0
u_ctrl/u_aes/rkeys_reg_236_ CLK     SE      hold_clk_rise   c     SE = 0
u_ctrl/u_aes/rkeys_reg_236_ CLK     SE      setup_clk_rise  c     SE = 0
u_ctrl/u_aes/rkeys_reg_867_ CLK     SI      hold_clk_rise   c     SE = 0
u_ctrl/u_aes/rkeys_reg_867_ CLK     SI      setup_clk_rise  c     SE = 0
u_ctrl/u_aes/rkeys_reg_867_ CLK     SE      hold_clk_rise   c     SE = 0
u_ctrl/u_aes/rkeys_reg_867_ CLK     SE      setup_clk_rise  c     SE = 0
u_ctrl/u_aes/rkeys_reg_657_ CLK     SI      hold_clk_rise   c     SE = 0
u_ctrl/u_aes/rkeys_reg_657_ CLK     SI      setup_clk_rise  c     SE = 0
u_ctrl/u_aes/rkeys_reg_657_ CLK     SE      hold_clk_rise   c     SE = 0
u_ctrl/u_aes/rkeys_reg_657_ CLK     SE      setup_clk_rise  c     SE = 0
u_ctrl/u_aes/rkeys_reg_237_ CLK     SI      hold_clk_rise   c     SE = 0
u_ctrl/u_aes/rkeys_reg_237_ CLK     SI      setup_clk_rise  c     SE = 0
u_ctrl/u_aes/rkeys_reg_237_ CLK     SE      hold_clk_rise   c     SE = 0
u_ctrl/u_aes/rkeys_reg_237_ CLK     SE      setup_clk_rise  c     SE = 0
u_ctrl/u_aes/rkeys_reg_868_ CLK     SI      hold_clk_rise   c     SE = 0
u_ctrl/u_aes/rkeys_reg_868_ CLK     SI      setup_clk_rise  c     SE = 0
u_ctrl/u_aes/rkeys_reg_868_ CLK     SE      hold_clk_rise   c     SE = 0
u_ctrl/u_aes/rkeys_reg_868_ CLK     SE      setup_clk_rise  c     SE = 0
u_ctrl/u_aes/rkeys_reg_658_ CLK     SI      hold_clk_rise   c     SE = 0
u_ctrl/u_aes/rkeys_reg_658_ CLK     SI      setup_clk_rise  c     SE = 0
u_ctrl/u_aes/rkeys_reg_658_ CLK     SE      hold_clk_rise   c     SE = 0
u_ctrl/u_aes/rkeys_reg_658_ CLK     SE      setup_clk_rise  c     SE = 0
u_ctrl/u_aes/rkeys_reg_869_ CLK     SI      hold_clk_rise   c     SE = 0
u_ctrl/u_aes/rkeys_reg_869_ CLK     SI      setup_clk_rise  c     SE = 0
u_ctrl/u_aes/rkeys_reg_869_ CLK     SE      hold_clk_rise   c     SE = 0
u_ctrl/u_aes/rkeys_reg_869_ CLK     SE      setup_clk_rise  c     SE = 0
u_ctrl/u_aes/rkeys_reg_1260_
                            CLK     SI      hold_clk_rise   c     SE = 0
u_ctrl/u_aes/rkeys_reg_1260_
                            CLK     SI      setup_clk_rise  c     SE = 0
u_ctrl/u_aes/rkeys_reg_1260_
                            CLK     SE      hold_clk_rise   c     SE = 0
u_ctrl/u_aes/rkeys_reg_1260_
                            CLK     SE      setup_clk_rise  c     SE = 0
u_ctrl/u_aes/rkeys_reg_1261_
                            CLK     SI      hold_clk_rise   c     SE = 0
u_ctrl/u_aes/rkeys_reg_1261_
                            CLK     SI      setup_clk_rise  c     SE = 0
u_ctrl/u_aes/rkeys_reg_1261_
                            CLK     SE      hold_clk_rise   c     SE = 0
u_ctrl/u_aes/rkeys_reg_1261_
                            CLK     SE      setup_clk_rise  c     SE = 0
u_ctrl/u_aes/rkeys_reg_1051_
                            CLK     SI      hold_clk_rise   c     SE = 0
u_ctrl/u_aes/rkeys_reg_1051_
                            CLK     SI      setup_clk_rise  c     SE = 0
u_ctrl/u_aes/rkeys_reg_1051_
                            CLK     SE      hold_clk_rise   c     SE = 0
u_ctrl/u_aes/rkeys_reg_1051_
                            CLK     SE      setup_clk_rise  c     SE = 0
u_ctrl/u_aes/rkeys_reg_1262_
                            CLK     SI      hold_clk_rise   c     SE = 0
u_ctrl/u_aes/rkeys_reg_1262_
                            CLK     SI      setup_clk_rise  c     SE = 0
u_ctrl/u_aes/rkeys_reg_1262_
                            CLK     SE      hold_clk_rise   c     SE = 0
u_ctrl/u_aes/rkeys_reg_1262_
                            CLK     SE      setup_clk_rise  c     SE = 0
u_ctrl/u_aes/rkeys_reg_65_  CLK     SI      hold_clk_rise   c     SE = 0
u_ctrl/u_aes/rkeys_reg_65_  CLK     SI      setup_clk_rise  c     SE = 0
u_ctrl/u_aes/rkeys_reg_65_  CLK     SE      hold_clk_rise   c     SE = 0
u_ctrl/u_aes/rkeys_reg_65_  CLK     SE      setup_clk_rise  c     SE = 0
u_ctrl/u_aes/rkeys_reg_1053_
                            CLK     SI      hold_clk_rise   c     SE = 0
u_ctrl/u_aes/rkeys_reg_1053_
                            CLK     SI      setup_clk_rise  c     SE = 0
u_ctrl/u_aes/rkeys_reg_1053_
                            CLK     SE      hold_clk_rise   c     SE = 0
u_ctrl/u_aes/rkeys_reg_1053_
                            CLK     SE      setup_clk_rise  c     SE = 0
u_ctrl/u_aes/rkeys_reg_1054_
                            CLK     SI      hold_clk_rise   c     SE = 0
u_ctrl/u_aes/rkeys_reg_1054_
                            CLK     SI      setup_clk_rise  c     SE = 0
u_ctrl/u_aes/rkeys_reg_1054_
                            CLK     SE      hold_clk_rise   c     SE = 0
u_ctrl/u_aes/rkeys_reg_1054_
                            CLK     SE      setup_clk_rise  c     SE = 0
u_ctrl/u_aes/rkeys_reg_1265_
                            CLK     SI      hold_clk_rise   c     SE = 0
u_ctrl/u_aes/rkeys_reg_1265_
                            CLK     SI      setup_clk_rise  c     SE = 0
u_ctrl/u_aes/rkeys_reg_1265_
                            CLK     SE      hold_clk_rise   c     SE = 0
u_ctrl/u_aes/rkeys_reg_1265_
                            CLK     SE      setup_clk_rise  c     SE = 0
u_ctrl/u_aes/rkeys_reg_550_ CLK     SI      hold_clk_rise   c     SE = 0
u_ctrl/u_aes/rkeys_reg_550_ CLK     SI      setup_clk_rise  c     SE = 0
u_ctrl/u_aes/rkeys_reg_550_ CLK     SE      hold_clk_rise   c     SE = 0
u_ctrl/u_aes/rkeys_reg_550_ CLK     SE      setup_clk_rise  c     SE = 0
u_ctrl/u_aes/rkeys_reg_68_  CLK     SI      hold_clk_rise   c     SE = 0
u_ctrl/u_aes/rkeys_reg_68_  CLK     SI      setup_clk_rise  c     SE = 0
u_ctrl/u_aes/rkeys_reg_68_  CLK     SE      hold_clk_rise   c     SE = 0
u_ctrl/u_aes/rkeys_reg_68_  CLK     SE      setup_clk_rise  c     SE = 0
u_ctrl/u_aes/rkeys_reg_340_ CLK     SI      hold_clk_rise   c     SE = 0
u_ctrl/u_aes/rkeys_reg_340_ CLK     SI      setup_clk_rise  c     SE = 0
u_ctrl/u_aes/rkeys_reg_340_ CLK     SE      hold_clk_rise   c     SE = 0
u_ctrl/u_aes/rkeys_reg_340_ CLK     SE      setup_clk_rise  c     SE = 0
u_ctrl/u_aes/rkeys_reg_130_ CLK     SI      hold_clk_rise   c     SE = 0
u_ctrl/u_aes/rkeys_reg_130_ CLK     SI      setup_clk_rise  c     SE = 0
u_ctrl/u_aes/rkeys_reg_130_ CLK     SE      hold_clk_rise   c     SE = 0
u_ctrl/u_aes/rkeys_reg_130_ CLK     SE      setup_clk_rise  c     SE = 0
u_ctrl/u_aes/rkeys_reg_971_ CLK     SI      hold_clk_rise   c     SE = 0
u_ctrl/u_aes/rkeys_reg_971_ CLK     SI      setup_clk_rise  c     SE = 0
u_ctrl/u_aes/rkeys_reg_971_ CLK     SE      hold_clk_rise   c     SE = 0
u_ctrl/u_aes/rkeys_reg_971_ CLK     SE      setup_clk_rise  c     SE = 0
u_ctrl/u_aes/rkeys_reg_551_ CLK     SI      hold_clk_rise   c     SE = 0
u_ctrl/u_aes/rkeys_reg_551_ CLK     SI      setup_clk_rise  c     SE = 0
u_ctrl/u_aes/rkeys_reg_551_ CLK     SE      hold_clk_rise   c     SE = 0
u_ctrl/u_aes/rkeys_reg_551_ CLK     SE      setup_clk_rise  c     SE = 0
u_ctrl/u_aes/rkeys_reg_131_ CLK     SI      hold_clk_rise   c     SE = 0
u_ctrl/u_aes/rkeys_reg_131_ CLK     SI      setup_clk_rise  c     SE = 0
u_ctrl/u_aes/rkeys_reg_131_ CLK     SE      hold_clk_rise   c     SE = 0
u_ctrl/u_aes/rkeys_reg_131_ CLK     SE      setup_clk_rise  c     SE = 0
u_ctrl/u_aes/rkeys_reg_1267_
                            CLK     SI      hold_clk_rise   c     SE = 0
u_ctrl/u_aes/rkeys_reg_1267_
                            CLK     SI      setup_clk_rise  c     SE = 0
u_ctrl/u_aes/rkeys_reg_1267_
                            CLK     SE      hold_clk_rise   c     SE = 0
u_ctrl/u_aes/rkeys_reg_1267_
                            CLK     SE      setup_clk_rise  c     SE = 0
u_ctrl/u_aes/rkeys_reg_762_ CLK     SI      hold_clk_rise   c     SE = 0
u_ctrl/u_aes/rkeys_reg_762_ CLK     SI      setup_clk_rise  c     SE = 0
u_ctrl/u_aes/rkeys_reg_762_ CLK     SE      hold_clk_rise   c     SE = 0
u_ctrl/u_aes/rkeys_reg_762_ CLK     SE      setup_clk_rise  c     SE = 0
u_ctrl/u_aes/rkeys_reg_552_ CLK     SI      hold_clk_rise   c     SE = 0
u_ctrl/u_aes/rkeys_reg_552_ CLK     SI      setup_clk_rise  c     SE = 0
u_ctrl/u_aes/rkeys_reg_552_ CLK     SE      hold_clk_rise   c     SE = 0
u_ctrl/u_aes/rkeys_reg_552_ CLK     SE      setup_clk_rise  c     SE = 0
u_ctrl/u_aes/rkeys_reg_763_ CLK     SI      hold_clk_rise   c     SE = 0
u_ctrl/u_aes/rkeys_reg_763_ CLK     SI      setup_clk_rise  c     SE = 0
u_ctrl/u_aes/rkeys_reg_763_ CLK     SE      hold_clk_rise   c     SE = 0
u_ctrl/u_aes/rkeys_reg_763_ CLK     SE      setup_clk_rise  c     SE = 0
u_ctrl/u_aes/rkeys_reg_1269_
                            CLK     SI      hold_clk_rise   c     SE = 0
u_ctrl/u_aes/rkeys_reg_1269_
                            CLK     SI      setup_clk_rise  c     SE = 0
u_ctrl/u_aes/rkeys_reg_1269_
                            CLK     SE      hold_clk_rise   c     SE = 0
u_ctrl/u_aes/rkeys_reg_1269_
                            CLK     SE      setup_clk_rise  c     SE = 0
u_ctrl/u_aes/rkeys_reg_974_ CLK     SI      hold_clk_rise   c     SE = 0
u_ctrl/u_aes/rkeys_reg_974_ CLK     SI      setup_clk_rise  c     SE = 0
u_ctrl/u_aes/rkeys_reg_974_ CLK     SE      hold_clk_rise   c     SE = 0
u_ctrl/u_aes/rkeys_reg_974_ CLK     SE      setup_clk_rise  c     SE = 0
u_ctrl/u_aes/rkeys_reg_764_ CLK     SI      hold_clk_rise   c     SE = 0
u_ctrl/u_aes/rkeys_reg_764_ CLK     SI      setup_clk_rise  c     SE = 0
u_ctrl/u_aes/rkeys_reg_764_ CLK     SE      hold_clk_rise   c     SE = 0
u_ctrl/u_aes/rkeys_reg_764_ CLK     SE      setup_clk_rise  c     SE = 0
u_ctrl/u_aes/rkeys_reg_554_ CLK     SI      hold_clk_rise   c     SE = 0
u_ctrl/u_aes/rkeys_reg_554_ CLK     SI      setup_clk_rise  c     SE = 0
u_ctrl/u_aes/rkeys_reg_554_ CLK     SE      hold_clk_rise   c     SE = 0
u_ctrl/u_aes/rkeys_reg_554_ CLK     SE      setup_clk_rise  c     SE = 0
u_ctrl/u_aes/rkeys_reg_134_ CLK     SI      hold_clk_rise   c     SE = 0
u_ctrl/u_aes/rkeys_reg_134_ CLK     SI      setup_clk_rise  c     SE = 0
u_ctrl/u_aes/rkeys_reg_134_ CLK     SE      hold_clk_rise   c     SE = 0
u_ctrl/u_aes/rkeys_reg_134_ CLK     SE      setup_clk_rise  c     SE = 0
u_ctrl/u_aes/rkeys_reg_975_ CLK     SI      hold_clk_rise   c     SE = 0
u_ctrl/u_aes/rkeys_reg_975_ CLK     SI      setup_clk_rise  c     SE = 0
u_ctrl/u_aes/rkeys_reg_975_ CLK     SE      hold_clk_rise   c     SE = 0
u_ctrl/u_aes/rkeys_reg_975_ CLK     SE      setup_clk_rise  c     SE = 0
u_ctrl/u_aes/rkeys_reg_765_ CLK     SI      hold_clk_rise   c     SE = 0
u_ctrl/u_aes/rkeys_reg_765_ CLK     SI      setup_clk_rise  c     SE = 0
u_ctrl/u_aes/rkeys_reg_765_ CLK     SE      hold_clk_rise   c     SE = 0
u_ctrl/u_aes/rkeys_reg_765_ CLK     SE      setup_clk_rise  c     SE = 0
u_ctrl/u_aes/rkeys_reg_555_ CLK     SI      hold_clk_rise   c     SE = 0
u_ctrl/u_aes/rkeys_reg_555_ CLK     SI      setup_clk_rise  c     SE = 0
u_ctrl/u_aes/rkeys_reg_555_ CLK     SE      hold_clk_rise   c     SE = 0
u_ctrl/u_aes/rkeys_reg_555_ CLK     SE      setup_clk_rise  c     SE = 0
u_ctrl/u_aes/rkeys_reg_556_ CLK     SI      hold_clk_rise   c     SE = 0
u_ctrl/u_aes/rkeys_reg_556_ CLK     SI      setup_clk_rise  c     SE = 0
u_ctrl/u_aes/rkeys_reg_556_ CLK     SE      hold_clk_rise   c     SE = 0
u_ctrl/u_aes/rkeys_reg_556_ CLK     SE      setup_clk_rise  c     SE = 0
u_ctrl/u_aes/rkeys_reg_346_ CLK     SI      hold_clk_rise   c     SE = 0
u_ctrl/u_aes/rkeys_reg_346_ CLK     SI      setup_clk_rise  c     SE = 0
u_ctrl/u_aes/rkeys_reg_346_ CLK     SE      hold_clk_rise   c     SE = 0
u_ctrl/u_aes/rkeys_reg_346_ CLK     SE      setup_clk_rise  c     SE = 0
u_ctrl/u_aes/rkeys_reg_136_ CLK     SI      hold_clk_rise   c     SE = 0
u_ctrl/u_aes/rkeys_reg_136_ CLK     SI      setup_clk_rise  c     SE = 0
u_ctrl/u_aes/rkeys_reg_136_ CLK     SE      hold_clk_rise   c     SE = 0
u_ctrl/u_aes/rkeys_reg_136_ CLK     SE      setup_clk_rise  c     SE = 0
u_ctrl/u_aes/rkeys_reg_977_ CLK     SI      hold_clk_rise   c     SE = 0
u_ctrl/u_aes/rkeys_reg_977_ CLK     SI      setup_clk_rise  c     SE = 0
u_ctrl/u_aes/rkeys_reg_977_ CLK     SE      hold_clk_rise   c     SE = 0
u_ctrl/u_aes/rkeys_reg_977_ CLK     SE      setup_clk_rise  c     SE = 0
u_ctrl/u_aes/rkeys_reg_557_ CLK     SI      hold_clk_rise   c     SE = 0
u_ctrl/u_aes/rkeys_reg_557_ CLK     SI      setup_clk_rise  c     SE = 0
u_ctrl/u_aes/rkeys_reg_557_ CLK     SE      hold_clk_rise   c     SE = 0
u_ctrl/u_aes/rkeys_reg_557_ CLK     SE      setup_clk_rise  c     SE = 0
u_ctrl/u_aes/rkeys_reg_137_ CLK     SI      hold_clk_rise   c     SE = 0
u_ctrl/u_aes/rkeys_reg_137_ CLK     SI      setup_clk_rise  c     SE = 0
u_ctrl/u_aes/rkeys_reg_137_ CLK     SE      hold_clk_rise   c     SE = 0
u_ctrl/u_aes/rkeys_reg_137_ CLK     SE      setup_clk_rise  c     SE = 0
u_ctrl/u_aes/rkeys_reg_768_ CLK     SI      hold_clk_rise   c     SE = 0
u_ctrl/u_aes/rkeys_reg_768_ CLK     SI      setup_clk_rise  c     SE = 0
u_ctrl/u_aes/rkeys_reg_768_ CLK     SE      hold_clk_rise   c     SE = 0
u_ctrl/u_aes/rkeys_reg_768_ CLK     SE      setup_clk_rise  c     SE = 0
u_ctrl/u_aes/rkeys_reg_138_ CLK     SI      hold_clk_rise   c     SE = 0
u_ctrl/u_aes/rkeys_reg_138_ CLK     SI      setup_clk_rise  c     SE = 0
u_ctrl/u_aes/rkeys_reg_138_ CLK     SE      hold_clk_rise   c     SE = 0
u_ctrl/u_aes/rkeys_reg_138_ CLK     SE      setup_clk_rise  c     SE = 0
u_ctrl/u_aes/rkeys_reg_349_ CLK     SI      hold_clk_rise   c     SE = 0
u_ctrl/u_aes/rkeys_reg_349_ CLK     SI      setup_clk_rise  c     SE = 0
u_ctrl/u_aes/rkeys_reg_349_ CLK     SE      hold_clk_rise   c     SE = 0
u_ctrl/u_aes/rkeys_reg_349_ CLK     SE      setup_clk_rise  c     SE = 0
u_ctrl/u_aes/rkeys_reg_1370_
                            CLK     SI      hold_clk_rise   c     SE = 0
u_ctrl/u_aes/rkeys_reg_1370_
                            CLK     SI      setup_clk_rise  c     SE = 0
u_ctrl/u_aes/rkeys_reg_1370_
                            CLK     SE      hold_clk_rise   c     SE = 0
u_ctrl/u_aes/rkeys_reg_1370_
                            CLK     SE      setup_clk_rise  c     SE = 0
u_ctrl/u_aes/rkeys_reg_1161_
                            CLK     SI      hold_clk_rise   c     SE = 0
u_ctrl/u_aes/rkeys_reg_1161_
                            CLK     SI      setup_clk_rise  c     SE = 0
u_ctrl/u_aes/rkeys_reg_1161_
                            CLK     SE      hold_clk_rise   c     SE = 0
u_ctrl/u_aes/rkeys_reg_1161_
                            CLK     SE      setup_clk_rise  c     SE = 0
u_ctrl/u_aes/rkeys_reg_1162_
                            CLK     SI      hold_clk_rise   c     SE = 0
u_ctrl/u_aes/rkeys_reg_1162_
                            CLK     SI      setup_clk_rise  c     SE = 0
u_ctrl/u_aes/rkeys_reg_1162_
                            CLK     SE      hold_clk_rise   c     SE = 0
u_ctrl/u_aes/rkeys_reg_1162_
                            CLK     SE      setup_clk_rise  c     SE = 0
u_ctrl/u_aes/rkeys_reg_1164_
                            CLK     SI      hold_clk_rise   c     SE = 0
u_ctrl/u_aes/rkeys_reg_1164_
                            CLK     SI      setup_clk_rise  c     SE = 0
u_ctrl/u_aes/rkeys_reg_1164_
                            CLK     SE      hold_clk_rise   c     SE = 0
u_ctrl/u_aes/rkeys_reg_1164_
                            CLK     SE      setup_clk_rise  c     SE = 0
u_ctrl/u_aes/rkeys_reg_1165_
                            CLK     SI      hold_clk_rise   c     SE = 0
u_ctrl/u_aes/rkeys_reg_1165_
                            CLK     SI      setup_clk_rise  c     SE = 0
u_ctrl/u_aes/rkeys_reg_1165_
                            CLK     SE      hold_clk_rise   c     SE = 0
u_ctrl/u_aes/rkeys_reg_1165_
                            CLK     SE      setup_clk_rise  c     SE = 0
u_ctrl/u_aes/rkeys_reg_450_ CLK     SI      hold_clk_rise   c     SE = 0
u_ctrl/u_aes/rkeys_reg_450_ CLK     SI      setup_clk_rise  c     SE = 0
u_ctrl/u_aes/rkeys_reg_450_ CLK     SE      hold_clk_rise   c     SE = 0
u_ctrl/u_aes/rkeys_reg_450_ CLK     SE      setup_clk_rise  c     SE = 0
u_ctrl/u_aes/rkeys_reg_240_ CLK     SI      hold_clk_rise   c     SE = 0
u_ctrl/u_aes/rkeys_reg_240_ CLK     SI      setup_clk_rise  c     SE = 0
u_ctrl/u_aes/rkeys_reg_240_ CLK     SE      hold_clk_rise   c     SE = 0
u_ctrl/u_aes/rkeys_reg_240_ CLK     SE      setup_clk_rise  c     SE = 0
u_ctrl/u_aes/rkeys_reg_1376_
                            CLK     SI      hold_clk_rise   c     SE = 0
u_ctrl/u_aes/rkeys_reg_1376_
                            CLK     SI      setup_clk_rise  c     SE = 0
u_ctrl/u_aes/rkeys_reg_1376_
                            CLK     SE      hold_clk_rise   c     SE = 0
u_ctrl/u_aes/rkeys_reg_1376_
                            CLK     SE      setup_clk_rise  c     SE = 0
u_ctrl/u_aes/rkeys_reg_1166_
                            CLK     SI      hold_clk_rise   c     SE = 0
u_ctrl/u_aes/rkeys_reg_1166_
                            CLK     SI      setup_clk_rise  c     SE = 0
u_ctrl/u_aes/rkeys_reg_1166_
                            CLK     SE      hold_clk_rise   c     SE = 0
u_ctrl/u_aes/rkeys_reg_1166_
                            CLK     SE      setup_clk_rise  c     SE = 0
u_ctrl/u_aes/rkeys_reg_871_ CLK     SI      hold_clk_rise   c     SE = 0
u_ctrl/u_aes/rkeys_reg_871_ CLK     SI      setup_clk_rise  c     SE = 0
u_ctrl/u_aes/rkeys_reg_871_ CLK     SE      hold_clk_rise   c     SE = 0
u_ctrl/u_aes/rkeys_reg_871_ CLK     SE      setup_clk_rise  c     SE = 0
u_ctrl/u_aes/rkeys_reg_661_ CLK     SI      hold_clk_rise   c     SE = 0
u_ctrl/u_aes/rkeys_reg_661_ CLK     SI      setup_clk_rise  c     SE = 0
u_ctrl/u_aes/rkeys_reg_661_ CLK     SE      hold_clk_rise   c     SE = 0
u_ctrl/u_aes/rkeys_reg_661_ CLK     SE      setup_clk_rise  c     SE = 0
u_ctrl/u_aes/rkeys_reg_451_ CLK     SI      hold_clk_rise   c     SE = 0
u_ctrl/u_aes/rkeys_reg_451_ CLK     SI      setup_clk_rise  c     SE = 0
u_ctrl/u_aes/rkeys_reg_451_ CLK     SE      hold_clk_rise   c     SE = 0
u_ctrl/u_aes/rkeys_reg_451_ CLK     SE      setup_clk_rise  c     SE = 0
u_ctrl/u_aes/rkeys_reg_1377_
                            CLK     SI      hold_clk_rise   c     SE = 0
u_ctrl/u_aes/rkeys_reg_1377_
                            CLK     SI      setup_clk_rise  c     SE = 0
u_ctrl/u_aes/rkeys_reg_1377_
                            CLK     SE      hold_clk_rise   c     SE = 0
u_ctrl/u_aes/rkeys_reg_1377_
                            CLK     SE      setup_clk_rise  c     SE = 0
u_ctrl/u_aes/rkeys_reg_872_ CLK     SI      hold_clk_rise   c     SE = 0
u_ctrl/u_aes/rkeys_reg_872_ CLK     SI      setup_clk_rise  c     SE = 0
u_ctrl/u_aes/rkeys_reg_872_ CLK     SE      hold_clk_rise   c     SE = 0
u_ctrl/u_aes/rkeys_reg_872_ CLK     SE      setup_clk_rise  c     SE = 0
u_ctrl/u_aes/rkeys_reg_662_ CLK     SI      hold_clk_rise   c     SE = 0
u_ctrl/u_aes/rkeys_reg_662_ CLK     SI      setup_clk_rise  c     SE = 0
u_ctrl/u_aes/rkeys_reg_662_ CLK     SE      hold_clk_rise   c     SE = 0
u_ctrl/u_aes/rkeys_reg_662_ CLK     SE      setup_clk_rise  c     SE = 0
u_ctrl/u_aes/rkeys_reg_1168_
                            CLK     SI      hold_clk_rise   c     SE = 0
u_ctrl/u_aes/rkeys_reg_1168_
                            CLK     SI      setup_clk_rise  c     SE = 0
u_ctrl/u_aes/rkeys_reg_1168_
                            CLK     SE      hold_clk_rise   c     SE = 0
u_ctrl/u_aes/rkeys_reg_1168_
                            CLK     SE      setup_clk_rise  c     SE = 0
u_ctrl/u_aes/rkeys_reg_663_ CLK     SI      hold_clk_rise   c     SE = 0
u_ctrl/u_aes/rkeys_reg_663_ CLK     SI      setup_clk_rise  c     SE = 0
u_ctrl/u_aes/rkeys_reg_663_ CLK     SE      hold_clk_rise   c     SE = 0
u_ctrl/u_aes/rkeys_reg_663_ CLK     SE      setup_clk_rise  c     SE = 0
u_ctrl/u_aes/rkeys_reg_243_ CLK     SI      hold_clk_rise   c     SE = 0
u_ctrl/u_aes/rkeys_reg_243_ CLK     SI      setup_clk_rise  c     SE = 0
u_ctrl/u_aes/rkeys_reg_243_ CLK     SE      hold_clk_rise   c     SE = 0
u_ctrl/u_aes/rkeys_reg_243_ CLK     SE      setup_clk_rise  c     SE = 0
u_ctrl/u_aes/rkeys_reg_1169_
                            CLK     SI      hold_clk_rise   c     SE = 0
u_ctrl/u_aes/rkeys_reg_1169_
                            CLK     SI      setup_clk_rise  c     SE = 0
u_ctrl/u_aes/rkeys_reg_1169_
                            CLK     SE      hold_clk_rise   c     SE = 0
u_ctrl/u_aes/rkeys_reg_1169_
                            CLK     SE      setup_clk_rise  c     SE = 0
u_ctrl/u_aes/rkeys_reg_874_ CLK     SI      hold_clk_rise   c     SE = 0
u_ctrl/u_aes/rkeys_reg_874_ CLK     SI      setup_clk_rise  c     SE = 0
u_ctrl/u_aes/rkeys_reg_874_ CLK     SE      hold_clk_rise   c     SE = 0
u_ctrl/u_aes/rkeys_reg_874_ CLK     SE      setup_clk_rise  c     SE = 0
u_ctrl/u_aes/rkeys_reg_244_ CLK     SI      hold_clk_rise   c     SE = 0
u_ctrl/u_aes/rkeys_reg_244_ CLK     SI      setup_clk_rise  c     SE = 0
u_ctrl/u_aes/rkeys_reg_244_ CLK     SE      hold_clk_rise   c     SE = 0
u_ctrl/u_aes/rkeys_reg_244_ CLK     SE      setup_clk_rise  c     SE = 0
u_ctrl/u_aes/rkeys_reg_455_ CLK     SI      hold_clk_rise   c     SE = 0
u_ctrl/u_aes/rkeys_reg_455_ CLK     SI      setup_clk_rise  c     SE = 0
u_ctrl/u_aes/rkeys_reg_455_ CLK     SE      hold_clk_rise   c     SE = 0
u_ctrl/u_aes/rkeys_reg_455_ CLK     SE      setup_clk_rise  c     SE = 0
u_ctrl/u_aes/rkeys_reg_876_ CLK     SI      hold_clk_rise   c     SE = 0
u_ctrl/u_aes/rkeys_reg_876_ CLK     SI      setup_clk_rise  c     SE = 0
u_ctrl/u_aes/rkeys_reg_876_ CLK     SE      hold_clk_rise   c     SE = 0
u_ctrl/u_aes/rkeys_reg_876_ CLK     SE      setup_clk_rise  c     SE = 0
u_ctrl/u_aes/rkeys_reg_666_ CLK     SI      hold_clk_rise   c     SE = 0
u_ctrl/u_aes/rkeys_reg_666_ CLK     SI      setup_clk_rise  c     SE = 0
u_ctrl/u_aes/rkeys_reg_666_ CLK     SE      hold_clk_rise   c     SE = 0
u_ctrl/u_aes/rkeys_reg_666_ CLK     SE      setup_clk_rise  c     SE = 0
u_ctrl/u_aes/rkeys_reg_877_ CLK     SI      hold_clk_rise   c     SE = 0
u_ctrl/u_aes/rkeys_reg_877_ CLK     SI      setup_clk_rise  c     SE = 0
u_ctrl/u_aes/rkeys_reg_877_ CLK     SE      hold_clk_rise   c     SE = 0
u_ctrl/u_aes/rkeys_reg_877_ CLK     SE      setup_clk_rise  c     SE = 0
u_ctrl/u_aes/rkeys_reg_667_ CLK     SI      hold_clk_rise   c     SE = 0
u_ctrl/u_aes/rkeys_reg_667_ CLK     SI      setup_clk_rise  c     SE = 0
u_ctrl/u_aes/rkeys_reg_667_ CLK     SE      hold_clk_rise   c     SE = 0
u_ctrl/u_aes/rkeys_reg_667_ CLK     SE      setup_clk_rise  c     SE = 0
u_ctrl/u_aes/rkeys_reg_457_ CLK     SI      hold_clk_rise   c     SE = 0
u_ctrl/u_aes/rkeys_reg_457_ CLK     SI      setup_clk_rise  c     SE = 0
u_ctrl/u_aes/rkeys_reg_457_ CLK     SE      hold_clk_rise   c     SE = 0
u_ctrl/u_aes/rkeys_reg_457_ CLK     SE      setup_clk_rise  c     SE = 0
u_ctrl/u_aes/rkeys_reg_247_ CLK     SI      hold_clk_rise   c     SE = 0
u_ctrl/u_aes/rkeys_reg_247_ CLK     SI      setup_clk_rise  c     SE = 0
u_ctrl/u_aes/rkeys_reg_247_ CLK     SE      hold_clk_rise   c     SE = 0
u_ctrl/u_aes/rkeys_reg_247_ CLK     SE      setup_clk_rise  c     SE = 0
u_ctrl/u_aes/rkeys_reg_878_ CLK     SI      hold_clk_rise   c     SE = 0
u_ctrl/u_aes/rkeys_reg_878_ CLK     SI      setup_clk_rise  c     SE = 0
u_ctrl/u_aes/rkeys_reg_878_ CLK     SE      hold_clk_rise   c     SE = 0
u_ctrl/u_aes/rkeys_reg_878_ CLK     SE      setup_clk_rise  c     SE = 0
u_ctrl/u_aes/rkeys_reg_879_ CLK     SI      hold_clk_rise   c     SE = 0
u_ctrl/u_aes/rkeys_reg_879_ CLK     SI      setup_clk_rise  c     SE = 0
u_ctrl/u_aes/rkeys_reg_879_ CLK     SE      hold_clk_rise   c     SE = 0
u_ctrl/u_aes/rkeys_reg_879_ CLK     SE      setup_clk_rise  c     SE = 0
u_ctrl/u_aes/rkeys_reg_669_ CLK     SI      hold_clk_rise   c     SE = 0
u_ctrl/u_aes/rkeys_reg_669_ CLK     SI      setup_clk_rise  c     SE = 0
u_ctrl/u_aes/rkeys_reg_669_ CLK     SE      hold_clk_rise   c     SE = 0
u_ctrl/u_aes/rkeys_reg_669_ CLK     SE      setup_clk_rise  c     SE = 0
u_ctrl/u_aes/rkeys_reg_73_  CLK     SI      hold_clk_rise   c     SE = 0
u_ctrl/u_aes/rkeys_reg_73_  CLK     SI      setup_clk_rise  c     SE = 0
u_ctrl/u_aes/rkeys_reg_73_  CLK     SE      hold_clk_rise   c     SE = 0
u_ctrl/u_aes/rkeys_reg_73_  CLK     SE      setup_clk_rise  c     SE = 0
u_ctrl/u_aes/rkeys_reg_1271_
                            CLK     SI      hold_clk_rise   c     SE = 0
u_ctrl/u_aes/rkeys_reg_1271_
                            CLK     SI      setup_clk_rise  c     SE = 0
u_ctrl/u_aes/rkeys_reg_1271_
                            CLK     SE      hold_clk_rise   c     SE = 0
u_ctrl/u_aes/rkeys_reg_1271_
                            CLK     SE      setup_clk_rise  c     SE = 0
u_ctrl/u_aes/rkeys_reg_75_  CLK     SI      hold_clk_rise   c     SE = 0
u_ctrl/u_aes/rkeys_reg_75_  CLK     SI      setup_clk_rise  c     SE = 0
u_ctrl/u_aes/rkeys_reg_75_  CLK     SE      hold_clk_rise   c     SE = 0
u_ctrl/u_aes/rkeys_reg_75_  CLK     SE      setup_clk_rise  c     SE = 0
u_ctrl/u_aes/rkeys_reg_1273_
                            CLK     SI      hold_clk_rise   c     SE = 0
u_ctrl/u_aes/rkeys_reg_1273_
                            CLK     SI      setup_clk_rise  c     SE = 0
u_ctrl/u_aes/rkeys_reg_1273_
                            CLK     SE      hold_clk_rise   c     SE = 0
u_ctrl/u_aes/rkeys_reg_1273_
                            CLK     SE      setup_clk_rise  c     SE = 0
u_ctrl/u_aes/rkeys_reg_1274_
                            CLK     SI      hold_clk_rise   c     SE = 0
u_ctrl/u_aes/rkeys_reg_1274_
                            CLK     SI      setup_clk_rise  c     SE = 0
u_ctrl/u_aes/rkeys_reg_1274_
                            CLK     SE      hold_clk_rise   c     SE = 0
u_ctrl/u_aes/rkeys_reg_1274_
                            CLK     SE      setup_clk_rise  c     SE = 0
u_ctrl/u_aes/rkeys_reg_1064_
                            CLK     SI      hold_clk_rise   c     SE = 0
u_ctrl/u_aes/rkeys_reg_1064_
                            CLK     SI      setup_clk_rise  c     SE = 0
u_ctrl/u_aes/rkeys_reg_1064_
                            CLK     SE      hold_clk_rise   c     SE = 0
u_ctrl/u_aes/rkeys_reg_1064_
                            CLK     SE      setup_clk_rise  c     SE = 0
u_ctrl/u_aes/rkeys_reg_770_ CLK     SI      hold_clk_rise   c     SE = 0
u_ctrl/u_aes/rkeys_reg_770_ CLK     SI      setup_clk_rise  c     SE = 0
u_ctrl/u_aes/rkeys_reg_770_ CLK     SE      hold_clk_rise   c     SE = 0
u_ctrl/u_aes/rkeys_reg_770_ CLK     SE      setup_clk_rise  c     SE = 0
u_ctrl/u_aes/rkeys_reg_560_ CLK     SI      hold_clk_rise   c     SE = 0
u_ctrl/u_aes/rkeys_reg_560_ CLK     SI      setup_clk_rise  c     SE = 0
u_ctrl/u_aes/rkeys_reg_560_ CLK     SE      hold_clk_rise   c     SE = 0
u_ctrl/u_aes/rkeys_reg_560_ CLK     SE      setup_clk_rise  c     SE = 0
u_ctrl/u_aes/rkeys_reg_78_  CLK     SI      hold_clk_rise   c     SE = 0
u_ctrl/u_aes/rkeys_reg_78_  CLK     SI      setup_clk_rise  c     SE = 0
u_ctrl/u_aes/rkeys_reg_78_  CLK     SE      hold_clk_rise   c     SE = 0
u_ctrl/u_aes/rkeys_reg_78_  CLK     SE      setup_clk_rise  c     SE = 0
u_ctrl/u_aes/rkeys_reg_140_ CLK     SI      hold_clk_rise   c     SE = 0
u_ctrl/u_aes/rkeys_reg_140_ CLK     SI      setup_clk_rise  c     SE = 0
u_ctrl/u_aes/rkeys_reg_140_ CLK     SE      hold_clk_rise   c     SE = 0
u_ctrl/u_aes/rkeys_reg_140_ CLK     SE      setup_clk_rise  c     SE = 0
u_ctrl/u_aes/rkeys_reg_1276_
                            CLK     SI      hold_clk_rise   c     SE = 0
u_ctrl/u_aes/rkeys_reg_1276_
                            CLK     SI      setup_clk_rise  c     SE = 0
u_ctrl/u_aes/rkeys_reg_1276_
                            CLK     SE      hold_clk_rise   c     SE = 0
u_ctrl/u_aes/rkeys_reg_1276_
                            CLK     SE      setup_clk_rise  c     SE = 0
u_ctrl/u_aes/rkeys_reg_1066_
                            CLK     SI      hold_clk_rise   c     SE = 0
u_ctrl/u_aes/rkeys_reg_1066_
                            CLK     SI      setup_clk_rise  c     SE = 0
u_ctrl/u_aes/rkeys_reg_1066_
                            CLK     SE      hold_clk_rise   c     SE = 0
u_ctrl/u_aes/rkeys_reg_1066_
                            CLK     SE      setup_clk_rise  c     SE = 0
u_ctrl/u_aes/rkeys_reg_771_ CLK     SI      hold_clk_rise   c     SE = 0
u_ctrl/u_aes/rkeys_reg_771_ CLK     SI      setup_clk_rise  c     SE = 0
u_ctrl/u_aes/rkeys_reg_771_ CLK     SE      hold_clk_rise   c     SE = 0
u_ctrl/u_aes/rkeys_reg_771_ CLK     SE      setup_clk_rise  c     SE = 0
u_ctrl/u_aes/rkeys_reg_351_ CLK     SI      hold_clk_rise   c     SE = 0
u_ctrl/u_aes/rkeys_reg_351_ CLK     SI      setup_clk_rise  c     SE = 0
u_ctrl/u_aes/rkeys_reg_351_ CLK     SE      hold_clk_rise   c     SE = 0
u_ctrl/u_aes/rkeys_reg_351_ CLK     SE      setup_clk_rise  c     SE = 0
u_ctrl/u_aes/rkeys_reg_982_ CLK     SI      hold_clk_rise   c     SE = 0
u_ctrl/u_aes/rkeys_reg_982_ CLK     SI      setup_clk_rise  c     SE = 0
u_ctrl/u_aes/rkeys_reg_982_ CLK     SE      hold_clk_rise   c     SE = 0
u_ctrl/u_aes/rkeys_reg_982_ CLK     SE      setup_clk_rise  c     SE = 0
u_ctrl/u_aes/rkeys_reg_772_ CLK     SI      hold_clk_rise   c     SE = 0
u_ctrl/u_aes/rkeys_reg_772_ CLK     SI      setup_clk_rise  c     SE = 0
u_ctrl/u_aes/rkeys_reg_772_ CLK     SE      hold_clk_rise   c     SE = 0
u_ctrl/u_aes/rkeys_reg_772_ CLK     SE      setup_clk_rise  c     SE = 0
u_ctrl/u_aes/rkeys_reg_562_ CLK     SI      hold_clk_rise   c     SE = 0
u_ctrl/u_aes/rkeys_reg_562_ CLK     SI      setup_clk_rise  c     SE = 0
u_ctrl/u_aes/rkeys_reg_562_ CLK     SE      hold_clk_rise   c     SE = 0
u_ctrl/u_aes/rkeys_reg_562_ CLK     SE      setup_clk_rise  c     SE = 0
u_ctrl/u_aes/rkeys_reg_352_ CLK     SI      hold_clk_rise   c     SE = 0
u_ctrl/u_aes/rkeys_reg_352_ CLK     SI      setup_clk_rise  c     SE = 0
u_ctrl/u_aes/rkeys_reg_352_ CLK     SE      hold_clk_rise   c     SE = 0
u_ctrl/u_aes/rkeys_reg_352_ CLK     SE      setup_clk_rise  c     SE = 0
u_ctrl/u_aes/rkeys_reg_1278_
                            CLK     SI      hold_clk_rise   c     SE = 0
u_ctrl/u_aes/rkeys_reg_1278_
                            CLK     SI      setup_clk_rise  c     SE = 0
u_ctrl/u_aes/rkeys_reg_1278_
                            CLK     SE      hold_clk_rise   c     SE = 0
u_ctrl/u_aes/rkeys_reg_1278_
                            CLK     SE      setup_clk_rise  c     SE = 0
u_ctrl/u_aes/rkeys_reg_983_ CLK     SI      hold_clk_rise   c     SE = 0
u_ctrl/u_aes/rkeys_reg_983_ CLK     SI      setup_clk_rise  c     SE = 0
u_ctrl/u_aes/rkeys_reg_983_ CLK     SE      hold_clk_rise   c     SE = 0
u_ctrl/u_aes/rkeys_reg_983_ CLK     SE      setup_clk_rise  c     SE = 0
u_ctrl/u_aes/rkeys_reg_773_ CLK     SI      hold_clk_rise   c     SE = 0
u_ctrl/u_aes/rkeys_reg_773_ CLK     SI      setup_clk_rise  c     SE = 0
u_ctrl/u_aes/rkeys_reg_773_ CLK     SE      hold_clk_rise   c     SE = 0
u_ctrl/u_aes/rkeys_reg_773_ CLK     SE      setup_clk_rise  c     SE = 0
u_ctrl/u_aes/rkeys_reg_143_ CLK     SI      hold_clk_rise   c     SE = 0
u_ctrl/u_aes/rkeys_reg_143_ CLK     SI      setup_clk_rise  c     SE = 0
u_ctrl/u_aes/rkeys_reg_143_ CLK     SE      hold_clk_rise   c     SE = 0
u_ctrl/u_aes/rkeys_reg_143_ CLK     SE      setup_clk_rise  c     SE = 0
u_ctrl/u_aes/rkeys_reg_1279_
                            CLK     SI      hold_clk_rise   c     SE = 0
u_ctrl/u_aes/rkeys_reg_1279_
                            CLK     SI      setup_clk_rise  c     SE = 0
u_ctrl/u_aes/rkeys_reg_1279_
                            CLK     SE      hold_clk_rise   c     SE = 0
u_ctrl/u_aes/rkeys_reg_1279_
                            CLK     SE      setup_clk_rise  c     SE = 0
u_ctrl/u_aes/rkeys_reg_774_ CLK     SI      hold_clk_rise   c     SE = 0
u_ctrl/u_aes/rkeys_reg_774_ CLK     SI      setup_clk_rise  c     SE = 0
u_ctrl/u_aes/rkeys_reg_774_ CLK     SE      hold_clk_rise   c     SE = 0
u_ctrl/u_aes/rkeys_reg_774_ CLK     SE      setup_clk_rise  c     SE = 0
u_ctrl/u_aes/rkeys_reg_564_ CLK     SI      hold_clk_rise   c     SE = 0
u_ctrl/u_aes/rkeys_reg_564_ CLK     SI      setup_clk_rise  c     SE = 0
u_ctrl/u_aes/rkeys_reg_564_ CLK     SE      hold_clk_rise   c     SE = 0
u_ctrl/u_aes/rkeys_reg_564_ CLK     SE      setup_clk_rise  c     SE = 0
u_ctrl/u_aes/rkeys_reg_354_ CLK     SI      hold_clk_rise   c     SE = 0
u_ctrl/u_aes/rkeys_reg_354_ CLK     SI      setup_clk_rise  c     SE = 0
u_ctrl/u_aes/rkeys_reg_354_ CLK     SE      hold_clk_rise   c     SE = 0
u_ctrl/u_aes/rkeys_reg_354_ CLK     SE      setup_clk_rise  c     SE = 0
u_ctrl/u_aes/rkeys_reg_985_ CLK     SI      hold_clk_rise   c     SE = 0
u_ctrl/u_aes/rkeys_reg_985_ CLK     SI      setup_clk_rise  c     SE = 0
u_ctrl/u_aes/rkeys_reg_985_ CLK     SE      hold_clk_rise   c     SE = 0
u_ctrl/u_aes/rkeys_reg_985_ CLK     SE      setup_clk_rise  c     SE = 0
u_ctrl/u_aes/rkeys_reg_775_ CLK     SI      hold_clk_rise   c     SE = 0
u_ctrl/u_aes/rkeys_reg_775_ CLK     SI      setup_clk_rise  c     SE = 0
u_ctrl/u_aes/rkeys_reg_775_ CLK     SE      hold_clk_rise   c     SE = 0
u_ctrl/u_aes/rkeys_reg_775_ CLK     SE      setup_clk_rise  c     SE = 0
u_ctrl/u_aes/rkeys_reg_776_ CLK     SI      hold_clk_rise   c     SE = 0
u_ctrl/u_aes/rkeys_reg_776_ CLK     SI      setup_clk_rise  c     SE = 0
u_ctrl/u_aes/rkeys_reg_776_ CLK     SE      hold_clk_rise   c     SE = 0
u_ctrl/u_aes/rkeys_reg_776_ CLK     SE      setup_clk_rise  c     SE = 0
u_ctrl/u_aes/rkeys_reg_566_ CLK     SI      hold_clk_rise   c     SE = 0
u_ctrl/u_aes/rkeys_reg_566_ CLK     SI      setup_clk_rise  c     SE = 0
u_ctrl/u_aes/rkeys_reg_566_ CLK     SE      hold_clk_rise   c     SE = 0
u_ctrl/u_aes/rkeys_reg_566_ CLK     SE      setup_clk_rise  c     SE = 0
u_ctrl/u_aes/rkeys_reg_356_ CLK     SI      hold_clk_rise   c     SE = 0
u_ctrl/u_aes/rkeys_reg_356_ CLK     SI      setup_clk_rise  c     SE = 0
u_ctrl/u_aes/rkeys_reg_356_ CLK     SE      hold_clk_rise   c     SE = 0
u_ctrl/u_aes/rkeys_reg_356_ CLK     SE      setup_clk_rise  c     SE = 0
u_ctrl/u_aes/rkeys_reg_146_ CLK     SI      hold_clk_rise   c     SE = 0
u_ctrl/u_aes/rkeys_reg_146_ CLK     SI      setup_clk_rise  c     SE = 0
u_ctrl/u_aes/rkeys_reg_146_ CLK     SE      hold_clk_rise   c     SE = 0
u_ctrl/u_aes/rkeys_reg_146_ CLK     SE      setup_clk_rise  c     SE = 0
u_ctrl/u_aes/rkeys_reg_357_ CLK     SI      hold_clk_rise   c     SE = 0
u_ctrl/u_aes/rkeys_reg_357_ CLK     SI      setup_clk_rise  c     SE = 0
u_ctrl/u_aes/rkeys_reg_357_ CLK     SE      hold_clk_rise   c     SE = 0
u_ctrl/u_aes/rkeys_reg_357_ CLK     SE      setup_clk_rise  c     SE = 0
u_ctrl/u_aes/rkeys_reg_147_ CLK     SI      hold_clk_rise   c     SE = 0
u_ctrl/u_aes/rkeys_reg_147_ CLK     SI      setup_clk_rise  c     SE = 0
u_ctrl/u_aes/rkeys_reg_147_ CLK     SE      hold_clk_rise   c     SE = 0
u_ctrl/u_aes/rkeys_reg_147_ CLK     SE      setup_clk_rise  c     SE = 0
u_ctrl/u_aes/rkeys_reg_988_ CLK     SI      hold_clk_rise   c     SE = 0
u_ctrl/u_aes/rkeys_reg_988_ CLK     SI      setup_clk_rise  c     SE = 0
u_ctrl/u_aes/rkeys_reg_988_ CLK     SE      hold_clk_rise   c     SE = 0
u_ctrl/u_aes/rkeys_reg_988_ CLK     SE      setup_clk_rise  c     SE = 0
u_ctrl/u_aes/rkeys_reg_778_ CLK     SI      hold_clk_rise   c     SE = 0
u_ctrl/u_aes/rkeys_reg_778_ CLK     SI      setup_clk_rise  c     SE = 0
u_ctrl/u_aes/rkeys_reg_778_ CLK     SE      hold_clk_rise   c     SE = 0
u_ctrl/u_aes/rkeys_reg_778_ CLK     SE      setup_clk_rise  c     SE = 0
u_ctrl/u_aes/rkeys_reg_568_ CLK     SI      hold_clk_rise   c     SE = 0
u_ctrl/u_aes/rkeys_reg_568_ CLK     SI      setup_clk_rise  c     SE = 0
u_ctrl/u_aes/rkeys_reg_568_ CLK     SE      hold_clk_rise   c     SE = 0
u_ctrl/u_aes/rkeys_reg_568_ CLK     SE      setup_clk_rise  c     SE = 0
u_ctrl/u_aes/rkeys_reg_779_ CLK     SI      hold_clk_rise   c     SE = 0
u_ctrl/u_aes/rkeys_reg_779_ CLK     SI      setup_clk_rise  c     SE = 0
u_ctrl/u_aes/rkeys_reg_779_ CLK     SE      hold_clk_rise   c     SE = 0
u_ctrl/u_aes/rkeys_reg_779_ CLK     SE      setup_clk_rise  c     SE = 0
u_ctrl/u_aes/rkeys_reg_569_ CLK     SI      hold_clk_rise   c     SE = 0
u_ctrl/u_aes/rkeys_reg_569_ CLK     SI      setup_clk_rise  c     SE = 0
u_ctrl/u_aes/rkeys_reg_569_ CLK     SE      hold_clk_rise   c     SE = 0
u_ctrl/u_aes/rkeys_reg_569_ CLK     SE      setup_clk_rise  c     SE = 0
u_ctrl/u_aes/rkeys_reg_149_ CLK     SI      hold_clk_rise   c     SE = 0
u_ctrl/u_aes/rkeys_reg_149_ CLK     SI      setup_clk_rise  c     SE = 0
u_ctrl/u_aes/rkeys_reg_149_ CLK     SE      hold_clk_rise   c     SE = 0
u_ctrl/u_aes/rkeys_reg_149_ CLK     SE      setup_clk_rise  c     SE = 0
u_ctrl/u_aes/rkeys_reg_1171_
                            CLK     SI      hold_clk_rise   c     SE = 0
u_ctrl/u_aes/rkeys_reg_1171_
                            CLK     SI      setup_clk_rise  c     SE = 0
u_ctrl/u_aes/rkeys_reg_1171_
                            CLK     SE      hold_clk_rise   c     SE = 0
u_ctrl/u_aes/rkeys_reg_1171_
                            CLK     SE      setup_clk_rise  c     SE = 0
u_ctrl/u_aes/rkeys_reg_1173_
                            CLK     SI      hold_clk_rise   c     SE = 0
u_ctrl/u_aes/rkeys_reg_1173_
                            CLK     SI      setup_clk_rise  c     SE = 0
u_ctrl/u_aes/rkeys_reg_1173_
                            CLK     SE      hold_clk_rise   c     SE = 0
u_ctrl/u_aes/rkeys_reg_1173_
                            CLK     SE      setup_clk_rise  c     SE = 0
u_ctrl/u_aes/rkeys_reg_1385_
                            CLK     SI      hold_clk_rise   c     SE = 0
u_ctrl/u_aes/rkeys_reg_1385_
                            CLK     SI      setup_clk_rise  c     SE = 0
u_ctrl/u_aes/rkeys_reg_1385_
                            CLK     SE      hold_clk_rise   c     SE = 0
u_ctrl/u_aes/rkeys_reg_1385_
                            CLK     SE      setup_clk_rise  c     SE = 0
u_ctrl/u_aes/rkeys_reg_1175_
                            CLK     SI      hold_clk_rise   c     SE = 0
u_ctrl/u_aes/rkeys_reg_1175_
                            CLK     SI      setup_clk_rise  c     SE = 0
u_ctrl/u_aes/rkeys_reg_1175_
                            CLK     SE      hold_clk_rise   c     SE = 0
u_ctrl/u_aes/rkeys_reg_1175_
                            CLK     SE      setup_clk_rise  c     SE = 0
u_ctrl/u_aes/rkeys_reg_880_ CLK     SI      hold_clk_rise   c     SE = 0
u_ctrl/u_aes/rkeys_reg_880_ CLK     SI      setup_clk_rise  c     SE = 0
u_ctrl/u_aes/rkeys_reg_880_ CLK     SE      hold_clk_rise   c     SE = 0
u_ctrl/u_aes/rkeys_reg_880_ CLK     SE      setup_clk_rise  c     SE = 0
u_ctrl/u_aes/rkeys_reg_250_ CLK     SI      hold_clk_rise   c     SE = 0
u_ctrl/u_aes/rkeys_reg_250_ CLK     SI      setup_clk_rise  c     SE = 0
u_ctrl/u_aes/rkeys_reg_250_ CLK     SE      hold_clk_rise   c     SE = 0
u_ctrl/u_aes/rkeys_reg_250_ CLK     SE      setup_clk_rise  c     SE = 0
u_ctrl/u_aes/rkeys_reg_881_ CLK     SI      hold_clk_rise   c     SE = 0
u_ctrl/u_aes/rkeys_reg_881_ CLK     SI      setup_clk_rise  c     SE = 0
u_ctrl/u_aes/rkeys_reg_881_ CLK     SE      hold_clk_rise   c     SE = 0
u_ctrl/u_aes/rkeys_reg_881_ CLK     SE      setup_clk_rise  c     SE = 0
u_ctrl/u_aes/rkeys_reg_671_ CLK     SI      hold_clk_rise   c     SE = 0
u_ctrl/u_aes/rkeys_reg_671_ CLK     SI      setup_clk_rise  c     SE = 0
u_ctrl/u_aes/rkeys_reg_671_ CLK     SE      hold_clk_rise   c     SE = 0
u_ctrl/u_aes/rkeys_reg_671_ CLK     SE      setup_clk_rise  c     SE = 0
u_ctrl/u_aes/rkeys_reg_461_ CLK     SI      hold_clk_rise   c     SE = 0
u_ctrl/u_aes/rkeys_reg_461_ CLK     SI      setup_clk_rise  c     SE = 0
u_ctrl/u_aes/rkeys_reg_461_ CLK     SE      hold_clk_rise   c     SE = 0
u_ctrl/u_aes/rkeys_reg_461_ CLK     SE      setup_clk_rise  c     SE = 0
u_ctrl/u_aes/rkeys_reg_1177_
                            CLK     SI      hold_clk_rise   c     SE = 0
u_ctrl/u_aes/rkeys_reg_1177_
                            CLK     SI      setup_clk_rise  c     SE = 0
u_ctrl/u_aes/rkeys_reg_1177_
                            CLK     SE      hold_clk_rise   c     SE = 0
u_ctrl/u_aes/rkeys_reg_1177_
                            CLK     SE      setup_clk_rise  c     SE = 0
u_ctrl/u_aes/rkeys_reg_882_ CLK     SI      hold_clk_rise   c     SE = 0
u_ctrl/u_aes/rkeys_reg_882_ CLK     SI      setup_clk_rise  c     SE = 0
u_ctrl/u_aes/rkeys_reg_882_ CLK     SE      hold_clk_rise   c     SE = 0
u_ctrl/u_aes/rkeys_reg_882_ CLK     SE      setup_clk_rise  c     SE = 0
u_ctrl/u_aes/rkeys_reg_672_ CLK     SI      hold_clk_rise   c     SE = 0
u_ctrl/u_aes/rkeys_reg_672_ CLK     SI      setup_clk_rise  c     SE = 0
u_ctrl/u_aes/rkeys_reg_672_ CLK     SE      hold_clk_rise   c     SE = 0
u_ctrl/u_aes/rkeys_reg_672_ CLK     SE      setup_clk_rise  c     SE = 0
u_ctrl/u_aes/rkeys_reg_462_ CLK     SI      hold_clk_rise   c     SE = 0
u_ctrl/u_aes/rkeys_reg_462_ CLK     SI      setup_clk_rise  c     SE = 0
u_ctrl/u_aes/rkeys_reg_462_ CLK     SE      hold_clk_rise   c     SE = 0
u_ctrl/u_aes/rkeys_reg_462_ CLK     SE      setup_clk_rise  c     SE = 0
u_ctrl/u_aes/rkeys_reg_252_ CLK     SI      hold_clk_rise   c     SE = 0
u_ctrl/u_aes/rkeys_reg_252_ CLK     SI      setup_clk_rise  c     SE = 0
u_ctrl/u_aes/rkeys_reg_252_ CLK     SE      hold_clk_rise   c     SE = 0
u_ctrl/u_aes/rkeys_reg_252_ CLK     SE      setup_clk_rise  c     SE = 0
u_ctrl/u_aes/rkeys_reg_1178_
                            CLK     SI      hold_clk_rise   c     SE = 0
u_ctrl/u_aes/rkeys_reg_1178_
                            CLK     SI      setup_clk_rise  c     SE = 0
u_ctrl/u_aes/rkeys_reg_1178_
                            CLK     SE      hold_clk_rise   c     SE = 0
u_ctrl/u_aes/rkeys_reg_1178_
                            CLK     SE      setup_clk_rise  c     SE = 0
u_ctrl/u_aes/rkeys_reg_673_ CLK     SI      hold_clk_rise   c     SE = 0
u_ctrl/u_aes/rkeys_reg_673_ CLK     SI      setup_clk_rise  c     SE = 0
u_ctrl/u_aes/rkeys_reg_673_ CLK     SE      hold_clk_rise   c     SE = 0
u_ctrl/u_aes/rkeys_reg_673_ CLK     SE      setup_clk_rise  c     SE = 0
u_ctrl/u_aes/rkeys_reg_463_ CLK     SI      hold_clk_rise   c     SE = 0
u_ctrl/u_aes/rkeys_reg_463_ CLK     SI      setup_clk_rise  c     SE = 0
u_ctrl/u_aes/rkeys_reg_463_ CLK     SE      hold_clk_rise   c     SE = 0
u_ctrl/u_aes/rkeys_reg_463_ CLK     SE      setup_clk_rise  c     SE = 0
u_ctrl/u_aes/rkeys_reg_884_ CLK     SI      hold_clk_rise   c     SE = 0
u_ctrl/u_aes/rkeys_reg_884_ CLK     SI      setup_clk_rise  c     SE = 0
u_ctrl/u_aes/rkeys_reg_884_ CLK     SE      hold_clk_rise   c     SE = 0
u_ctrl/u_aes/rkeys_reg_884_ CLK     SE      setup_clk_rise  c     SE = 0
u_ctrl/u_aes/rkeys_reg_674_ CLK     SI      hold_clk_rise   c     SE = 0
u_ctrl/u_aes/rkeys_reg_674_ CLK     SI      setup_clk_rise  c     SE = 0
u_ctrl/u_aes/rkeys_reg_674_ CLK     SE      hold_clk_rise   c     SE = 0
u_ctrl/u_aes/rkeys_reg_674_ CLK     SE      setup_clk_rise  c     SE = 0
u_ctrl/u_aes/rkeys_reg_464_ CLK     SI      hold_clk_rise   c     SE = 0
u_ctrl/u_aes/rkeys_reg_464_ CLK     SI      setup_clk_rise  c     SE = 0
u_ctrl/u_aes/rkeys_reg_464_ CLK     SE      hold_clk_rise   c     SE = 0
u_ctrl/u_aes/rkeys_reg_464_ CLK     SE      setup_clk_rise  c     SE = 0
u_ctrl/u_aes/rkeys_reg_254_ CLK     SI      hold_clk_rise   c     SE = 0
u_ctrl/u_aes/rkeys_reg_254_ CLK     SI      setup_clk_rise  c     SE = 0
u_ctrl/u_aes/rkeys_reg_254_ CLK     SE      hold_clk_rise   c     SE = 0
u_ctrl/u_aes/rkeys_reg_254_ CLK     SE      setup_clk_rise  c     SE = 0
u_ctrl/u_aes/rkeys_reg_885_ CLK     SI      hold_clk_rise   c     SE = 0
u_ctrl/u_aes/rkeys_reg_885_ CLK     SI      setup_clk_rise  c     SE = 0
u_ctrl/u_aes/rkeys_reg_885_ CLK     SE      hold_clk_rise   c     SE = 0
u_ctrl/u_aes/rkeys_reg_885_ CLK     SE      setup_clk_rise  c     SE = 0
u_ctrl/u_aes/rkeys_reg_465_ CLK     SI      hold_clk_rise   c     SE = 0
u_ctrl/u_aes/rkeys_reg_465_ CLK     SI      setup_clk_rise  c     SE = 0
u_ctrl/u_aes/rkeys_reg_465_ CLK     SE      hold_clk_rise   c     SE = 0
u_ctrl/u_aes/rkeys_reg_465_ CLK     SE      setup_clk_rise  c     SE = 0
u_ctrl/u_aes/rkeys_reg_886_ CLK     SI      hold_clk_rise   c     SE = 0
u_ctrl/u_aes/rkeys_reg_886_ CLK     SI      setup_clk_rise  c     SE = 0
u_ctrl/u_aes/rkeys_reg_886_ CLK     SE      hold_clk_rise   c     SE = 0
u_ctrl/u_aes/rkeys_reg_886_ CLK     SE      setup_clk_rise  c     SE = 0
u_ctrl/u_aes/rkeys_reg_676_ CLK     SI      hold_clk_rise   c     SE = 0
u_ctrl/u_aes/rkeys_reg_676_ CLK     SI      setup_clk_rise  c     SE = 0
u_ctrl/u_aes/rkeys_reg_676_ CLK     SE      hold_clk_rise   c     SE = 0
u_ctrl/u_aes/rkeys_reg_676_ CLK     SE      setup_clk_rise  c     SE = 0
u_ctrl/u_aes/rkeys_reg_466_ CLK     SI      hold_clk_rise   c     SE = 0
u_ctrl/u_aes/rkeys_reg_466_ CLK     SI      setup_clk_rise  c     SE = 0
u_ctrl/u_aes/rkeys_reg_466_ CLK     SE      hold_clk_rise   c     SE = 0
u_ctrl/u_aes/rkeys_reg_466_ CLK     SE      setup_clk_rise  c     SE = 0
u_ctrl/u_aes/rkeys_reg_887_ CLK     SI      hold_clk_rise   c     SE = 0
u_ctrl/u_aes/rkeys_reg_887_ CLK     SI      setup_clk_rise  c     SE = 0
u_ctrl/u_aes/rkeys_reg_887_ CLK     SE      hold_clk_rise   c     SE = 0
u_ctrl/u_aes/rkeys_reg_887_ CLK     SE      setup_clk_rise  c     SE = 0
u_ctrl/u_aes/rkeys_reg_467_ CLK     SI      hold_clk_rise   c     SE = 0
u_ctrl/u_aes/rkeys_reg_467_ CLK     SI      setup_clk_rise  c     SE = 0
u_ctrl/u_aes/rkeys_reg_467_ CLK     SE      hold_clk_rise   c     SE = 0
u_ctrl/u_aes/rkeys_reg_467_ CLK     SE      setup_clk_rise  c     SE = 0
u_ctrl/u_aes/rkeys_reg_257_ CLK     SI      hold_clk_rise   c     SE = 0
u_ctrl/u_aes/rkeys_reg_257_ CLK     SI      setup_clk_rise  c     SE = 0
u_ctrl/u_aes/rkeys_reg_257_ CLK     SE      hold_clk_rise   c     SE = 0
u_ctrl/u_aes/rkeys_reg_257_ CLK     SE      setup_clk_rise  c     SE = 0
u_ctrl/u_aes/rkeys_reg_888_ CLK     SI      hold_clk_rise   c     SE = 0
u_ctrl/u_aes/rkeys_reg_888_ CLK     SI      setup_clk_rise  c     SE = 0
u_ctrl/u_aes/rkeys_reg_888_ CLK     SE      hold_clk_rise   c     SE = 0
u_ctrl/u_aes/rkeys_reg_888_ CLK     SE      setup_clk_rise  c     SE = 0
u_ctrl/u_aes/rkeys_reg_678_ CLK     SI      hold_clk_rise   c     SE = 0
u_ctrl/u_aes/rkeys_reg_678_ CLK     SI      setup_clk_rise  c     SE = 0
u_ctrl/u_aes/rkeys_reg_678_ CLK     SE      hold_clk_rise   c     SE = 0
u_ctrl/u_aes/rkeys_reg_678_ CLK     SE      setup_clk_rise  c     SE = 0
u_ctrl/u_aes/rkeys_reg_468_ CLK     SI      hold_clk_rise   c     SE = 0
u_ctrl/u_aes/rkeys_reg_468_ CLK     SI      setup_clk_rise  c     SE = 0
u_ctrl/u_aes/rkeys_reg_468_ CLK     SE      hold_clk_rise   c     SE = 0
u_ctrl/u_aes/rkeys_reg_468_ CLK     SE      setup_clk_rise  c     SE = 0
u_ctrl/u_aes/rkeys_reg_889_ CLK     SI      hold_clk_rise   c     SE = 0
u_ctrl/u_aes/rkeys_reg_889_ CLK     SI      setup_clk_rise  c     SE = 0
u_ctrl/u_aes/rkeys_reg_889_ CLK     SE      hold_clk_rise   c     SE = 0
u_ctrl/u_aes/rkeys_reg_889_ CLK     SE      setup_clk_rise  c     SE = 0
u_ctrl/u_aes/rkeys_reg_82_  CLK     SI      hold_clk_rise   c     SE = 0
u_ctrl/u_aes/rkeys_reg_82_  CLK     SI      setup_clk_rise  c     SE = 0
u_ctrl/u_aes/rkeys_reg_82_  CLK     SE      hold_clk_rise   c     SE = 0
u_ctrl/u_aes/rkeys_reg_82_  CLK     SE      setup_clk_rise  c     SE = 0
u_ctrl/u_aes/rkeys_reg_1280_
                            CLK     SI      hold_clk_rise   c     SE = 0
u_ctrl/u_aes/rkeys_reg_1280_
                            CLK     SI      setup_clk_rise  c     SE = 0
u_ctrl/u_aes/rkeys_reg_1280_
                            CLK     SE      hold_clk_rise   c     SE = 0
u_ctrl/u_aes/rkeys_reg_1280_
                            CLK     SE      setup_clk_rise  c     SE = 0
u_ctrl/u_aes/rkeys_reg_1070_
                            CLK     SI      hold_clk_rise   c     SE = 0
u_ctrl/u_aes/rkeys_reg_1070_
                            CLK     SI      setup_clk_rise  c     SE = 0
u_ctrl/u_aes/rkeys_reg_1070_
                            CLK     SE      hold_clk_rise   c     SE = 0
u_ctrl/u_aes/rkeys_reg_1070_
                            CLK     SE      setup_clk_rise  c     SE = 0
u_ctrl/u_aes/rkeys_reg_1281_
                            CLK     SI      hold_clk_rise   c     SE = 0
u_ctrl/u_aes/rkeys_reg_1281_
                            CLK     SI      setup_clk_rise  c     SE = 0
u_ctrl/u_aes/rkeys_reg_1281_
                            CLK     SE      hold_clk_rise   c     SE = 0
u_ctrl/u_aes/rkeys_reg_1281_
                            CLK     SE      setup_clk_rise  c     SE = 0
u_ctrl/u_aes/rkeys_reg_1071_
                            CLK     SI      hold_clk_rise   c     SE = 0
u_ctrl/u_aes/rkeys_reg_1071_
                            CLK     SI      setup_clk_rise  c     SE = 0
u_ctrl/u_aes/rkeys_reg_1071_
                            CLK     SE      hold_clk_rise   c     SE = 0
u_ctrl/u_aes/rkeys_reg_1071_
                            CLK     SE      setup_clk_rise  c     SE = 0
u_ctrl/u_aes/rkeys_reg_84_  CLK     SI      hold_clk_rise   c     SE = 0
u_ctrl/u_aes/rkeys_reg_84_  CLK     SI      setup_clk_rise  c     SE = 0
u_ctrl/u_aes/rkeys_reg_84_  CLK     SE      hold_clk_rise   c     SE = 0
u_ctrl/u_aes/rkeys_reg_84_  CLK     SE      setup_clk_rise  c     SE = 0
u_ctrl/u_aes/rkeys_reg_1282_
                            CLK     SI      hold_clk_rise   c     SE = 0
u_ctrl/u_aes/rkeys_reg_1282_
                            CLK     SI      setup_clk_rise  c     SE = 0
u_ctrl/u_aes/rkeys_reg_1282_
                            CLK     SE      hold_clk_rise   c     SE = 0
u_ctrl/u_aes/rkeys_reg_1282_
                            CLK     SE      setup_clk_rise  c     SE = 0
u_ctrl/u_aes/rkeys_reg_1072_
                            CLK     SI      hold_clk_rise   c     SE = 0
u_ctrl/u_aes/rkeys_reg_1072_
                            CLK     SI      setup_clk_rise  c     SE = 0
u_ctrl/u_aes/rkeys_reg_1072_
                            CLK     SE      hold_clk_rise   c     SE = 0
u_ctrl/u_aes/rkeys_reg_1072_
                            CLK     SE      setup_clk_rise  c     SE = 0
u_ctrl/u_aes/rkeys_reg_1283_
                            CLK     SI      hold_clk_rise   c     SE = 0
u_ctrl/u_aes/rkeys_reg_1283_
                            CLK     SI      setup_clk_rise  c     SE = 0
u_ctrl/u_aes/rkeys_reg_1283_
                            CLK     SE      hold_clk_rise   c     SE = 0
u_ctrl/u_aes/rkeys_reg_1283_
                            CLK     SE      setup_clk_rise  c     SE = 0
u_ctrl/u_aes/rkeys_reg_1073_
                            CLK     SI      hold_clk_rise   c     SE = 0
u_ctrl/u_aes/rkeys_reg_1073_
                            CLK     SI      setup_clk_rise  c     SE = 0
u_ctrl/u_aes/rkeys_reg_1073_
                            CLK     SE      hold_clk_rise   c     SE = 0
u_ctrl/u_aes/rkeys_reg_1073_
                            CLK     SE      setup_clk_rise  c     SE = 0
u_ctrl/u_aes/rkeys_reg_87_  CLK     SI      hold_clk_rise   c     SE = 0
u_ctrl/u_aes/rkeys_reg_87_  CLK     SI      setup_clk_rise  c     SE = 0
u_ctrl/u_aes/rkeys_reg_87_  CLK     SE      hold_clk_rise   c     SE = 0
u_ctrl/u_aes/rkeys_reg_87_  CLK     SE      setup_clk_rise  c     SE = 0
u_ctrl/u_aes/rkeys_reg_1075_
                            CLK     SI      hold_clk_rise   c     SE = 0
u_ctrl/u_aes/rkeys_reg_1075_
                            CLK     SI      setup_clk_rise  c     SE = 0
u_ctrl/u_aes/rkeys_reg_1075_
                            CLK     SE      hold_clk_rise   c     SE = 0
u_ctrl/u_aes/rkeys_reg_1075_
                            CLK     SE      setup_clk_rise  c     SE = 0
u_ctrl/u_aes/rkeys_reg_990_ CLK     SI      hold_clk_rise   c     SE = 0
u_ctrl/u_aes/rkeys_reg_990_ CLK     SI      setup_clk_rise  c     SE = 0
u_ctrl/u_aes/rkeys_reg_990_ CLK     SE      hold_clk_rise   c     SE = 0
u_ctrl/u_aes/rkeys_reg_990_ CLK     SE      setup_clk_rise  c     SE = 0
u_ctrl/u_aes/rkeys_reg_570_ CLK     SI      hold_clk_rise   c     SE = 0
u_ctrl/u_aes/rkeys_reg_570_ CLK     SI      setup_clk_rise  c     SE = 0
u_ctrl/u_aes/rkeys_reg_570_ CLK     SE      hold_clk_rise   c     SE = 0
u_ctrl/u_aes/rkeys_reg_570_ CLK     SE      setup_clk_rise  c     SE = 0
u_ctrl/u_aes/rkeys_reg_88_  CLK     SI      hold_clk_rise   c     SE = 0
u_ctrl/u_aes/rkeys_reg_88_  CLK     SI      setup_clk_rise  c     SE = 0
u_ctrl/u_aes/rkeys_reg_88_  CLK     SE      hold_clk_rise   c     SE = 0
u_ctrl/u_aes/rkeys_reg_88_  CLK     SE      setup_clk_rise  c     SE = 0
u_ctrl/u_aes/rkeys_reg_360_ CLK     SI      hold_clk_rise   c     SE = 0
u_ctrl/u_aes/rkeys_reg_360_ CLK     SI      setup_clk_rise  c     SE = 0
u_ctrl/u_aes/rkeys_reg_360_ CLK     SE      hold_clk_rise   c     SE = 0
u_ctrl/u_aes/rkeys_reg_360_ CLK     SE      setup_clk_rise  c     SE = 0
u_ctrl/u_aes/rkeys_reg_1076_
                            CLK     SI      hold_clk_rise   c     SE = 0
u_ctrl/u_aes/rkeys_reg_1076_
                            CLK     SI      setup_clk_rise  c     SE = 0
u_ctrl/u_aes/rkeys_reg_1076_
                            CLK     SE      hold_clk_rise   c     SE = 0
u_ctrl/u_aes/rkeys_reg_1076_
                            CLK     SE      setup_clk_rise  c     SE = 0
u_ctrl/u_aes/rkeys_reg_991_ CLK     SI      hold_clk_rise   c     SE = 0
u_ctrl/u_aes/rkeys_reg_991_ CLK     SI      setup_clk_rise  c     SE = 0
u_ctrl/u_aes/rkeys_reg_991_ CLK     SE      hold_clk_rise   c     SE = 0
u_ctrl/u_aes/rkeys_reg_991_ CLK     SE      setup_clk_rise  c     SE = 0
u_ctrl/u_aes/rkeys_reg_89_  CLK     SI      hold_clk_rise   c     SE = 0
u_ctrl/u_aes/rkeys_reg_89_  CLK     SI      setup_clk_rise  c     SE = 0
u_ctrl/u_aes/rkeys_reg_89_  CLK     SE      hold_clk_rise   c     SE = 0
u_ctrl/u_aes/rkeys_reg_89_  CLK     SE      setup_clk_rise  c     SE = 0
u_ctrl/u_aes/rkeys_reg_361_ CLK     SI      hold_clk_rise   c     SE = 0
u_ctrl/u_aes/rkeys_reg_361_ CLK     SI      setup_clk_rise  c     SE = 0
u_ctrl/u_aes/rkeys_reg_361_ CLK     SE      hold_clk_rise   c     SE = 0
u_ctrl/u_aes/rkeys_reg_361_ CLK     SE      setup_clk_rise  c     SE = 0
u_ctrl/u_aes/rkeys_reg_362_ CLK     SI      hold_clk_rise   c     SE = 0
u_ctrl/u_aes/rkeys_reg_362_ CLK     SI      setup_clk_rise  c     SE = 0
u_ctrl/u_aes/rkeys_reg_362_ CLK     SE      hold_clk_rise   c     SE = 0
u_ctrl/u_aes/rkeys_reg_362_ CLK     SE      setup_clk_rise  c     SE = 0
u_ctrl/u_aes/rkeys_reg_993_ CLK     SI      hold_clk_rise   c     SE = 0
u_ctrl/u_aes/rkeys_reg_993_ CLK     SI      setup_clk_rise  c     SE = 0
u_ctrl/u_aes/rkeys_reg_993_ CLK     SE      hold_clk_rise   c     SE = 0
u_ctrl/u_aes/rkeys_reg_993_ CLK     SE      setup_clk_rise  c     SE = 0
u_ctrl/u_aes/rkeys_reg_783_ CLK     SI      hold_clk_rise   c     SE = 0
u_ctrl/u_aes/rkeys_reg_783_ CLK     SI      setup_clk_rise  c     SE = 0
u_ctrl/u_aes/rkeys_reg_783_ CLK     SE      hold_clk_rise   c     SE = 0
u_ctrl/u_aes/rkeys_reg_783_ CLK     SE      setup_clk_rise  c     SE = 0
u_ctrl/u_aes/rkeys_reg_573_ CLK     SI      hold_clk_rise   c     SE = 0
u_ctrl/u_aes/rkeys_reg_573_ CLK     SI      setup_clk_rise  c     SE = 0
u_ctrl/u_aes/rkeys_reg_573_ CLK     SE      hold_clk_rise   c     SE = 0
u_ctrl/u_aes/rkeys_reg_573_ CLK     SE      setup_clk_rise  c     SE = 0
u_ctrl/u_aes/rkeys_reg_153_ CLK     SI      hold_clk_rise   c     SE = 0
u_ctrl/u_aes/rkeys_reg_153_ CLK     SI      setup_clk_rise  c     SE = 0
u_ctrl/u_aes/rkeys_reg_153_ CLK     SE      hold_clk_rise   c     SE = 0
u_ctrl/u_aes/rkeys_reg_153_ CLK     SE      setup_clk_rise  c     SE = 0
u_ctrl/u_aes/rkeys_reg_1289_
                            CLK     SI      hold_clk_rise   c     SE = 0
u_ctrl/u_aes/rkeys_reg_1289_
                            CLK     SI      setup_clk_rise  c     SE = 0
u_ctrl/u_aes/rkeys_reg_1289_
                            CLK     SE      hold_clk_rise   c     SE = 0
u_ctrl/u_aes/rkeys_reg_1289_
                            CLK     SE      setup_clk_rise  c     SE = 0
u_ctrl/u_aes/rkeys_reg_1079_
                            CLK     SI      hold_clk_rise   c     SE = 0
u_ctrl/u_aes/rkeys_reg_1079_
                            CLK     SI      setup_clk_rise  c     SE = 0
u_ctrl/u_aes/rkeys_reg_1079_
                            CLK     SE      hold_clk_rise   c     SE = 0
u_ctrl/u_aes/rkeys_reg_1079_
                            CLK     SE      setup_clk_rise  c     SE = 0
u_ctrl/u_aes/rkeys_reg_994_ CLK     SI      hold_clk_rise   c     SE = 0
u_ctrl/u_aes/rkeys_reg_994_ CLK     SI      setup_clk_rise  c     SE = 0
u_ctrl/u_aes/rkeys_reg_994_ CLK     SE      hold_clk_rise   c     SE = 0
u_ctrl/u_aes/rkeys_reg_994_ CLK     SE      setup_clk_rise  c     SE = 0
u_ctrl/u_aes/rkeys_reg_784_ CLK     SI      hold_clk_rise   c     SE = 0
u_ctrl/u_aes/rkeys_reg_784_ CLK     SI      setup_clk_rise  c     SE = 0
u_ctrl/u_aes/rkeys_reg_784_ CLK     SE      hold_clk_rise   c     SE = 0
u_ctrl/u_aes/rkeys_reg_784_ CLK     SE      setup_clk_rise  c     SE = 0
u_ctrl/u_aes/rkeys_reg_154_ CLK     SI      hold_clk_rise   c     SE = 0
u_ctrl/u_aes/rkeys_reg_154_ CLK     SI      setup_clk_rise  c     SE = 0
u_ctrl/u_aes/rkeys_reg_154_ CLK     SE      hold_clk_rise   c     SE = 0
u_ctrl/u_aes/rkeys_reg_154_ CLK     SE      setup_clk_rise  c     SE = 0
u_ctrl/u_aes/rkeys_reg_995_ CLK     SI      hold_clk_rise   c     SE = 0
u_ctrl/u_aes/rkeys_reg_995_ CLK     SI      setup_clk_rise  c     SE = 0
u_ctrl/u_aes/rkeys_reg_995_ CLK     SE      hold_clk_rise   c     SE = 0
u_ctrl/u_aes/rkeys_reg_995_ CLK     SE      setup_clk_rise  c     SE = 0
u_ctrl/u_aes/rkeys_reg_575_ CLK     SI      hold_clk_rise   c     SE = 0
u_ctrl/u_aes/rkeys_reg_575_ CLK     SI      setup_clk_rise  c     SE = 0
u_ctrl/u_aes/rkeys_reg_575_ CLK     SE      hold_clk_rise   c     SE = 0
u_ctrl/u_aes/rkeys_reg_575_ CLK     SE      setup_clk_rise  c     SE = 0
u_ctrl/u_aes/rkeys_reg_155_ CLK     SI      hold_clk_rise   c     SE = 0
u_ctrl/u_aes/rkeys_reg_155_ CLK     SI      setup_clk_rise  c     SE = 0
u_ctrl/u_aes/rkeys_reg_155_ CLK     SE      hold_clk_rise   c     SE = 0
u_ctrl/u_aes/rkeys_reg_155_ CLK     SE      setup_clk_rise  c     SE = 0
u_ctrl/u_aes/rkeys_reg_786_ CLK     SI      hold_clk_rise   c     SE = 0
u_ctrl/u_aes/rkeys_reg_786_ CLK     SI      setup_clk_rise  c     SE = 0
u_ctrl/u_aes/rkeys_reg_786_ CLK     SE      hold_clk_rise   c     SE = 0
u_ctrl/u_aes/rkeys_reg_786_ CLK     SE      setup_clk_rise  c     SE = 0
u_ctrl/u_aes/rkeys_reg_156_ CLK     SI      hold_clk_rise   c     SE = 0
u_ctrl/u_aes/rkeys_reg_156_ CLK     SI      setup_clk_rise  c     SE = 0
u_ctrl/u_aes/rkeys_reg_156_ CLK     SE      hold_clk_rise   c     SE = 0
u_ctrl/u_aes/rkeys_reg_156_ CLK     SE      setup_clk_rise  c     SE = 0
u_ctrl/u_aes/rkeys_reg_577_ CLK     SI      hold_clk_rise   c     SE = 0
u_ctrl/u_aes/rkeys_reg_577_ CLK     SI      setup_clk_rise  c     SE = 0
u_ctrl/u_aes/rkeys_reg_577_ CLK     SE      hold_clk_rise   c     SE = 0
u_ctrl/u_aes/rkeys_reg_577_ CLK     SE      setup_clk_rise  c     SE = 0
u_ctrl/u_aes/rkeys_reg_367_ CLK     SI      hold_clk_rise   c     SE = 0
u_ctrl/u_aes/rkeys_reg_367_ CLK     SI      setup_clk_rise  c     SE = 0
u_ctrl/u_aes/rkeys_reg_367_ CLK     SE      hold_clk_rise   c     SE = 0
u_ctrl/u_aes/rkeys_reg_367_ CLK     SE      setup_clk_rise  c     SE = 0
u_ctrl/u_aes/rkeys_reg_157_ CLK     SI      hold_clk_rise   c     SE = 0
u_ctrl/u_aes/rkeys_reg_157_ CLK     SI      setup_clk_rise  c     SE = 0
u_ctrl/u_aes/rkeys_reg_157_ CLK     SE      hold_clk_rise   c     SE = 0
u_ctrl/u_aes/rkeys_reg_157_ CLK     SE      setup_clk_rise  c     SE = 0
u_ctrl/u_aes/rkeys_reg_998_ CLK     SI      hold_clk_rise   c     SE = 0
u_ctrl/u_aes/rkeys_reg_998_ CLK     SI      setup_clk_rise  c     SE = 0
u_ctrl/u_aes/rkeys_reg_998_ CLK     SE      hold_clk_rise   c     SE = 0
u_ctrl/u_aes/rkeys_reg_998_ CLK     SE      setup_clk_rise  c     SE = 0
u_ctrl/u_aes/rkeys_reg_578_ CLK     SI      hold_clk_rise   c     SE = 0
u_ctrl/u_aes/rkeys_reg_578_ CLK     SI      setup_clk_rise  c     SE = 0
u_ctrl/u_aes/rkeys_reg_578_ CLK     SE      hold_clk_rise   c     SE = 0
u_ctrl/u_aes/rkeys_reg_578_ CLK     SE      setup_clk_rise  c     SE = 0
u_ctrl/u_aes/rkeys_reg_368_ CLK     SI      hold_clk_rise   c     SE = 0
u_ctrl/u_aes/rkeys_reg_368_ CLK     SI      setup_clk_rise  c     SE = 0
u_ctrl/u_aes/rkeys_reg_368_ CLK     SE      hold_clk_rise   c     SE = 0
u_ctrl/u_aes/rkeys_reg_368_ CLK     SE      setup_clk_rise  c     SE = 0
u_ctrl/u_aes/rkeys_reg_369_ CLK     SI      hold_clk_rise   c     SE = 0
u_ctrl/u_aes/rkeys_reg_369_ CLK     SI      setup_clk_rise  c     SE = 0
u_ctrl/u_aes/rkeys_reg_369_ CLK     SE      hold_clk_rise   c     SE = 0
u_ctrl/u_aes/rkeys_reg_369_ CLK     SE      setup_clk_rise  c     SE = 0
u_ctrl/u_aes/rkeys_reg_159_ CLK     SI      hold_clk_rise   c     SE = 0
u_ctrl/u_aes/rkeys_reg_159_ CLK     SI      setup_clk_rise  c     SE = 0
u_ctrl/u_aes/rkeys_reg_159_ CLK     SE      hold_clk_rise   c     SE = 0
u_ctrl/u_aes/rkeys_reg_159_ CLK     SE      setup_clk_rise  c     SE = 0
u_ctrl/u_aes/rkeys_reg_1180_
                            CLK     SI      hold_clk_rise   c     SE = 0
u_ctrl/u_aes/rkeys_reg_1180_
                            CLK     SI      setup_clk_rise  c     SE = 0
u_ctrl/u_aes/rkeys_reg_1180_
                            CLK     SE      hold_clk_rise   c     SE = 0
u_ctrl/u_aes/rkeys_reg_1180_
                            CLK     SE      setup_clk_rise  c     SE = 0
u_ctrl/u_aes/rkeys_reg_1392_
                            CLK     SI      hold_clk_rise   c     SE = 0
u_ctrl/u_aes/rkeys_reg_1392_
                            CLK     SI      setup_clk_rise  c     SE = 0
u_ctrl/u_aes/rkeys_reg_1392_
                            CLK     SE      hold_clk_rise   c     SE = 0
u_ctrl/u_aes/rkeys_reg_1392_
                            CLK     SE      setup_clk_rise  c     SE = 0
u_ctrl/u_aes/rkeys_reg_1182_
                            CLK     SI      hold_clk_rise   c     SE = 0
u_ctrl/u_aes/rkeys_reg_1182_
                            CLK     SI      setup_clk_rise  c     SE = 0
u_ctrl/u_aes/rkeys_reg_1182_
                            CLK     SE      hold_clk_rise   c     SE = 0
u_ctrl/u_aes/rkeys_reg_1182_
                            CLK     SE      setup_clk_rise  c     SE = 0
u_ctrl/u_aes/rkeys_reg_1183_
                            CLK     SI      hold_clk_rise   c     SE = 0
u_ctrl/u_aes/rkeys_reg_1183_
                            CLK     SI      setup_clk_rise  c     SE = 0
u_ctrl/u_aes/rkeys_reg_1183_
                            CLK     SE      hold_clk_rise   c     SE = 0
u_ctrl/u_aes/rkeys_reg_1183_
                            CLK     SE      setup_clk_rise  c     SE = 0
u_ctrl/u_aes/rkeys_reg_1184_
                            CLK     SI      hold_clk_rise   c     SE = 0
u_ctrl/u_aes/rkeys_reg_1184_
                            CLK     SI      setup_clk_rise  c     SE = 0
u_ctrl/u_aes/rkeys_reg_1184_
                            CLK     SE      hold_clk_rise   c     SE = 0
u_ctrl/u_aes/rkeys_reg_1184_
                            CLK     SE      setup_clk_rise  c     SE = 0
u_ctrl/u_aes/rkeys_reg_890_ CLK     SI      hold_clk_rise   c     SE = 0
u_ctrl/u_aes/rkeys_reg_890_ CLK     SI      setup_clk_rise  c     SE = 0
u_ctrl/u_aes/rkeys_reg_890_ CLK     SE      hold_clk_rise   c     SE = 0
u_ctrl/u_aes/rkeys_reg_890_ CLK     SE      setup_clk_rise  c     SE = 0
u_ctrl/u_aes/rkeys_reg_680_ CLK     SI      hold_clk_rise   c     SE = 0
u_ctrl/u_aes/rkeys_reg_680_ CLK     SI      setup_clk_rise  c     SE = 0
u_ctrl/u_aes/rkeys_reg_680_ CLK     SE      hold_clk_rise   c     SE = 0
u_ctrl/u_aes/rkeys_reg_680_ CLK     SE      setup_clk_rise  c     SE = 0
u_ctrl/u_aes/rkeys_reg_470_ CLK     SI      hold_clk_rise   c     SE = 0
u_ctrl/u_aes/rkeys_reg_470_ CLK     SI      setup_clk_rise  c     SE = 0
u_ctrl/u_aes/rkeys_reg_470_ CLK     SE      hold_clk_rise   c     SE = 0
u_ctrl/u_aes/rkeys_reg_470_ CLK     SE      setup_clk_rise  c     SE = 0
u_ctrl/u_aes/rkeys_reg_260_ CLK     SI      hold_clk_rise   c     SE = 0
u_ctrl/u_aes/rkeys_reg_260_ CLK     SI      setup_clk_rise  c     SE = 0
u_ctrl/u_aes/rkeys_reg_260_ CLK     SE      hold_clk_rise   c     SE = 0
u_ctrl/u_aes/rkeys_reg_260_ CLK     SE      setup_clk_rise  c     SE = 0
u_ctrl/u_aes/rkeys_reg_681_ CLK     SI      hold_clk_rise   c     SE = 0
u_ctrl/u_aes/rkeys_reg_681_ CLK     SI      setup_clk_rise  c     SE = 0
u_ctrl/u_aes/rkeys_reg_681_ CLK     SE      hold_clk_rise   c     SE = 0
u_ctrl/u_aes/rkeys_reg_681_ CLK     SE      setup_clk_rise  c     SE = 0
u_ctrl/u_aes/rkeys_reg_682_ CLK     SI      hold_clk_rise   c     SE = 0
u_ctrl/u_aes/rkeys_reg_682_ CLK     SI      setup_clk_rise  c     SE = 0
u_ctrl/u_aes/rkeys_reg_682_ CLK     SE      hold_clk_rise   c     SE = 0
u_ctrl/u_aes/rkeys_reg_682_ CLK     SE      setup_clk_rise  c     SE = 0
u_ctrl/u_aes/rkeys_reg_472_ CLK     SI      hold_clk_rise   c     SE = 0
u_ctrl/u_aes/rkeys_reg_472_ CLK     SI      setup_clk_rise  c     SE = 0
u_ctrl/u_aes/rkeys_reg_472_ CLK     SE      hold_clk_rise   c     SE = 0
u_ctrl/u_aes/rkeys_reg_472_ CLK     SE      setup_clk_rise  c     SE = 0
u_ctrl/u_aes/rkeys_reg_262_ CLK     SI      hold_clk_rise   c     SE = 0
u_ctrl/u_aes/rkeys_reg_262_ CLK     SI      setup_clk_rise  c     SE = 0
u_ctrl/u_aes/rkeys_reg_262_ CLK     SE      hold_clk_rise   c     SE = 0
u_ctrl/u_aes/rkeys_reg_262_ CLK     SE      setup_clk_rise  c     SE = 0
u_ctrl/u_aes/rkeys_reg_1188_
                            CLK     SI      hold_clk_rise   c     SE = 0
u_ctrl/u_aes/rkeys_reg_1188_
                            CLK     SI      setup_clk_rise  c     SE = 0
u_ctrl/u_aes/rkeys_reg_1188_
                            CLK     SE      hold_clk_rise   c     SE = 0
u_ctrl/u_aes/rkeys_reg_1188_
                            CLK     SE      setup_clk_rise  c     SE = 0
u_ctrl/u_aes/rkeys_reg_683_ CLK     SI      hold_clk_rise   c     SE = 0
u_ctrl/u_aes/rkeys_reg_683_ CLK     SI      setup_clk_rise  c     SE = 0
u_ctrl/u_aes/rkeys_reg_683_ CLK     SE      hold_clk_rise   c     SE = 0
u_ctrl/u_aes/rkeys_reg_683_ CLK     SE      setup_clk_rise  c     SE = 0
u_ctrl/u_aes/rkeys_reg_473_ CLK     SI      hold_clk_rise   c     SE = 0
u_ctrl/u_aes/rkeys_reg_473_ CLK     SI      setup_clk_rise  c     SE = 0
u_ctrl/u_aes/rkeys_reg_473_ CLK     SE      hold_clk_rise   c     SE = 0
u_ctrl/u_aes/rkeys_reg_473_ CLK     SE      setup_clk_rise  c     SE = 0
u_ctrl/u_aes/rkeys_reg_263_ CLK     SI      hold_clk_rise   c     SE = 0
u_ctrl/u_aes/rkeys_reg_263_ CLK     SI      setup_clk_rise  c     SE = 0
u_ctrl/u_aes/rkeys_reg_263_ CLK     SE      hold_clk_rise   c     SE = 0
u_ctrl/u_aes/rkeys_reg_263_ CLK     SE      setup_clk_rise  c     SE = 0
u_ctrl/u_aes/rkeys_reg_1189_
                            CLK     SI      hold_clk_rise   c     SE = 0
u_ctrl/u_aes/rkeys_reg_1189_
                            CLK     SI      setup_clk_rise  c     SE = 0
u_ctrl/u_aes/rkeys_reg_1189_
                            CLK     SE      hold_clk_rise   c     SE = 0
u_ctrl/u_aes/rkeys_reg_1189_
                            CLK     SE      setup_clk_rise  c     SE = 0
u_ctrl/u_aes/rkeys_reg_894_ CLK     SI      hold_clk_rise   c     SE = 0
u_ctrl/u_aes/rkeys_reg_894_ CLK     SI      setup_clk_rise  c     SE = 0
u_ctrl/u_aes/rkeys_reg_894_ CLK     SE      hold_clk_rise   c     SE = 0
u_ctrl/u_aes/rkeys_reg_894_ CLK     SE      setup_clk_rise  c     SE = 0
u_ctrl/u_aes/rkeys_reg_685_ CLK     SI      hold_clk_rise   c     SE = 0
u_ctrl/u_aes/rkeys_reg_685_ CLK     SI      setup_clk_rise  c     SE = 0
u_ctrl/u_aes/rkeys_reg_685_ CLK     SE      hold_clk_rise   c     SE = 0
u_ctrl/u_aes/rkeys_reg_685_ CLK     SE      setup_clk_rise  c     SE = 0
u_ctrl/u_aes/rkeys_reg_265_ CLK     SI      hold_clk_rise   c     SE = 0
u_ctrl/u_aes/rkeys_reg_265_ CLK     SI      setup_clk_rise  c     SE = 0
u_ctrl/u_aes/rkeys_reg_265_ CLK     SE      hold_clk_rise   c     SE = 0
u_ctrl/u_aes/rkeys_reg_265_ CLK     SE      setup_clk_rise  c     SE = 0
u_ctrl/u_aes/rkeys_reg_896_ CLK     SI      hold_clk_rise   c     SE = 0
u_ctrl/u_aes/rkeys_reg_896_ CLK     SI      setup_clk_rise  c     SE = 0
u_ctrl/u_aes/rkeys_reg_896_ CLK     SE      hold_clk_rise   c     SE = 0
u_ctrl/u_aes/rkeys_reg_896_ CLK     SE      setup_clk_rise  c     SE = 0
u_ctrl/u_aes/rkeys_reg_687_ CLK     SI      hold_clk_rise   c     SE = 0
u_ctrl/u_aes/rkeys_reg_687_ CLK     SI      setup_clk_rise  c     SE = 0
u_ctrl/u_aes/rkeys_reg_687_ CLK     SE      hold_clk_rise   c     SE = 0
u_ctrl/u_aes/rkeys_reg_687_ CLK     SE      setup_clk_rise  c     SE = 0
u_ctrl/u_aes/rkeys_reg_477_ CLK     SI      hold_clk_rise   c     SE = 0
u_ctrl/u_aes/rkeys_reg_477_ CLK     SI      setup_clk_rise  c     SE = 0
u_ctrl/u_aes/rkeys_reg_477_ CLK     SE      hold_clk_rise   c     SE = 0
u_ctrl/u_aes/rkeys_reg_477_ CLK     SE      setup_clk_rise  c     SE = 0
u_ctrl/u_aes/rkeys_reg_267_ CLK     SI      hold_clk_rise   c     SE = 0
u_ctrl/u_aes/rkeys_reg_267_ CLK     SI      setup_clk_rise  c     SE = 0
u_ctrl/u_aes/rkeys_reg_267_ CLK     SE      hold_clk_rise   c     SE = 0
u_ctrl/u_aes/rkeys_reg_267_ CLK     SE      setup_clk_rise  c     SE = 0
u_ctrl/u_aes/rkeys_reg_688_ CLK     SI      hold_clk_rise   c     SE = 0
u_ctrl/u_aes/rkeys_reg_688_ CLK     SI      setup_clk_rise  c     SE = 0
u_ctrl/u_aes/rkeys_reg_688_ CLK     SE      hold_clk_rise   c     SE = 0
u_ctrl/u_aes/rkeys_reg_688_ CLK     SE      setup_clk_rise  c     SE = 0
u_ctrl/u_aes/rkeys_reg_478_ CLK     SI      hold_clk_rise   c     SE = 0
u_ctrl/u_aes/rkeys_reg_478_ CLK     SI      setup_clk_rise  c     SE = 0
u_ctrl/u_aes/rkeys_reg_478_ CLK     SE      hold_clk_rise   c     SE = 0
u_ctrl/u_aes/rkeys_reg_478_ CLK     SE      setup_clk_rise  c     SE = 0
u_ctrl/u_aes/rkeys_reg_268_ CLK     SI      hold_clk_rise   c     SE = 0
u_ctrl/u_aes/rkeys_reg_268_ CLK     SI      setup_clk_rise  c     SE = 0
u_ctrl/u_aes/rkeys_reg_268_ CLK     SE      hold_clk_rise   c     SE = 0
u_ctrl/u_aes/rkeys_reg_268_ CLK     SE      setup_clk_rise  c     SE = 0
u_ctrl/u_aes/rkeys_reg_689_ CLK     SI      hold_clk_rise   c     SE = 0
u_ctrl/u_aes/rkeys_reg_689_ CLK     SI      setup_clk_rise  c     SE = 0
u_ctrl/u_aes/rkeys_reg_689_ CLK     SE      hold_clk_rise   c     SE = 0
u_ctrl/u_aes/rkeys_reg_689_ CLK     SE      setup_clk_rise  c     SE = 0
u_ctrl/u_aes/rkeys_reg_479_ CLK     SI      hold_clk_rise   c     SE = 0
u_ctrl/u_aes/rkeys_reg_479_ CLK     SI      setup_clk_rise  c     SE = 0
u_ctrl/u_aes/rkeys_reg_479_ CLK     SE      hold_clk_rise   c     SE = 0
u_ctrl/u_aes/rkeys_reg_479_ CLK     SE      setup_clk_rise  c     SE = 0
u_ctrl/u_aes/rkeys_reg_269_ CLK     SI      hold_clk_rise   c     SE = 0
u_ctrl/u_aes/rkeys_reg_269_ CLK     SI      setup_clk_rise  c     SE = 0
u_ctrl/u_aes/rkeys_reg_269_ CLK     SE      hold_clk_rise   c     SE = 0
u_ctrl/u_aes/rkeys_reg_269_ CLK     SE      setup_clk_rise  c     SE = 0
u_ctrl/u_aes/rkeys_reg_1290_
                            CLK     SI      hold_clk_rise   c     SE = 0
u_ctrl/u_aes/rkeys_reg_1290_
                            CLK     SI      setup_clk_rise  c     SE = 0
u_ctrl/u_aes/rkeys_reg_1290_
                            CLK     SE      hold_clk_rise   c     SE = 0
u_ctrl/u_aes/rkeys_reg_1290_
                            CLK     SE      setup_clk_rise  c     SE = 0
u_ctrl/u_aes/rkeys_reg_93_  CLK     SI      hold_clk_rise   c     SE = 0
u_ctrl/u_aes/rkeys_reg_93_  CLK     SI      setup_clk_rise  c     SE = 0
u_ctrl/u_aes/rkeys_reg_93_  CLK     SE      hold_clk_rise   c     SE = 0
u_ctrl/u_aes/rkeys_reg_93_  CLK     SE      setup_clk_rise  c     SE = 0
u_ctrl/u_aes/rkeys_reg_1291_
                            CLK     SI      hold_clk_rise   c     SE = 0
u_ctrl/u_aes/rkeys_reg_1291_
                            CLK     SI      setup_clk_rise  c     SE = 0
u_ctrl/u_aes/rkeys_reg_1291_
                            CLK     SE      hold_clk_rise   c     SE = 0
u_ctrl/u_aes/rkeys_reg_1291_
                            CLK     SE      setup_clk_rise  c     SE = 0
u_ctrl/u_aes/rkeys_reg_1081_
                            CLK     SI      hold_clk_rise   c     SE = 0
u_ctrl/u_aes/rkeys_reg_1081_
                            CLK     SI      setup_clk_rise  c     SE = 0
u_ctrl/u_aes/rkeys_reg_1081_
                            CLK     SE      hold_clk_rise   c     SE = 0
u_ctrl/u_aes/rkeys_reg_1081_
                            CLK     SE      setup_clk_rise  c     SE = 0
u_ctrl/u_aes/rkeys_reg_94_  CLK     SI      hold_clk_rise   c     SE = 0
u_ctrl/u_aes/rkeys_reg_94_  CLK     SI      setup_clk_rise  c     SE = 0
u_ctrl/u_aes/rkeys_reg_94_  CLK     SE      hold_clk_rise   c     SE = 0
u_ctrl/u_aes/rkeys_reg_94_  CLK     SE      setup_clk_rise  c     SE = 0
u_ctrl/u_aes/rkeys_reg_1082_
                            CLK     SI      hold_clk_rise   c     SE = 0
u_ctrl/u_aes/rkeys_reg_1082_
                            CLK     SI      setup_clk_rise  c     SE = 0
u_ctrl/u_aes/rkeys_reg_1082_
                            CLK     SE      hold_clk_rise   c     SE = 0
u_ctrl/u_aes/rkeys_reg_1082_
                            CLK     SE      setup_clk_rise  c     SE = 0
u_ctrl/u_aes/rkeys_reg_95_  CLK     SI      hold_clk_rise   c     SE = 0
u_ctrl/u_aes/rkeys_reg_95_  CLK     SI      setup_clk_rise  c     SE = 0
u_ctrl/u_aes/rkeys_reg_95_  CLK     SE      hold_clk_rise   c     SE = 0
u_ctrl/u_aes/rkeys_reg_95_  CLK     SE      setup_clk_rise  c     SE = 0
u_ctrl/u_aes/rkeys_reg_1083_
                            CLK     SI      hold_clk_rise   c     SE = 0
u_ctrl/u_aes/rkeys_reg_1083_
                            CLK     SI      setup_clk_rise  c     SE = 0
u_ctrl/u_aes/rkeys_reg_1083_
                            CLK     SE      hold_clk_rise   c     SE = 0
u_ctrl/u_aes/rkeys_reg_1083_
                            CLK     SE      setup_clk_rise  c     SE = 0
u_ctrl/u_aes/rkeys_reg_1084_
                            CLK     SI      hold_clk_rise   c     SE = 0
u_ctrl/u_aes/rkeys_reg_1084_
                            CLK     SI      setup_clk_rise  c     SE = 0
u_ctrl/u_aes/rkeys_reg_1084_
                            CLK     SE      hold_clk_rise   c     SE = 0
u_ctrl/u_aes/rkeys_reg_1084_
                            CLK     SE      setup_clk_rise  c     SE = 0
u_ctrl/u_aes/rkeys_reg_1085_
                            CLK     SI      hold_clk_rise   c     SE = 0
u_ctrl/u_aes/rkeys_reg_1085_
                            CLK     SI      setup_clk_rise  c     SE = 0
u_ctrl/u_aes/rkeys_reg_1085_
                            CLK     SE      hold_clk_rise   c     SE = 0
u_ctrl/u_aes/rkeys_reg_1085_
                            CLK     SE      setup_clk_rise  c     SE = 0
u_ctrl/u_aes/rkeys_reg_580_ CLK     SI      hold_clk_rise   c     SE = 0
u_ctrl/u_aes/rkeys_reg_580_ CLK     SI      setup_clk_rise  c     SE = 0
u_ctrl/u_aes/rkeys_reg_580_ CLK     SE      hold_clk_rise   c     SE = 0
u_ctrl/u_aes/rkeys_reg_580_ CLK     SE      setup_clk_rise  c     SE = 0
u_ctrl/u_aes/rkeys_reg_98_  CLK     SI      hold_clk_rise   c     SE = 0
u_ctrl/u_aes/rkeys_reg_98_  CLK     SI      setup_clk_rise  c     SE = 0
u_ctrl/u_aes/rkeys_reg_98_  CLK     SE      hold_clk_rise   c     SE = 0
u_ctrl/u_aes/rkeys_reg_98_  CLK     SE      setup_clk_rise  c     SE = 0
u_ctrl/u_aes/rkeys_reg_1296_
                            CLK     SI      hold_clk_rise   c     SE = 0
u_ctrl/u_aes/rkeys_reg_1296_
                            CLK     SI      setup_clk_rise  c     SE = 0
u_ctrl/u_aes/rkeys_reg_1296_
                            CLK     SE      hold_clk_rise   c     SE = 0
u_ctrl/u_aes/rkeys_reg_1296_
                            CLK     SE      setup_clk_rise  c     SE = 0
u_ctrl/u_aes/rkeys_reg_99_  CLK     SI      hold_clk_rise   c     SE = 0
u_ctrl/u_aes/rkeys_reg_99_  CLK     SI      setup_clk_rise  c     SE = 0
u_ctrl/u_aes/rkeys_reg_99_  CLK     SE      hold_clk_rise   c     SE = 0
u_ctrl/u_aes/rkeys_reg_99_  CLK     SE      setup_clk_rise  c     SE = 0
u_ctrl/u_aes/rkeys_reg_1087_
                            CLK     SI      hold_clk_rise   c     SE = 0
u_ctrl/u_aes/rkeys_reg_1087_
                            CLK     SI      setup_clk_rise  c     SE = 0
u_ctrl/u_aes/rkeys_reg_1087_
                            CLK     SE      hold_clk_rise   c     SE = 0
u_ctrl/u_aes/rkeys_reg_1087_
                            CLK     SE      setup_clk_rise  c     SE = 0
u_ctrl/u_aes/rkeys_reg_792_ CLK     SI      hold_clk_rise   c     SE = 0
u_ctrl/u_aes/rkeys_reg_792_ CLK     SI      setup_clk_rise  c     SE = 0
u_ctrl/u_aes/rkeys_reg_792_ CLK     SE      hold_clk_rise   c     SE = 0
u_ctrl/u_aes/rkeys_reg_792_ CLK     SE      setup_clk_rise  c     SE = 0
u_ctrl/u_aes/rkeys_reg_162_ CLK     SI      hold_clk_rise   c     SE = 0
u_ctrl/u_aes/rkeys_reg_162_ CLK     SI      setup_clk_rise  c     SE = 0
u_ctrl/u_aes/rkeys_reg_162_ CLK     SE      hold_clk_rise   c     SE = 0
u_ctrl/u_aes/rkeys_reg_162_ CLK     SE      setup_clk_rise  c     SE = 0
u_ctrl/u_aes/rkeys_reg_1298_
                            CLK     SI      hold_clk_rise   c     SE = 0
u_ctrl/u_aes/rkeys_reg_1298_
                            CLK     SI      setup_clk_rise  c     SE = 0
u_ctrl/u_aes/rkeys_reg_1298_
                            CLK     SE      hold_clk_rise   c     SE = 0
u_ctrl/u_aes/rkeys_reg_1298_
                            CLK     SE      setup_clk_rise  c     SE = 0
u_ctrl/u_aes/rkeys_reg_1088_
                            CLK     SI      hold_clk_rise   c     SE = 0
u_ctrl/u_aes/rkeys_reg_1088_
                            CLK     SI      setup_clk_rise  c     SE = 0
u_ctrl/u_aes/rkeys_reg_1088_
                            CLK     SE      hold_clk_rise   c     SE = 0
u_ctrl/u_aes/rkeys_reg_1088_
                            CLK     SE      setup_clk_rise  c     SE = 0
u_ctrl/u_aes/rkeys_reg_583_ CLK     SI      hold_clk_rise   c     SE = 0
u_ctrl/u_aes/rkeys_reg_583_ CLK     SI      setup_clk_rise  c     SE = 0
u_ctrl/u_aes/rkeys_reg_583_ CLK     SE      hold_clk_rise   c     SE = 0
u_ctrl/u_aes/rkeys_reg_583_ CLK     SE      setup_clk_rise  c     SE = 0
u_ctrl/u_aes/rkeys_reg_163_ CLK     SI      hold_clk_rise   c     SE = 0
u_ctrl/u_aes/rkeys_reg_163_ CLK     SI      setup_clk_rise  c     SE = 0
u_ctrl/u_aes/rkeys_reg_163_ CLK     SE      hold_clk_rise   c     SE = 0
u_ctrl/u_aes/rkeys_reg_163_ CLK     SE      setup_clk_rise  c     SE = 0
u_ctrl/u_aes/rkeys_reg_1299_
                            CLK     SI      hold_clk_rise   c     SE = 0
u_ctrl/u_aes/rkeys_reg_1299_
                            CLK     SI      setup_clk_rise  c     SE = 0
u_ctrl/u_aes/rkeys_reg_1299_
                            CLK     SE      hold_clk_rise   c     SE = 0
u_ctrl/u_aes/rkeys_reg_1299_
                            CLK     SE      setup_clk_rise  c     SE = 0
u_ctrl/u_aes/rkeys_reg_794_ CLK     SI      hold_clk_rise   c     SE = 0
u_ctrl/u_aes/rkeys_reg_794_ CLK     SI      setup_clk_rise  c     SE = 0
u_ctrl/u_aes/rkeys_reg_794_ CLK     SE      hold_clk_rise   c     SE = 0
u_ctrl/u_aes/rkeys_reg_794_ CLK     SE      setup_clk_rise  c     SE = 0
u_ctrl/u_aes/rkeys_reg_374_ CLK     SI      hold_clk_rise   c     SE = 0
u_ctrl/u_aes/rkeys_reg_374_ CLK     SI      setup_clk_rise  c     SE = 0
u_ctrl/u_aes/rkeys_reg_374_ CLK     SE      hold_clk_rise   c     SE = 0
u_ctrl/u_aes/rkeys_reg_374_ CLK     SE      setup_clk_rise  c     SE = 0
u_ctrl/u_aes/rkeys_reg_164_ CLK     SI      hold_clk_rise   c     SE = 0
u_ctrl/u_aes/rkeys_reg_164_ CLK     SI      setup_clk_rise  c     SE = 0
u_ctrl/u_aes/rkeys_reg_164_ CLK     SE      hold_clk_rise   c     SE = 0
u_ctrl/u_aes/rkeys_reg_164_ CLK     SE      setup_clk_rise  c     SE = 0
u_ctrl/u_aes/rkeys_reg_795_ CLK     SI      hold_clk_rise   c     SE = 0
u_ctrl/u_aes/rkeys_reg_795_ CLK     SI      setup_clk_rise  c     SE = 0
u_ctrl/u_aes/rkeys_reg_795_ CLK     SE      hold_clk_rise   c     SE = 0
u_ctrl/u_aes/rkeys_reg_795_ CLK     SE      setup_clk_rise  c     SE = 0
u_ctrl/u_aes/rkeys_reg_585_ CLK     SI      hold_clk_rise   c     SE = 0
u_ctrl/u_aes/rkeys_reg_585_ CLK     SI      setup_clk_rise  c     SE = 0
u_ctrl/u_aes/rkeys_reg_585_ CLK     SE      hold_clk_rise   c     SE = 0
u_ctrl/u_aes/rkeys_reg_585_ CLK     SE      setup_clk_rise  c     SE = 0
u_ctrl/u_aes/rkeys_reg_796_ CLK     SI      hold_clk_rise   c     SE = 0
u_ctrl/u_aes/rkeys_reg_796_ CLK     SI      setup_clk_rise  c     SE = 0
u_ctrl/u_aes/rkeys_reg_796_ CLK     SE      hold_clk_rise   c     SE = 0
u_ctrl/u_aes/rkeys_reg_796_ CLK     SE      setup_clk_rise  c     SE = 0
u_ctrl/u_aes/rkeys_reg_376_ CLK     SI      hold_clk_rise   c     SE = 0
u_ctrl/u_aes/rkeys_reg_376_ CLK     SI      setup_clk_rise  c     SE = 0
u_ctrl/u_aes/rkeys_reg_376_ CLK     SE      hold_clk_rise   c     SE = 0
u_ctrl/u_aes/rkeys_reg_376_ CLK     SE      setup_clk_rise  c     SE = 0
u_ctrl/u_aes/rkeys_reg_797_ CLK     SI      hold_clk_rise   c     SE = 0
u_ctrl/u_aes/rkeys_reg_797_ CLK     SI      setup_clk_rise  c     SE = 0
u_ctrl/u_aes/rkeys_reg_797_ CLK     SE      hold_clk_rise   c     SE = 0
u_ctrl/u_aes/rkeys_reg_797_ CLK     SE      setup_clk_rise  c     SE = 0
u_ctrl/u_aes/rkeys_reg_377_ CLK     SI      hold_clk_rise   c     SE = 0
u_ctrl/u_aes/rkeys_reg_377_ CLK     SI      setup_clk_rise  c     SE = 0
u_ctrl/u_aes/rkeys_reg_377_ CLK     SE      hold_clk_rise   c     SE = 0
u_ctrl/u_aes/rkeys_reg_377_ CLK     SE      setup_clk_rise  c     SE = 0
u_ctrl/u_aes/rkeys_reg_167_ CLK     SI      hold_clk_rise   c     SE = 0
u_ctrl/u_aes/rkeys_reg_167_ CLK     SI      setup_clk_rise  c     SE = 0
u_ctrl/u_aes/rkeys_reg_167_ CLK     SE      hold_clk_rise   c     SE = 0
u_ctrl/u_aes/rkeys_reg_167_ CLK     SE      setup_clk_rise  c     SE = 0
u_ctrl/u_aes/rkeys_reg_798_ CLK     SI      hold_clk_rise   c     SE = 0
u_ctrl/u_aes/rkeys_reg_798_ CLK     SI      setup_clk_rise  c     SE = 0
u_ctrl/u_aes/rkeys_reg_798_ CLK     SE      hold_clk_rise   c     SE = 0
u_ctrl/u_aes/rkeys_reg_798_ CLK     SE      setup_clk_rise  c     SE = 0
u_ctrl/u_aes/rkeys_reg_588_ CLK     SI      hold_clk_rise   c     SE = 0
u_ctrl/u_aes/rkeys_reg_588_ CLK     SI      setup_clk_rise  c     SE = 0
u_ctrl/u_aes/rkeys_reg_588_ CLK     SE      hold_clk_rise   c     SE = 0
u_ctrl/u_aes/rkeys_reg_588_ CLK     SE      setup_clk_rise  c     SE = 0
u_ctrl/u_aes/rkeys_reg_378_ CLK     SI      hold_clk_rise   c     SE = 0
u_ctrl/u_aes/rkeys_reg_378_ CLK     SI      setup_clk_rise  c     SE = 0
u_ctrl/u_aes/rkeys_reg_378_ CLK     SE      hold_clk_rise   c     SE = 0
u_ctrl/u_aes/rkeys_reg_378_ CLK     SE      setup_clk_rise  c     SE = 0
u_ctrl/u_aes/rkeys_reg_168_ CLK     SI      hold_clk_rise   c     SE = 0
u_ctrl/u_aes/rkeys_reg_168_ CLK     SI      setup_clk_rise  c     SE = 0
u_ctrl/u_aes/rkeys_reg_168_ CLK     SE      hold_clk_rise   c     SE = 0
u_ctrl/u_aes/rkeys_reg_168_ CLK     SE      setup_clk_rise  c     SE = 0
u_ctrl/u_aes/rkeys_reg_799_ CLK     SI      hold_clk_rise   c     SE = 0
u_ctrl/u_aes/rkeys_reg_799_ CLK     SI      setup_clk_rise  c     SE = 0
u_ctrl/u_aes/rkeys_reg_799_ CLK     SE      hold_clk_rise   c     SE = 0
u_ctrl/u_aes/rkeys_reg_799_ CLK     SE      setup_clk_rise  c     SE = 0
u_ctrl/u_aes/rkeys_reg_1190_
                            CLK     SI      hold_clk_rise   c     SE = 0
u_ctrl/u_aes/rkeys_reg_1190_
                            CLK     SI      setup_clk_rise  c     SE = 0
u_ctrl/u_aes/rkeys_reg_1190_
                            CLK     SE      hold_clk_rise   c     SE = 0
u_ctrl/u_aes/rkeys_reg_1190_
                            CLK     SE      setup_clk_rise  c     SE = 0
u_ctrl/u_aes/rkeys_reg_1191_
                            CLK     SI      hold_clk_rise   c     SE = 0
u_ctrl/u_aes/rkeys_reg_1191_
                            CLK     SI      setup_clk_rise  c     SE = 0
u_ctrl/u_aes/rkeys_reg_1191_
                            CLK     SE      hold_clk_rise   c     SE = 0
u_ctrl/u_aes/rkeys_reg_1191_
                            CLK     SE      setup_clk_rise  c     SE = 0
u_ctrl/u_aes/rkeys_reg_1195_
                            CLK     SI      hold_clk_rise   c     SE = 0
u_ctrl/u_aes/rkeys_reg_1195_
                            CLK     SI      setup_clk_rise  c     SE = 0
u_ctrl/u_aes/rkeys_reg_1195_
                            CLK     SE      hold_clk_rise   c     SE = 0
u_ctrl/u_aes/rkeys_reg_1195_
                            CLK     SE      setup_clk_rise  c     SE = 0
u_ctrl/u_aes/rkeys_reg_270_ CLK     SI      hold_clk_rise   c     SE = 0
u_ctrl/u_aes/rkeys_reg_270_ CLK     SI      setup_clk_rise  c     SE = 0
u_ctrl/u_aes/rkeys_reg_270_ CLK     SE      hold_clk_rise   c     SE = 0
u_ctrl/u_aes/rkeys_reg_270_ CLK     SE      setup_clk_rise  c     SE = 0
u_ctrl/u_aes/rkeys_reg_1196_
                            CLK     SI      hold_clk_rise   c     SE = 0
u_ctrl/u_aes/rkeys_reg_1196_
                            CLK     SI      setup_clk_rise  c     SE = 0
u_ctrl/u_aes/rkeys_reg_1196_
                            CLK     SE      hold_clk_rise   c     SE = 0
u_ctrl/u_aes/rkeys_reg_1196_
                            CLK     SE      setup_clk_rise  c     SE = 0
u_ctrl/u_aes/rkeys_reg_481_ CLK     SI      hold_clk_rise   c     SE = 0
u_ctrl/u_aes/rkeys_reg_481_ CLK     SI      setup_clk_rise  c     SE = 0
u_ctrl/u_aes/rkeys_reg_481_ CLK     SE      hold_clk_rise   c     SE = 0
u_ctrl/u_aes/rkeys_reg_481_ CLK     SE      setup_clk_rise  c     SE = 0
u_ctrl/u_aes/rkeys_reg_1197_
                            CLK     SI      hold_clk_rise   c     SE = 0
u_ctrl/u_aes/rkeys_reg_1197_
                            CLK     SI      setup_clk_rise  c     SE = 0
u_ctrl/u_aes/rkeys_reg_1197_
                            CLK     SE      hold_clk_rise   c     SE = 0
u_ctrl/u_aes/rkeys_reg_1197_
                            CLK     SE      setup_clk_rise  c     SE = 0
u_ctrl/u_aes/rkeys_reg_902_ CLK     SI      hold_clk_rise   c     SE = 0
u_ctrl/u_aes/rkeys_reg_902_ CLK     SI      setup_clk_rise  c     SE = 0
u_ctrl/u_aes/rkeys_reg_902_ CLK     SE      hold_clk_rise   c     SE = 0
u_ctrl/u_aes/rkeys_reg_902_ CLK     SE      setup_clk_rise  c     SE = 0
u_ctrl/u_aes/rkeys_reg_692_ CLK     SI      hold_clk_rise   c     SE = 0
u_ctrl/u_aes/rkeys_reg_692_ CLK     SI      setup_clk_rise  c     SE = 0
u_ctrl/u_aes/rkeys_reg_692_ CLK     SE      hold_clk_rise   c     SE = 0
u_ctrl/u_aes/rkeys_reg_692_ CLK     SE      setup_clk_rise  c     SE = 0
u_ctrl/u_aes/rkeys_reg_272_ CLK     SI      hold_clk_rise   c     SE = 0
u_ctrl/u_aes/rkeys_reg_272_ CLK     SI      setup_clk_rise  c     SE = 0
u_ctrl/u_aes/rkeys_reg_272_ CLK     SE      hold_clk_rise   c     SE = 0
u_ctrl/u_aes/rkeys_reg_272_ CLK     SE      setup_clk_rise  c     SE = 0
u_ctrl/u_aes/rkeys_reg_1198_
                            CLK     SI      hold_clk_rise   c     SE = 0
u_ctrl/u_aes/rkeys_reg_1198_
                            CLK     SI      setup_clk_rise  c     SE = 0
u_ctrl/u_aes/rkeys_reg_1198_
                            CLK     SE      hold_clk_rise   c     SE = 0
u_ctrl/u_aes/rkeys_reg_1198_
                            CLK     SE      setup_clk_rise  c     SE = 0
u_ctrl/u_aes/rkeys_reg_693_ CLK     SI      hold_clk_rise   c     SE = 0
u_ctrl/u_aes/rkeys_reg_693_ CLK     SI      setup_clk_rise  c     SE = 0
u_ctrl/u_aes/rkeys_reg_693_ CLK     SE      hold_clk_rise   c     SE = 0
u_ctrl/u_aes/rkeys_reg_693_ CLK     SE      setup_clk_rise  c     SE = 0
u_ctrl/u_aes/rkeys_reg_483_ CLK     SI      hold_clk_rise   c     SE = 0
u_ctrl/u_aes/rkeys_reg_483_ CLK     SI      setup_clk_rise  c     SE = 0
u_ctrl/u_aes/rkeys_reg_483_ CLK     SE      hold_clk_rise   c     SE = 0
u_ctrl/u_aes/rkeys_reg_483_ CLK     SE      setup_clk_rise  c     SE = 0
u_ctrl/u_aes/rkeys_reg_273_ CLK     SI      hold_clk_rise   c     SE = 0
u_ctrl/u_aes/rkeys_reg_273_ CLK     SI      setup_clk_rise  c     SE = 0
u_ctrl/u_aes/rkeys_reg_273_ CLK     SE      hold_clk_rise   c     SE = 0
u_ctrl/u_aes/rkeys_reg_273_ CLK     SE      setup_clk_rise  c     SE = 0
u_ctrl/u_aes/rkeys_reg_904_ CLK     SI      hold_clk_rise   c     SE = 0
u_ctrl/u_aes/rkeys_reg_904_ CLK     SI      setup_clk_rise  c     SE = 0
u_ctrl/u_aes/rkeys_reg_904_ CLK     SE      hold_clk_rise   c     SE = 0
u_ctrl/u_aes/rkeys_reg_904_ CLK     SE      setup_clk_rise  c     SE = 0
u_ctrl/u_aes/rkeys_reg_694_ CLK     SI      hold_clk_rise   c     SE = 0
u_ctrl/u_aes/rkeys_reg_694_ CLK     SI      setup_clk_rise  c     SE = 0
u_ctrl/u_aes/rkeys_reg_694_ CLK     SE      hold_clk_rise   c     SE = 0
u_ctrl/u_aes/rkeys_reg_694_ CLK     SE      setup_clk_rise  c     SE = 0
u_ctrl/u_aes/rkeys_reg_484_ CLK     SI      hold_clk_rise   c     SE = 0
u_ctrl/u_aes/rkeys_reg_484_ CLK     SI      setup_clk_rise  c     SE = 0
u_ctrl/u_aes/rkeys_reg_484_ CLK     SE      hold_clk_rise   c     SE = 0
u_ctrl/u_aes/rkeys_reg_484_ CLK     SE      setup_clk_rise  c     SE = 0
u_ctrl/u_aes/rkeys_reg_274_ CLK     SI      hold_clk_rise   c     SE = 0
u_ctrl/u_aes/rkeys_reg_274_ CLK     SI      setup_clk_rise  c     SE = 0
u_ctrl/u_aes/rkeys_reg_274_ CLK     SE      hold_clk_rise   c     SE = 0
u_ctrl/u_aes/rkeys_reg_274_ CLK     SE      setup_clk_rise  c     SE = 0
u_ctrl/u_aes/rkeys_reg_905_ CLK     SI      hold_clk_rise   c     SE = 0
u_ctrl/u_aes/rkeys_reg_905_ CLK     SI      setup_clk_rise  c     SE = 0
u_ctrl/u_aes/rkeys_reg_905_ CLK     SE      hold_clk_rise   c     SE = 0
u_ctrl/u_aes/rkeys_reg_905_ CLK     SE      setup_clk_rise  c     SE = 0
u_ctrl/u_aes/rkeys_reg_695_ CLK     SI      hold_clk_rise   c     SE = 0
u_ctrl/u_aes/rkeys_reg_695_ CLK     SI      setup_clk_rise  c     SE = 0
u_ctrl/u_aes/rkeys_reg_695_ CLK     SE      hold_clk_rise   c     SE = 0
u_ctrl/u_aes/rkeys_reg_695_ CLK     SE      setup_clk_rise  c     SE = 0
u_ctrl/u_aes/rkeys_reg_275_ CLK     SI      hold_clk_rise   c     SE = 0
u_ctrl/u_aes/rkeys_reg_275_ CLK     SI      setup_clk_rise  c     SE = 0
u_ctrl/u_aes/rkeys_reg_275_ CLK     SE      hold_clk_rise   c     SE = 0
u_ctrl/u_aes/rkeys_reg_275_ CLK     SE      setup_clk_rise  c     SE = 0
u_ctrl/u_aes/rkeys_reg_906_ CLK     SI      hold_clk_rise   c     SE = 0
u_ctrl/u_aes/rkeys_reg_906_ CLK     SI      setup_clk_rise  c     SE = 0
u_ctrl/u_aes/rkeys_reg_906_ CLK     SE      hold_clk_rise   c     SE = 0
u_ctrl/u_aes/rkeys_reg_906_ CLK     SE      setup_clk_rise  c     SE = 0
u_ctrl/u_aes/rkeys_reg_276_ CLK     SI      hold_clk_rise   c     SE = 0
u_ctrl/u_aes/rkeys_reg_276_ CLK     SI      setup_clk_rise  c     SE = 0
u_ctrl/u_aes/rkeys_reg_276_ CLK     SE      hold_clk_rise   c     SE = 0
u_ctrl/u_aes/rkeys_reg_276_ CLK     SE      setup_clk_rise  c     SE = 0
u_ctrl/u_aes/rkeys_reg_907_ CLK     SI      hold_clk_rise   c     SE = 0
u_ctrl/u_aes/rkeys_reg_907_ CLK     SI      setup_clk_rise  c     SE = 0
u_ctrl/u_aes/rkeys_reg_907_ CLK     SE      hold_clk_rise   c     SE = 0
u_ctrl/u_aes/rkeys_reg_907_ CLK     SE      setup_clk_rise  c     SE = 0
u_ctrl/u_aes/rkeys_reg_277_ CLK     SI      hold_clk_rise   c     SE = 0
u_ctrl/u_aes/rkeys_reg_277_ CLK     SI      setup_clk_rise  c     SE = 0
u_ctrl/u_aes/rkeys_reg_277_ CLK     SE      hold_clk_rise   c     SE = 0
u_ctrl/u_aes/rkeys_reg_277_ CLK     SE      setup_clk_rise  c     SE = 0
u_ctrl/u_aes/rkeys_reg_908_ CLK     SI      hold_clk_rise   c     SE = 0
u_ctrl/u_aes/rkeys_reg_908_ CLK     SI      setup_clk_rise  c     SE = 0
u_ctrl/u_aes/rkeys_reg_908_ CLK     SE      hold_clk_rise   c     SE = 0
u_ctrl/u_aes/rkeys_reg_908_ CLK     SE      setup_clk_rise  c     SE = 0
u_ctrl/u_aes/rkeys_reg_909_ CLK     SI      hold_clk_rise   c     SE = 0
u_ctrl/u_aes/rkeys_reg_909_ CLK     SI      setup_clk_rise  c     SE = 0
u_ctrl/u_aes/rkeys_reg_909_ CLK     SE      hold_clk_rise   c     SE = 0
u_ctrl/u_aes/rkeys_reg_909_ CLK     SE      setup_clk_rise  c     SE = 0
u_ctrl/u_aes/rkeys_reg_279_ CLK     SI      hold_clk_rise   c     SE = 0
u_ctrl/u_aes/rkeys_reg_279_ CLK     SI      setup_clk_rise  c     SE = 0
u_ctrl/u_aes/rkeys_reg_279_ CLK     SE      hold_clk_rise   c     SE = 0
u_ctrl/u_aes/rkeys_reg_279_ CLK     SE      setup_clk_rise  c     SE = 0
u_ctrl/u_aes/rkeys_reg_1092_
                            CLK     SI      hold_clk_rise   c     SE = 0
u_ctrl/u_aes/rkeys_reg_1092_
                            CLK     SI      setup_clk_rise  c     SE = 0
u_ctrl/u_aes/rkeys_reg_1092_
                            CLK     SE      hold_clk_rise   c     SE = 0
u_ctrl/u_aes/rkeys_reg_1092_
                            CLK     SE      setup_clk_rise  c     SE = 0
u_ctrl/u_aes/rkeys_reg_1093_
                            CLK     SI      hold_clk_rise   c     SE = 0
u_ctrl/u_aes/rkeys_reg_1093_
                            CLK     SI      setup_clk_rise  c     SE = 0
u_ctrl/u_aes/rkeys_reg_1093_
                            CLK     SE      hold_clk_rise   c     SE = 0
u_ctrl/u_aes/rkeys_reg_1093_
                            CLK     SE      setup_clk_rise  c     SE = 0
u_ctrl/u_aes/rkeys_reg_1094_
                            CLK     SI      hold_clk_rise   c     SE = 0
u_ctrl/u_aes/rkeys_reg_1094_
                            CLK     SI      setup_clk_rise  c     SE = 0
u_ctrl/u_aes/rkeys_reg_1094_
                            CLK     SE      hold_clk_rise   c     SE = 0
u_ctrl/u_aes/rkeys_reg_1094_
                            CLK     SE      setup_clk_rise  c     SE = 0
u_ctrl/u_aes/rkeys_reg_1095_
                            CLK     SI      hold_clk_rise   c     SE = 0
u_ctrl/u_aes/rkeys_reg_1095_
                            CLK     SI      setup_clk_rise  c     SE = 0
u_ctrl/u_aes/rkeys_reg_1095_
                            CLK     SE      hold_clk_rise   c     SE = 0
u_ctrl/u_aes/rkeys_reg_1095_
                            CLK     SE      setup_clk_rise  c     SE = 0
u_ctrl/u_aes/rkeys_reg_170_ CLK     SI      hold_clk_rise   c     SE = 0
u_ctrl/u_aes/rkeys_reg_170_ CLK     SI      setup_clk_rise  c     SE = 0
u_ctrl/u_aes/rkeys_reg_170_ CLK     SE      hold_clk_rise   c     SE = 0
u_ctrl/u_aes/rkeys_reg_170_ CLK     SE      setup_clk_rise  c     SE = 0
u_ctrl/u_aes/rkeys_reg_1306_
                            CLK     SI      hold_clk_rise   c     SE = 0
u_ctrl/u_aes/rkeys_reg_1306_
                            CLK     SI      setup_clk_rise  c     SE = 0
u_ctrl/u_aes/rkeys_reg_1306_
                            CLK     SE      hold_clk_rise   c     SE = 0
u_ctrl/u_aes/rkeys_reg_1306_
                            CLK     SE      setup_clk_rise  c     SE = 0
u_ctrl/u_aes/rkeys_reg_1096_
                            CLK     SI      hold_clk_rise   c     SE = 0
u_ctrl/u_aes/rkeys_reg_1096_
                            CLK     SI      setup_clk_rise  c     SE = 0
u_ctrl/u_aes/rkeys_reg_1096_
                            CLK     SE      hold_clk_rise   c     SE = 0
u_ctrl/u_aes/rkeys_reg_1096_
                            CLK     SE      setup_clk_rise  c     SE = 0
u_ctrl/u_aes/rkeys_reg_591_ CLK     SI      hold_clk_rise   c     SE = 0
u_ctrl/u_aes/rkeys_reg_591_ CLK     SI      setup_clk_rise  c     SE = 0
u_ctrl/u_aes/rkeys_reg_591_ CLK     SE      hold_clk_rise   c     SE = 0
u_ctrl/u_aes/rkeys_reg_591_ CLK     SE      setup_clk_rise  c     SE = 0
u_ctrl/u_aes/rkeys_reg_171_ CLK     SI      hold_clk_rise   c     SE = 0
u_ctrl/u_aes/rkeys_reg_171_ CLK     SI      setup_clk_rise  c     SE = 0
u_ctrl/u_aes/rkeys_reg_171_ CLK     SE      hold_clk_rise   c     SE = 0
u_ctrl/u_aes/rkeys_reg_171_ CLK     SE      setup_clk_rise  c     SE = 0
u_ctrl/u_aes/rkeys_reg_1307_
                            CLK     SI      hold_clk_rise   c     SE = 0
u_ctrl/u_aes/rkeys_reg_1307_
                            CLK     SI      setup_clk_rise  c     SE = 0
u_ctrl/u_aes/rkeys_reg_1307_
                            CLK     SE      hold_clk_rise   c     SE = 0
u_ctrl/u_aes/rkeys_reg_1307_
                            CLK     SE      setup_clk_rise  c     SE = 0
u_ctrl/u_aes/rkeys_reg_802_ CLK     SI      hold_clk_rise   c     SE = 0
u_ctrl/u_aes/rkeys_reg_802_ CLK     SI      setup_clk_rise  c     SE = 0
u_ctrl/u_aes/rkeys_reg_802_ CLK     SE      hold_clk_rise   c     SE = 0
u_ctrl/u_aes/rkeys_reg_802_ CLK     SE      setup_clk_rise  c     SE = 0
u_ctrl/u_aes/rkeys_reg_382_ CLK     SI      hold_clk_rise   c     SE = 0
u_ctrl/u_aes/rkeys_reg_382_ CLK     SI      setup_clk_rise  c     SE = 0
u_ctrl/u_aes/rkeys_reg_382_ CLK     SE      hold_clk_rise   c     SE = 0
u_ctrl/u_aes/rkeys_reg_382_ CLK     SE      setup_clk_rise  c     SE = 0
u_ctrl/u_aes/rkeys_reg_1098_
                            CLK     SI      hold_clk_rise   c     SE = 0
u_ctrl/u_aes/rkeys_reg_1098_
                            CLK     SI      setup_clk_rise  c     SE = 0
u_ctrl/u_aes/rkeys_reg_1098_
                            CLK     SE      hold_clk_rise   c     SE = 0
u_ctrl/u_aes/rkeys_reg_1098_
                            CLK     SE      setup_clk_rise  c     SE = 0
u_ctrl/u_aes/rkeys_reg_803_ CLK     SI      hold_clk_rise   c     SE = 0
u_ctrl/u_aes/rkeys_reg_803_ CLK     SI      setup_clk_rise  c     SE = 0
u_ctrl/u_aes/rkeys_reg_803_ CLK     SE      hold_clk_rise   c     SE = 0
u_ctrl/u_aes/rkeys_reg_803_ CLK     SE      setup_clk_rise  c     SE = 0
u_ctrl/u_aes/rkeys_reg_593_ CLK     SI      hold_clk_rise   c     SE = 0
u_ctrl/u_aes/rkeys_reg_593_ CLK     SI      setup_clk_rise  c     SE = 0
u_ctrl/u_aes/rkeys_reg_593_ CLK     SE      hold_clk_rise   c     SE = 0
u_ctrl/u_aes/rkeys_reg_593_ CLK     SE      setup_clk_rise  c     SE = 0
u_ctrl/u_aes/rkeys_reg_173_ CLK     SI      hold_clk_rise   c     SE = 0
u_ctrl/u_aes/rkeys_reg_173_ CLK     SI      setup_clk_rise  c     SE = 0
u_ctrl/u_aes/rkeys_reg_173_ CLK     SE      hold_clk_rise   c     SE = 0
u_ctrl/u_aes/rkeys_reg_173_ CLK     SE      setup_clk_rise  c     SE = 0
u_ctrl/u_aes/rkeys_reg_1099_
                            CLK     SI      hold_clk_rise   c     SE = 0
u_ctrl/u_aes/rkeys_reg_1099_
                            CLK     SI      setup_clk_rise  c     SE = 0
u_ctrl/u_aes/rkeys_reg_1099_
                            CLK     SE      hold_clk_rise   c     SE = 0
u_ctrl/u_aes/rkeys_reg_1099_
                            CLK     SE      setup_clk_rise  c     SE = 0
u_ctrl/u_aes/rkeys_reg_804_ CLK     SI      hold_clk_rise   c     SE = 0
u_ctrl/u_aes/rkeys_reg_804_ CLK     SI      setup_clk_rise  c     SE = 0
u_ctrl/u_aes/rkeys_reg_804_ CLK     SE      hold_clk_rise   c     SE = 0
u_ctrl/u_aes/rkeys_reg_804_ CLK     SE      setup_clk_rise  c     SE = 0
u_ctrl/u_aes/rkeys_reg_594_ CLK     SI      hold_clk_rise   c     SE = 0
u_ctrl/u_aes/rkeys_reg_594_ CLK     SI      setup_clk_rise  c     SE = 0
u_ctrl/u_aes/rkeys_reg_594_ CLK     SE      hold_clk_rise   c     SE = 0
u_ctrl/u_aes/rkeys_reg_594_ CLK     SE      setup_clk_rise  c     SE = 0
u_ctrl/u_aes/rkeys_reg_174_ CLK     SI      hold_clk_rise   c     SE = 0
u_ctrl/u_aes/rkeys_reg_174_ CLK     SI      setup_clk_rise  c     SE = 0
u_ctrl/u_aes/rkeys_reg_174_ CLK     SE      hold_clk_rise   c     SE = 0
u_ctrl/u_aes/rkeys_reg_174_ CLK     SE      setup_clk_rise  c     SE = 0
u_ctrl/u_aes/rkeys_reg_805_ CLK     SI      hold_clk_rise   c     SE = 0
u_ctrl/u_aes/rkeys_reg_805_ CLK     SI      setup_clk_rise  c     SE = 0
u_ctrl/u_aes/rkeys_reg_805_ CLK     SE      hold_clk_rise   c     SE = 0
u_ctrl/u_aes/rkeys_reg_805_ CLK     SE      setup_clk_rise  c     SE = 0
u_ctrl/u_aes/rkeys_reg_385_ CLK     SI      hold_clk_rise   c     SE = 0
u_ctrl/u_aes/rkeys_reg_385_ CLK     SI      setup_clk_rise  c     SE = 0
u_ctrl/u_aes/rkeys_reg_385_ CLK     SE      hold_clk_rise   c     SE = 0
u_ctrl/u_aes/rkeys_reg_385_ CLK     SE      setup_clk_rise  c     SE = 0
u_ctrl/u_aes/rkeys_reg_175_ CLK     SI      hold_clk_rise   c     SE = 0
u_ctrl/u_aes/rkeys_reg_175_ CLK     SI      setup_clk_rise  c     SE = 0
u_ctrl/u_aes/rkeys_reg_175_ CLK     SE      hold_clk_rise   c     SE = 0
u_ctrl/u_aes/rkeys_reg_175_ CLK     SE      setup_clk_rise  c     SE = 0
u_ctrl/u_aes/rkeys_reg_386_ CLK     SI      hold_clk_rise   c     SE = 0
u_ctrl/u_aes/rkeys_reg_386_ CLK     SI      setup_clk_rise  c     SE = 0
u_ctrl/u_aes/rkeys_reg_386_ CLK     SE      hold_clk_rise   c     SE = 0
u_ctrl/u_aes/rkeys_reg_386_ CLK     SE      setup_clk_rise  c     SE = 0
u_ctrl/u_aes/rkeys_reg_176_ CLK     SI      hold_clk_rise   c     SE = 0
u_ctrl/u_aes/rkeys_reg_176_ CLK     SI      setup_clk_rise  c     SE = 0
u_ctrl/u_aes/rkeys_reg_176_ CLK     SE      hold_clk_rise   c     SE = 0
u_ctrl/u_aes/rkeys_reg_176_ CLK     SE      setup_clk_rise  c     SE = 0
u_ctrl/u_aes/rkeys_reg_807_ CLK     SI      hold_clk_rise   c     SE = 0
u_ctrl/u_aes/rkeys_reg_807_ CLK     SI      setup_clk_rise  c     SE = 0
u_ctrl/u_aes/rkeys_reg_807_ CLK     SE      hold_clk_rise   c     SE = 0
u_ctrl/u_aes/rkeys_reg_807_ CLK     SE      setup_clk_rise  c     SE = 0
u_ctrl/u_aes/rkeys_reg_597_ CLK     SI      hold_clk_rise   c     SE = 0
u_ctrl/u_aes/rkeys_reg_597_ CLK     SI      setup_clk_rise  c     SE = 0
u_ctrl/u_aes/rkeys_reg_597_ CLK     SE      hold_clk_rise   c     SE = 0
u_ctrl/u_aes/rkeys_reg_597_ CLK     SE      setup_clk_rise  c     SE = 0
u_ctrl/u_aes/rkeys_reg_177_ CLK     SI      hold_clk_rise   c     SE = 0
u_ctrl/u_aes/rkeys_reg_177_ CLK     SI      setup_clk_rise  c     SE = 0
u_ctrl/u_aes/rkeys_reg_177_ CLK     SE      hold_clk_rise   c     SE = 0
u_ctrl/u_aes/rkeys_reg_177_ CLK     SE      setup_clk_rise  c     SE = 0
u_ctrl/u_aes/rkeys_reg_809_ CLK     SI      hold_clk_rise   c     SE = 0
u_ctrl/u_aes/rkeys_reg_809_ CLK     SI      setup_clk_rise  c     SE = 0
u_ctrl/u_aes/rkeys_reg_809_ CLK     SE      hold_clk_rise   c     SE = 0
u_ctrl/u_aes/rkeys_reg_809_ CLK     SE      setup_clk_rise  c     SE = 0
u_ctrl/u_aes/rkeys_reg_599_ CLK     SI      hold_clk_rise   c     SE = 0
u_ctrl/u_aes/rkeys_reg_599_ CLK     SI      setup_clk_rise  c     SE = 0
u_ctrl/u_aes/rkeys_reg_599_ CLK     SE      hold_clk_rise   c     SE = 0
u_ctrl/u_aes/rkeys_reg_599_ CLK     SE      setup_clk_rise  c     SE = 0
u_ctrl/u_aes/rkeys_reg_389_ CLK     SI      hold_clk_rise   c     SE = 0
u_ctrl/u_aes/rkeys_reg_389_ CLK     SI      setup_clk_rise  c     SE = 0
u_ctrl/u_aes/rkeys_reg_389_ CLK     SE      hold_clk_rise   c     SE = 0
u_ctrl/u_aes/rkeys_reg_389_ CLK     SE      setup_clk_rise  c     SE = 0
u_ctrl/u_aes/rkeys_reg_1201_
                            CLK     SI      hold_clk_rise   c     SE = 0
u_ctrl/u_aes/rkeys_reg_1201_
                            CLK     SI      setup_clk_rise  c     SE = 0
u_ctrl/u_aes/rkeys_reg_1201_
                            CLK     SE      hold_clk_rise   c     SE = 0
u_ctrl/u_aes/rkeys_reg_1201_
                            CLK     SE      setup_clk_rise  c     SE = 0
u_ctrl/u_aes/rkeys_reg_1202_
                            CLK     SI      hold_clk_rise   c     SE = 0
u_ctrl/u_aes/rkeys_reg_1202_
                            CLK     SI      setup_clk_rise  c     SE = 0
u_ctrl/u_aes/rkeys_reg_1202_
                            CLK     SE      hold_clk_rise   c     SE = 0
u_ctrl/u_aes/rkeys_reg_1202_
                            CLK     SE      setup_clk_rise  c     SE = 0
u_ctrl/u_aes/rkeys_reg_2_   CLK     SI      hold_clk_rise   c     SE = 0
u_ctrl/u_aes/rkeys_reg_2_   CLK     SI      setup_clk_rise  c     SE = 0
u_ctrl/u_aes/rkeys_reg_2_   CLK     SE      hold_clk_rise   c     SE = 0
u_ctrl/u_aes/rkeys_reg_2_   CLK     SE      setup_clk_rise  c     SE = 0
u_ctrl/u_aes/rkeys_reg_1205_
                            CLK     SI      hold_clk_rise   c     SE = 0
u_ctrl/u_aes/rkeys_reg_1205_
                            CLK     SI      setup_clk_rise  c     SE = 0
u_ctrl/u_aes/rkeys_reg_1205_
                            CLK     SE      hold_clk_rise   c     SE = 0
u_ctrl/u_aes/rkeys_reg_1205_
                            CLK     SE      setup_clk_rise  c     SE = 0
u_ctrl/u_aes/rkeys_reg_700_ CLK     SI      hold_clk_rise   c     SE = 0
u_ctrl/u_aes/rkeys_reg_700_ CLK     SI      setup_clk_rise  c     SE = 0
u_ctrl/u_aes/rkeys_reg_700_ CLK     SE      hold_clk_rise   c     SE = 0
u_ctrl/u_aes/rkeys_reg_700_ CLK     SE      setup_clk_rise  c     SE = 0
u_ctrl/u_aes/rkeys_reg_911_ CLK     SI      hold_clk_rise   c     SE = 0
u_ctrl/u_aes/rkeys_reg_911_ CLK     SI      setup_clk_rise  c     SE = 0
u_ctrl/u_aes/rkeys_reg_911_ CLK     SE      hold_clk_rise   c     SE = 0
u_ctrl/u_aes/rkeys_reg_911_ CLK     SE      setup_clk_rise  c     SE = 0
u_ctrl/u_aes/rkeys_reg_281_ CLK     SI      hold_clk_rise   c     SE = 0
u_ctrl/u_aes/rkeys_reg_281_ CLK     SI      setup_clk_rise  c     SE = 0
u_ctrl/u_aes/rkeys_reg_281_ CLK     SE      hold_clk_rise   c     SE = 0
u_ctrl/u_aes/rkeys_reg_281_ CLK     SE      setup_clk_rise  c     SE = 0
u_ctrl/u_aes/rkeys_reg_1207_
                            CLK     SI      hold_clk_rise   c     SE = 0
u_ctrl/u_aes/rkeys_reg_1207_
                            CLK     SI      setup_clk_rise  c     SE = 0
u_ctrl/u_aes/rkeys_reg_1207_
                            CLK     SE      hold_clk_rise   c     SE = 0
u_ctrl/u_aes/rkeys_reg_1207_
                            CLK     SE      setup_clk_rise  c     SE = 0
u_ctrl/u_aes/rkeys_reg_912_ CLK     SI      hold_clk_rise   c     SE = 0
u_ctrl/u_aes/rkeys_reg_912_ CLK     SI      setup_clk_rise  c     SE = 0
u_ctrl/u_aes/rkeys_reg_912_ CLK     SE      hold_clk_rise   c     SE = 0
u_ctrl/u_aes/rkeys_reg_912_ CLK     SE      setup_clk_rise  c     SE = 0
u_ctrl/u_aes/rkeys_reg_702_ CLK     SI      hold_clk_rise   c     SE = 0
u_ctrl/u_aes/rkeys_reg_702_ CLK     SI      setup_clk_rise  c     SE = 0
u_ctrl/u_aes/rkeys_reg_702_ CLK     SE      hold_clk_rise   c     SE = 0
u_ctrl/u_aes/rkeys_reg_702_ CLK     SE      setup_clk_rise  c     SE = 0
u_ctrl/u_aes/rkeys_reg_492_ CLK     SI      hold_clk_rise   c     SE = 0
u_ctrl/u_aes/rkeys_reg_492_ CLK     SI      setup_clk_rise  c     SE = 0
u_ctrl/u_aes/rkeys_reg_492_ CLK     SE      hold_clk_rise   c     SE = 0
u_ctrl/u_aes/rkeys_reg_492_ CLK     SE      setup_clk_rise  c     SE = 0
u_ctrl/u_aes/rkeys_reg_282_ CLK     SI      hold_clk_rise   c     SE = 0
u_ctrl/u_aes/rkeys_reg_282_ CLK     SI      setup_clk_rise  c     SE = 0
u_ctrl/u_aes/rkeys_reg_282_ CLK     SE      hold_clk_rise   c     SE = 0
u_ctrl/u_aes/rkeys_reg_282_ CLK     SE      setup_clk_rise  c     SE = 0
u_ctrl/ct_hold_div2_reg_41_ CLK     SI      hold_clk_rise   c     SE = 0
u_ctrl/ct_hold_div2_reg_41_ CLK     SI      setup_clk_rise  c     SE = 0
u_ctrl/ct_hold_div2_reg_41_ CLK     SE      hold_clk_rise   c     SE = 0
u_ctrl/ct_hold_div2_reg_41_ CLK     SE      setup_clk_rise  c     SE = 0
u_ctrl/ct_hold_div2_reg_117_
                            CLK     SI      hold_clk_rise   c     SE = 0
u_ctrl/ct_hold_div2_reg_117_
                            CLK     SI      setup_clk_rise  c     SE = 0
u_ctrl/ct_hold_div2_reg_117_
                            CLK     SE      hold_clk_rise   c     SE = 0
u_ctrl/ct_hold_div2_reg_117_
                            CLK     SE      setup_clk_rise  c     SE = 0
u_ctrl/ct_hold_div2_reg_81_ CLK     SI      hold_clk_rise   c     SE = 0
u_ctrl/ct_hold_div2_reg_81_ CLK     SI      setup_clk_rise  c     SE = 0
u_ctrl/ct_hold_div2_reg_81_ CLK     SE      hold_clk_rise   c     SE = 0
u_ctrl/ct_hold_div2_reg_81_ CLK     SE      setup_clk_rise  c     SE = 0
u_ctrl/ct_hold_div2_reg_42_ CLK     SI      hold_clk_rise   c     SE = 0
u_ctrl/ct_hold_div2_reg_42_ CLK     SI      setup_clk_rise  c     SE = 0
u_ctrl/ct_hold_div2_reg_42_ CLK     SE      hold_clk_rise   c     SE = 0
u_ctrl/ct_hold_div2_reg_42_ CLK     SE      setup_clk_rise  c     SE = 0
u_ctrl/ct_hold_div2_reg_118_
                            CLK     SI      hold_clk_rise   c     SE = 0
u_ctrl/ct_hold_div2_reg_118_
                            CLK     SI      setup_clk_rise  c     SE = 0
u_ctrl/ct_hold_div2_reg_118_
                            CLK     SE      hold_clk_rise   c     SE = 0
u_ctrl/ct_hold_div2_reg_118_
                            CLK     SE      setup_clk_rise  c     SE = 0
u_ctrl/ct_hold_div2_reg_82_ CLK     SI      hold_clk_rise   c     SE = 0
u_ctrl/ct_hold_div2_reg_82_ CLK     SI      setup_clk_rise  c     SE = 0
u_ctrl/ct_hold_div2_reg_82_ CLK     SE      hold_clk_rise   c     SE = 0
u_ctrl/ct_hold_div2_reg_82_ CLK     SE      setup_clk_rise  c     SE = 0
u_ctrl/ct_hold_div2_reg_43_ CLK     SI      hold_clk_rise   c     SE = 0
u_ctrl/ct_hold_div2_reg_43_ CLK     SI      setup_clk_rise  c     SE = 0
u_ctrl/ct_hold_div2_reg_43_ CLK     SE      hold_clk_rise   c     SE = 0
u_ctrl/ct_hold_div2_reg_43_ CLK     SE      setup_clk_rise  c     SE = 0
u_ctrl/ct_hold_div2_reg_119_
                            CLK     SI      hold_clk_rise   c     SE = 0
u_ctrl/ct_hold_div2_reg_119_
                            CLK     SI      setup_clk_rise  c     SE = 0
u_ctrl/ct_hold_div2_reg_119_
                            CLK     SE      hold_clk_rise   c     SE = 0
u_ctrl/ct_hold_div2_reg_119_
                            CLK     SE      setup_clk_rise  c     SE = 0
u_ctrl/ct_hold_div2_reg_83_ CLK     SI      hold_clk_rise   c     SE = 0
u_ctrl/ct_hold_div2_reg_83_ CLK     SI      setup_clk_rise  c     SE = 0
u_ctrl/ct_hold_div2_reg_83_ CLK     SE      hold_clk_rise   c     SE = 0
u_ctrl/ct_hold_div2_reg_83_ CLK     SE      setup_clk_rise  c     SE = 0
u_ctrl/ct_hold_div2_reg_44_ CLK     SI      hold_clk_rise   c     SE = 0
u_ctrl/ct_hold_div2_reg_44_ CLK     SI      setup_clk_rise  c     SE = 0
u_ctrl/ct_hold_div2_reg_44_ CLK     SE      hold_clk_rise   c     SE = 0
u_ctrl/ct_hold_div2_reg_44_ CLK     SE      setup_clk_rise  c     SE = 0
u_ctrl/ct_hold_div2_reg_84_ CLK     SI      hold_clk_rise   c     SE = 0
u_ctrl/ct_hold_div2_reg_84_ CLK     SI      setup_clk_rise  c     SE = 0
u_ctrl/ct_hold_div2_reg_84_ CLK     SE      hold_clk_rise   c     SE = 0
u_ctrl/ct_hold_div2_reg_84_ CLK     SE      setup_clk_rise  c     SE = 0
u_ctrl/ct_hold_div2_reg_100_
                            CLK     SI      hold_clk_rise   c     SE = 0
u_ctrl/ct_hold_div2_reg_100_
                            CLK     SI      setup_clk_rise  c     SE = 0
u_ctrl/ct_hold_div2_reg_100_
                            CLK     SE      hold_clk_rise   c     SE = 0
u_ctrl/ct_hold_div2_reg_100_
                            CLK     SE      setup_clk_rise  c     SE = 0
u_ctrl/ct_hold_div2_reg_45_ CLK     SI      hold_clk_rise   c     SE = 0
u_ctrl/ct_hold_div2_reg_45_ CLK     SI      setup_clk_rise  c     SE = 0
u_ctrl/ct_hold_div2_reg_45_ CLK     SE      hold_clk_rise   c     SE = 0
u_ctrl/ct_hold_div2_reg_45_ CLK     SE      setup_clk_rise  c     SE = 0
u_ctrl/ct_hold_div2_reg_85_ CLK     SI      hold_clk_rise   c     SE = 0
u_ctrl/ct_hold_div2_reg_85_ CLK     SI      setup_clk_rise  c     SE = 0
u_ctrl/ct_hold_div2_reg_85_ CLK     SE      hold_clk_rise   c     SE = 0
u_ctrl/ct_hold_div2_reg_85_ CLK     SE      setup_clk_rise  c     SE = 0
u_ctrl/ct_hold_div2_reg_101_
                            CLK     SI      hold_clk_rise   c     SE = 0
u_ctrl/ct_hold_div2_reg_101_
                            CLK     SI      setup_clk_rise  c     SE = 0
u_ctrl/ct_hold_div2_reg_101_
                            CLK     SE      hold_clk_rise   c     SE = 0
u_ctrl/ct_hold_div2_reg_101_
                            CLK     SE      setup_clk_rise  c     SE = 0
u_ctrl/ct_hold_div2_reg_46_ CLK     SI      hold_clk_rise   c     SE = 0
u_ctrl/ct_hold_div2_reg_46_ CLK     SI      setup_clk_rise  c     SE = 0
u_ctrl/ct_hold_div2_reg_46_ CLK     SE      hold_clk_rise   c     SE = 0
u_ctrl/ct_hold_div2_reg_46_ CLK     SE      setup_clk_rise  c     SE = 0
u_ctrl/ct_hold_div2_reg_86_ CLK     SI      hold_clk_rise   c     SE = 0
u_ctrl/ct_hold_div2_reg_86_ CLK     SI      setup_clk_rise  c     SE = 0
u_ctrl/ct_hold_div2_reg_86_ CLK     SE      hold_clk_rise   c     SE = 0
u_ctrl/ct_hold_div2_reg_86_ CLK     SE      setup_clk_rise  c     SE = 0
u_ctrl/ct_hold_div2_reg_47_ CLK     SI      hold_clk_rise   c     SE = 0
u_ctrl/ct_hold_div2_reg_47_ CLK     SI      setup_clk_rise  c     SE = 0
u_ctrl/ct_hold_div2_reg_47_ CLK     SE      hold_clk_rise   c     SE = 0
u_ctrl/ct_hold_div2_reg_47_ CLK     SE      setup_clk_rise  c     SE = 0
u_ctrl/ct_hold_div2_reg_87_ CLK     SI      hold_clk_rise   c     SE = 0
u_ctrl/ct_hold_div2_reg_87_ CLK     SI      setup_clk_rise  c     SE = 0
u_ctrl/ct_hold_div2_reg_87_ CLK     SE      hold_clk_rise   c     SE = 0
u_ctrl/ct_hold_div2_reg_87_ CLK     SE      setup_clk_rise  c     SE = 0
u_ctrl/ct_hold_div2_reg_103_
                            CLK     SI      hold_clk_rise   c     SE = 0
u_ctrl/ct_hold_div2_reg_103_
                            CLK     SI      setup_clk_rise  c     SE = 0
u_ctrl/ct_hold_div2_reg_103_
                            CLK     SE      hold_clk_rise   c     SE = 0
u_ctrl/ct_hold_div2_reg_103_
                            CLK     SE      setup_clk_rise  c     SE = 0
u_ctrl/ct_hold_div2_reg_48_ CLK     SI      hold_clk_rise   c     SE = 0
u_ctrl/ct_hold_div2_reg_48_ CLK     SI      setup_clk_rise  c     SE = 0
u_ctrl/ct_hold_div2_reg_48_ CLK     SE      hold_clk_rise   c     SE = 0
u_ctrl/ct_hold_div2_reg_48_ CLK     SE      setup_clk_rise  c     SE = 0
u_ctrl/ct_hold_div2_reg_88_ CLK     SI      hold_clk_rise   c     SE = 0
u_ctrl/ct_hold_div2_reg_88_ CLK     SI      setup_clk_rise  c     SE = 0
u_ctrl/ct_hold_div2_reg_88_ CLK     SE      hold_clk_rise   c     SE = 0
u_ctrl/ct_hold_div2_reg_88_ CLK     SE      setup_clk_rise  c     SE = 0
u_ctrl/ct_hold_div2_reg_104_
                            CLK     SI      hold_clk_rise   c     SE = 0
u_ctrl/ct_hold_div2_reg_104_
                            CLK     SI      setup_clk_rise  c     SE = 0
u_ctrl/ct_hold_div2_reg_104_
                            CLK     SE      hold_clk_rise   c     SE = 0
u_ctrl/ct_hold_div2_reg_104_
                            CLK     SE      setup_clk_rise  c     SE = 0
u_ctrl/ct_hold_div2_reg_89_ CLK     SI      hold_clk_rise   c     SE = 0
u_ctrl/ct_hold_div2_reg_89_ CLK     SI      setup_clk_rise  c     SE = 0
u_ctrl/ct_hold_div2_reg_89_ CLK     SE      hold_clk_rise   c     SE = 0
u_ctrl/ct_hold_div2_reg_89_ CLK     SE      setup_clk_rise  c     SE = 0
u_ctrl/ct_hold_div2_reg_105_
                            CLK     SI      hold_clk_rise   c     SE = 0
u_ctrl/ct_hold_div2_reg_105_
                            CLK     SI      setup_clk_rise  c     SE = 0
u_ctrl/ct_hold_div2_reg_105_
                            CLK     SE      hold_clk_rise   c     SE = 0
u_ctrl/ct_hold_div2_reg_105_
                            CLK     SE      setup_clk_rise  c     SE = 0
u_ctrl/sst_reg_0_           CLK     SI      hold_clk_rise   c     SE = 0
u_ctrl/sst_reg_0_           CLK     SI      setup_clk_rise  c     SE = 0
u_ctrl/sst_reg_0_           CLK     SE      hold_clk_rise   c     SE = 0
u_ctrl/sst_reg_0_           CLK     SE      setup_clk_rise  c     SE = 0
u_ctrl/ct_hold_div2_reg_106_
                            CLK     SI      hold_clk_rise   c     SE = 0
u_ctrl/ct_hold_div2_reg_106_
                            CLK     SI      setup_clk_rise  c     SE = 0
u_ctrl/ct_hold_div2_reg_106_
                            CLK     SE      hold_clk_rise   c     SE = 0
u_ctrl/ct_hold_div2_reg_106_
                            CLK     SE      setup_clk_rise  c     SE = 0
u_ctrl/ct_hold_div2_reg_107_
                            CLK     SI      hold_clk_rise   c     SE = 0
u_ctrl/ct_hold_div2_reg_107_
                            CLK     SI      setup_clk_rise  c     SE = 0
u_ctrl/ct_hold_div2_reg_107_
                            CLK     SE      hold_clk_rise   c     SE = 0
u_ctrl/ct_hold_div2_reg_107_
                            CLK     SE      setup_clk_rise  c     SE = 0
u_ctrl/ct_hold_div2_reg_108_
                            CLK     SI      hold_clk_rise   c     SE = 0
u_ctrl/ct_hold_div2_reg_108_
                            CLK     SI      setup_clk_rise  c     SE = 0
u_ctrl/ct_hold_div2_reg_108_
                            CLK     SE      hold_clk_rise   c     SE = 0
u_ctrl/ct_hold_div2_reg_108_
                            CLK     SE      setup_clk_rise  c     SE = 0
u_ctrl/tx_idx_div2_reg_0_   CLK     SI      hold_clk_rise   c     SE = 0
u_ctrl/tx_idx_div2_reg_0_   CLK     SI      setup_clk_rise  c     SE = 0
u_ctrl/tx_idx_div2_reg_0_   CLK     SE      hold_clk_rise   c     SE = 0
u_ctrl/tx_idx_div2_reg_0_   CLK     SE      setup_clk_rise  c     SE = 0
u_ctrl/tx_idx_div2_reg_1_   CLK     SI      hold_clk_rise   c     SE = 0
u_ctrl/tx_idx_div2_reg_1_   CLK     SI      setup_clk_rise  c     SE = 0
u_ctrl/tx_idx_div2_reg_1_   CLK     SE      hold_clk_rise   c     SE = 0
u_ctrl/tx_idx_div2_reg_1_   CLK     SE      setup_clk_rise  c     SE = 0
u_ctrl/mem_wdata_reg_0_     CLK     SI      hold_clk_rise   c     SE = 0
u_ctrl/mem_wdata_reg_0_     CLK     SI      setup_clk_rise  c     SE = 0
u_ctrl/mem_wdata_reg_0_     CLK     SE      hold_clk_rise   c     SE = 0
u_ctrl/mem_wdata_reg_0_     CLK     SE      setup_clk_rise  c     SE = 0
u_ctrl/mem_wdata_reg_1_     CLK     SI      hold_clk_rise   c     SE = 0
u_ctrl/mem_wdata_reg_1_     CLK     SI      setup_clk_rise  c     SE = 0
u_ctrl/mem_wdata_reg_1_     CLK     SE      hold_clk_rise   c     SE = 0
u_ctrl/mem_wdata_reg_1_     CLK     SE      setup_clk_rise  c     SE = 0
u_ctrl/mem_wdata_reg_2_     CLK     SI      hold_clk_rise   c     SE = 0
u_ctrl/mem_wdata_reg_2_     CLK     SI      setup_clk_rise  c     SE = 0
u_ctrl/mem_wdata_reg_2_     CLK     SE      hold_clk_rise   c     SE = 0
u_ctrl/mem_wdata_reg_2_     CLK     SE      setup_clk_rise  c     SE = 0
u_ctrl/mem_wdata_reg_3_     CLK     SI      hold_clk_rise   c     SE = 0
u_ctrl/mem_wdata_reg_3_     CLK     SI      setup_clk_rise  c     SE = 0
u_ctrl/mem_wdata_reg_3_     CLK     SE      hold_clk_rise   c     SE = 0
u_ctrl/mem_wdata_reg_3_     CLK     SE      setup_clk_rise  c     SE = 0
u_ctrl/mem_wdata_reg_4_     CLK     SI      hold_clk_rise   c     SE = 0
u_ctrl/mem_wdata_reg_4_     CLK     SI      setup_clk_rise  c     SE = 0
u_ctrl/mem_wdata_reg_4_     CLK     SE      hold_clk_rise   c     SE = 0
u_ctrl/mem_wdata_reg_4_     CLK     SE      setup_clk_rise  c     SE = 0
u_ctrl/u_rx/rx_valid_reg    CLK     SI      hold_clk_rise   c     SE = 0
u_ctrl/u_rx/rx_valid_reg    CLK     SI      setup_clk_rise  c     SE = 0
u_ctrl/u_rx/rx_valid_reg    CLK     SE      hold_clk_rise   c     SE = 0
u_ctrl/u_rx/rx_valid_reg    CLK     SE      setup_clk_rise  c     SE = 0
u_ctrl/u_rx/divcnt_reg_0_   CLK     SI      hold_clk_rise   c     SE = 0
u_ctrl/u_rx/divcnt_reg_0_   CLK     SI      setup_clk_rise  c     SE = 0
u_ctrl/u_rx/divcnt_reg_0_   CLK     SE      hold_clk_rise   c     SE = 0
u_ctrl/u_rx/divcnt_reg_0_   CLK     SE      setup_clk_rise  c     SE = 0
u_ctrl/mem_wdata_reg_5_     CLK     SI      hold_clk_rise   c     SE = 0
u_ctrl/mem_wdata_reg_5_     CLK     SI      setup_clk_rise  c     SE = 0
u_ctrl/mem_wdata_reg_5_     CLK     SE      hold_clk_rise   c     SE = 0
u_ctrl/mem_wdata_reg_5_     CLK     SE      setup_clk_rise  c     SE = 0
u_ctrl/mem_wdata_reg_6_     CLK     SI      hold_clk_rise   c     SE = 0
u_ctrl/mem_wdata_reg_6_     CLK     SI      setup_clk_rise  c     SE = 0
u_ctrl/mem_wdata_reg_6_     CLK     SE      hold_clk_rise   c     SE = 0
u_ctrl/mem_wdata_reg_6_     CLK     SE      setup_clk_rise  c     SE = 0
u_ctrl/u_tx/tx_busy_reg     CLK     SI      hold_clk_rise   c     SE = 0
u_ctrl/u_tx/tx_busy_reg     CLK     SI      setup_clk_rise  c     SE = 0
u_ctrl/u_tx/tx_busy_reg     CLK     SE      hold_clk_rise   c     SE = 0
u_ctrl/u_tx/tx_busy_reg     CLK     SE      setup_clk_rise  c     SE = 0
u_ctrl/mem_wdata_reg_7_     CLK     SI      hold_clk_rise   c     SE = 0
u_ctrl/mem_wdata_reg_7_     CLK     SI      setup_clk_rise  c     SE = 0
u_ctrl/mem_wdata_reg_7_     CLK     SE      hold_clk_rise   c     SE = 0
u_ctrl/mem_wdata_reg_7_     CLK     SE      setup_clk_rise  c     SE = 0
u_ctrl/ct_ok_reg            CLK     SI      hold_clk_rise   c     SE = 0
u_ctrl/ct_ok_reg            CLK     SI      setup_clk_rise  c     SE = 0
u_ctrl/ct_ok_reg            CLK     SE      hold_clk_rise   c     SE = 0
u_ctrl/ct_ok_reg            CLK     SE      setup_clk_rise  c     SE = 0
u_ctrl/tx_idx_div2_reg_2_   CLK     SI      hold_clk_rise   c     SE = 0
u_ctrl/tx_idx_div2_reg_2_   CLK     SI      setup_clk_rise  c     SE = 0
u_ctrl/tx_idx_div2_reg_2_   CLK     SE      hold_clk_rise   c     SE = 0
u_ctrl/tx_idx_div2_reg_2_   CLK     SE      setup_clk_rise  c     SE = 0
u_ctrl/tx_byte_div2_reg_0_  CLK     SI      hold_clk_rise   c     SE = 0
u_ctrl/tx_byte_div2_reg_0_  CLK     SI      setup_clk_rise  c     SE = 0
u_ctrl/tx_byte_div2_reg_0_  CLK     SE      hold_clk_rise   c     SE = 0
u_ctrl/tx_byte_div2_reg_0_  CLK     SE      setup_clk_rise  c     SE = 0
u_ctrl/tx_idx_div2_reg_3_   CLK     SI      hold_clk_rise   c     SE = 0
u_ctrl/tx_idx_div2_reg_3_   CLK     SI      setup_clk_rise  c     SE = 0
u_ctrl/tx_idx_div2_reg_3_   CLK     SE      hold_clk_rise   c     SE = 0
u_ctrl/tx_idx_div2_reg_3_   CLK     SE      setup_clk_rise  c     SE = 0
u_ctrl/tx_byte_div2_reg_1_  CLK     SI      hold_clk_rise   c     SE = 0
u_ctrl/tx_byte_div2_reg_1_  CLK     SI      setup_clk_rise  c     SE = 0
u_ctrl/tx_byte_div2_reg_1_  CLK     SE      hold_clk_rise   c     SE = 0
u_ctrl/tx_byte_div2_reg_1_  CLK     SE      setup_clk_rise  c     SE = 0
u_ctrl/tx_idx_div2_reg_4_   CLK     SI      hold_clk_rise   c     SE = 0
u_ctrl/tx_idx_div2_reg_4_   CLK     SI      setup_clk_rise  c     SE = 0
u_ctrl/tx_idx_div2_reg_4_   CLK     SE      hold_clk_rise   c     SE = 0
u_ctrl/tx_idx_div2_reg_4_   CLK     SE      setup_clk_rise  c     SE = 0
u_ctrl/tx_byte_div2_reg_2_  CLK     SI      hold_clk_rise   c     SE = 0
u_ctrl/tx_byte_div2_reg_2_  CLK     SI      setup_clk_rise  c     SE = 0
u_ctrl/tx_byte_div2_reg_2_  CLK     SE      hold_clk_rise   c     SE = 0
u_ctrl/tx_byte_div2_reg_2_  CLK     SE      setup_clk_rise  c     SE = 0
u_ctrl/tx_byte_div2_reg_3_  CLK     SI      hold_clk_rise   c     SE = 0
u_ctrl/tx_byte_div2_reg_3_  CLK     SI      setup_clk_rise  c     SE = 0
u_ctrl/tx_byte_div2_reg_3_  CLK     SE      hold_clk_rise   c     SE = 0
u_ctrl/tx_byte_div2_reg_3_  CLK     SE      setup_clk_rise  c     SE = 0
u_ctrl/tx_byte_div2_reg_4_  CLK     SI      hold_clk_rise   c     SE = 0
u_ctrl/tx_byte_div2_reg_4_  CLK     SI      setup_clk_rise  c     SE = 0
u_ctrl/tx_byte_div2_reg_4_  CLK     SE      hold_clk_rise   c     SE = 0
u_ctrl/tx_byte_div2_reg_4_  CLK     SE      setup_clk_rise  c     SE = 0
u_ctrl/tx_byte_div2_reg_5_  CLK     SI      hold_clk_rise   c     SE = 0
u_ctrl/tx_byte_div2_reg_5_  CLK     SI      setup_clk_rise  c     SE = 0
u_ctrl/tx_byte_div2_reg_5_  CLK     SE      hold_clk_rise   c     SE = 0
u_ctrl/tx_byte_div2_reg_5_  CLK     SE      setup_clk_rise  c     SE = 0
u_ctrl/tx_byte_div2_reg_6_  CLK     SI      hold_clk_rise   c     SE = 0
u_ctrl/tx_byte_div2_reg_6_  CLK     SI      setup_clk_rise  c     SE = 0
u_ctrl/tx_byte_div2_reg_6_  CLK     SE      hold_clk_rise   c     SE = 0
u_ctrl/tx_byte_div2_reg_6_  CLK     SE      setup_clk_rise  c     SE = 0
u_ctrl/tx_byte_div2_reg_7_  CLK     SI      hold_clk_rise   c     SE = 0
u_ctrl/tx_byte_div2_reg_7_  CLK     SI      setup_clk_rise  c     SE = 0
u_ctrl/tx_byte_div2_reg_7_  CLK     SE      hold_clk_rise   c     SE = 0
u_ctrl/tx_byte_div2_reg_7_  CLK     SE      setup_clk_rise  c     SE = 0
u_ctrl/u_rx/divcnt_reg_7_   CLK     SI      hold_clk_rise   c     SE = 0
u_ctrl/u_rx/divcnt_reg_7_   CLK     SI      setup_clk_rise  c     SE = 0
u_ctrl/u_rx/divcnt_reg_7_   CLK     SE      hold_clk_rise   c     SE = 0
u_ctrl/u_rx/divcnt_reg_7_   CLK     SE      setup_clk_rise  c     SE = 0
u_ctrl/u_rx/rx_data_reg_7_  CLK     SI      hold_clk_rise   c     SE = 0
u_ctrl/u_rx/rx_data_reg_7_  CLK     SI      setup_clk_rise  c     SE = 0
u_ctrl/u_rx/rx_data_reg_7_  CLK     SE      hold_clk_rise   c     SE = 0
u_ctrl/u_rx/rx_data_reg_7_  CLK     SE      setup_clk_rise  c     SE = 0
u_ctrl/u_rx/divcnt_reg_2_   CLK     SI      hold_clk_rise   c     SE = 0
u_ctrl/u_rx/divcnt_reg_2_   CLK     SI      setup_clk_rise  c     SE = 0
u_ctrl/u_rx/divcnt_reg_2_   CLK     SE      hold_clk_rise   c     SE = 0
u_ctrl/u_rx/divcnt_reg_2_   CLK     SE      setup_clk_rise  c     SE = 0
u_ctrl/u_rx/data_shift_reg_4_
                            CLK     SI      hold_clk_rise   c     SE = 0
u_ctrl/u_rx/data_shift_reg_4_
                            CLK     SI      setup_clk_rise  c     SE = 0
u_ctrl/u_rx/data_shift_reg_4_
                            CLK     SE      hold_clk_rise   c     SE = 0
u_ctrl/u_rx/data_shift_reg_4_
                            CLK     SE      setup_clk_rise  c     SE = 0
u_ctrl/u_rx/rx_data_reg_2_  CLK     SI      hold_clk_rise   c     SE = 0
u_ctrl/u_rx/rx_data_reg_2_  CLK     SI      setup_clk_rise  c     SE = 0
u_ctrl/u_rx/rx_data_reg_2_  CLK     SE      hold_clk_rise   c     SE = 0
u_ctrl/u_rx/rx_data_reg_2_  CLK     SE      setup_clk_rise  c     SE = 0
u_ctrl/u_rx/divcnt_reg_8_   CLK     SI      hold_clk_rise   c     SE = 0
u_ctrl/u_rx/divcnt_reg_8_   CLK     SI      setup_clk_rise  c     SE = 0
u_ctrl/u_rx/divcnt_reg_8_   CLK     SE      hold_clk_rise   c     SE = 0
u_ctrl/u_rx/divcnt_reg_8_   CLK     SE      setup_clk_rise  c     SE = 0
u_ctrl/u_rx/data_shift_reg_5_
                            CLK     SI      hold_clk_rise   c     SE = 0
u_ctrl/u_rx/data_shift_reg_5_
                            CLK     SI      setup_clk_rise  c     SE = 0
u_ctrl/u_rx/data_shift_reg_5_
                            CLK     SE      hold_clk_rise   c     SE = 0
u_ctrl/u_rx/data_shift_reg_5_
                            CLK     SE      setup_clk_rise  c     SE = 0
u_ctrl/u_rx/divcnt_reg_3_   CLK     SI      hold_clk_rise   c     SE = 0
u_ctrl/u_rx/divcnt_reg_3_   CLK     SI      setup_clk_rise  c     SE = 0
u_ctrl/u_rx/divcnt_reg_3_   CLK     SE      hold_clk_rise   c     SE = 0
u_ctrl/u_rx/divcnt_reg_3_   CLK     SE      setup_clk_rise  c     SE = 0
u_ctrl/u_rx/rx_data_reg_3_  CLK     SI      hold_clk_rise   c     SE = 0
u_ctrl/u_rx/rx_data_reg_3_  CLK     SI      setup_clk_rise  c     SE = 0
u_ctrl/u_rx/rx_data_reg_3_  CLK     SE      hold_clk_rise   c     SE = 0
u_ctrl/u_rx/rx_data_reg_3_  CLK     SE      setup_clk_rise  c     SE = 0
u_ctrl/u_rx/data_shift_reg_0_
                            CLK     SI      hold_clk_rise   c     SE = 0
u_ctrl/u_rx/data_shift_reg_0_
                            CLK     SI      setup_clk_rise  c     SE = 0
u_ctrl/u_rx/data_shift_reg_0_
                            CLK     SE      hold_clk_rise   c     SE = 0
u_ctrl/u_rx/data_shift_reg_0_
                            CLK     SE      setup_clk_rise  c     SE = 0
u_ctrl/u_rx/divcnt_reg_9_   CLK     SI      hold_clk_rise   c     SE = 0
u_ctrl/u_rx/divcnt_reg_9_   CLK     SI      setup_clk_rise  c     SE = 0
u_ctrl/u_rx/divcnt_reg_9_   CLK     SE      hold_clk_rise   c     SE = 0
u_ctrl/u_rx/divcnt_reg_9_   CLK     SE      setup_clk_rise  c     SE = 0
u_ctrl/u_rx/data_shift_reg_6_
                            CLK     SI      hold_clk_rise   c     SE = 0
u_ctrl/u_rx/data_shift_reg_6_
                            CLK     SI      setup_clk_rise  c     SE = 0
u_ctrl/u_rx/data_shift_reg_6_
                            CLK     SE      hold_clk_rise   c     SE = 0
u_ctrl/u_rx/data_shift_reg_6_
                            CLK     SE      setup_clk_rise  c     SE = 0
u_ctrl/u_rx/rx_data_reg_4_  CLK     SI      hold_clk_rise   c     SE = 0
u_ctrl/u_rx/rx_data_reg_4_  CLK     SI      setup_clk_rise  c     SE = 0
u_ctrl/u_rx/rx_data_reg_4_  CLK     SE      hold_clk_rise   c     SE = 0
u_ctrl/u_rx/rx_data_reg_4_  CLK     SE      setup_clk_rise  c     SE = 0
u_ctrl/u_rx/data_shift_reg_1_
                            CLK     SI      hold_clk_rise   c     SE = 0
u_ctrl/u_rx/data_shift_reg_1_
                            CLK     SI      setup_clk_rise  c     SE = 0
u_ctrl/u_rx/data_shift_reg_1_
                            CLK     SE      hold_clk_rise   c     SE = 0
u_ctrl/u_rx/data_shift_reg_1_
                            CLK     SE      setup_clk_rise  c     SE = 0
u_ctrl/u_rx/data_shift_reg_7_
                            CLK     SI      hold_clk_rise   c     SE = 0
u_ctrl/u_rx/data_shift_reg_7_
                            CLK     SI      setup_clk_rise  c     SE = 0
u_ctrl/u_rx/data_shift_reg_7_
                            CLK     SE      hold_clk_rise   c     SE = 0
u_ctrl/u_rx/data_shift_reg_7_
                            CLK     SE      setup_clk_rise  c     SE = 0
u_ctrl/u_rx/divcnt_reg_5_   CLK     SI      hold_clk_rise   c     SE = 0
u_ctrl/u_rx/divcnt_reg_5_   CLK     SI      setup_clk_rise  c     SE = 0
u_ctrl/u_rx/divcnt_reg_5_   CLK     SE      hold_clk_rise   c     SE = 0
u_ctrl/u_rx/divcnt_reg_5_   CLK     SE      setup_clk_rise  c     SE = 0
u_ctrl/u_rx/rx_data_reg_5_  CLK     SI      hold_clk_rise   c     SE = 0
u_ctrl/u_rx/rx_data_reg_5_  CLK     SI      setup_clk_rise  c     SE = 0
u_ctrl/u_rx/rx_data_reg_5_  CLK     SE      hold_clk_rise   c     SE = 0
u_ctrl/u_rx/rx_data_reg_5_  CLK     SE      setup_clk_rise  c     SE = 0
u_ctrl/u_rx/data_shift_reg_2_
                            CLK     SI      hold_clk_rise   c     SE = 0
u_ctrl/u_rx/data_shift_reg_2_
                            CLK     SI      setup_clk_rise  c     SE = 0
u_ctrl/u_rx/data_shift_reg_2_
                            CLK     SE      hold_clk_rise   c     SE = 0
u_ctrl/u_rx/data_shift_reg_2_
                            CLK     SE      setup_clk_rise  c     SE = 0
u_ctrl/u_rx/rx_data_reg_0_  CLK     SI      hold_clk_rise   c     SE = 0
u_ctrl/u_rx/rx_data_reg_0_  CLK     SI      setup_clk_rise  c     SE = 0
u_ctrl/u_rx/rx_data_reg_0_  CLK     SE      hold_clk_rise   c     SE = 0
u_ctrl/u_rx/rx_data_reg_0_  CLK     SE      setup_clk_rise  c     SE = 0
u_ctrl/u_rx/rx_data_reg_6_  CLK     SI      hold_clk_rise   c     SE = 0
u_ctrl/u_rx/rx_data_reg_6_  CLK     SI      setup_clk_rise  c     SE = 0
u_ctrl/u_rx/rx_data_reg_6_  CLK     SE      hold_clk_rise   c     SE = 0
u_ctrl/u_rx/rx_data_reg_6_  CLK     SE      setup_clk_rise  c     SE = 0
u_ctrl/u_rx/busy_reg        CLK     SI      hold_clk_rise   c     SE = 0
u_ctrl/u_rx/busy_reg        CLK     SI      setup_clk_rise  c     SE = 0
u_ctrl/u_rx/busy_reg        CLK     SE      hold_clk_rise   c     SE = 0
u_ctrl/u_rx/busy_reg        CLK     SE      setup_clk_rise  c     SE = 0
u_ctrl/u_rx/data_shift_reg_3_
                            CLK     SI      hold_clk_rise   c     SE = 0
u_ctrl/u_rx/data_shift_reg_3_
                            CLK     SI      setup_clk_rise  c     SE = 0
u_ctrl/u_rx/data_shift_reg_3_
                            CLK     SE      hold_clk_rise   c     SE = 0
u_ctrl/u_rx/data_shift_reg_3_
                            CLK     SE      setup_clk_rise  c     SE = 0
u_ctrl/u_rx/rx_data_reg_1_  CLK     SI      hold_clk_rise   c     SE = 0
u_ctrl/u_rx/rx_data_reg_1_  CLK     SI      setup_clk_rise  c     SE = 0
u_ctrl/u_rx/rx_data_reg_1_  CLK     SE      hold_clk_rise   c     SE = 0
u_ctrl/u_rx/rx_data_reg_1_  CLK     SE      setup_clk_rise  c     SE = 0
u_ctrl/u_tx/shifter_reg_7_  CLK     SI      hold_clk_rise   c     SE = 0
u_ctrl/u_tx/shifter_reg_7_  CLK     SI      setup_clk_rise  c     SE = 0
u_ctrl/u_tx/shifter_reg_7_  CLK     SE      hold_clk_rise   c     SE = 0
u_ctrl/u_tx/shifter_reg_7_  CLK     SE      setup_clk_rise  c     SE = 0
u_ctrl/u_tx/shifter_reg_2_  CLK     SI      hold_clk_rise   c     SE = 0
u_ctrl/u_tx/shifter_reg_2_  CLK     SI      setup_clk_rise  c     SE = 0
u_ctrl/u_tx/shifter_reg_2_  CLK     SE      hold_clk_rise   c     SE = 0
u_ctrl/u_tx/shifter_reg_2_  CLK     SE      setup_clk_rise  c     SE = 0
u_ctrl/u_tx/shifter_reg_8_  CLK     SI      hold_clk_rise   c     SE = 0
u_ctrl/u_tx/shifter_reg_8_  CLK     SI      setup_clk_rise  c     SE = 0
u_ctrl/u_tx/shifter_reg_8_  CLK     SE      hold_clk_rise   c     SE = 0
u_ctrl/u_tx/shifter_reg_8_  CLK     SE      setup_clk_rise  c     SE = 0
u_ctrl/u_tx/shifter_reg_3_  CLK     SI      hold_clk_rise   c     SE = 0
u_ctrl/u_tx/shifter_reg_3_  CLK     SI      setup_clk_rise  c     SE = 0
u_ctrl/u_tx/shifter_reg_3_  CLK     SE      hold_clk_rise   c     SE = 0
u_ctrl/u_tx/shifter_reg_3_  CLK     SE      setup_clk_rise  c     SE = 0
u_ctrl/u_tx/shifter_reg_4_  CLK     SI      hold_clk_rise   c     SE = 0
u_ctrl/u_tx/shifter_reg_4_  CLK     SI      setup_clk_rise  c     SE = 0
u_ctrl/u_tx/shifter_reg_4_  CLK     SE      hold_clk_rise   c     SE = 0
u_ctrl/u_tx/shifter_reg_4_  CLK     SE      setup_clk_rise  c     SE = 0
u_ctrl/u_tx/shifter_reg_5_  CLK     SI      hold_clk_rise   c     SE = 0
u_ctrl/u_tx/shifter_reg_5_  CLK     SI      setup_clk_rise  c     SE = 0
u_ctrl/u_tx/shifter_reg_5_  CLK     SE      hold_clk_rise   c     SE = 0
u_ctrl/u_tx/shifter_reg_5_  CLK     SE      setup_clk_rise  c     SE = 0
u_ctrl/u_tx/shifter_reg_0_  CLK     SI      hold_clk_rise   c     SE = 0
u_ctrl/u_tx/shifter_reg_0_  CLK     SI      setup_clk_rise  c     SE = 0
u_ctrl/u_tx/shifter_reg_0_  CLK     SE      hold_clk_rise   c     SE = 0
u_ctrl/u_tx/shifter_reg_0_  CLK     SE      setup_clk_rise  c     SE = 0
u_ctrl/u_tx/shifter_reg_6_  CLK     SI      hold_clk_rise   c     SE = 0
u_ctrl/u_tx/shifter_reg_6_  CLK     SI      setup_clk_rise  c     SE = 0
u_ctrl/u_tx/shifter_reg_6_  CLK     SE      hold_clk_rise   c     SE = 0
u_ctrl/u_tx/shifter_reg_6_  CLK     SE      setup_clk_rise  c     SE = 0
u_ctrl/u_tx/shifter_reg_1_  CLK     SI      hold_clk_rise   c     SE = 0
u_ctrl/u_tx/shifter_reg_1_  CLK     SI      setup_clk_rise  c     SE = 0
u_ctrl/u_tx/shifter_reg_1_  CLK     SE      hold_clk_rise   c     SE = 0
u_ctrl/u_tx/shifter_reg_1_  CLK     SE      setup_clk_rise  c     SE = 0
u_ctrl/u_aes/ct_out_reg_51_ CLK     SI      hold_clk_rise   c     SE = 0
u_ctrl/u_aes/ct_out_reg_51_ CLK     SI      setup_clk_rise  c     SE = 0
u_ctrl/u_aes/ct_out_reg_51_ CLK     SE      hold_clk_rise   c     SE = 0
u_ctrl/u_aes/ct_out_reg_51_ CLK     SE      setup_clk_rise  c     SE = 0
u_ctrl/u_aes/ct_out_reg_53_ CLK     SI      hold_clk_rise   c     SE = 0
u_ctrl/u_aes/ct_out_reg_53_ CLK     SI      setup_clk_rise  c     SE = 0
u_ctrl/u_aes/ct_out_reg_53_ CLK     SE      hold_clk_rise   c     SE = 0
u_ctrl/u_aes/ct_out_reg_53_ CLK     SE      setup_clk_rise  c     SE = 0
u_ctrl/u_aes/ct_out_reg_72_ CLK     SI      hold_clk_rise   c     SE = 0
u_ctrl/u_aes/ct_out_reg_72_ CLK     SI      setup_clk_rise  c     SE = 0
u_ctrl/u_aes/ct_out_reg_72_ CLK     SE      hold_clk_rise   c     SE = 0
u_ctrl/u_aes/ct_out_reg_72_ CLK     SE      setup_clk_rise  c     SE = 0
u_ctrl/u_aes/ct_out_reg_91_ CLK     SI      hold_clk_rise   c     SE = 0
u_ctrl/u_aes/ct_out_reg_91_ CLK     SI      setup_clk_rise  c     SE = 0
u_ctrl/u_aes/ct_out_reg_91_ CLK     SE      hold_clk_rise   c     SE = 0
u_ctrl/u_aes/ct_out_reg_91_ CLK     SE      setup_clk_rise  c     SE = 0
u_ctrl/u_rx/divcnt_reg_4_   CLK     SI      hold_clk_rise   c     SE = 0
u_ctrl/u_rx/divcnt_reg_4_   CLK     SI      setup_clk_rise  c     SE = 0
u_ctrl/u_rx/divcnt_reg_4_   CLK     SE      hold_clk_rise   c     SE = 0
u_ctrl/u_rx/divcnt_reg_4_   CLK     SE      setup_clk_rise  c     SE = 0
u_ctrl/u_rx/divcnt_reg_10_  CLK     SI      hold_clk_rise   c     SE = 0
u_ctrl/u_rx/divcnt_reg_10_  CLK     SI      setup_clk_rise  c     SE = 0
u_ctrl/u_rx/divcnt_reg_10_  CLK     SE      hold_clk_rise   c     SE = 0
u_ctrl/u_rx/divcnt_reg_10_  CLK     SE      setup_clk_rise  c     SE = 0
u_ctrl/u_rx/divcnt_reg_6_   CLK     SI      hold_clk_rise   c     SE = 0
u_ctrl/u_rx/divcnt_reg_6_   CLK     SI      setup_clk_rise  c     SE = 0
u_ctrl/u_rx/divcnt_reg_6_   CLK     SE      hold_clk_rise   c     SE = 0
u_ctrl/u_rx/divcnt_reg_6_   CLK     SE      setup_clk_rise  c     SE = 0
u_ctrl/u_rx/divcnt_reg_1_   CLK     SI      hold_clk_rise   c     SE = 0
u_ctrl/u_rx/divcnt_reg_1_   CLK     SI      setup_clk_rise  c     SE = 0
u_ctrl/u_rx/divcnt_reg_1_   CLK     SE      hold_clk_rise   c     SE = 0
u_ctrl/u_rx/divcnt_reg_1_   CLK     SE      setup_clk_rise  c     SE = 0
u_ctrl/u_tx/txd_reg         CLK     SI      hold_clk_rise   c     SE = 0
u_ctrl/u_tx/txd_reg         CLK     SI      setup_clk_rise  c     SE = 0
u_ctrl/u_tx/txd_reg         CLK     SE      hold_clk_rise   c     SE = 0
u_ctrl/u_tx/txd_reg         CLK     SE      setup_clk_rise  c     SE = 0
u_ctrl/u_tx/divcnt_reg_0_   CLK     SI      hold_clk_rise   c     SE = 0
u_ctrl/u_tx/divcnt_reg_0_   CLK     SI      setup_clk_rise  c     SE = 0
u_ctrl/u_tx/divcnt_reg_0_   CLK     SE      hold_clk_rise   c     SE = 0
u_ctrl/u_tx/divcnt_reg_0_   CLK     SE      setup_clk_rise  c     SE = 0
u_ctrl/u_aes/ct_out_reg_31_ CLK     SI      hold_clk_rise   c     SE = 0
u_ctrl/u_aes/ct_out_reg_31_ CLK     SI      setup_clk_rise  c     SE = 0
u_ctrl/u_aes/ct_out_reg_31_ CLK     SE      hold_clk_rise   c     SE = 0
u_ctrl/u_aes/ct_out_reg_31_ CLK     SE      setup_clk_rise  c     SE = 0
u_ctrl/u_aes/ct_out_reg_36_ CLK     SI      hold_clk_rise   c     SE = 0
u_ctrl/u_aes/ct_out_reg_36_ CLK     SI      setup_clk_rise  c     SE = 0
u_ctrl/u_aes/ct_out_reg_36_ CLK     SE      hold_clk_rise   c     SE = 0
u_ctrl/u_aes/ct_out_reg_36_ CLK     SE      setup_clk_rise  c     SE = 0
u_ctrl/u_aes/ct_out_reg_8_  CLK     SI      hold_clk_rise   c     SE = 0
u_ctrl/u_aes/ct_out_reg_8_  CLK     SI      setup_clk_rise  c     SE = 0
u_ctrl/u_aes/ct_out_reg_8_  CLK     SE      hold_clk_rise   c     SE = 0
u_ctrl/u_aes/ct_out_reg_8_  CLK     SE      setup_clk_rise  c     SE = 0
u_ctrl/u_aes/ct_out_reg_9_  CLK     SI      hold_clk_rise   c     SE = 0
u_ctrl/u_aes/ct_out_reg_9_  CLK     SI      setup_clk_rise  c     SE = 0
u_ctrl/u_aes/ct_out_reg_9_  CLK     SE      hold_clk_rise   c     SE = 0
u_ctrl/u_aes/ct_out_reg_9_  CLK     SE      setup_clk_rise  c     SE = 0
u_ctrl/u_aes/ct_out_reg_76_ CLK     SI      hold_clk_rise   c     SE = 0
u_ctrl/u_aes/ct_out_reg_76_ CLK     SI      setup_clk_rise  c     SE = 0
u_ctrl/u_aes/ct_out_reg_76_ CLK     SE      hold_clk_rise   c     SE = 0
u_ctrl/u_aes/ct_out_reg_76_ CLK     SE      setup_clk_rise  c     SE = 0
u_ctrl/u_aes/ct_out_reg_90_ CLK     SI      hold_clk_rise   c     SE = 0
u_ctrl/u_aes/ct_out_reg_90_ CLK     SI      setup_clk_rise  c     SE = 0
u_ctrl/u_aes/ct_out_reg_90_ CLK     SE      hold_clk_rise   c     SE = 0
u_ctrl/u_aes/ct_out_reg_90_ CLK     SE      setup_clk_rise  c     SE = 0
u_ctrl/u_aes/ct_out_reg_15_ CLK     SI      hold_clk_rise   c     SE = 0
u_ctrl/u_aes/ct_out_reg_15_ CLK     SI      setup_clk_rise  c     SE = 0
u_ctrl/u_aes/ct_out_reg_15_ CLK     SE      hold_clk_rise   c     SE = 0
u_ctrl/u_aes/ct_out_reg_15_ CLK     SE      setup_clk_rise  c     SE = 0
u_ctrl/u_aes/ct_out_reg_103_
                            CLK     SI      hold_clk_rise   c     SE = 0
u_ctrl/u_aes/ct_out_reg_103_
                            CLK     SI      setup_clk_rise  c     SE = 0
u_ctrl/u_aes/ct_out_reg_103_
                            CLK     SE      hold_clk_rise   c     SE = 0
u_ctrl/u_aes/ct_out_reg_103_
                            CLK     SE      setup_clk_rise  c     SE = 0
u_ctrl/u_aes/ct_out_reg_25_ CLK     SI      hold_clk_rise   c     SE = 0
u_ctrl/u_aes/ct_out_reg_25_ CLK     SI      setup_clk_rise  c     SE = 0
u_ctrl/u_aes/ct_out_reg_25_ CLK     SE      hold_clk_rise   c     SE = 0
u_ctrl/u_aes/ct_out_reg_25_ CLK     SE      setup_clk_rise  c     SE = 0
u_ctrl/u_rx/bitpos_reg_0_   CLK     SI      hold_clk_rise   c     SE = 0
u_ctrl/u_rx/bitpos_reg_0_   CLK     SI      setup_clk_rise  c     SE = 0
u_ctrl/u_rx/bitpos_reg_0_   CLK     SE      hold_clk_rise   c     SE = 0
u_ctrl/u_rx/bitpos_reg_0_   CLK     SE      setup_clk_rise  c     SE = 0
u_ctrl/u_rx/divcnt_reg_11_  CLK     SI      hold_clk_rise   c     SE = 0
u_ctrl/u_rx/divcnt_reg_11_  CLK     SI      setup_clk_rise  c     SE = 0
u_ctrl/u_rx/divcnt_reg_11_  CLK     SE      hold_clk_rise   c     SE = 0
u_ctrl/u_rx/divcnt_reg_11_  CLK     SE      setup_clk_rise  c     SE = 0
u_ctrl/u_rx/bitpos_reg_1_   CLK     SI      hold_clk_rise   c     SE = 0
u_ctrl/u_rx/bitpos_reg_1_   CLK     SI      setup_clk_rise  c     SE = 0
u_ctrl/u_rx/bitpos_reg_1_   CLK     SE      hold_clk_rise   c     SE = 0
u_ctrl/u_rx/bitpos_reg_1_   CLK     SE      setup_clk_rise  c     SE = 0
u_ctrl/u_tx/divcnt_reg_7_   CLK     SI      hold_clk_rise   c     SE = 0
u_ctrl/u_tx/divcnt_reg_7_   CLK     SI      setup_clk_rise  c     SE = 0
u_ctrl/u_tx/divcnt_reg_7_   CLK     SE      hold_clk_rise   c     SE = 0
u_ctrl/u_tx/divcnt_reg_7_   CLK     SE      setup_clk_rise  c     SE = 0
u_ctrl/u_tx/divcnt_reg_8_   CLK     SI      hold_clk_rise   c     SE = 0
u_ctrl/u_tx/divcnt_reg_8_   CLK     SI      setup_clk_rise  c     SE = 0
u_ctrl/u_tx/divcnt_reg_8_   CLK     SE      hold_clk_rise   c     SE = 0
u_ctrl/u_tx/divcnt_reg_8_   CLK     SE      setup_clk_rise  c     SE = 0
u_ctrl/u_tx/divcnt_reg_3_   CLK     SI      hold_clk_rise   c     SE = 0
u_ctrl/u_tx/divcnt_reg_3_   CLK     SI      setup_clk_rise  c     SE = 0
u_ctrl/u_tx/divcnt_reg_3_   CLK     SE      hold_clk_rise   c     SE = 0
u_ctrl/u_tx/divcnt_reg_3_   CLK     SE      setup_clk_rise  c     SE = 0
u_ctrl/u_tx/divcnt_reg_9_   CLK     SI      hold_clk_rise   c     SE = 0
u_ctrl/u_tx/divcnt_reg_9_   CLK     SI      setup_clk_rise  c     SE = 0
u_ctrl/u_tx/divcnt_reg_9_   CLK     SE      hold_clk_rise   c     SE = 0
u_ctrl/u_tx/divcnt_reg_9_   CLK     SE      setup_clk_rise  c     SE = 0
u_ctrl/u_tx/divcnt_reg_4_   CLK     SI      hold_clk_rise   c     SE = 0
u_ctrl/u_tx/divcnt_reg_4_   CLK     SI      setup_clk_rise  c     SE = 0
u_ctrl/u_tx/divcnt_reg_4_   CLK     SE      hold_clk_rise   c     SE = 0
u_ctrl/u_tx/divcnt_reg_4_   CLK     SE      setup_clk_rise  c     SE = 0
u_ctrl/u_tx/divcnt_reg_5_   CLK     SI      hold_clk_rise   c     SE = 0
u_ctrl/u_tx/divcnt_reg_5_   CLK     SI      setup_clk_rise  c     SE = 0
u_ctrl/u_tx/divcnt_reg_5_   CLK     SE      hold_clk_rise   c     SE = 0
u_ctrl/u_tx/divcnt_reg_5_   CLK     SE      setup_clk_rise  c     SE = 0
u_ctrl/u_tx/bitpos_reg_0_   CLK     SI      hold_clk_rise   c     SE = 0
u_ctrl/u_tx/bitpos_reg_0_   CLK     SI      setup_clk_rise  c     SE = 0
u_ctrl/u_tx/bitpos_reg_0_   CLK     SE      hold_clk_rise   c     SE = 0
u_ctrl/u_tx/bitpos_reg_0_   CLK     SE      setup_clk_rise  c     SE = 0
u_ctrl/u_tx/divcnt_reg_10_  CLK     SI      hold_clk_rise   c     SE = 0
u_ctrl/u_tx/divcnt_reg_10_  CLK     SI      setup_clk_rise  c     SE = 0
u_ctrl/u_tx/divcnt_reg_10_  CLK     SE      hold_clk_rise   c     SE = 0
u_ctrl/u_tx/divcnt_reg_10_  CLK     SE      setup_clk_rise  c     SE = 0
u_ctrl/u_tx/divcnt_reg_6_   CLK     SI      hold_clk_rise   c     SE = 0
u_ctrl/u_tx/divcnt_reg_6_   CLK     SI      setup_clk_rise  c     SE = 0
u_ctrl/u_tx/divcnt_reg_6_   CLK     SE      hold_clk_rise   c     SE = 0
u_ctrl/u_tx/divcnt_reg_6_   CLK     SE      setup_clk_rise  c     SE = 0
u_ctrl/u_tx/divcnt_reg_11_  CLK     SI      hold_clk_rise   c     SE = 0
u_ctrl/u_tx/divcnt_reg_11_  CLK     SI      setup_clk_rise  c     SE = 0
u_ctrl/u_tx/divcnt_reg_11_  CLK     SE      hold_clk_rise   c     SE = 0
u_ctrl/u_tx/divcnt_reg_11_  CLK     SE      setup_clk_rise  c     SE = 0
u_ctrl/u_tx/divcnt_reg_1_   CLK     SI      hold_clk_rise   c     SE = 0
u_ctrl/u_tx/divcnt_reg_1_   CLK     SI      setup_clk_rise  c     SE = 0
u_ctrl/u_tx/divcnt_reg_1_   CLK     SE      hold_clk_rise   c     SE = 0
u_ctrl/u_tx/divcnt_reg_1_   CLK     SE      setup_clk_rise  c     SE = 0
u_ctrl/fail_reg             CLK     SI      hold_clk_rise   c     SE = 0
u_ctrl/fail_reg             CLK     SI      setup_clk_rise  c     SE = 0
u_ctrl/fail_reg             CLK     SE      hold_clk_rise   c     SE = 0
u_ctrl/fail_reg             CLK     SE      setup_clk_rise  c     SE = 0
u_ctrl/u_aes/ct_out_reg_34_ CLK     SI      hold_clk_rise   c     SE = 0
u_ctrl/u_aes/ct_out_reg_34_ CLK     SI      setup_clk_rise  c     SE = 0
u_ctrl/u_aes/ct_out_reg_34_ CLK     SE      hold_clk_rise   c     SE = 0
u_ctrl/u_aes/ct_out_reg_34_ CLK     SE      setup_clk_rise  c     SE = 0
u_ctrl/u_aes/ct_out_reg_37_ CLK     SI      hold_clk_rise   c     SE = 0
u_ctrl/u_aes/ct_out_reg_37_ CLK     SI      setup_clk_rise  c     SE = 0
u_ctrl/u_aes/ct_out_reg_37_ CLK     SE      hold_clk_rise   c     SE = 0
u_ctrl/u_aes/ct_out_reg_37_ CLK     SE      setup_clk_rise  c     SE = 0
u_ctrl/u_aes/ct_out_reg_38_ CLK     SI      hold_clk_rise   c     SE = 0
u_ctrl/u_aes/ct_out_reg_38_ CLK     SI      setup_clk_rise  c     SE = 0
u_ctrl/u_aes/ct_out_reg_38_ CLK     SE      hold_clk_rise   c     SE = 0
u_ctrl/u_aes/ct_out_reg_38_ CLK     SE      setup_clk_rise  c     SE = 0
u_ctrl/u_aes/ct_out_reg_127_
                            CLK     SI      hold_clk_rise   c     SE = 0
u_ctrl/u_aes/ct_out_reg_127_
                            CLK     SI      setup_clk_rise  c     SE = 0
u_ctrl/u_aes/ct_out_reg_127_
                            CLK     SE      hold_clk_rise   c     SE = 0
u_ctrl/u_aes/ct_out_reg_127_
                            CLK     SE      setup_clk_rise  c     SE = 0
u_ctrl/u_aes/ct_out_reg_44_ CLK     SI      hold_clk_rise   c     SE = 0
u_ctrl/u_aes/ct_out_reg_44_ CLK     SI      setup_clk_rise  c     SE = 0
u_ctrl/u_aes/ct_out_reg_44_ CLK     SE      hold_clk_rise   c     SE = 0
u_ctrl/u_aes/ct_out_reg_44_ CLK     SE      setup_clk_rise  c     SE = 0
u_ctrl/u_aes/ct_out_reg_49_ CLK     SI      hold_clk_rise   c     SE = 0
u_ctrl/u_aes/ct_out_reg_49_ CLK     SI      setup_clk_rise  c     SE = 0
u_ctrl/u_aes/ct_out_reg_49_ CLK     SE      hold_clk_rise   c     SE = 0
u_ctrl/u_aes/ct_out_reg_49_ CLK     SE      setup_clk_rise  c     SE = 0
u_ctrl/u_aes/ct_out_reg_52_ CLK     SI      hold_clk_rise   c     SE = 0
u_ctrl/u_aes/ct_out_reg_52_ CLK     SI      setup_clk_rise  c     SE = 0
u_ctrl/u_aes/ct_out_reg_52_ CLK     SE      hold_clk_rise   c     SE = 0
u_ctrl/u_aes/ct_out_reg_52_ CLK     SE      setup_clk_rise  c     SE = 0
u_ctrl/u_aes/ct_out_reg_54_ CLK     SI      hold_clk_rise   c     SE = 0
u_ctrl/u_aes/ct_out_reg_54_ CLK     SI      setup_clk_rise  c     SE = 0
u_ctrl/u_aes/ct_out_reg_54_ CLK     SE      hold_clk_rise   c     SE = 0
u_ctrl/u_aes/ct_out_reg_54_ CLK     SE      setup_clk_rise  c     SE = 0
u_ctrl/u_aes/ct_out_reg_74_ CLK     SI      hold_clk_rise   c     SE = 0
u_ctrl/u_aes/ct_out_reg_74_ CLK     SI      setup_clk_rise  c     SE = 0
u_ctrl/u_aes/ct_out_reg_74_ CLK     SE      hold_clk_rise   c     SE = 0
u_ctrl/u_aes/ct_out_reg_74_ CLK     SE      setup_clk_rise  c     SE = 0
u_ctrl/u_aes/ct_out_reg_81_ CLK     SI      hold_clk_rise   c     SE = 0
u_ctrl/u_aes/ct_out_reg_81_ CLK     SI      setup_clk_rise  c     SE = 0
u_ctrl/u_aes/ct_out_reg_81_ CLK     SE      hold_clk_rise   c     SE = 0
u_ctrl/u_aes/ct_out_reg_81_ CLK     SE      setup_clk_rise  c     SE = 0
u_ctrl/u_aes/ct_out_reg_92_ CLK     SI      hold_clk_rise   c     SE = 0
u_ctrl/u_aes/ct_out_reg_92_ CLK     SI      setup_clk_rise  c     SE = 0
u_ctrl/u_aes/ct_out_reg_92_ CLK     SE      hold_clk_rise   c     SE = 0
u_ctrl/u_aes/ct_out_reg_92_ CLK     SE      setup_clk_rise  c     SE = 0
u_ctrl/u_aes/ct_out_reg_96_ CLK     SI      hold_clk_rise   c     SE = 0
u_ctrl/u_aes/ct_out_reg_96_ CLK     SI      setup_clk_rise  c     SE = 0
u_ctrl/u_aes/ct_out_reg_96_ CLK     SE      hold_clk_rise   c     SE = 0
u_ctrl/u_aes/ct_out_reg_96_ CLK     SE      setup_clk_rise  c     SE = 0
u_ctrl/u_aes/ct_out_reg_10_ CLK     SI      hold_clk_rise   c     SE = 0
u_ctrl/u_aes/ct_out_reg_10_ CLK     SI      setup_clk_rise  c     SE = 0
u_ctrl/u_aes/ct_out_reg_10_ CLK     SE      hold_clk_rise   c     SE = 0
u_ctrl/u_aes/ct_out_reg_10_ CLK     SE      setup_clk_rise  c     SE = 0
u_ctrl/u_aes/ct_out_reg_11_ CLK     SI      hold_clk_rise   c     SE = 0
u_ctrl/u_aes/ct_out_reg_11_ CLK     SI      setup_clk_rise  c     SE = 0
u_ctrl/u_aes/ct_out_reg_11_ CLK     SE      hold_clk_rise   c     SE = 0
u_ctrl/u_aes/ct_out_reg_11_ CLK     SE      setup_clk_rise  c     SE = 0
u_ctrl/u_aes/ct_out_reg_14_ CLK     SI      hold_clk_rise   c     SE = 0
u_ctrl/u_aes/ct_out_reg_14_ CLK     SI      setup_clk_rise  c     SE = 0
u_ctrl/u_aes/ct_out_reg_14_ CLK     SE      hold_clk_rise   c     SE = 0
u_ctrl/u_aes/ct_out_reg_14_ CLK     SE      setup_clk_rise  c     SE = 0
u_ctrl/u_aes/ct_out_reg_28_ CLK     SI      hold_clk_rise   c     SE = 0
u_ctrl/u_aes/ct_out_reg_28_ CLK     SI      setup_clk_rise  c     SE = 0
u_ctrl/u_aes/ct_out_reg_28_ CLK     SE      hold_clk_rise   c     SE = 0
u_ctrl/u_aes/ct_out_reg_28_ CLK     SE      setup_clk_rise  c     SE = 0
u_ctrl/u_aes/ct_out_reg_29_ CLK     SI      hold_clk_rise   c     SE = 0
u_ctrl/u_aes/ct_out_reg_29_ CLK     SI      setup_clk_rise  c     SE = 0
u_ctrl/u_aes/ct_out_reg_29_ CLK     SE      hold_clk_rise   c     SE = 0
u_ctrl/u_aes/ct_out_reg_29_ CLK     SE      setup_clk_rise  c     SE = 0
u_ctrl/u_aes/ct_out_reg_110_
                            CLK     SI      hold_clk_rise   c     SE = 0
u_ctrl/u_aes/ct_out_reg_110_
                            CLK     SI      setup_clk_rise  c     SE = 0
u_ctrl/u_aes/ct_out_reg_110_
                            CLK     SE      hold_clk_rise   c     SE = 0
u_ctrl/u_aes/ct_out_reg_110_
                            CLK     SE      setup_clk_rise  c     SE = 0
u_ctrl/u_rx/divcnt_reg_12_  CLK     SI      hold_clk_rise   c     SE = 0
u_ctrl/u_rx/divcnt_reg_12_  CLK     SI      setup_clk_rise  c     SE = 0
u_ctrl/u_rx/divcnt_reg_12_  CLK     SE      hold_clk_rise   c     SE = 0
u_ctrl/u_rx/divcnt_reg_12_  CLK     SE      setup_clk_rise  c     SE = 0
u_ctrl/u_rx/bitpos_reg_2_   CLK     SI      hold_clk_rise   c     SE = 0
u_ctrl/u_rx/bitpos_reg_2_   CLK     SI      setup_clk_rise  c     SE = 0
u_ctrl/u_rx/bitpos_reg_2_   CLK     SE      hold_clk_rise   c     SE = 0
u_ctrl/u_rx/bitpos_reg_2_   CLK     SE      setup_clk_rise  c     SE = 0
u_ctrl/u_rx/bitpos_reg_3_   CLK     SI      hold_clk_rise   c     SE = 0
u_ctrl/u_rx/bitpos_reg_3_   CLK     SI      setup_clk_rise  c     SE = 0
u_ctrl/u_rx/bitpos_reg_3_   CLK     SE      hold_clk_rise   c     SE = 0
u_ctrl/u_rx/bitpos_reg_3_   CLK     SE      setup_clk_rise  c     SE = 0
u_ctrl/u_tx/divcnt_reg_12_  CLK     SI      hold_clk_rise   c     SE = 0
u_ctrl/u_tx/divcnt_reg_12_  CLK     SI      setup_clk_rise  c     SE = 0
u_ctrl/u_tx/divcnt_reg_12_  CLK     SE      hold_clk_rise   c     SE = 0
u_ctrl/u_tx/divcnt_reg_12_  CLK     SE      setup_clk_rise  c     SE = 0
u_ctrl/u_tx/divcnt_reg_2_   CLK     SI      hold_clk_rise   c     SE = 0
u_ctrl/u_tx/divcnt_reg_2_   CLK     SI      setup_clk_rise  c     SE = 0
u_ctrl/u_tx/divcnt_reg_2_   CLK     SE      hold_clk_rise   c     SE = 0
u_ctrl/u_tx/divcnt_reg_2_   CLK     SE      setup_clk_rise  c     SE = 0
u_ctrl/u_tx/bitpos_reg_1_   CLK     SI      hold_clk_rise   c     SE = 0
u_ctrl/u_tx/bitpos_reg_1_   CLK     SI      setup_clk_rise  c     SE = 0
u_ctrl/u_tx/bitpos_reg_1_   CLK     SE      hold_clk_rise   c     SE = 0
u_ctrl/u_tx/bitpos_reg_1_   CLK     SE      setup_clk_rise  c     SE = 0
u_ctrl/u_aes/ct_out_reg_39_ CLK     SI      hold_clk_rise   c     SE = 0
u_ctrl/u_aes/ct_out_reg_39_ CLK     SI      setup_clk_rise  c     SE = 0
u_ctrl/u_aes/ct_out_reg_39_ CLK     SE      hold_clk_rise   c     SE = 0
u_ctrl/u_aes/ct_out_reg_39_ CLK     SE      setup_clk_rise  c     SE = 0
u_ctrl/u_aes/ct_out_reg_122_
                            CLK     SI      hold_clk_rise   c     SE = 0
u_ctrl/u_aes/ct_out_reg_122_
                            CLK     SI      setup_clk_rise  c     SE = 0
u_ctrl/u_aes/ct_out_reg_122_
                            CLK     SE      hold_clk_rise   c     SE = 0
u_ctrl/u_aes/ct_out_reg_122_
                            CLK     SE      setup_clk_rise  c     SE = 0
u_ctrl/u_aes/ct_out_reg_123_
                            CLK     SI      hold_clk_rise   c     SE = 0
u_ctrl/u_aes/ct_out_reg_123_
                            CLK     SI      setup_clk_rise  c     SE = 0
u_ctrl/u_aes/ct_out_reg_123_
                            CLK     SE      hold_clk_rise   c     SE = 0
u_ctrl/u_aes/ct_out_reg_123_
                            CLK     SE      setup_clk_rise  c     SE = 0
u_ctrl/u_aes/ct_out_reg_125_
                            CLK     SI      hold_clk_rise   c     SE = 0
u_ctrl/u_aes/ct_out_reg_125_
                            CLK     SI      setup_clk_rise  c     SE = 0
u_ctrl/u_aes/ct_out_reg_125_
                            CLK     SE      hold_clk_rise   c     SE = 0
u_ctrl/u_aes/ct_out_reg_125_
                            CLK     SE      setup_clk_rise  c     SE = 0
u_ctrl/u_aes/ct_out_reg_47_ CLK     SI      hold_clk_rise   c     SE = 0
u_ctrl/u_aes/ct_out_reg_47_ CLK     SI      setup_clk_rise  c     SE = 0
u_ctrl/u_aes/ct_out_reg_47_ CLK     SE      hold_clk_rise   c     SE = 0
u_ctrl/u_aes/ct_out_reg_47_ CLK     SE      setup_clk_rise  c     SE = 0
u_ctrl/u_aes/ct_out_reg_50_ CLK     SI      hold_clk_rise   c     SE = 0
u_ctrl/u_aes/ct_out_reg_50_ CLK     SI      setup_clk_rise  c     SE = 0
u_ctrl/u_aes/ct_out_reg_50_ CLK     SE      hold_clk_rise   c     SE = 0
u_ctrl/u_aes/ct_out_reg_50_ CLK     SE      setup_clk_rise  c     SE = 0
u_ctrl/u_aes/ct_out_reg_55_ CLK     SI      hold_clk_rise   c     SE = 0
u_ctrl/u_aes/ct_out_reg_55_ CLK     SI      setup_clk_rise  c     SE = 0
u_ctrl/u_aes/ct_out_reg_55_ CLK     SE      hold_clk_rise   c     SE = 0
u_ctrl/u_aes/ct_out_reg_55_ CLK     SE      setup_clk_rise  c     SE = 0
u_ctrl/u_aes/ct_out_reg_73_ CLK     SI      hold_clk_rise   c     SE = 0
u_ctrl/u_aes/ct_out_reg_73_ CLK     SI      setup_clk_rise  c     SE = 0
u_ctrl/u_aes/ct_out_reg_73_ CLK     SE      hold_clk_rise   c     SE = 0
u_ctrl/u_aes/ct_out_reg_73_ CLK     SE      setup_clk_rise  c     SE = 0
u_ctrl/u_aes/ct_out_reg_75_ CLK     SI      hold_clk_rise   c     SE = 0
u_ctrl/u_aes/ct_out_reg_75_ CLK     SI      setup_clk_rise  c     SE = 0
u_ctrl/u_aes/ct_out_reg_75_ CLK     SE      hold_clk_rise   c     SE = 0
u_ctrl/u_aes/ct_out_reg_75_ CLK     SE      setup_clk_rise  c     SE = 0
u_ctrl/u_aes/ct_out_reg_77_ CLK     SI      hold_clk_rise   c     SE = 0
u_ctrl/u_aes/ct_out_reg_77_ CLK     SI      setup_clk_rise  c     SE = 0
u_ctrl/u_aes/ct_out_reg_77_ CLK     SE      hold_clk_rise   c     SE = 0
u_ctrl/u_aes/ct_out_reg_77_ CLK     SE      setup_clk_rise  c     SE = 0
u_ctrl/u_aes/ct_out_reg_78_ CLK     SI      hold_clk_rise   c     SE = 0
u_ctrl/u_aes/ct_out_reg_78_ CLK     SI      setup_clk_rise  c     SE = 0
u_ctrl/u_aes/ct_out_reg_78_ CLK     SE      hold_clk_rise   c     SE = 0
u_ctrl/u_aes/ct_out_reg_78_ CLK     SE      setup_clk_rise  c     SE = 0
u_ctrl/u_aes/ct_out_reg_86_ CLK     SI      hold_clk_rise   c     SE = 0
u_ctrl/u_aes/ct_out_reg_86_ CLK     SI      setup_clk_rise  c     SE = 0
u_ctrl/u_aes/ct_out_reg_86_ CLK     SE      hold_clk_rise   c     SE = 0
u_ctrl/u_aes/ct_out_reg_86_ CLK     SE      setup_clk_rise  c     SE = 0
u_ctrl/u_aes/ct_out_reg_89_ CLK     SI      hold_clk_rise   c     SE = 0
u_ctrl/u_aes/ct_out_reg_89_ CLK     SI      setup_clk_rise  c     SE = 0
u_ctrl/u_aes/ct_out_reg_89_ CLK     SE      hold_clk_rise   c     SE = 0
u_ctrl/u_aes/ct_out_reg_89_ CLK     SE      setup_clk_rise  c     SE = 0
u_ctrl/u_aes/ct_out_reg_93_ CLK     SI      hold_clk_rise   c     SE = 0
u_ctrl/u_aes/ct_out_reg_93_ CLK     SI      setup_clk_rise  c     SE = 0
u_ctrl/u_aes/ct_out_reg_93_ CLK     SE      hold_clk_rise   c     SE = 0
u_ctrl/u_aes/ct_out_reg_93_ CLK     SE      setup_clk_rise  c     SE = 0
u_ctrl/u_aes/ct_out_reg_94_ CLK     SI      hold_clk_rise   c     SE = 0
u_ctrl/u_aes/ct_out_reg_94_ CLK     SI      setup_clk_rise  c     SE = 0
u_ctrl/u_aes/ct_out_reg_94_ CLK     SE      hold_clk_rise   c     SE = 0
u_ctrl/u_aes/ct_out_reg_94_ CLK     SE      setup_clk_rise  c     SE = 0
u_ctrl/u_aes/ct_out_reg_95_ CLK     SI      hold_clk_rise   c     SE = 0
u_ctrl/u_aes/ct_out_reg_95_ CLK     SI      setup_clk_rise  c     SE = 0
u_ctrl/u_aes/ct_out_reg_95_ CLK     SE      hold_clk_rise   c     SE = 0
u_ctrl/u_aes/ct_out_reg_95_ CLK     SE      setup_clk_rise  c     SE = 0
u_ctrl/u_aes/ct_out_reg_18_ CLK     SI      hold_clk_rise   c     SE = 0
u_ctrl/u_aes/ct_out_reg_18_ CLK     SI      setup_clk_rise  c     SE = 0
u_ctrl/u_aes/ct_out_reg_18_ CLK     SE      hold_clk_rise   c     SE = 0
u_ctrl/u_aes/ct_out_reg_18_ CLK     SE      setup_clk_rise  c     SE = 0
u_ctrl/u_aes/ct_out_reg_100_
                            CLK     SI      hold_clk_rise   c     SE = 0
u_ctrl/u_aes/ct_out_reg_100_
                            CLK     SI      setup_clk_rise  c     SE = 0
u_ctrl/u_aes/ct_out_reg_100_
                            CLK     SE      hold_clk_rise   c     SE = 0
u_ctrl/u_aes/ct_out_reg_100_
                            CLK     SE      setup_clk_rise  c     SE = 0
u_ctrl/u_aes/ct_out_reg_102_
                            CLK     SI      hold_clk_rise   c     SE = 0
u_ctrl/u_aes/ct_out_reg_102_
                            CLK     SI      setup_clk_rise  c     SE = 0
u_ctrl/u_aes/ct_out_reg_102_
                            CLK     SE      hold_clk_rise   c     SE = 0
u_ctrl/u_aes/ct_out_reg_102_
                            CLK     SE      setup_clk_rise  c     SE = 0
u_ctrl/u_aes/ct_out_reg_20_ CLK     SI      hold_clk_rise   c     SE = 0
u_ctrl/u_aes/ct_out_reg_20_ CLK     SI      setup_clk_rise  c     SE = 0
u_ctrl/u_aes/ct_out_reg_20_ CLK     SE      hold_clk_rise   c     SE = 0
u_ctrl/u_aes/ct_out_reg_20_ CLK     SE      setup_clk_rise  c     SE = 0
u_ctrl/u_aes/ct_out_reg_26_ CLK     SI      hold_clk_rise   c     SE = 0
u_ctrl/u_aes/ct_out_reg_26_ CLK     SI      setup_clk_rise  c     SE = 0
u_ctrl/u_aes/ct_out_reg_26_ CLK     SE      hold_clk_rise   c     SE = 0
u_ctrl/u_aes/ct_out_reg_26_ CLK     SE      setup_clk_rise  c     SE = 0
u_ctrl/u_rx/divcnt_reg_13_  CLK     SI      hold_clk_rise   c     SE = 0
u_ctrl/u_rx/divcnt_reg_13_  CLK     SI      setup_clk_rise  c     SE = 0
u_ctrl/u_rx/divcnt_reg_13_  CLK     SE      hold_clk_rise   c     SE = 0
u_ctrl/u_rx/divcnt_reg_13_  CLK     SE      setup_clk_rise  c     SE = 0
u_ctrl/u_tx/bitpos_reg_2_   CLK     SI      hold_clk_rise   c     SE = 0
u_ctrl/u_tx/bitpos_reg_2_   CLK     SI      setup_clk_rise  c     SE = 0
u_ctrl/u_tx/bitpos_reg_2_   CLK     SE      hold_clk_rise   c     SE = 0
u_ctrl/u_tx/bitpos_reg_2_   CLK     SE      setup_clk_rise  c     SE = 0
u_ctrl/u_aes/ct_out_reg_33_ CLK     SI      hold_clk_rise   c     SE = 0
u_ctrl/u_aes/ct_out_reg_33_ CLK     SI      setup_clk_rise  c     SE = 0
u_ctrl/u_aes/ct_out_reg_33_ CLK     SE      hold_clk_rise   c     SE = 0
u_ctrl/u_aes/ct_out_reg_33_ CLK     SE      setup_clk_rise  c     SE = 0
u_ctrl/u_aes/ct_out_reg_35_ CLK     SI      hold_clk_rise   c     SE = 0
u_ctrl/u_aes/ct_out_reg_35_ CLK     SI      setup_clk_rise  c     SE = 0
u_ctrl/u_aes/ct_out_reg_35_ CLK     SE      hold_clk_rise   c     SE = 0
u_ctrl/u_aes/ct_out_reg_35_ CLK     SE      setup_clk_rise  c     SE = 0
u_ctrl/u_aes/ct_out_reg_126_
                            CLK     SI      hold_clk_rise   c     SE = 0
u_ctrl/u_aes/ct_out_reg_126_
                            CLK     SI      setup_clk_rise  c     SE = 0
u_ctrl/u_aes/ct_out_reg_126_
                            CLK     SE      hold_clk_rise   c     SE = 0
u_ctrl/u_aes/ct_out_reg_126_
                            CLK     SE      setup_clk_rise  c     SE = 0
u_ctrl/u_aes/ct_out_reg_40_ CLK     SI      hold_clk_rise   c     SE = 0
u_ctrl/u_aes/ct_out_reg_40_ CLK     SI      setup_clk_rise  c     SE = 0
u_ctrl/u_aes/ct_out_reg_40_ CLK     SE      hold_clk_rise   c     SE = 0
u_ctrl/u_aes/ct_out_reg_40_ CLK     SE      setup_clk_rise  c     SE = 0
u_ctrl/u_aes/ct_out_reg_43_ CLK     SI      hold_clk_rise   c     SE = 0
u_ctrl/u_aes/ct_out_reg_43_ CLK     SI      setup_clk_rise  c     SE = 0
u_ctrl/u_aes/ct_out_reg_43_ CLK     SE      hold_clk_rise   c     SE = 0
u_ctrl/u_aes/ct_out_reg_43_ CLK     SE      setup_clk_rise  c     SE = 0
u_ctrl/u_aes/ct_out_reg_1_  CLK     SI      hold_clk_rise   c     SE = 0
u_ctrl/u_aes/ct_out_reg_1_  CLK     SI      setup_clk_rise  c     SE = 0
u_ctrl/u_aes/ct_out_reg_1_  CLK     SE      hold_clk_rise   c     SE = 0
u_ctrl/u_aes/ct_out_reg_1_  CLK     SE      setup_clk_rise  c     SE = 0
u_ctrl/u_aes/ct_out_reg_46_ CLK     SI      hold_clk_rise   c     SE = 0
u_ctrl/u_aes/ct_out_reg_46_ CLK     SI      setup_clk_rise  c     SE = 0
u_ctrl/u_aes/ct_out_reg_46_ CLK     SE      hold_clk_rise   c     SE = 0
u_ctrl/u_aes/ct_out_reg_46_ CLK     SE      setup_clk_rise  c     SE = 0
u_ctrl/u_aes/ct_out_reg_48_ CLK     SI      hold_clk_rise   c     SE = 0
u_ctrl/u_aes/ct_out_reg_48_ CLK     SI      setup_clk_rise  c     SE = 0
u_ctrl/u_aes/ct_out_reg_48_ CLK     SE      hold_clk_rise   c     SE = 0
u_ctrl/u_aes/ct_out_reg_48_ CLK     SE      setup_clk_rise  c     SE = 0
u_ctrl/u_aes/ct_out_reg_4_  CLK     SI      hold_clk_rise   c     SE = 0
u_ctrl/u_aes/ct_out_reg_4_  CLK     SI      setup_clk_rise  c     SE = 0
u_ctrl/u_aes/ct_out_reg_4_  CLK     SE      hold_clk_rise   c     SE = 0
u_ctrl/u_aes/ct_out_reg_4_  CLK     SE      setup_clk_rise  c     SE = 0
u_ctrl/u_aes/ct_out_reg_79_ CLK     SI      hold_clk_rise   c     SE = 0
u_ctrl/u_aes/ct_out_reg_79_ CLK     SI      setup_clk_rise  c     SE = 0
u_ctrl/u_aes/ct_out_reg_79_ CLK     SE      hold_clk_rise   c     SE = 0
u_ctrl/u_aes/ct_out_reg_79_ CLK     SE      setup_clk_rise  c     SE = 0
u_ctrl/u_aes/ct_out_reg_80_ CLK     SI      hold_clk_rise   c     SE = 0
u_ctrl/u_aes/ct_out_reg_80_ CLK     SI      setup_clk_rise  c     SE = 0
u_ctrl/u_aes/ct_out_reg_80_ CLK     SE      hold_clk_rise   c     SE = 0
u_ctrl/u_aes/ct_out_reg_80_ CLK     SE      setup_clk_rise  c     SE = 0
u_ctrl/u_aes/ct_out_reg_83_ CLK     SI      hold_clk_rise   c     SE = 0
u_ctrl/u_aes/ct_out_reg_83_ CLK     SI      setup_clk_rise  c     SE = 0
u_ctrl/u_aes/ct_out_reg_83_ CLK     SE      hold_clk_rise   c     SE = 0
u_ctrl/u_aes/ct_out_reg_83_ CLK     SE      setup_clk_rise  c     SE = 0
u_ctrl/u_aes/ct_out_reg_85_ CLK     SI      hold_clk_rise   c     SE = 0
u_ctrl/u_aes/ct_out_reg_85_ CLK     SI      setup_clk_rise  c     SE = 0
u_ctrl/u_aes/ct_out_reg_85_ CLK     SE      hold_clk_rise   c     SE = 0
u_ctrl/u_aes/ct_out_reg_85_ CLK     SE      setup_clk_rise  c     SE = 0
u_ctrl/u_aes/ct_out_reg_88_ CLK     SI      hold_clk_rise   c     SE = 0
u_ctrl/u_aes/ct_out_reg_88_ CLK     SI      setup_clk_rise  c     SE = 0
u_ctrl/u_aes/ct_out_reg_88_ CLK     SE      hold_clk_rise   c     SE = 0
u_ctrl/u_aes/ct_out_reg_88_ CLK     SE      setup_clk_rise  c     SE = 0
u_ctrl/u_aes/ct_out_reg_97_ CLK     SI      hold_clk_rise   c     SE = 0
u_ctrl/u_aes/ct_out_reg_97_ CLK     SI      setup_clk_rise  c     SE = 0
u_ctrl/u_aes/ct_out_reg_97_ CLK     SE      hold_clk_rise   c     SE = 0
u_ctrl/u_aes/ct_out_reg_97_ CLK     SE      setup_clk_rise  c     SE = 0
u_ctrl/u_aes/ct_out_reg_16_ CLK     SI      hold_clk_rise   c     SE = 0
u_ctrl/u_aes/ct_out_reg_16_ CLK     SI      setup_clk_rise  c     SE = 0
u_ctrl/u_aes/ct_out_reg_16_ CLK     SE      hold_clk_rise   c     SE = 0
u_ctrl/u_aes/ct_out_reg_16_ CLK     SE      setup_clk_rise  c     SE = 0
u_ctrl/u_aes/ct_out_reg_101_
                            CLK     SI      hold_clk_rise   c     SE = 0
u_ctrl/u_aes/ct_out_reg_101_
                            CLK     SI      setup_clk_rise  c     SE = 0
u_ctrl/u_aes/ct_out_reg_101_
                            CLK     SE      hold_clk_rise   c     SE = 0
u_ctrl/u_aes/ct_out_reg_101_
                            CLK     SE      setup_clk_rise  c     SE = 0
u_ctrl/u_aes/ct_out_reg_105_
                            CLK     SI      hold_clk_rise   c     SE = 0
u_ctrl/u_aes/ct_out_reg_105_
                            CLK     SI      setup_clk_rise  c     SE = 0
u_ctrl/u_aes/ct_out_reg_105_
                            CLK     SE      hold_clk_rise   c     SE = 0
u_ctrl/u_aes/ct_out_reg_105_
                            CLK     SE      setup_clk_rise  c     SE = 0
u_ctrl/u_aes/ct_out_reg_23_ CLK     SI      hold_clk_rise   c     SE = 0
u_ctrl/u_aes/ct_out_reg_23_ CLK     SI      setup_clk_rise  c     SE = 0
u_ctrl/u_aes/ct_out_reg_23_ CLK     SE      hold_clk_rise   c     SE = 0
u_ctrl/u_aes/ct_out_reg_23_ CLK     SE      setup_clk_rise  c     SE = 0
u_ctrl/u_aes/ct_out_reg_24_ CLK     SI      hold_clk_rise   c     SE = 0
u_ctrl/u_aes/ct_out_reg_24_ CLK     SI      setup_clk_rise  c     SE = 0
u_ctrl/u_aes/ct_out_reg_24_ CLK     SE      hold_clk_rise   c     SE = 0
u_ctrl/u_aes/ct_out_reg_24_ CLK     SE      setup_clk_rise  c     SE = 0
u_ctrl/u_aes/ct_out_reg_27_ CLK     SI      hold_clk_rise   c     SE = 0
u_ctrl/u_aes/ct_out_reg_27_ CLK     SI      setup_clk_rise  c     SE = 0
u_ctrl/u_aes/ct_out_reg_27_ CLK     SE      hold_clk_rise   c     SE = 0
u_ctrl/u_aes/ct_out_reg_27_ CLK     SE      setup_clk_rise  c     SE = 0
u_ctrl/u_aes/ct_out_reg_111_
                            CLK     SI      hold_clk_rise   c     SE = 0
u_ctrl/u_aes/ct_out_reg_111_
                            CLK     SI      setup_clk_rise  c     SE = 0
u_ctrl/u_aes/ct_out_reg_111_
                            CLK     SE      hold_clk_rise   c     SE = 0
u_ctrl/u_aes/ct_out_reg_111_
                            CLK     SE      setup_clk_rise  c     SE = 0
u_ctrl/u_aes/ct_out_reg_113_
                            CLK     SI      hold_clk_rise   c     SE = 0
u_ctrl/u_aes/ct_out_reg_113_
                            CLK     SI      setup_clk_rise  c     SE = 0
u_ctrl/u_aes/ct_out_reg_113_
                            CLK     SE      hold_clk_rise   c     SE = 0
u_ctrl/u_aes/ct_out_reg_113_
                            CLK     SE      setup_clk_rise  c     SE = 0
u_ctrl/u_rx/divcnt_reg_14_  CLK     SI      hold_clk_rise   c     SE = 0
u_ctrl/u_rx/divcnt_reg_14_  CLK     SI      setup_clk_rise  c     SE = 0
u_ctrl/u_rx/divcnt_reg_14_  CLK     SE      hold_clk_rise   c     SE = 0
u_ctrl/u_rx/divcnt_reg_14_  CLK     SE      setup_clk_rise  c     SE = 0
u_ctrl/u_tx/bitpos_reg_3_   CLK     SI      hold_clk_rise   c     SE = 0
u_ctrl/u_tx/bitpos_reg_3_   CLK     SI      setup_clk_rise  c     SE = 0
u_ctrl/u_tx/bitpos_reg_3_   CLK     SE      hold_clk_rise   c     SE = 0
u_ctrl/u_tx/bitpos_reg_3_   CLK     SE      setup_clk_rise  c     SE = 0
u_ctrl/u_tx/divcnt_reg_13_  CLK     SI      hold_clk_rise   c     SE = 0
u_ctrl/u_tx/divcnt_reg_13_  CLK     SI      setup_clk_rise  c     SE = 0
u_ctrl/u_tx/divcnt_reg_13_  CLK     SE      hold_clk_rise   c     SE = 0
u_ctrl/u_tx/divcnt_reg_13_  CLK     SE      setup_clk_rise  c     SE = 0
u_ctrl/u_tx/divcnt_reg_14_  CLK     SI      hold_clk_rise   c     SE = 0
u_ctrl/u_tx/divcnt_reg_14_  CLK     SI      setup_clk_rise  c     SE = 0
u_ctrl/u_tx/divcnt_reg_14_  CLK     SE      hold_clk_rise   c     SE = 0
u_ctrl/u_tx/divcnt_reg_14_  CLK     SE      setup_clk_rise  c     SE = 0
u_ctrl/u_aes/ct_out_reg_30_ CLK     SI      hold_clk_rise   c     SE = 0
u_ctrl/u_aes/ct_out_reg_30_ CLK     SI      setup_clk_rise  c     SE = 0
u_ctrl/u_aes/ct_out_reg_30_ CLK     SE      hold_clk_rise   c     SE = 0
u_ctrl/u_aes/ct_out_reg_30_ CLK     SE      setup_clk_rise  c     SE = 0
u_ctrl/u_aes/ct_out_reg_32_ CLK     SI      hold_clk_rise   c     SE = 0
u_ctrl/u_aes/ct_out_reg_32_ CLK     SI      setup_clk_rise  c     SE = 0
u_ctrl/u_aes/ct_out_reg_32_ CLK     SE      hold_clk_rise   c     SE = 0
u_ctrl/u_aes/ct_out_reg_32_ CLK     SE      setup_clk_rise  c     SE = 0
u_ctrl/u_aes/ct_out_reg_120_
                            CLK     SI      hold_clk_rise   c     SE = 0
u_ctrl/u_aes/ct_out_reg_120_
                            CLK     SI      setup_clk_rise  c     SE = 0
u_ctrl/u_aes/ct_out_reg_120_
                            CLK     SE      hold_clk_rise   c     SE = 0
u_ctrl/u_aes/ct_out_reg_120_
                            CLK     SE      setup_clk_rise  c     SE = 0
u_ctrl/u_aes/ct_out_reg_121_
                            CLK     SI      hold_clk_rise   c     SE = 0
u_ctrl/u_aes/ct_out_reg_121_
                            CLK     SI      setup_clk_rise  c     SE = 0
u_ctrl/u_aes/ct_out_reg_121_
                            CLK     SE      hold_clk_rise   c     SE = 0
u_ctrl/u_aes/ct_out_reg_121_
                            CLK     SE      setup_clk_rise  c     SE = 0
u_ctrl/u_aes/ct_out_reg_124_
                            CLK     SI      hold_clk_rise   c     SE = 0
u_ctrl/u_aes/ct_out_reg_124_
                            CLK     SI      setup_clk_rise  c     SE = 0
u_ctrl/u_aes/ct_out_reg_124_
                            CLK     SE      hold_clk_rise   c     SE = 0
u_ctrl/u_aes/ct_out_reg_124_
                            CLK     SE      setup_clk_rise  c     SE = 0
u_ctrl/u_aes/ct_out_reg_41_ CLK     SI      hold_clk_rise   c     SE = 0
u_ctrl/u_aes/ct_out_reg_41_ CLK     SI      setup_clk_rise  c     SE = 0
u_ctrl/u_aes/ct_out_reg_41_ CLK     SE      hold_clk_rise   c     SE = 0
u_ctrl/u_aes/ct_out_reg_41_ CLK     SE      setup_clk_rise  c     SE = 0
u_ctrl/u_aes/ct_out_reg_45_ CLK     SI      hold_clk_rise   c     SE = 0
u_ctrl/u_aes/ct_out_reg_45_ CLK     SI      setup_clk_rise  c     SE = 0
u_ctrl/u_aes/ct_out_reg_45_ CLK     SE      hold_clk_rise   c     SE = 0
u_ctrl/u_aes/ct_out_reg_45_ CLK     SE      setup_clk_rise  c     SE = 0
u_ctrl/u_aes/ct_out_reg_59_ CLK     SI      hold_clk_rise   c     SE = 0
u_ctrl/u_aes/ct_out_reg_59_ CLK     SI      setup_clk_rise  c     SE = 0
u_ctrl/u_aes/ct_out_reg_59_ CLK     SE      hold_clk_rise   c     SE = 0
u_ctrl/u_aes/ct_out_reg_59_ CLK     SE      setup_clk_rise  c     SE = 0
u_ctrl/u_aes/ct_out_reg_71_ CLK     SI      hold_clk_rise   c     SE = 0
u_ctrl/u_aes/ct_out_reg_71_ CLK     SI      setup_clk_rise  c     SE = 0
u_ctrl/u_aes/ct_out_reg_71_ CLK     SE      hold_clk_rise   c     SE = 0
u_ctrl/u_aes/ct_out_reg_71_ CLK     SE      setup_clk_rise  c     SE = 0
u_ctrl/u_aes/ct_out_reg_99_ CLK     SI      hold_clk_rise   c     SE = 0
u_ctrl/u_aes/ct_out_reg_99_ CLK     SI      setup_clk_rise  c     SE = 0
u_ctrl/u_aes/ct_out_reg_99_ CLK     SE      hold_clk_rise   c     SE = 0
u_ctrl/u_aes/ct_out_reg_99_ CLK     SE      setup_clk_rise  c     SE = 0
u_ctrl/u_aes/ct_out_reg_12_ CLK     SI      hold_clk_rise   c     SE = 0
u_ctrl/u_aes/ct_out_reg_12_ CLK     SI      setup_clk_rise  c     SE = 0
u_ctrl/u_aes/ct_out_reg_12_ CLK     SE      hold_clk_rise   c     SE = 0
u_ctrl/u_aes/ct_out_reg_12_ CLK     SE      setup_clk_rise  c     SE = 0
u_ctrl/u_aes/ct_out_reg_19_ CLK     SI      hold_clk_rise   c     SE = 0
u_ctrl/u_aes/ct_out_reg_19_ CLK     SI      setup_clk_rise  c     SE = 0
u_ctrl/u_aes/ct_out_reg_19_ CLK     SE      hold_clk_rise   c     SE = 0
u_ctrl/u_aes/ct_out_reg_19_ CLK     SE      setup_clk_rise  c     SE = 0
u_ctrl/u_aes/ct_out_reg_106_
                            CLK     SI      hold_clk_rise   c     SE = 0
u_ctrl/u_aes/ct_out_reg_106_
                            CLK     SI      setup_clk_rise  c     SE = 0
u_ctrl/u_aes/ct_out_reg_106_
                            CLK     SE      hold_clk_rise   c     SE = 0
u_ctrl/u_aes/ct_out_reg_106_
                            CLK     SE      setup_clk_rise  c     SE = 0
u_ctrl/u_aes/ct_out_reg_108_
                            CLK     SI      hold_clk_rise   c     SE = 0
u_ctrl/u_aes/ct_out_reg_108_
                            CLK     SI      setup_clk_rise  c     SE = 0
u_ctrl/u_aes/ct_out_reg_108_
                            CLK     SE      hold_clk_rise   c     SE = 0
u_ctrl/u_aes/ct_out_reg_108_
                            CLK     SE      setup_clk_rise  c     SE = 0
u_ctrl/u_aes/ct_out_reg_109_
                            CLK     SI      hold_clk_rise   c     SE = 0
u_ctrl/u_aes/ct_out_reg_109_
                            CLK     SI      setup_clk_rise  c     SE = 0
u_ctrl/u_aes/ct_out_reg_109_
                            CLK     SE      hold_clk_rise   c     SE = 0
u_ctrl/u_aes/ct_out_reg_109_
                            CLK     SE      setup_clk_rise  c     SE = 0
u_ctrl/u_aes/ct_out_reg_22_ CLK     SI      hold_clk_rise   c     SE = 0
u_ctrl/u_aes/ct_out_reg_22_ CLK     SI      setup_clk_rise  c     SE = 0
u_ctrl/u_aes/ct_out_reg_22_ CLK     SE      hold_clk_rise   c     SE = 0
u_ctrl/u_aes/ct_out_reg_22_ CLK     SE      setup_clk_rise  c     SE = 0
u_ctrl/u_aes/ct_out_reg_115_
                            CLK     SI      hold_clk_rise   c     SE = 0
u_ctrl/u_aes/ct_out_reg_115_
                            CLK     SI      setup_clk_rise  c     SE = 0
u_ctrl/u_aes/ct_out_reg_115_
                            CLK     SE      hold_clk_rise   c     SE = 0
u_ctrl/u_aes/ct_out_reg_115_
                            CLK     SE      setup_clk_rise  c     SE = 0
u_ctrl/u_rx/divcnt_reg_15_  CLK     SI      hold_clk_rise   c     SE = 0
u_ctrl/u_rx/divcnt_reg_15_  CLK     SI      setup_clk_rise  c     SE = 0
u_ctrl/u_rx/divcnt_reg_15_  CLK     SE      hold_clk_rise   c     SE = 0
u_ctrl/u_rx/divcnt_reg_15_  CLK     SE      setup_clk_rise  c     SE = 0
u_ctrl/u_tx/divcnt_reg_15_  CLK     SI      hold_clk_rise   c     SE = 0
u_ctrl/u_tx/divcnt_reg_15_  CLK     SI      setup_clk_rise  c     SE = 0
u_ctrl/u_tx/divcnt_reg_15_  CLK     SE      hold_clk_rise   c     SE = 0
u_ctrl/u_tx/divcnt_reg_15_  CLK     SE      setup_clk_rise  c     SE = 0
u_ctrl/u_tx/divcnt_reg_16_  CLK     SI      hold_clk_rise   c     SE = 0
u_ctrl/u_tx/divcnt_reg_16_  CLK     SI      setup_clk_rise  c     SE = 0
u_ctrl/u_tx/divcnt_reg_16_  CLK     SE      hold_clk_rise   c     SE = 0
u_ctrl/u_tx/divcnt_reg_16_  CLK     SE      setup_clk_rise  c     SE = 0
u_ctrl/u_aes/ct_out_reg_42_ CLK     SI      hold_clk_rise   c     SE = 0
u_ctrl/u_aes/ct_out_reg_42_ CLK     SI      setup_clk_rise  c     SE = 0
u_ctrl/u_aes/ct_out_reg_42_ CLK     SE      hold_clk_rise   c     SE = 0
u_ctrl/u_aes/ct_out_reg_42_ CLK     SE      setup_clk_rise  c     SE = 0
u_ctrl/u_aes/ct_out_reg_3_  CLK     SI      hold_clk_rise   c     SE = 0
u_ctrl/u_aes/ct_out_reg_3_  CLK     SI      setup_clk_rise  c     SE = 0
u_ctrl/u_aes/ct_out_reg_3_  CLK     SE      hold_clk_rise   c     SE = 0
u_ctrl/u_aes/ct_out_reg_3_  CLK     SE      setup_clk_rise  c     SE = 0
u_ctrl/u_aes/ct_out_reg_5_  CLK     SI      hold_clk_rise   c     SE = 0
u_ctrl/u_aes/ct_out_reg_5_  CLK     SI      setup_clk_rise  c     SE = 0
u_ctrl/u_aes/ct_out_reg_5_  CLK     SE      hold_clk_rise   c     SE = 0
u_ctrl/u_aes/ct_out_reg_5_  CLK     SE      setup_clk_rise  c     SE = 0
u_ctrl/u_aes/ct_out_reg_6_  CLK     SI      hold_clk_rise   c     SE = 0
u_ctrl/u_aes/ct_out_reg_6_  CLK     SI      setup_clk_rise  c     SE = 0
u_ctrl/u_aes/ct_out_reg_6_  CLK     SE      hold_clk_rise   c     SE = 0
u_ctrl/u_aes/ct_out_reg_6_  CLK     SE      setup_clk_rise  c     SE = 0
u_ctrl/u_aes/ct_out_reg_58_ CLK     SI      hold_clk_rise   c     SE = 0
u_ctrl/u_aes/ct_out_reg_58_ CLK     SI      setup_clk_rise  c     SE = 0
u_ctrl/u_aes/ct_out_reg_58_ CLK     SE      hold_clk_rise   c     SE = 0
u_ctrl/u_aes/ct_out_reg_58_ CLK     SE      setup_clk_rise  c     SE = 0
u_ctrl/u_aes/ct_out_reg_70_ CLK     SI      hold_clk_rise   c     SE = 0
u_ctrl/u_aes/ct_out_reg_70_ CLK     SI      setup_clk_rise  c     SE = 0
u_ctrl/u_aes/ct_out_reg_70_ CLK     SE      hold_clk_rise   c     SE = 0
u_ctrl/u_aes/ct_out_reg_70_ CLK     SE      setup_clk_rise  c     SE = 0
u_ctrl/u_aes/ct_out_reg_98_ CLK     SI      hold_clk_rise   c     SE = 0
u_ctrl/u_aes/ct_out_reg_98_ CLK     SI      setup_clk_rise  c     SE = 0
u_ctrl/u_aes/ct_out_reg_98_ CLK     SE      hold_clk_rise   c     SE = 0
u_ctrl/u_aes/ct_out_reg_98_ CLK     SE      setup_clk_rise  c     SE = 0
u_ctrl/u_aes/ct_out_reg_17_ CLK     SI      hold_clk_rise   c     SE = 0
u_ctrl/u_aes/ct_out_reg_17_ CLK     SI      setup_clk_rise  c     SE = 0
u_ctrl/u_aes/ct_out_reg_17_ CLK     SE      hold_clk_rise   c     SE = 0
u_ctrl/u_aes/ct_out_reg_17_ CLK     SE      setup_clk_rise  c     SE = 0
u_ctrl/u_aes/ct_out_reg_104_
                            CLK     SI      hold_clk_rise   c     SE = 0
u_ctrl/u_aes/ct_out_reg_104_
                            CLK     SI      setup_clk_rise  c     SE = 0
u_ctrl/u_aes/ct_out_reg_104_
                            CLK     SE      hold_clk_rise   c     SE = 0
u_ctrl/u_aes/ct_out_reg_104_
                            CLK     SE      setup_clk_rise  c     SE = 0
u_ctrl/u_aes/ct_out_reg_107_
                            CLK     SI      hold_clk_rise   c     SE = 0
u_ctrl/u_aes/ct_out_reg_107_
                            CLK     SI      setup_clk_rise  c     SE = 0
u_ctrl/u_aes/ct_out_reg_107_
                            CLK     SE      hold_clk_rise   c     SE = 0
u_ctrl/u_aes/ct_out_reg_107_
                            CLK     SE      setup_clk_rise  c     SE = 0
u_ctrl/u_aes/ct_out_reg_112_
                            CLK     SI      hold_clk_rise   c     SE = 0
u_ctrl/u_aes/ct_out_reg_112_
                            CLK     SI      setup_clk_rise  c     SE = 0
u_ctrl/u_aes/ct_out_reg_112_
                            CLK     SE      hold_clk_rise   c     SE = 0
u_ctrl/u_aes/ct_out_reg_112_
                            CLK     SE      setup_clk_rise  c     SE = 0
u_ctrl/u_aes/ct_out_reg_114_
                            CLK     SI      hold_clk_rise   c     SE = 0
u_ctrl/u_aes/ct_out_reg_114_
                            CLK     SI      setup_clk_rise  c     SE = 0
u_ctrl/u_aes/ct_out_reg_114_
                            CLK     SE      hold_clk_rise   c     SE = 0
u_ctrl/u_aes/ct_out_reg_114_
                            CLK     SE      setup_clk_rise  c     SE = 0
u_ctrl/u_rx/divcnt_reg_16_  CLK     SI      hold_clk_rise   c     SE = 0
u_ctrl/u_rx/divcnt_reg_16_  CLK     SI      setup_clk_rise  c     SE = 0
u_ctrl/u_rx/divcnt_reg_16_  CLK     SE      hold_clk_rise   c     SE = 0
u_ctrl/u_rx/divcnt_reg_16_  CLK     SE      setup_clk_rise  c     SE = 0
u_ctrl/u_tx/divcnt_reg_17_  CLK     SI      hold_clk_rise   c     SE = 0
u_ctrl/u_tx/divcnt_reg_17_  CLK     SI      setup_clk_rise  c     SE = 0
u_ctrl/u_tx/divcnt_reg_17_  CLK     SE      hold_clk_rise   c     SE = 0
u_ctrl/u_tx/divcnt_reg_17_  CLK     SE      setup_clk_rise  c     SE = 0
u_ctrl/u_tx/divcnt_reg_18_  CLK     SI      hold_clk_rise   c     SE = 0
u_ctrl/u_tx/divcnt_reg_18_  CLK     SI      setup_clk_rise  c     SE = 0
u_ctrl/u_tx/divcnt_reg_18_  CLK     SE      hold_clk_rise   c     SE = 0
u_ctrl/u_tx/divcnt_reg_18_  CLK     SE      setup_clk_rise  c     SE = 0
u_ctrl/u_aes/state_reg_20_  CLK     SI      hold_clk_rise   c     SE = 0
u_ctrl/u_aes/state_reg_20_  CLK     SI      setup_clk_rise  c     SE = 0
u_ctrl/u_aes/state_reg_20_  CLK     SE      hold_clk_rise   c     SE = 0
u_ctrl/u_aes/state_reg_20_  CLK     SE      setup_clk_rise  c     SE = 0
u_ctrl/u_aes/ct_out_reg_0_  CLK     SI      hold_clk_rise   c     SE = 0
u_ctrl/u_aes/ct_out_reg_0_  CLK     SI      setup_clk_rise  c     SE = 0
u_ctrl/u_aes/ct_out_reg_0_  CLK     SE      hold_clk_rise   c     SE = 0
u_ctrl/u_aes/ct_out_reg_0_  CLK     SE      setup_clk_rise  c     SE = 0
u_ctrl/u_aes/ct_out_reg_7_  CLK     SI      hold_clk_rise   c     SE = 0
u_ctrl/u_aes/ct_out_reg_7_  CLK     SI      setup_clk_rise  c     SE = 0
u_ctrl/u_aes/ct_out_reg_7_  CLK     SE      hold_clk_rise   c     SE = 0
u_ctrl/u_aes/ct_out_reg_7_  CLK     SE      setup_clk_rise  c     SE = 0
u_ctrl/u_aes/state_reg_38_  CLK     SI      hold_clk_rise   c     SE = 0
u_ctrl/u_aes/state_reg_38_  CLK     SI      setup_clk_rise  c     SE = 0
u_ctrl/u_aes/state_reg_38_  CLK     SE      hold_clk_rise   c     SE = 0
u_ctrl/u_aes/state_reg_38_  CLK     SE      setup_clk_rise  c     SE = 0
u_ctrl/u_aes/ct_out_reg_56_ CLK     SI      hold_clk_rise   c     SE = 0
u_ctrl/u_aes/ct_out_reg_56_ CLK     SI      setup_clk_rise  c     SE = 0
u_ctrl/u_aes/ct_out_reg_56_ CLK     SE      hold_clk_rise   c     SE = 0
u_ctrl/u_aes/ct_out_reg_56_ CLK     SE      setup_clk_rise  c     SE = 0
u_ctrl/u_aes/ct_out_reg_57_ CLK     SI      hold_clk_rise   c     SE = 0
u_ctrl/u_aes/ct_out_reg_57_ CLK     SI      setup_clk_rise  c     SE = 0
u_ctrl/u_aes/ct_out_reg_57_ CLK     SE      hold_clk_rise   c     SE = 0
u_ctrl/u_aes/ct_out_reg_57_ CLK     SE      setup_clk_rise  c     SE = 0
u_ctrl/u_aes/ct_out_reg_60_ CLK     SI      hold_clk_rise   c     SE = 0
u_ctrl/u_aes/ct_out_reg_60_ CLK     SI      setup_clk_rise  c     SE = 0
u_ctrl/u_aes/ct_out_reg_60_ CLK     SE      hold_clk_rise   c     SE = 0
u_ctrl/u_aes/ct_out_reg_60_ CLK     SE      setup_clk_rise  c     SE = 0
u_ctrl/u_aes/ct_out_reg_69_ CLK     SI      hold_clk_rise   c     SE = 0
u_ctrl/u_aes/ct_out_reg_69_ CLK     SI      setup_clk_rise  c     SE = 0
u_ctrl/u_aes/ct_out_reg_69_ CLK     SE      hold_clk_rise   c     SE = 0
u_ctrl/u_aes/ct_out_reg_69_ CLK     SE      setup_clk_rise  c     SE = 0
u_ctrl/u_aes/ct_out_reg_84_ CLK     SI      hold_clk_rise   c     SE = 0
u_ctrl/u_aes/ct_out_reg_84_ CLK     SI      setup_clk_rise  c     SE = 0
u_ctrl/u_aes/ct_out_reg_84_ CLK     SE      hold_clk_rise   c     SE = 0
u_ctrl/u_aes/ct_out_reg_84_ CLK     SE      setup_clk_rise  c     SE = 0
u_ctrl/u_aes/ct_out_reg_87_ CLK     SI      hold_clk_rise   c     SE = 0
u_ctrl/u_aes/ct_out_reg_87_ CLK     SI      setup_clk_rise  c     SE = 0
u_ctrl/u_aes/ct_out_reg_87_ CLK     SE      hold_clk_rise   c     SE = 0
u_ctrl/u_aes/ct_out_reg_87_ CLK     SE      setup_clk_rise  c     SE = 0
u_ctrl/u_aes/state_reg_114_ CLK     SI      hold_clk_rise   c     SE = 0
u_ctrl/u_aes/state_reg_114_ CLK     SI      setup_clk_rise  c     SE = 0
u_ctrl/u_aes/state_reg_114_ CLK     SE      hold_clk_rise   c     SE = 0
u_ctrl/u_aes/state_reg_114_ CLK     SE      setup_clk_rise  c     SE = 0
u_ctrl/u_aes/state_reg_96_  CLK     SI      hold_clk_rise   c     SE = 0
u_ctrl/u_aes/state_reg_96_  CLK     SI      setup_clk_rise  c     SE = 0
u_ctrl/u_aes/state_reg_96_  CLK     SE      hold_clk_rise   c     SE = 0
u_ctrl/u_aes/state_reg_96_  CLK     SE      setup_clk_rise  c     SE = 0
u_ctrl/u_aes/state_reg_97_  CLK     SI      hold_clk_rise   c     SE = 0
u_ctrl/u_aes/state_reg_97_  CLK     SI      setup_clk_rise  c     SE = 0
u_ctrl/u_aes/state_reg_97_  CLK     SE      hold_clk_rise   c     SE = 0
u_ctrl/u_aes/state_reg_97_  CLK     SE      setup_clk_rise  c     SE = 0
u_ctrl/u_aes/ct_out_reg_13_ CLK     SI      hold_clk_rise   c     SE = 0
u_ctrl/u_aes/ct_out_reg_13_ CLK     SI      setup_clk_rise  c     SE = 0
u_ctrl/u_aes/ct_out_reg_13_ CLK     SE      hold_clk_rise   c     SE = 0
u_ctrl/u_aes/ct_out_reg_13_ CLK     SE      setup_clk_rise  c     SE = 0
u_ctrl/u_aes/ct_out_reg_21_ CLK     SI      hold_clk_rise   c     SE = 0
u_ctrl/u_aes/ct_out_reg_21_ CLK     SI      setup_clk_rise  c     SE = 0
u_ctrl/u_aes/ct_out_reg_21_ CLK     SE      hold_clk_rise   c     SE = 0
u_ctrl/u_aes/ct_out_reg_21_ CLK     SE      setup_clk_rise  c     SE = 0
u_ctrl/u_aes/ct_out_reg_117_
                            CLK     SI      hold_clk_rise   c     SE = 0
u_ctrl/u_aes/ct_out_reg_117_
                            CLK     SI      setup_clk_rise  c     SE = 0
u_ctrl/u_aes/ct_out_reg_117_
                            CLK     SE      hold_clk_rise   c     SE = 0
u_ctrl/u_aes/ct_out_reg_117_
                            CLK     SE      setup_clk_rise  c     SE = 0
u_ctrl/u_aes/ct_out_reg_118_
                            CLK     SI      hold_clk_rise   c     SE = 0
u_ctrl/u_aes/ct_out_reg_118_
                            CLK     SI      setup_clk_rise  c     SE = 0
u_ctrl/u_aes/ct_out_reg_118_
                            CLK     SE      hold_clk_rise   c     SE = 0
u_ctrl/u_aes/ct_out_reg_118_
                            CLK     SE      setup_clk_rise  c     SE = 0
u_ctrl/u_aes/ct_out_reg_119_
                            CLK     SI      hold_clk_rise   c     SE = 0
u_ctrl/u_aes/ct_out_reg_119_
                            CLK     SI      setup_clk_rise  c     SE = 0
u_ctrl/u_aes/ct_out_reg_119_
                            CLK     SE      hold_clk_rise   c     SE = 0
u_ctrl/u_aes/ct_out_reg_119_
                            CLK     SE      setup_clk_rise  c     SE = 0
u_ctrl/u_rx/divcnt_reg_17_  CLK     SI      hold_clk_rise   c     SE = 0
u_ctrl/u_rx/divcnt_reg_17_  CLK     SI      setup_clk_rise  c     SE = 0
u_ctrl/u_rx/divcnt_reg_17_  CLK     SE      hold_clk_rise   c     SE = 0
u_ctrl/u_rx/divcnt_reg_17_  CLK     SE      setup_clk_rise  c     SE = 0
u_ctrl/u_tx/divcnt_reg_19_  CLK     SI      hold_clk_rise   c     SE = 0
u_ctrl/u_tx/divcnt_reg_19_  CLK     SI      setup_clk_rise  c     SE = 0
u_ctrl/u_tx/divcnt_reg_19_  CLK     SE      hold_clk_rise   c     SE = 0
u_ctrl/u_tx/divcnt_reg_19_  CLK     SE      setup_clk_rise  c     SE = 0
u_ctrl/u_tx/divcnt_reg_20_  CLK     SI      hold_clk_rise   c     SE = 0
u_ctrl/u_tx/divcnt_reg_20_  CLK     SI      setup_clk_rise  c     SE = 0
u_ctrl/u_tx/divcnt_reg_20_  CLK     SE      hold_clk_rise   c     SE = 0
u_ctrl/u_tx/divcnt_reg_20_  CLK     SE      setup_clk_rise  c     SE = 0
u_ctrl/u_aes/state_reg_21_  CLK     SI      hold_clk_rise   c     SE = 0
u_ctrl/u_aes/state_reg_21_  CLK     SI      setup_clk_rise  c     SE = 0
u_ctrl/u_aes/state_reg_21_  CLK     SE      hold_clk_rise   c     SE = 0
u_ctrl/u_aes/state_reg_21_  CLK     SE      setup_clk_rise  c     SE = 0
u_ctrl/u_aes/state_reg_25_  CLK     SI      hold_clk_rise   c     SE = 0
u_ctrl/u_aes/state_reg_25_  CLK     SI      setup_clk_rise  c     SE = 0
u_ctrl/u_aes/state_reg_25_  CLK     SE      hold_clk_rise   c     SE = 0
u_ctrl/u_aes/state_reg_25_  CLK     SE      setup_clk_rise  c     SE = 0
u_ctrl/u_aes/state_reg_30_  CLK     SI      hold_clk_rise   c     SE = 0
u_ctrl/u_aes/state_reg_30_  CLK     SI      setup_clk_rise  c     SE = 0
u_ctrl/u_aes/state_reg_30_  CLK     SE      hold_clk_rise   c     SE = 0
u_ctrl/u_aes/state_reg_30_  CLK     SE      setup_clk_rise  c     SE = 0
u_ctrl/u_aes/ct_out_reg_2_  CLK     SI      hold_clk_rise   c     SE = 0
u_ctrl/u_aes/ct_out_reg_2_  CLK     SI      setup_clk_rise  c     SE = 0
u_ctrl/u_aes/ct_out_reg_2_  CLK     SE      hold_clk_rise   c     SE = 0
u_ctrl/u_aes/ct_out_reg_2_  CLK     SE      setup_clk_rise  c     SE = 0
u_ctrl/u_aes/state_reg_40_  CLK     SI      hold_clk_rise   c     SE = 0
u_ctrl/u_aes/state_reg_40_  CLK     SI      setup_clk_rise  c     SE = 0
u_ctrl/u_aes/state_reg_40_  CLK     SE      hold_clk_rise   c     SE = 0
u_ctrl/u_aes/state_reg_40_  CLK     SE      setup_clk_rise  c     SE = 0
u_ctrl/u_aes/ct_out_reg_61_ CLK     SI      hold_clk_rise   c     SE = 0
u_ctrl/u_aes/ct_out_reg_61_ CLK     SI      setup_clk_rise  c     SE = 0
u_ctrl/u_aes/ct_out_reg_61_ CLK     SE      hold_clk_rise   c     SE = 0
u_ctrl/u_aes/ct_out_reg_61_ CLK     SE      setup_clk_rise  c     SE = 0
u_ctrl/u_aes/ct_out_reg_62_ CLK     SI      hold_clk_rise   c     SE = 0
u_ctrl/u_aes/ct_out_reg_62_ CLK     SI      setup_clk_rise  c     SE = 0
u_ctrl/u_aes/ct_out_reg_62_ CLK     SE      hold_clk_rise   c     SE = 0
u_ctrl/u_aes/ct_out_reg_62_ CLK     SE      setup_clk_rise  c     SE = 0
u_ctrl/u_aes/ct_out_reg_63_ CLK     SI      hold_clk_rise   c     SE = 0
u_ctrl/u_aes/ct_out_reg_63_ CLK     SI      setup_clk_rise  c     SE = 0
u_ctrl/u_aes/ct_out_reg_63_ CLK     SE      hold_clk_rise   c     SE = 0
u_ctrl/u_aes/ct_out_reg_63_ CLK     SE      setup_clk_rise  c     SE = 0
u_ctrl/u_aes/ct_out_reg_64_ CLK     SI      hold_clk_rise   c     SE = 0
u_ctrl/u_aes/ct_out_reg_64_ CLK     SI      setup_clk_rise  c     SE = 0
u_ctrl/u_aes/ct_out_reg_64_ CLK     SE      hold_clk_rise   c     SE = 0
u_ctrl/u_aes/ct_out_reg_64_ CLK     SE      setup_clk_rise  c     SE = 0
u_ctrl/u_aes/ct_out_reg_65_ CLK     SI      hold_clk_rise   c     SE = 0
u_ctrl/u_aes/ct_out_reg_65_ CLK     SI      setup_clk_rise  c     SE = 0
u_ctrl/u_aes/ct_out_reg_65_ CLK     SE      hold_clk_rise   c     SE = 0
u_ctrl/u_aes/ct_out_reg_65_ CLK     SE      setup_clk_rise  c     SE = 0
u_ctrl/u_aes/ct_out_reg_67_ CLK     SI      hold_clk_rise   c     SE = 0
u_ctrl/u_aes/ct_out_reg_67_ CLK     SI      setup_clk_rise  c     SE = 0
u_ctrl/u_aes/ct_out_reg_67_ CLK     SE      hold_clk_rise   c     SE = 0
u_ctrl/u_aes/ct_out_reg_67_ CLK     SE      setup_clk_rise  c     SE = 0
u_ctrl/u_aes/state_reg_69_  CLK     SI      hold_clk_rise   c     SE = 0
u_ctrl/u_aes/state_reg_69_  CLK     SI      setup_clk_rise  c     SE = 0
u_ctrl/u_aes/state_reg_69_  CLK     SE      hold_clk_rise   c     SE = 0
u_ctrl/u_aes/state_reg_69_  CLK     SE      setup_clk_rise  c     SE = 0
u_ctrl/u_aes/ct_out_reg_82_ CLK     SI      hold_clk_rise   c     SE = 0
u_ctrl/u_aes/ct_out_reg_82_ CLK     SI      setup_clk_rise  c     SE = 0
u_ctrl/u_aes/ct_out_reg_82_ CLK     SE      hold_clk_rise   c     SE = 0
u_ctrl/u_aes/ct_out_reg_82_ CLK     SE      setup_clk_rise  c     SE = 0
u_ctrl/u_aes/state_reg_104_ CLK     SI      hold_clk_rise   c     SE = 0
u_ctrl/u_aes/state_reg_104_ CLK     SI      setup_clk_rise  c     SE = 0
u_ctrl/u_aes/state_reg_104_ CLK     SE      hold_clk_rise   c     SE = 0
u_ctrl/u_aes/state_reg_104_ CLK     SE      setup_clk_rise  c     SE = 0
u_ctrl/u_aes/state_reg_105_ CLK     SI      hold_clk_rise   c     SE = 0
u_ctrl/u_aes/state_reg_105_ CLK     SI      setup_clk_rise  c     SE = 0
u_ctrl/u_aes/state_reg_105_ CLK     SE      hold_clk_rise   c     SE = 0
u_ctrl/u_aes/state_reg_105_ CLK     SE      setup_clk_rise  c     SE = 0
u_ctrl/u_aes/state_reg_6_   CLK     SI      hold_clk_rise   c     SE = 0
u_ctrl/u_aes/state_reg_6_   CLK     SI      setup_clk_rise  c     SE = 0
u_ctrl/u_aes/state_reg_6_   CLK     SE      hold_clk_rise   c     SE = 0
u_ctrl/u_aes/state_reg_6_   CLK     SE      setup_clk_rise  c     SE = 0
u_ctrl/u_aes/state_reg_7_   CLK     SI      hold_clk_rise   c     SE = 0
u_ctrl/u_aes/state_reg_7_   CLK     SI      setup_clk_rise  c     SE = 0
u_ctrl/u_aes/state_reg_7_   CLK     SE      hold_clk_rise   c     SE = 0
u_ctrl/u_aes/state_reg_7_   CLK     SE      setup_clk_rise  c     SE = 0
u_ctrl/u_aes/state_reg_84_  CLK     SI      hold_clk_rise   c     SE = 0
u_ctrl/u_aes/state_reg_84_  CLK     SI      setup_clk_rise  c     SE = 0
u_ctrl/u_aes/state_reg_84_  CLK     SE      hold_clk_rise   c     SE = 0
u_ctrl/u_aes/state_reg_84_  CLK     SE      setup_clk_rise  c     SE = 0
u_ctrl/u_aes/state_reg_98_  CLK     SI      hold_clk_rise   c     SE = 0
u_ctrl/u_aes/state_reg_98_  CLK     SI      setup_clk_rise  c     SE = 0
u_ctrl/u_aes/state_reg_98_  CLK     SE      hold_clk_rise   c     SE = 0
u_ctrl/u_aes/state_reg_98_  CLK     SE      setup_clk_rise  c     SE = 0
u_ctrl/u_aes/state_reg_99_  CLK     SI      hold_clk_rise   c     SE = 0
u_ctrl/u_aes/state_reg_99_  CLK     SI      setup_clk_rise  c     SE = 0
u_ctrl/u_aes/state_reg_99_  CLK     SE      hold_clk_rise   c     SE = 0
u_ctrl/u_aes/state_reg_99_  CLK     SE      setup_clk_rise  c     SE = 0
u_ctrl/u_aes/state_reg_13_  CLK     SI      hold_clk_rise   c     SE = 0
u_ctrl/u_aes/state_reg_13_  CLK     SI      setup_clk_rise  c     SE = 0
u_ctrl/u_aes/state_reg_13_  CLK     SE      hold_clk_rise   c     SE = 0
u_ctrl/u_aes/state_reg_13_  CLK     SE      setup_clk_rise  c     SE = 0
u_ctrl/u_aes/state_reg_17_  CLK     SI      hold_clk_rise   c     SE = 0
u_ctrl/u_aes/state_reg_17_  CLK     SI      setup_clk_rise  c     SE = 0
u_ctrl/u_aes/state_reg_17_  CLK     SE      hold_clk_rise   c     SE = 0
u_ctrl/u_aes/state_reg_17_  CLK     SE      setup_clk_rise  c     SE = 0
u_ctrl/u_aes/ct_out_reg_116_
                            CLK     SI      hold_clk_rise   c     SE = 0
u_ctrl/u_aes/ct_out_reg_116_
                            CLK     SI      setup_clk_rise  c     SE = 0
u_ctrl/u_aes/ct_out_reg_116_
                            CLK     SE      hold_clk_rise   c     SE = 0
u_ctrl/u_aes/ct_out_reg_116_
                            CLK     SE      setup_clk_rise  c     SE = 0
u_ctrl/u_rx/divcnt_reg_18_  CLK     SI      hold_clk_rise   c     SE = 0
u_ctrl/u_rx/divcnt_reg_18_  CLK     SI      setup_clk_rise  c     SE = 0
u_ctrl/u_rx/divcnt_reg_18_  CLK     SE      hold_clk_rise   c     SE = 0
u_ctrl/u_rx/divcnt_reg_18_  CLK     SE      setup_clk_rise  c     SE = 0
u_ctrl/u_tx/divcnt_reg_21_  CLK     SI      hold_clk_rise   c     SE = 0
u_ctrl/u_tx/divcnt_reg_21_  CLK     SI      setup_clk_rise  c     SE = 0
u_ctrl/u_tx/divcnt_reg_21_  CLK     SE      hold_clk_rise   c     SE = 0
u_ctrl/u_tx/divcnt_reg_21_  CLK     SE      setup_clk_rise  c     SE = 0
u_ctrl/u_tx/divcnt_reg_22_  CLK     SI      hold_clk_rise   c     SE = 0
u_ctrl/u_tx/divcnt_reg_22_  CLK     SI      setup_clk_rise  c     SE = 0
u_ctrl/u_tx/divcnt_reg_22_  CLK     SE      hold_clk_rise   c     SE = 0
u_ctrl/u_tx/divcnt_reg_22_  CLK     SE      setup_clk_rise  c     SE = 0
u_ctrl/u_aes/state_reg_23_  CLK     SI      hold_clk_rise   c     SE = 0
u_ctrl/u_aes/state_reg_23_  CLK     SI      setup_clk_rise  c     SE = 0
u_ctrl/u_aes/state_reg_23_  CLK     SE      hold_clk_rise   c     SE = 0
u_ctrl/u_aes/state_reg_23_  CLK     SE      setup_clk_rise  c     SE = 0
u_ctrl/u_aes/state_reg_33_  CLK     SI      hold_clk_rise   c     SE = 0
u_ctrl/u_aes/state_reg_33_  CLK     SI      setup_clk_rise  c     SE = 0
u_ctrl/u_aes/state_reg_33_  CLK     SE      hold_clk_rise   c     SE = 0
u_ctrl/u_aes/state_reg_33_  CLK     SE      setup_clk_rise  c     SE = 0
u_ctrl/u_aes/state_reg_34_  CLK     SI      hold_clk_rise   c     SE = 0
u_ctrl/u_aes/state_reg_34_  CLK     SI      setup_clk_rise  c     SE = 0
u_ctrl/u_aes/state_reg_34_  CLK     SE      hold_clk_rise   c     SE = 0
u_ctrl/u_aes/state_reg_34_  CLK     SE      setup_clk_rise  c     SE = 0
u_ctrl/u_aes/state_reg_39_  CLK     SI      hold_clk_rise   c     SE = 0
u_ctrl/u_aes/state_reg_39_  CLK     SI      setup_clk_rise  c     SE = 0
u_ctrl/u_aes/state_reg_39_  CLK     SE      hold_clk_rise   c     SE = 0
u_ctrl/u_aes/state_reg_39_  CLK     SE      setup_clk_rise  c     SE = 0
u_ctrl/u_aes/state_reg_45_  CLK     SI      hold_clk_rise   c     SE = 0
u_ctrl/u_aes/state_reg_45_  CLK     SI      setup_clk_rise  c     SE = 0
u_ctrl/u_aes/state_reg_45_  CLK     SE      hold_clk_rise   c     SE = 0
u_ctrl/u_aes/state_reg_45_  CLK     SE      setup_clk_rise  c     SE = 0
u_ctrl/u_aes/state_reg_47_  CLK     SI      hold_clk_rise   c     SE = 0
u_ctrl/u_aes/state_reg_47_  CLK     SI      setup_clk_rise  c     SE = 0
u_ctrl/u_aes/state_reg_47_  CLK     SE      hold_clk_rise   c     SE = 0
u_ctrl/u_aes/state_reg_47_  CLK     SE      setup_clk_rise  c     SE = 0
u_ctrl/u_aes/state_reg_48_  CLK     SI      hold_clk_rise   c     SE = 0
u_ctrl/u_aes/state_reg_48_  CLK     SI      setup_clk_rise  c     SE = 0
u_ctrl/u_aes/state_reg_48_  CLK     SE      hold_clk_rise   c     SE = 0
u_ctrl/u_aes/state_reg_48_  CLK     SE      setup_clk_rise  c     SE = 0
u_ctrl/u_aes/state_reg_49_  CLK     SI      hold_clk_rise   c     SE = 0
u_ctrl/u_aes/state_reg_49_  CLK     SI      setup_clk_rise  c     SE = 0
u_ctrl/u_aes/state_reg_49_  CLK     SE      hold_clk_rise   c     SE = 0
u_ctrl/u_aes/state_reg_49_  CLK     SE      setup_clk_rise  c     SE = 0
u_ctrl/u_aes/state_reg_51_  CLK     SI      hold_clk_rise   c     SE = 0
u_ctrl/u_aes/state_reg_51_  CLK     SI      setup_clk_rise  c     SE = 0
u_ctrl/u_aes/state_reg_51_  CLK     SE      hold_clk_rise   c     SE = 0
u_ctrl/u_aes/state_reg_51_  CLK     SE      setup_clk_rise  c     SE = 0
u_ctrl/u_aes/ct_out_reg_68_ CLK     SI      hold_clk_rise   c     SE = 0
u_ctrl/u_aes/ct_out_reg_68_ CLK     SI      setup_clk_rise  c     SE = 0
u_ctrl/u_aes/ct_out_reg_68_ CLK     SE      hold_clk_rise   c     SE = 0
u_ctrl/u_aes/ct_out_reg_68_ CLK     SE      setup_clk_rise  c     SE = 0
u_ctrl/u_aes/state_reg_54_  CLK     SI      hold_clk_rise   c     SE = 0
u_ctrl/u_aes/state_reg_54_  CLK     SI      setup_clk_rise  c     SE = 0
u_ctrl/u_aes/state_reg_54_  CLK     SE      hold_clk_rise   c     SE = 0
u_ctrl/u_aes/state_reg_54_  CLK     SE      setup_clk_rise  c     SE = 0
u_ctrl/u_aes/state_reg_58_  CLK     SI      hold_clk_rise   c     SE = 0
u_ctrl/u_aes/state_reg_58_  CLK     SI      setup_clk_rise  c     SE = 0
u_ctrl/u_aes/state_reg_58_  CLK     SE      hold_clk_rise   c     SE = 0
u_ctrl/u_aes/state_reg_58_  CLK     SE      setup_clk_rise  c     SE = 0
u_ctrl/u_aes/state_reg_59_  CLK     SI      hold_clk_rise   c     SE = 0
u_ctrl/u_aes/state_reg_59_  CLK     SI      setup_clk_rise  c     SE = 0
u_ctrl/u_aes/state_reg_59_  CLK     SE      hold_clk_rise   c     SE = 0
u_ctrl/u_aes/state_reg_59_  CLK     SE      setup_clk_rise  c     SE = 0
u_ctrl/u_aes/state_reg_61_  CLK     SI      hold_clk_rise   c     SE = 0
u_ctrl/u_aes/state_reg_61_  CLK     SI      setup_clk_rise  c     SE = 0
u_ctrl/u_aes/state_reg_61_  CLK     SE      hold_clk_rise   c     SE = 0
u_ctrl/u_aes/state_reg_61_  CLK     SE      setup_clk_rise  c     SE = 0
u_ctrl/u_aes/state_reg_63_  CLK     SI      hold_clk_rise   c     SE = 0
u_ctrl/u_aes/state_reg_63_  CLK     SI      setup_clk_rise  c     SE = 0
u_ctrl/u_aes/state_reg_63_  CLK     SE      hold_clk_rise   c     SE = 0
u_ctrl/u_aes/state_reg_63_  CLK     SE      setup_clk_rise  c     SE = 0
u_ctrl/u_aes/state_reg_71_  CLK     SI      hold_clk_rise   c     SE = 0
u_ctrl/u_aes/state_reg_71_  CLK     SI      setup_clk_rise  c     SE = 0
u_ctrl/u_aes/state_reg_71_  CLK     SE      hold_clk_rise   c     SE = 0
u_ctrl/u_aes/state_reg_71_  CLK     SE      setup_clk_rise  c     SE = 0
u_ctrl/u_aes/state_reg_100_ CLK     SI      hold_clk_rise   c     SE = 0
u_ctrl/u_aes/state_reg_100_ CLK     SI      setup_clk_rise  c     SE = 0
u_ctrl/u_aes/state_reg_100_ CLK     SE      hold_clk_rise   c     SE = 0
u_ctrl/u_aes/state_reg_100_ CLK     SE      setup_clk_rise  c     SE = 0
u_ctrl/u_aes/state_reg_79_  CLK     SI      hold_clk_rise   c     SE = 0
u_ctrl/u_aes/state_reg_79_  CLK     SI      setup_clk_rise  c     SE = 0
u_ctrl/u_aes/state_reg_79_  CLK     SE      hold_clk_rise   c     SE = 0
u_ctrl/u_aes/state_reg_79_  CLK     SE      setup_clk_rise  c     SE = 0
u_ctrl/u_aes/state_reg_0_   CLK     SI      hold_clk_rise   c     SE = 0
u_ctrl/u_aes/state_reg_0_   CLK     SI      setup_clk_rise  c     SE = 0
u_ctrl/u_aes/state_reg_0_   CLK     SE      hold_clk_rise   c     SE = 0
u_ctrl/u_aes/state_reg_0_   CLK     SE      setup_clk_rise  c     SE = 0
u_ctrl/u_aes/state_reg_107_ CLK     SI      hold_clk_rise   c     SE = 0
u_ctrl/u_aes/state_reg_107_ CLK     SI      setup_clk_rise  c     SE = 0
u_ctrl/u_aes/state_reg_107_ CLK     SE      hold_clk_rise   c     SE = 0
u_ctrl/u_aes/state_reg_107_ CLK     SE      setup_clk_rise  c     SE = 0
u_ctrl/u_aes/state_reg_1_   CLK     SI      hold_clk_rise   c     SE = 0
u_ctrl/u_aes/state_reg_1_   CLK     SI      setup_clk_rise  c     SE = 0
u_ctrl/u_aes/state_reg_1_   CLK     SE      hold_clk_rise   c     SE = 0
u_ctrl/u_aes/state_reg_1_   CLK     SE      setup_clk_rise  c     SE = 0
u_ctrl/u_aes/state_reg_2_   CLK     SI      hold_clk_rise   c     SE = 0
u_ctrl/u_aes/state_reg_2_   CLK     SI      setup_clk_rise  c     SE = 0
u_ctrl/u_aes/state_reg_2_   CLK     SE      hold_clk_rise   c     SE = 0
u_ctrl/u_aes/state_reg_2_   CLK     SE      setup_clk_rise  c     SE = 0
u_ctrl/u_aes/state_reg_4_   CLK     SI      hold_clk_rise   c     SE = 0
u_ctrl/u_aes/state_reg_4_   CLK     SI      setup_clk_rise  c     SE = 0
u_ctrl/u_aes/state_reg_4_   CLK     SE      hold_clk_rise   c     SE = 0
u_ctrl/u_aes/state_reg_4_   CLK     SE      setup_clk_rise  c     SE = 0
u_ctrl/u_aes/state_reg_9_   CLK     SI      hold_clk_rise   c     SE = 0
u_ctrl/u_aes/state_reg_9_   CLK     SI      setup_clk_rise  c     SE = 0
u_ctrl/u_aes/state_reg_9_   CLK     SE      hold_clk_rise   c     SE = 0
u_ctrl/u_aes/state_reg_9_   CLK     SE      setup_clk_rise  c     SE = 0
u_ctrl/u_aes/state_reg_115_ CLK     SI      hold_clk_rise   c     SE = 0
u_ctrl/u_aes/state_reg_115_ CLK     SI      setup_clk_rise  c     SE = 0
u_ctrl/u_aes/state_reg_115_ CLK     SE      hold_clk_rise   c     SE = 0
u_ctrl/u_aes/state_reg_115_ CLK     SE      setup_clk_rise  c     SE = 0
u_ctrl/u_aes/state_reg_117_ CLK     SI      hold_clk_rise   c     SE = 0
u_ctrl/u_aes/state_reg_117_ CLK     SI      setup_clk_rise  c     SE = 0
u_ctrl/u_aes/state_reg_117_ CLK     SE      hold_clk_rise   c     SE = 0
u_ctrl/u_aes/state_reg_117_ CLK     SE      setup_clk_rise  c     SE = 0
u_ctrl/u_aes/state_reg_119_ CLK     SI      hold_clk_rise   c     SE = 0
u_ctrl/u_aes/state_reg_119_ CLK     SI      setup_clk_rise  c     SE = 0
u_ctrl/u_aes/state_reg_119_ CLK     SE      hold_clk_rise   c     SE = 0
u_ctrl/u_aes/state_reg_119_ CLK     SE      setup_clk_rise  c     SE = 0
u_ctrl/u_aes/state_reg_92_  CLK     SI      hold_clk_rise   c     SE = 0
u_ctrl/u_aes/state_reg_92_  CLK     SI      setup_clk_rise  c     SE = 0
u_ctrl/u_aes/state_reg_92_  CLK     SE      hold_clk_rise   c     SE = 0
u_ctrl/u_aes/state_reg_92_  CLK     SE      setup_clk_rise  c     SE = 0
u_ctrl/u_aes/state_reg_95_  CLK     SI      hold_clk_rise   c     SE = 0
u_ctrl/u_aes/state_reg_95_  CLK     SI      setup_clk_rise  c     SE = 0
u_ctrl/u_aes/state_reg_95_  CLK     SE      hold_clk_rise   c     SE = 0
u_ctrl/u_aes/state_reg_95_  CLK     SE      setup_clk_rise  c     SE = 0
u_ctrl/u_aes/state_reg_122_ CLK     SI      hold_clk_rise   c     SE = 0
u_ctrl/u_aes/state_reg_122_ CLK     SI      setup_clk_rise  c     SE = 0
u_ctrl/u_aes/state_reg_122_ CLK     SE      hold_clk_rise   c     SE = 0
u_ctrl/u_aes/state_reg_122_ CLK     SE      setup_clk_rise  c     SE = 0
u_ctrl/u_aes/state_reg_127_ CLK     SI      hold_clk_rise   c     SE = 0
u_ctrl/u_aes/state_reg_127_ CLK     SI      setup_clk_rise  c     SE = 0
u_ctrl/u_aes/state_reg_127_ CLK     SE      hold_clk_rise   c     SE = 0
u_ctrl/u_aes/state_reg_127_ CLK     SE      setup_clk_rise  c     SE = 0
u_ctrl/u_aes/state_reg_10_  CLK     SI      hold_clk_rise   c     SE = 0
u_ctrl/u_aes/state_reg_10_  CLK     SI      setup_clk_rise  c     SE = 0
u_ctrl/u_aes/state_reg_10_  CLK     SE      hold_clk_rise   c     SE = 0
u_ctrl/u_aes/state_reg_10_  CLK     SE      setup_clk_rise  c     SE = 0
u_ctrl/u_rx/divcnt_reg_19_  CLK     SI      hold_clk_rise   c     SE = 0
u_ctrl/u_rx/divcnt_reg_19_  CLK     SI      setup_clk_rise  c     SE = 0
u_ctrl/u_rx/divcnt_reg_19_  CLK     SE      hold_clk_rise   c     SE = 0
u_ctrl/u_rx/divcnt_reg_19_  CLK     SE      setup_clk_rise  c     SE = 0
u_ctrl/u_tx/divcnt_reg_23_  CLK     SI      hold_clk_rise   c     SE = 0
u_ctrl/u_tx/divcnt_reg_23_  CLK     SI      setup_clk_rise  c     SE = 0
u_ctrl/u_tx/divcnt_reg_23_  CLK     SE      hold_clk_rise   c     SE = 0
u_ctrl/u_tx/divcnt_reg_23_  CLK     SE      setup_clk_rise  c     SE = 0
u_ctrl/u_tx/divcnt_reg_24_  CLK     SI      hold_clk_rise   c     SE = 0
u_ctrl/u_tx/divcnt_reg_24_  CLK     SI      setup_clk_rise  c     SE = 0
u_ctrl/u_tx/divcnt_reg_24_  CLK     SE      hold_clk_rise   c     SE = 0
u_ctrl/u_tx/divcnt_reg_24_  CLK     SE      setup_clk_rise  c     SE = 0
u_ctrl/u_aes/state_reg_22_  CLK     SI      hold_clk_rise   c     SE = 0
u_ctrl/u_aes/state_reg_22_  CLK     SI      setup_clk_rise  c     SE = 0
u_ctrl/u_aes/state_reg_22_  CLK     SE      hold_clk_rise   c     SE = 0
u_ctrl/u_aes/state_reg_22_  CLK     SE      setup_clk_rise  c     SE = 0
u_ctrl/u_aes/state_reg_24_  CLK     SI      hold_clk_rise   c     SE = 0
u_ctrl/u_aes/state_reg_24_  CLK     SI      setup_clk_rise  c     SE = 0
u_ctrl/u_aes/state_reg_24_  CLK     SE      hold_clk_rise   c     SE = 0
u_ctrl/u_aes/state_reg_24_  CLK     SE      setup_clk_rise  c     SE = 0
u_ctrl/u_aes/state_reg_27_  CLK     SI      hold_clk_rise   c     SE = 0
u_ctrl/u_aes/state_reg_27_  CLK     SI      setup_clk_rise  c     SE = 0
u_ctrl/u_aes/state_reg_27_  CLK     SE      hold_clk_rise   c     SE = 0
u_ctrl/u_aes/state_reg_27_  CLK     SE      setup_clk_rise  c     SE = 0
u_ctrl/u_aes/state_reg_28_  CLK     SI      hold_clk_rise   c     SE = 0
u_ctrl/u_aes/state_reg_28_  CLK     SI      setup_clk_rise  c     SE = 0
u_ctrl/u_aes/state_reg_28_  CLK     SE      hold_clk_rise   c     SE = 0
u_ctrl/u_aes/state_reg_28_  CLK     SE      setup_clk_rise  c     SE = 0
u_ctrl/u_aes/state_reg_29_  CLK     SI      hold_clk_rise   c     SE = 0
u_ctrl/u_aes/state_reg_29_  CLK     SI      setup_clk_rise  c     SE = 0
u_ctrl/u_aes/state_reg_29_  CLK     SE      hold_clk_rise   c     SE = 0
u_ctrl/u_aes/state_reg_29_  CLK     SE      setup_clk_rise  c     SE = 0
u_ctrl/u_aes/state_reg_31_  CLK     SI      hold_clk_rise   c     SE = 0
u_ctrl/u_aes/state_reg_31_  CLK     SI      setup_clk_rise  c     SE = 0
u_ctrl/u_aes/state_reg_31_  CLK     SE      hold_clk_rise   c     SE = 0
u_ctrl/u_aes/state_reg_31_  CLK     SE      setup_clk_rise  c     SE = 0
u_ctrl/u_aes/state_reg_36_  CLK     SI      hold_clk_rise   c     SE = 0
u_ctrl/u_aes/state_reg_36_  CLK     SI      setup_clk_rise  c     SE = 0
u_ctrl/u_aes/state_reg_36_  CLK     SE      hold_clk_rise   c     SE = 0
u_ctrl/u_aes/state_reg_36_  CLK     SE      setup_clk_rise  c     SE = 0
u_ctrl/u_aes/state_reg_41_  CLK     SI      hold_clk_rise   c     SE = 0
u_ctrl/u_aes/state_reg_41_  CLK     SI      setup_clk_rise  c     SE = 0
u_ctrl/u_aes/state_reg_41_  CLK     SE      hold_clk_rise   c     SE = 0
u_ctrl/u_aes/state_reg_41_  CLK     SE      setup_clk_rise  c     SE = 0
u_ctrl/u_aes/state_reg_43_  CLK     SI      hold_clk_rise   c     SE = 0
u_ctrl/u_aes/state_reg_43_  CLK     SI      setup_clk_rise  c     SE = 0
u_ctrl/u_aes/state_reg_43_  CLK     SE      hold_clk_rise   c     SE = 0
u_ctrl/u_aes/state_reg_43_  CLK     SE      setup_clk_rise  c     SE = 0
u_ctrl/u_aes/state_reg_50_  CLK     SI      hold_clk_rise   c     SE = 0
u_ctrl/u_aes/state_reg_50_  CLK     SI      setup_clk_rise  c     SE = 0
u_ctrl/u_aes/state_reg_50_  CLK     SE      hold_clk_rise   c     SE = 0
u_ctrl/u_aes/state_reg_50_  CLK     SE      setup_clk_rise  c     SE = 0
u_ctrl/u_aes/ct_out_reg_66_ CLK     SI      hold_clk_rise   c     SE = 0
u_ctrl/u_aes/ct_out_reg_66_ CLK     SI      setup_clk_rise  c     SE = 0
u_ctrl/u_aes/ct_out_reg_66_ CLK     SE      hold_clk_rise   c     SE = 0
u_ctrl/u_aes/ct_out_reg_66_ CLK     SE      setup_clk_rise  c     SE = 0
u_ctrl/u_aes/state_reg_52_  CLK     SI      hold_clk_rise   c     SE = 0
u_ctrl/u_aes/state_reg_52_  CLK     SI      setup_clk_rise  c     SE = 0
u_ctrl/u_aes/state_reg_52_  CLK     SE      hold_clk_rise   c     SE = 0
u_ctrl/u_aes/state_reg_52_  CLK     SE      setup_clk_rise  c     SE = 0
u_ctrl/u_aes/state_reg_53_  CLK     SI      hold_clk_rise   c     SE = 0
u_ctrl/u_aes/state_reg_53_  CLK     SI      setup_clk_rise  c     SE = 0
u_ctrl/u_aes/state_reg_53_  CLK     SE      hold_clk_rise   c     SE = 0
u_ctrl/u_aes/state_reg_53_  CLK     SE      setup_clk_rise  c     SE = 0
u_ctrl/u_aes/state_reg_57_  CLK     SI      hold_clk_rise   c     SE = 0
u_ctrl/u_aes/state_reg_57_  CLK     SI      setup_clk_rise  c     SE = 0
u_ctrl/u_aes/state_reg_57_  CLK     SE      hold_clk_rise   c     SE = 0
u_ctrl/u_aes/state_reg_57_  CLK     SE      setup_clk_rise  c     SE = 0
u_ctrl/u_aes/state_reg_60_  CLK     SI      hold_clk_rise   c     SE = 0
u_ctrl/u_aes/state_reg_60_  CLK     SI      setup_clk_rise  c     SE = 0
u_ctrl/u_aes/state_reg_60_  CLK     SE      hold_clk_rise   c     SE = 0
u_ctrl/u_aes/state_reg_60_  CLK     SE      setup_clk_rise  c     SE = 0
u_ctrl/u_aes/state_reg_62_  CLK     SI      hold_clk_rise   c     SE = 0
u_ctrl/u_aes/state_reg_62_  CLK     SI      setup_clk_rise  c     SE = 0
u_ctrl/u_aes/state_reg_62_  CLK     SE      hold_clk_rise   c     SE = 0
u_ctrl/u_aes/state_reg_62_  CLK     SE      setup_clk_rise  c     SE = 0
u_ctrl/u_aes/state_reg_64_  CLK     SI      hold_clk_rise   c     SE = 0
u_ctrl/u_aes/state_reg_64_  CLK     SI      setup_clk_rise  c     SE = 0
u_ctrl/u_aes/state_reg_64_  CLK     SE      hold_clk_rise   c     SE = 0
u_ctrl/u_aes/state_reg_64_  CLK     SE      setup_clk_rise  c     SE = 0
u_ctrl/u_aes/state_reg_66_  CLK     SI      hold_clk_rise   c     SE = 0
u_ctrl/u_aes/state_reg_66_  CLK     SI      setup_clk_rise  c     SE = 0
u_ctrl/u_aes/state_reg_66_  CLK     SE      hold_clk_rise   c     SE = 0
u_ctrl/u_aes/state_reg_66_  CLK     SE      setup_clk_rise  c     SE = 0
u_ctrl/u_aes/state_reg_68_  CLK     SI      hold_clk_rise   c     SE = 0
u_ctrl/u_aes/state_reg_68_  CLK     SI      setup_clk_rise  c     SE = 0
u_ctrl/u_aes/state_reg_68_  CLK     SE      hold_clk_rise   c     SE = 0
u_ctrl/u_aes/state_reg_68_  CLK     SE      setup_clk_rise  c     SE = 0
u_ctrl/u_aes/state_reg_70_  CLK     SI      hold_clk_rise   c     SE = 0
u_ctrl/u_aes/state_reg_70_  CLK     SI      setup_clk_rise  c     SE = 0
u_ctrl/u_aes/state_reg_70_  CLK     SE      hold_clk_rise   c     SE = 0
u_ctrl/u_aes/state_reg_70_  CLK     SE      setup_clk_rise  c     SE = 0
u_ctrl/u_aes/state_reg_72_  CLK     SI      hold_clk_rise   c     SE = 0
u_ctrl/u_aes/state_reg_72_  CLK     SI      setup_clk_rise  c     SE = 0
u_ctrl/u_aes/state_reg_72_  CLK     SE      hold_clk_rise   c     SE = 0
u_ctrl/u_aes/state_reg_72_  CLK     SE      setup_clk_rise  c     SE = 0
u_ctrl/u_aes/state_reg_77_  CLK     SI      hold_clk_rise   c     SE = 0
u_ctrl/u_aes/state_reg_77_  CLK     SI      setup_clk_rise  c     SE = 0
u_ctrl/u_aes/state_reg_77_  CLK     SE      hold_clk_rise   c     SE = 0
u_ctrl/u_aes/state_reg_77_  CLK     SE      setup_clk_rise  c     SE = 0
u_ctrl/u_aes/state_reg_102_ CLK     SI      hold_clk_rise   c     SE = 0
u_ctrl/u_aes/state_reg_102_ CLK     SI      setup_clk_rise  c     SE = 0
u_ctrl/u_aes/state_reg_102_ CLK     SE      hold_clk_rise   c     SE = 0
u_ctrl/u_aes/state_reg_102_ CLK     SE      setup_clk_rise  c     SE = 0
u_ctrl/u_aes/state_reg_106_ CLK     SI      hold_clk_rise   c     SE = 0
u_ctrl/u_aes/state_reg_106_ CLK     SI      setup_clk_rise  c     SE = 0
u_ctrl/u_aes/state_reg_106_ CLK     SE      hold_clk_rise   c     SE = 0
u_ctrl/u_aes/state_reg_106_ CLK     SE      setup_clk_rise  c     SE = 0
u_ctrl/u_aes/state_reg_108_ CLK     SI      hold_clk_rise   c     SE = 0
u_ctrl/u_aes/state_reg_108_ CLK     SI      setup_clk_rise  c     SE = 0
u_ctrl/u_aes/state_reg_108_ CLK     SE      hold_clk_rise   c     SE = 0
u_ctrl/u_aes/state_reg_108_ CLK     SE      setup_clk_rise  c     SE = 0
u_ctrl/u_aes/state_reg_3_   CLK     SI      hold_clk_rise   c     SE = 0
u_ctrl/u_aes/state_reg_3_   CLK     SI      setup_clk_rise  c     SE = 0
u_ctrl/u_aes/state_reg_3_   CLK     SE      hold_clk_rise   c     SE = 0
u_ctrl/u_aes/state_reg_3_   CLK     SE      setup_clk_rise  c     SE = 0
u_ctrl/u_aes/state_reg_5_   CLK     SI      hold_clk_rise   c     SE = 0
u_ctrl/u_aes/state_reg_5_   CLK     SI      setup_clk_rise  c     SE = 0
u_ctrl/u_aes/state_reg_5_   CLK     SE      hold_clk_rise   c     SE = 0
u_ctrl/u_aes/state_reg_5_   CLK     SE      setup_clk_rise  c     SE = 0
u_ctrl/u_aes/state_reg_8_   CLK     SI      hold_clk_rise   c     SE = 0
u_ctrl/u_aes/state_reg_8_   CLK     SI      setup_clk_rise  c     SE = 0
u_ctrl/u_aes/state_reg_8_   CLK     SE      hold_clk_rise   c     SE = 0
u_ctrl/u_aes/state_reg_8_   CLK     SE      setup_clk_rise  c     SE = 0
u_ctrl/u_aes/state_reg_80_  CLK     SI      hold_clk_rise   c     SE = 0
u_ctrl/u_aes/state_reg_80_  CLK     SI      setup_clk_rise  c     SE = 0
u_ctrl/u_aes/state_reg_80_  CLK     SE      hold_clk_rise   c     SE = 0
u_ctrl/u_aes/state_reg_80_  CLK     SE      setup_clk_rise  c     SE = 0
u_ctrl/u_aes/state_reg_110_ CLK     SI      hold_clk_rise   c     SE = 0
u_ctrl/u_aes/state_reg_110_ CLK     SI      setup_clk_rise  c     SE = 0
u_ctrl/u_aes/state_reg_110_ CLK     SE      hold_clk_rise   c     SE = 0
u_ctrl/u_aes/state_reg_110_ CLK     SE      setup_clk_rise  c     SE = 0
u_ctrl/u_aes/state_reg_86_  CLK     SI      hold_clk_rise   c     SE = 0
u_ctrl/u_aes/state_reg_86_  CLK     SI      setup_clk_rise  c     SE = 0
u_ctrl/u_aes/state_reg_86_  CLK     SE      hold_clk_rise   c     SE = 0
u_ctrl/u_aes/state_reg_86_  CLK     SE      setup_clk_rise  c     SE = 0
u_ctrl/u_aes/state_reg_87_  CLK     SI      hold_clk_rise   c     SE = 0
u_ctrl/u_aes/state_reg_87_  CLK     SI      setup_clk_rise  c     SE = 0
u_ctrl/u_aes/state_reg_87_  CLK     SE      hold_clk_rise   c     SE = 0
u_ctrl/u_aes/state_reg_87_  CLK     SE      setup_clk_rise  c     SE = 0
u_ctrl/u_aes/state_reg_88_  CLK     SI      hold_clk_rise   c     SE = 0
u_ctrl/u_aes/state_reg_88_  CLK     SI      setup_clk_rise  c     SE = 0
u_ctrl/u_aes/state_reg_88_  CLK     SE      hold_clk_rise   c     SE = 0
u_ctrl/u_aes/state_reg_88_  CLK     SE      setup_clk_rise  c     SE = 0
u_ctrl/u_aes/state_reg_113_ CLK     SI      hold_clk_rise   c     SE = 0
u_ctrl/u_aes/state_reg_113_ CLK     SI      setup_clk_rise  c     SE = 0
u_ctrl/u_aes/state_reg_113_ CLK     SE      hold_clk_rise   c     SE = 0
u_ctrl/u_aes/state_reg_113_ CLK     SE      setup_clk_rise  c     SE = 0
u_ctrl/u_aes/state_reg_89_  CLK     SI      hold_clk_rise   c     SE = 0
u_ctrl/u_aes/state_reg_89_  CLK     SI      setup_clk_rise  c     SE = 0
u_ctrl/u_aes/state_reg_89_  CLK     SE      hold_clk_rise   c     SE = 0
u_ctrl/u_aes/state_reg_89_  CLK     SE      setup_clk_rise  c     SE = 0
u_ctrl/u_aes/state_reg_116_ CLK     SI      hold_clk_rise   c     SE = 0
u_ctrl/u_aes/state_reg_116_ CLK     SI      setup_clk_rise  c     SE = 0
u_ctrl/u_aes/state_reg_116_ CLK     SE      hold_clk_rise   c     SE = 0
u_ctrl/u_aes/state_reg_116_ CLK     SE      setup_clk_rise  c     SE = 0
u_ctrl/u_aes/state_reg_118_ CLK     SI      hold_clk_rise   c     SE = 0
u_ctrl/u_aes/state_reg_118_ CLK     SI      setup_clk_rise  c     SE = 0
u_ctrl/u_aes/state_reg_118_ CLK     SE      hold_clk_rise   c     SE = 0
u_ctrl/u_aes/state_reg_118_ CLK     SE      setup_clk_rise  c     SE = 0
u_ctrl/u_aes/state_reg_94_  CLK     SI      hold_clk_rise   c     SE = 0
u_ctrl/u_aes/state_reg_94_  CLK     SI      setup_clk_rise  c     SE = 0
u_ctrl/u_aes/state_reg_94_  CLK     SE      hold_clk_rise   c     SE = 0
u_ctrl/u_aes/state_reg_94_  CLK     SE      setup_clk_rise  c     SE = 0
u_ctrl/u_aes/state_reg_125_ CLK     SI      hold_clk_rise   c     SE = 0
u_ctrl/u_aes/state_reg_125_ CLK     SI      setup_clk_rise  c     SE = 0
u_ctrl/u_aes/state_reg_125_ CLK     SE      hold_clk_rise   c     SE = 0
u_ctrl/u_aes/state_reg_125_ CLK     SE      setup_clk_rise  c     SE = 0
u_ctrl/u_aes/state_reg_11_  CLK     SI      hold_clk_rise   c     SE = 0
u_ctrl/u_aes/state_reg_11_  CLK     SI      setup_clk_rise  c     SE = 0
u_ctrl/u_aes/state_reg_11_  CLK     SE      hold_clk_rise   c     SE = 0
u_ctrl/u_aes/state_reg_11_  CLK     SE      setup_clk_rise  c     SE = 0
u_ctrl/u_aes/state_reg_14_  CLK     SI      hold_clk_rise   c     SE = 0
u_ctrl/u_aes/state_reg_14_  CLK     SI      setup_clk_rise  c     SE = 0
u_ctrl/u_aes/state_reg_14_  CLK     SE      hold_clk_rise   c     SE = 0
u_ctrl/u_aes/state_reg_14_  CLK     SE      setup_clk_rise  c     SE = 0
u_ctrl/u_aes/state_reg_15_  CLK     SI      hold_clk_rise   c     SE = 0
u_ctrl/u_aes/state_reg_15_  CLK     SI      setup_clk_rise  c     SE = 0
u_ctrl/u_aes/state_reg_15_  CLK     SE      hold_clk_rise   c     SE = 0
u_ctrl/u_aes/state_reg_15_  CLK     SE      setup_clk_rise  c     SE = 0
u_ctrl/u_aes/state_reg_16_  CLK     SI      hold_clk_rise   c     SE = 0
u_ctrl/u_aes/state_reg_16_  CLK     SI      setup_clk_rise  c     SE = 0
u_ctrl/u_aes/state_reg_16_  CLK     SE      hold_clk_rise   c     SE = 0
u_ctrl/u_aes/state_reg_16_  CLK     SE      setup_clk_rise  c     SE = 0
u_ctrl/u_aes/state_reg_19_  CLK     SI      hold_clk_rise   c     SE = 0
u_ctrl/u_aes/state_reg_19_  CLK     SI      setup_clk_rise  c     SE = 0
u_ctrl/u_aes/state_reg_19_  CLK     SE      hold_clk_rise   c     SE = 0
u_ctrl/u_aes/state_reg_19_  CLK     SE      setup_clk_rise  c     SE = 0
u_ctrl/u_rx/divcnt_reg_20_  CLK     SI      hold_clk_rise   c     SE = 0
u_ctrl/u_rx/divcnt_reg_20_  CLK     SI      setup_clk_rise  c     SE = 0
u_ctrl/u_rx/divcnt_reg_20_  CLK     SE      hold_clk_rise   c     SE = 0
u_ctrl/u_rx/divcnt_reg_20_  CLK     SE      setup_clk_rise  c     SE = 0
u_ctrl/u_tx/divcnt_reg_25_  CLK     SI      hold_clk_rise   c     SE = 0
u_ctrl/u_tx/divcnt_reg_25_  CLK     SI      setup_clk_rise  c     SE = 0
u_ctrl/u_tx/divcnt_reg_25_  CLK     SE      hold_clk_rise   c     SE = 0
u_ctrl/u_tx/divcnt_reg_25_  CLK     SE      setup_clk_rise  c     SE = 0
u_ctrl/u_tx/divcnt_reg_26_  CLK     SI      hold_clk_rise   c     SE = 0
u_ctrl/u_tx/divcnt_reg_26_  CLK     SI      setup_clk_rise  c     SE = 0
u_ctrl/u_tx/divcnt_reg_26_  CLK     SE      hold_clk_rise   c     SE = 0
u_ctrl/u_tx/divcnt_reg_26_  CLK     SE      setup_clk_rise  c     SE = 0
u_ctrl/u_aes/state_reg_26_  CLK     SI      hold_clk_rise   c     SE = 0
u_ctrl/u_aes/state_reg_26_  CLK     SI      setup_clk_rise  c     SE = 0
u_ctrl/u_aes/state_reg_26_  CLK     SE      hold_clk_rise   c     SE = 0
u_ctrl/u_aes/state_reg_26_  CLK     SE      setup_clk_rise  c     SE = 0
u_ctrl/u_aes/state_reg_32_  CLK     SI      hold_clk_rise   c     SE = 0
u_ctrl/u_aes/state_reg_32_  CLK     SI      setup_clk_rise  c     SE = 0
u_ctrl/u_aes/state_reg_32_  CLK     SE      hold_clk_rise   c     SE = 0
u_ctrl/u_aes/state_reg_32_  CLK     SE      setup_clk_rise  c     SE = 0
u_ctrl/u_aes/state_reg_35_  CLK     SI      hold_clk_rise   c     SE = 0
u_ctrl/u_aes/state_reg_35_  CLK     SI      setup_clk_rise  c     SE = 0
u_ctrl/u_aes/state_reg_35_  CLK     SE      hold_clk_rise   c     SE = 0
u_ctrl/u_aes/state_reg_35_  CLK     SE      setup_clk_rise  c     SE = 0
u_ctrl/u_aes/state_reg_37_  CLK     SI      hold_clk_rise   c     SE = 0
u_ctrl/u_aes/state_reg_37_  CLK     SI      setup_clk_rise  c     SE = 0
u_ctrl/u_aes/state_reg_37_  CLK     SE      hold_clk_rise   c     SE = 0
u_ctrl/u_aes/state_reg_37_  CLK     SE      setup_clk_rise  c     SE = 0
u_ctrl/u_aes/state_reg_42_  CLK     SI      hold_clk_rise   c     SE = 0
u_ctrl/u_aes/state_reg_42_  CLK     SI      setup_clk_rise  c     SE = 0
u_ctrl/u_aes/state_reg_42_  CLK     SE      hold_clk_rise   c     SE = 0
u_ctrl/u_aes/state_reg_42_  CLK     SE      setup_clk_rise  c     SE = 0
u_ctrl/u_aes/state_reg_44_  CLK     SI      hold_clk_rise   c     SE = 0
u_ctrl/u_aes/state_reg_44_  CLK     SI      setup_clk_rise  c     SE = 0
u_ctrl/u_aes/state_reg_44_  CLK     SE      hold_clk_rise   c     SE = 0
u_ctrl/u_aes/state_reg_44_  CLK     SE      setup_clk_rise  c     SE = 0
u_ctrl/u_aes/state_reg_46_  CLK     SI      hold_clk_rise   c     SE = 0
u_ctrl/u_aes/state_reg_46_  CLK     SI      setup_clk_rise  c     SE = 0
u_ctrl/u_aes/state_reg_46_  CLK     SE      hold_clk_rise   c     SE = 0
u_ctrl/u_aes/state_reg_46_  CLK     SE      setup_clk_rise  c     SE = 0
u_ctrl/u_aes/state_reg_55_  CLK     SI      hold_clk_rise   c     SE = 0
u_ctrl/u_aes/state_reg_55_  CLK     SI      setup_clk_rise  c     SE = 0
u_ctrl/u_aes/state_reg_55_  CLK     SE      hold_clk_rise   c     SE = 0
u_ctrl/u_aes/state_reg_55_  CLK     SE      setup_clk_rise  c     SE = 0
u_ctrl/u_aes/state_reg_56_  CLK     SI      hold_clk_rise   c     SE = 0
u_ctrl/u_aes/state_reg_56_  CLK     SI      setup_clk_rise  c     SE = 0
u_ctrl/u_aes/state_reg_56_  CLK     SE      hold_clk_rise   c     SE = 0
u_ctrl/u_aes/state_reg_56_  CLK     SE      setup_clk_rise  c     SE = 0
u_ctrl/u_aes/state_reg_65_  CLK     SI      hold_clk_rise   c     SE = 0
u_ctrl/u_aes/state_reg_65_  CLK     SI      setup_clk_rise  c     SE = 0
u_ctrl/u_aes/state_reg_65_  CLK     SE      hold_clk_rise   c     SE = 0
u_ctrl/u_aes/state_reg_65_  CLK     SE      setup_clk_rise  c     SE = 0
u_ctrl/u_aes/state_reg_73_  CLK     SI      hold_clk_rise   c     SE = 0
u_ctrl/u_aes/state_reg_73_  CLK     SI      setup_clk_rise  c     SE = 0
u_ctrl/u_aes/state_reg_73_  CLK     SE      hold_clk_rise   c     SE = 0
u_ctrl/u_aes/state_reg_73_  CLK     SE      setup_clk_rise  c     SE = 0
u_ctrl/u_aes/state_reg_101_ CLK     SI      hold_clk_rise   c     SE = 0
u_ctrl/u_aes/state_reg_101_ CLK     SI      setup_clk_rise  c     SE = 0
u_ctrl/u_aes/state_reg_101_ CLK     SE      hold_clk_rise   c     SE = 0
u_ctrl/u_aes/state_reg_101_ CLK     SE      setup_clk_rise  c     SE = 0
u_ctrl/u_aes/state_reg_81_  CLK     SI      hold_clk_rise   c     SE = 0
u_ctrl/u_aes/state_reg_81_  CLK     SI      setup_clk_rise  c     SE = 0
u_ctrl/u_aes/state_reg_81_  CLK     SE      hold_clk_rise   c     SE = 0
u_ctrl/u_aes/state_reg_81_  CLK     SE      setup_clk_rise  c     SE = 0
u_ctrl/u_aes/state_reg_83_  CLK     SI      hold_clk_rise   c     SE = 0
u_ctrl/u_aes/state_reg_83_  CLK     SI      setup_clk_rise  c     SE = 0
u_ctrl/u_aes/state_reg_83_  CLK     SE      hold_clk_rise   c     SE = 0
u_ctrl/u_aes/state_reg_83_  CLK     SE      setup_clk_rise  c     SE = 0
u_ctrl/u_aes/state_reg_111_ CLK     SI      hold_clk_rise   c     SE = 0
u_ctrl/u_aes/state_reg_111_ CLK     SI      setup_clk_rise  c     SE = 0
u_ctrl/u_aes/state_reg_111_ CLK     SE      hold_clk_rise   c     SE = 0
u_ctrl/u_aes/state_reg_111_ CLK     SE      setup_clk_rise  c     SE = 0
u_ctrl/u_aes/state_reg_90_  CLK     SI      hold_clk_rise   c     SE = 0
u_ctrl/u_aes/state_reg_90_  CLK     SI      setup_clk_rise  c     SE = 0
u_ctrl/u_aes/state_reg_90_  CLK     SE      hold_clk_rise   c     SE = 0
u_ctrl/u_aes/state_reg_90_  CLK     SE      setup_clk_rise  c     SE = 0
u_ctrl/u_aes/state_reg_93_  CLK     SI      hold_clk_rise   c     SE = 0
u_ctrl/u_aes/state_reg_93_  CLK     SI      setup_clk_rise  c     SE = 0
u_ctrl/u_aes/state_reg_93_  CLK     SE      hold_clk_rise   c     SE = 0
u_ctrl/u_aes/state_reg_93_  CLK     SE      setup_clk_rise  c     SE = 0
u_ctrl/u_aes/state_reg_124_ CLK     SI      hold_clk_rise   c     SE = 0
u_ctrl/u_aes/state_reg_124_ CLK     SI      setup_clk_rise  c     SE = 0
u_ctrl/u_aes/state_reg_124_ CLK     SE      hold_clk_rise   c     SE = 0
u_ctrl/u_aes/state_reg_124_ CLK     SE      setup_clk_rise  c     SE = 0
u_ctrl/u_aes/state_reg_12_  CLK     SI      hold_clk_rise   c     SE = 0
u_ctrl/u_aes/state_reg_12_  CLK     SI      setup_clk_rise  c     SE = 0
u_ctrl/u_aes/state_reg_12_  CLK     SE      hold_clk_rise   c     SE = 0
u_ctrl/u_aes/state_reg_12_  CLK     SE      setup_clk_rise  c     SE = 0
u_ctrl/u_aes/state_reg_18_  CLK     SI      hold_clk_rise   c     SE = 0
u_ctrl/u_aes/state_reg_18_  CLK     SI      setup_clk_rise  c     SE = 0
u_ctrl/u_aes/state_reg_18_  CLK     SE      hold_clk_rise   c     SE = 0
u_ctrl/u_aes/state_reg_18_  CLK     SE      setup_clk_rise  c     SE = 0
u_ctrl/u_rx/divcnt_reg_21_  CLK     SI      hold_clk_rise   c     SE = 0
u_ctrl/u_rx/divcnt_reg_21_  CLK     SI      setup_clk_rise  c     SE = 0
u_ctrl/u_rx/divcnt_reg_21_  CLK     SE      hold_clk_rise   c     SE = 0
u_ctrl/u_rx/divcnt_reg_21_  CLK     SE      setup_clk_rise  c     SE = 0
u_ctrl/u_tx/divcnt_reg_28_  CLK     SI      hold_clk_rise   c     SE = 0
u_ctrl/u_tx/divcnt_reg_28_  CLK     SI      setup_clk_rise  c     SE = 0
u_ctrl/u_tx/divcnt_reg_28_  CLK     SE      hold_clk_rise   c     SE = 0
u_ctrl/u_tx/divcnt_reg_28_  CLK     SE      setup_clk_rise  c     SE = 0
u_ctrl/u_tx/divcnt_reg_27_  CLK     SI      hold_clk_rise   c     SE = 0
u_ctrl/u_tx/divcnt_reg_27_  CLK     SI      setup_clk_rise  c     SE = 0
u_ctrl/u_tx/divcnt_reg_27_  CLK     SE      hold_clk_rise   c     SE = 0
u_ctrl/u_tx/divcnt_reg_27_  CLK     SE      setup_clk_rise  c     SE = 0
u_ctrl/u_aes/state_reg_78_  CLK     SI      hold_clk_rise   c     SE = 0
u_ctrl/u_aes/state_reg_78_  CLK     SI      setup_clk_rise  c     SE = 0
u_ctrl/u_aes/state_reg_78_  CLK     SE      hold_clk_rise   c     SE = 0
u_ctrl/u_aes/state_reg_78_  CLK     SE      setup_clk_rise  c     SE = 0
u_ctrl/u_aes/state_reg_103_ CLK     SI      hold_clk_rise   c     SE = 0
u_ctrl/u_aes/state_reg_103_ CLK     SI      setup_clk_rise  c     SE = 0
u_ctrl/u_aes/state_reg_103_ CLK     SE      hold_clk_rise   c     SE = 0
u_ctrl/u_aes/state_reg_103_ CLK     SE      setup_clk_rise  c     SE = 0
u_ctrl/u_aes/state_reg_109_ CLK     SI      hold_clk_rise   c     SE = 0
u_ctrl/u_aes/state_reg_109_ CLK     SI      setup_clk_rise  c     SE = 0
u_ctrl/u_aes/state_reg_109_ CLK     SE      hold_clk_rise   c     SE = 0
u_ctrl/u_aes/state_reg_109_ CLK     SE      setup_clk_rise  c     SE = 0
u_ctrl/u_aes/state_reg_82_  CLK     SI      hold_clk_rise   c     SE = 0
u_ctrl/u_aes/state_reg_82_  CLK     SI      setup_clk_rise  c     SE = 0
u_ctrl/u_aes/state_reg_82_  CLK     SE      hold_clk_rise   c     SE = 0
u_ctrl/u_aes/state_reg_82_  CLK     SE      setup_clk_rise  c     SE = 0
u_ctrl/u_aes/state_reg_85_  CLK     SI      hold_clk_rise   c     SE = 0
u_ctrl/u_aes/state_reg_85_  CLK     SI      setup_clk_rise  c     SE = 0
u_ctrl/u_aes/state_reg_85_  CLK     SE      hold_clk_rise   c     SE = 0
u_ctrl/u_aes/state_reg_85_  CLK     SE      setup_clk_rise  c     SE = 0
u_ctrl/u_aes/state_reg_91_  CLK     SI      hold_clk_rise   c     SE = 0
u_ctrl/u_aes/state_reg_91_  CLK     SI      setup_clk_rise  c     SE = 0
u_ctrl/u_aes/state_reg_91_  CLK     SE      hold_clk_rise   c     SE = 0
u_ctrl/u_aes/state_reg_91_  CLK     SE      setup_clk_rise  c     SE = 0
u_ctrl/u_aes/state_reg_120_ CLK     SI      hold_clk_rise   c     SE = 0
u_ctrl/u_aes/state_reg_120_ CLK     SI      setup_clk_rise  c     SE = 0
u_ctrl/u_aes/state_reg_120_ CLK     SE      hold_clk_rise   c     SE = 0
u_ctrl/u_aes/state_reg_120_ CLK     SE      setup_clk_rise  c     SE = 0
u_ctrl/u_aes/state_reg_123_ CLK     SI      hold_clk_rise   c     SE = 0
u_ctrl/u_aes/state_reg_123_ CLK     SI      setup_clk_rise  c     SE = 0
u_ctrl/u_aes/state_reg_123_ CLK     SE      hold_clk_rise   c     SE = 0
u_ctrl/u_aes/state_reg_123_ CLK     SE      setup_clk_rise  c     SE = 0
u_ctrl/u_rx/divcnt_reg_22_  CLK     SI      hold_clk_rise   c     SE = 0
u_ctrl/u_rx/divcnt_reg_22_  CLK     SI      setup_clk_rise  c     SE = 0
u_ctrl/u_rx/divcnt_reg_22_  CLK     SE      hold_clk_rise   c     SE = 0
u_ctrl/u_rx/divcnt_reg_22_  CLK     SE      setup_clk_rise  c     SE = 0
u_ctrl/u_tx/divcnt_reg_29_  CLK     SI      hold_clk_rise   c     SE = 0
u_ctrl/u_tx/divcnt_reg_29_  CLK     SI      setup_clk_rise  c     SE = 0
u_ctrl/u_tx/divcnt_reg_29_  CLK     SE      hold_clk_rise   c     SE = 0
u_ctrl/u_tx/divcnt_reg_29_  CLK     SE      setup_clk_rise  c     SE = 0
u_ctrl/u_aes/state_reg_67_  CLK     SI      hold_clk_rise   c     SE = 0
u_ctrl/u_aes/state_reg_67_  CLK     SI      setup_clk_rise  c     SE = 0
u_ctrl/u_aes/state_reg_67_  CLK     SE      hold_clk_rise   c     SE = 0
u_ctrl/u_aes/state_reg_67_  CLK     SE      setup_clk_rise  c     SE = 0
u_ctrl/u_aes/state_reg_74_  CLK     SI      hold_clk_rise   c     SE = 0
u_ctrl/u_aes/state_reg_74_  CLK     SI      setup_clk_rise  c     SE = 0
u_ctrl/u_aes/state_reg_74_  CLK     SE      hold_clk_rise   c     SE = 0
u_ctrl/u_aes/state_reg_74_  CLK     SE      setup_clk_rise  c     SE = 0
u_ctrl/u_aes/state_reg_75_  CLK     SI      hold_clk_rise   c     SE = 0
u_ctrl/u_aes/state_reg_75_  CLK     SI      setup_clk_rise  c     SE = 0
u_ctrl/u_aes/state_reg_75_  CLK     SE      hold_clk_rise   c     SE = 0
u_ctrl/u_aes/state_reg_75_  CLK     SE      setup_clk_rise  c     SE = 0
u_ctrl/u_aes/state_reg_76_  CLK     SI      hold_clk_rise   c     SE = 0
u_ctrl/u_aes/state_reg_76_  CLK     SI      setup_clk_rise  c     SE = 0
u_ctrl/u_aes/state_reg_76_  CLK     SE      hold_clk_rise   c     SE = 0
u_ctrl/u_aes/state_reg_76_  CLK     SE      setup_clk_rise  c     SE = 0
u_ctrl/u_aes/state_reg_112_ CLK     SI      hold_clk_rise   c     SE = 0
u_ctrl/u_aes/state_reg_112_ CLK     SI      setup_clk_rise  c     SE = 0
u_ctrl/u_aes/state_reg_112_ CLK     SE      hold_clk_rise   c     SE = 0
u_ctrl/u_aes/state_reg_112_ CLK     SE      setup_clk_rise  c     SE = 0
u_ctrl/u_aes/state_reg_126_ CLK     SI      hold_clk_rise   c     SE = 0
u_ctrl/u_aes/state_reg_126_ CLK     SI      setup_clk_rise  c     SE = 0
u_ctrl/u_aes/state_reg_126_ CLK     SE      hold_clk_rise   c     SE = 0
u_ctrl/u_aes/state_reg_126_ CLK     SE      setup_clk_rise  c     SE = 0
u_ctrl/u_rx/divcnt_reg_23_  CLK     SI      hold_clk_rise   c     SE = 0
u_ctrl/u_rx/divcnt_reg_23_  CLK     SI      setup_clk_rise  c     SE = 0
u_ctrl/u_rx/divcnt_reg_23_  CLK     SE      hold_clk_rise   c     SE = 0
u_ctrl/u_rx/divcnt_reg_23_  CLK     SE      setup_clk_rise  c     SE = 0
u_ctrl/u_tx/divcnt_reg_30_  CLK     SI      hold_clk_rise   c     SE = 0
u_ctrl/u_tx/divcnt_reg_30_  CLK     SI      setup_clk_rise  c     SE = 0
u_ctrl/u_tx/divcnt_reg_30_  CLK     SE      hold_clk_rise   c     SE = 0
u_ctrl/u_tx/divcnt_reg_30_  CLK     SE      setup_clk_rise  c     SE = 0
u_ctrl/u_rx/divcnt_reg_24_  CLK     SI      hold_clk_rise   c     SE = 0
u_ctrl/u_rx/divcnt_reg_24_  CLK     SI      setup_clk_rise  c     SE = 0
u_ctrl/u_rx/divcnt_reg_24_  CLK     SE      hold_clk_rise   c     SE = 0
u_ctrl/u_rx/divcnt_reg_24_  CLK     SE      setup_clk_rise  c     SE = 0
u_ctrl/u_tx/divcnt_reg_31_  CLK     SI      hold_clk_rise   c     SE = 0
u_ctrl/u_tx/divcnt_reg_31_  CLK     SI      setup_clk_rise  c     SE = 0
u_ctrl/u_tx/divcnt_reg_31_  CLK     SE      hold_clk_rise   c     SE = 0
u_ctrl/u_tx/divcnt_reg_31_  CLK     SE      setup_clk_rise  c     SE = 0
u_ctrl/u_aes/state_reg_121_ CLK     SI      hold_clk_rise   c     SE = 0
u_ctrl/u_aes/state_reg_121_ CLK     SI      setup_clk_rise  c     SE = 0
u_ctrl/u_aes/state_reg_121_ CLK     SE      hold_clk_rise   c     SE = 0
u_ctrl/u_aes/state_reg_121_ CLK     SE      setup_clk_rise  c     SE = 0
u_ctrl/u_rx/divcnt_reg_25_  CLK     SI      hold_clk_rise   c     SE = 0
u_ctrl/u_rx/divcnt_reg_25_  CLK     SI      setup_clk_rise  c     SE = 0
u_ctrl/u_rx/divcnt_reg_25_  CLK     SE      hold_clk_rise   c     SE = 0
u_ctrl/u_rx/divcnt_reg_25_  CLK     SE      setup_clk_rise  c     SE = 0
u_ctrl/u_rx/divcnt_reg_26_  CLK     SI      hold_clk_rise   c     SE = 0
u_ctrl/u_rx/divcnt_reg_26_  CLK     SI      setup_clk_rise  c     SE = 0
u_ctrl/u_rx/divcnt_reg_26_  CLK     SE      hold_clk_rise   c     SE = 0
u_ctrl/u_rx/divcnt_reg_26_  CLK     SE      setup_clk_rise  c     SE = 0
u_ctrl/u_rx/divcnt_reg_27_  CLK     SI      hold_clk_rise   c     SE = 0
u_ctrl/u_rx/divcnt_reg_27_  CLK     SI      setup_clk_rise  c     SE = 0
u_ctrl/u_rx/divcnt_reg_27_  CLK     SE      hold_clk_rise   c     SE = 0
u_ctrl/u_rx/divcnt_reg_27_  CLK     SE      setup_clk_rise  c     SE = 0
u_ctrl/u_rx/divcnt_reg_28_  CLK     SI      hold_clk_rise   c     SE = 0
u_ctrl/u_rx/divcnt_reg_28_  CLK     SI      setup_clk_rise  c     SE = 0
u_ctrl/u_rx/divcnt_reg_28_  CLK     SE      hold_clk_rise   c     SE = 0
u_ctrl/u_rx/divcnt_reg_28_  CLK     SE      setup_clk_rise  c     SE = 0
u_ctrl/u_rx/divcnt_reg_29_  CLK     SI      hold_clk_rise   c     SE = 0
u_ctrl/u_rx/divcnt_reg_29_  CLK     SI      setup_clk_rise  c     SE = 0
u_ctrl/u_rx/divcnt_reg_29_  CLK     SE      hold_clk_rise   c     SE = 0
u_ctrl/u_rx/divcnt_reg_29_  CLK     SE      setup_clk_rise  c     SE = 0
u_ctrl/u_rx/divcnt_reg_30_  CLK     SI      hold_clk_rise   c     SE = 0
u_ctrl/u_rx/divcnt_reg_30_  CLK     SI      setup_clk_rise  c     SE = 0
u_ctrl/u_rx/divcnt_reg_30_  CLK     SE      hold_clk_rise   c     SE = 0
u_ctrl/u_rx/divcnt_reg_30_  CLK     SE      setup_clk_rise  c     SE = 0
u_ctrl/u_rx/divcnt_reg_31_  CLK     SI      hold_clk_rise   c     SE = 0
u_ctrl/u_rx/divcnt_reg_31_  CLK     SI      setup_clk_rise  c     SE = 0
u_ctrl/u_rx/divcnt_reg_31_  CLK     SE      hold_clk_rise   c     SE = 0
u_ctrl/u_rx/divcnt_reg_31_  CLK     SE      setup_clk_rise  c     SE = 0

1
