****************************************
Report : constraint
	-all_violators
	-path slack_only
Design : top_mcu_pll_sram_multiclk_soc
Version: W-2024.09-SP5-3
Date   : Mon Apr 13 19:58:36 2026
****************************************


   max_delay/setup ('INS' group)

   Endpoint                                                  Slack
   -----------------------------------------------------------------
   u_ctrl/aes_start_reg/D                                  -2.8331  (VIOLATED)
   u_ctrl/done_reg/D                                       -2.7468  (VIOLATED)
   u_ctrl/pass_reg/D                                       -2.7450  (VIOLATED)
   u_ctrl/crc_done_hold_reg/D                              -2.7359  (VIOLATED)
   u_ctrl/start_seen_reg/D                                 -0.6658  (VIOLATED)

   max_delay/setup ('clk_div2' group)

   Endpoint                                                  Slack
   -----------------------------------------------------------------
   u_ctrl/tx_byte_div2_reg_2_/D                           -24.8494  (VIOLATED)
   u_ctrl/tx_byte_div2_reg_4_/D                           -24.8494  (VIOLATED)
   u_ctrl/tx_byte_div2_reg_1_/D                           -24.8493  (VIOLATED)
   u_ctrl/tx_byte_div2_reg_3_/D                           -24.8493  (VIOLATED)
   u_ctrl/tx_byte_div2_reg_7_/D                           -24.8493  (VIOLATED)
   u_ctrl/tx_byte_div2_reg_5_/D                           -24.8493  (VIOLATED)
   u_ctrl/tx_byte_div2_reg_6_/D                           -24.8493  (VIOLATED)
   u_ctrl/tx_byte_div2_reg_0_/D                           -24.8492  (VIOLATED)
   u_ctrl/ct_hold_div2_reg_38_/D                          -24.5610  (VIOLATED)
   u_ctrl/ct_hold_div2_reg_40_/D                          -24.5610  (VIOLATED)
   u_ctrl/ct_hold_div2_reg_90_/D                          -24.5610  (VIOLATED)
   u_ctrl/ct_hold_div2_reg_93_/D                          -24.5610  (VIOLATED)
   u_ctrl/ct_hold_div2_reg_37_/D                          -24.5610  (VIOLATED)
   u_ctrl/ct_hold_div2_reg_94_/D                          -24.5610  (VIOLATED)
   u_ctrl/ct_hold_div2_reg_51_/D                          -24.5610  (VIOLATED)
   u_ctrl/ct_hold_div2_reg_88_/D                          -24.5610  (VIOLATED)
   u_ctrl/ct_hold_div2_reg_108_/D                         -24.5610  (VIOLATED)
   u_ctrl/ct_hold_div2_reg_36_/D                          -24.5610  (VIOLATED)
   u_ctrl/ct_hold_div2_reg_52_/D                          -24.5610  (VIOLATED)
   u_ctrl/ct_hold_div2_reg_28_/D                          -23.9241  (VIOLATED)
   u_ctrl/ct_hold_div2_reg_13_/D                          -23.9041  (VIOLATED)
   u_ctrl/ct_hold_div2_reg_122_/D                         -23.9041  (VIOLATED)
   u_ctrl/ct_hold_div2_reg_8_/D                           -23.9041  (VIOLATED)
   u_ctrl/ct_hold_div2_reg_117_/D                         -23.9041  (VIOLATED)
   u_ctrl/ct_hold_div2_reg_74_/D                          -23.9041  (VIOLATED)
   u_ctrl/ct_hold_div2_reg_111_/D                         -23.9041  (VIOLATED)
   u_ctrl/ct_hold_div2_reg_113_/D                         -23.9041  (VIOLATED)
   u_ctrl/ct_hold_div2_reg_7_/D                           -23.9041  (VIOLATED)
   u_ctrl/ct_hold_div2_reg_12_/D                          -23.9041  (VIOLATED)
   u_ctrl/ct_hold_div2_reg_16_/D                          -23.9041  (VIOLATED)
   u_ctrl/ct_hold_div2_reg_66_/D                          -23.9041  (VIOLATED)
   u_ctrl/ct_hold_div2_reg_81_/D                          -23.9041  (VIOLATED)
   u_ctrl/ct_hold_div2_reg_112_/D                         -23.9041  (VIOLATED)
   u_ctrl/ct_hold_div2_reg_9_/D                           -23.9041  (VIOLATED)
   u_ctrl/ct_hold_div2_reg_11_/D                          -23.9041  (VIOLATED)
   u_ctrl/ct_hold_div2_reg_76_/D                          -23.9041  (VIOLATED)
   u_ctrl/ct_hold_div2_reg_77_/D                          -23.9041  (VIOLATED)
   u_ctrl/ct_hold_div2_reg_109_/D                         -23.9041  (VIOLATED)
   u_ctrl/ct_hold_div2_reg_116_/D                         -23.9041  (VIOLATED)
   u_ctrl/ct_hold_div2_reg_121_/D                         -23.9041  (VIOLATED)
   u_ctrl/ct_hold_div2_reg_4_/D                           -23.9034  (VIOLATED)
   u_ctrl/ct_hold_div2_reg_15_/D                          -23.9034  (VIOLATED)
   u_ctrl/ct_hold_div2_reg_110_/D                         -23.9034  (VIOLATED)
   u_ctrl/ct_hold_div2_reg_84_/D                          -23.9034  (VIOLATED)
   u_ctrl/ct_hold_div2_reg_119_/D                         -23.9034  (VIOLATED)
   u_ctrl/ct_hold_div2_reg_3_/D                           -23.9034  (VIOLATED)
   u_ctrl/ct_hold_div2_reg_5_/D                           -23.9034  (VIOLATED)
   u_ctrl/ct_hold_div2_reg_75_/D                          -23.9034  (VIOLATED)
   u_ctrl/ct_hold_div2_reg_79_/D                          -23.9034  (VIOLATED)
   u_ctrl/ct_hold_div2_reg_124_/D                         -23.9034  (VIOLATED)
   u_ctrl/ct_hold_div2_reg_104_/D                         -23.8978  (VIOLATED)
   u_ctrl/ct_hold_div2_reg_99_/D                          -23.8978  (VIOLATED)
   u_ctrl/ct_hold_div2_reg_32_/D                          -23.8978  (VIOLATED)
   u_ctrl/ct_hold_div2_reg_68_/D                          -23.8978  (VIOLATED)
   u_ctrl/ct_hold_div2_reg_87_/D                          -23.8978  (VIOLATED)
   u_ctrl/ct_hold_div2_reg_95_/D                          -23.8978  (VIOLATED)
   u_ctrl/ct_hold_div2_reg_98_/D                          -23.8978  (VIOLATED)
   u_ctrl/ct_hold_div2_reg_57_/D                          -23.8399  (VIOLATED)
   u_ctrl/ct_hold_div2_reg_126_/D                         -23.8199  (VIOLATED)
   u_ctrl/ct_hold_div2_reg_6_/D                           -23.8198  (VIOLATED)
   u_ctrl/ct_hold_div2_reg_14_/D                          -23.8198  (VIOLATED)
   u_ctrl/ct_hold_div2_reg_60_/D                          -23.8198  (VIOLATED)
   u_ctrl/ct_hold_div2_reg_114_/D                         -23.8198  (VIOLATED)
   u_ctrl/ct_hold_div2_reg_2_/D                           -23.8198  (VIOLATED)
   u_ctrl/ct_hold_div2_reg_17_/D                          -23.8198  (VIOLATED)
   u_ctrl/ct_hold_div2_reg_83_/D                          -23.8198  (VIOLATED)
   u_ctrl/ct_hold_div2_reg_123_/D                         -23.8198  (VIOLATED)
   u_ctrl/ct_hold_div2_reg_78_/D                          -23.8198  (VIOLATED)
   u_ctrl/ct_hold_div2_reg_106_/D                         -23.8136  (VIOLATED)
   u_ctrl/ct_hold_div2_reg_54_/D                          -23.8135  (VIOLATED)
   u_ctrl/ct_hold_div2_reg_85_/D                          -23.8135  (VIOLATED)
   u_ctrl/ct_hold_div2_reg_97_/D                          -23.8135  (VIOLATED)
   u_ctrl/ct_hold_div2_reg_107_/D                         -23.8135  (VIOLATED)
   u_ctrl/ct_hold_div2_reg_31_/D                          -23.8135  (VIOLATED)
   u_ctrl/ct_hold_div2_reg_46_/D                          -23.8135  (VIOLATED)
   u_ctrl/ct_hold_div2_reg_34_/D                          -23.5614  (VIOLATED)
   u_ctrl/ct_hold_div2_reg_39_/D                          -23.5613  (VIOLATED)
   u_ctrl/ct_hold_div2_reg_42_/D                          -23.5613  (VIOLATED)
   u_ctrl/ct_hold_div2_reg_44_/D                          -23.5613  (VIOLATED)
   u_ctrl/ct_hold_div2_reg_96_/D                          -23.5613  (VIOLATED)
   u_ctrl/fail_reg/D                                      -23.5013  (VIOLATED)
   u_ctrl/mem_wdata_reg_4_/D                              -23.2228  (VIOLATED)
   u_ctrl/mem_wdata_reg_7_/D                              -23.2228  (VIOLATED)
   u_ctrl/mem_wdata_reg_2_/D                              -23.1844  (VIOLATED)
   u_ctrl/mem_wdata_reg_3_/D                              -23.1678  (VIOLATED)
   u_ctrl/mem_wdata_reg_6_/D                              -23.1642  (VIOLATED)
   u_ctrl/mem_wdata_reg_0_/D                              -22.7786  (VIOLATED)
   u_ctrl/mem_wdata_reg_1_/D                              -22.7237  (VIOLATED)
   u_ctrl/ct_hold_div2_reg_101_/D                         -21.4847  (VIOLATED)
   u_ctrl/ct_hold_div2_reg_127_/D                         -21.4585  (VIOLATED)
   u_ctrl/ct_hold_div2_reg_10_/D                          -21.4585  (VIOLATED)
   u_ctrl/ct_hold_div2_reg_120_/D                         -21.4584  (VIOLATED)
   u_ctrl/ct_hold_div2_reg_0_/D                           -21.4584  (VIOLATED)
   u_ctrl/ct_hold_div2_reg_73_/D                          -21.4584  (VIOLATED)
   u_ctrl/ct_hold_div2_reg_82_/D                          -21.4584  (VIOLATED)
   u_ctrl/ct_hold_div2_reg_125_/D                         -21.4584  (VIOLATED)
   u_ctrl/ct_hold_div2_reg_115_/D                         -21.4584  (VIOLATED)
   u_ctrl/ct_hold_div2_reg_118_/D                         -21.4584  (VIOLATED)
   u_ctrl/ct_hold_div2_reg_18_/D                          -21.4078  (VIOLATED)
   u_ctrl/ct_hold_div2_reg_61_/D                          -21.3848  (VIOLATED)
   u_ctrl/ct_hold_div2_reg_64_/D                          -21.3848  (VIOLATED)
   u_ctrl/ct_hold_div2_reg_65_/D                          -21.3848  (VIOLATED)
   u_ctrl/ct_hold_div2_reg_69_/D                          -21.3848  (VIOLATED)
   u_ctrl/ct_hold_div2_reg_70_/D                          -21.3848  (VIOLATED)
   u_ctrl/ct_hold_div2_reg_71_/D                          -21.3848  (VIOLATED)
   u_ctrl/ct_hold_div2_reg_72_/D                          -21.3848  (VIOLATED)
   u_ctrl/byte_idx_reg_1_/D                               -20.3278  (VIOLATED)
   u_ctrl/byte_idx_reg_2_/D                               -20.3264  (VIOLATED)
   u_ctrl/byte_idx_reg_3_/D                               -19.9769  (VIOLATED)
   u_ctrl/mem_wdata_reg_5_/D                              -19.9461  (VIOLATED)
   u_ctrl/crc_byte_reg_1_/D                               -19.9328  (VIOLATED)
   u_ctrl/crc_byte_reg_2_/D                               -19.9328  (VIOLATED)
   u_ctrl/crc_byte_reg_5_/D                               -19.9328  (VIOLATED)
   u_ctrl/byte_idx_reg_0_/D                               -19.8420  (VIOLATED)
   u_ctrl/ct_hold_div2_reg_80_/D                          -19.1297  (VIOLATED)
   u_ctrl/ct_hold_div2_reg_62_/D                          -19.1147  (VIOLATED)
   u_ctrl/ct_hold_div2_reg_58_/D                          -19.1147  (VIOLATED)
   u_ctrl/ct_hold_div2_reg_86_/D                          -19.1147  (VIOLATED)
   u_ctrl/ct_hold_div2_reg_91_/D                          -18.7070  (VIOLATED)
   u_ctrl/ct_hold_div2_reg_35_/D                          -18.6813  (VIOLATED)
   u_ctrl/ct_hold_div2_reg_48_/D                          -18.6812  (VIOLATED)
   u_ctrl/ct_hold_div2_reg_103_/D                         -18.6812  (VIOLATED)
   u_ctrl/ct_hold_div2_reg_33_/D                          -18.6812  (VIOLATED)
   u_ctrl/ct_hold_div2_reg_43_/D                          -18.6812  (VIOLATED)
   u_ctrl/ct_hold_div2_reg_47_/D                          -18.6812  (VIOLATED)
   u_ctrl/ct_hold_div2_reg_92_/D                          -18.6812  (VIOLATED)
   u_ctrl/stream_sent_div2_reg/D                          -18.6404  (VIOLATED)
   u_ctrl/ct_hold_div2_reg_45_/D                          -18.1800  (VIOLATED)
   u_ctrl/ct_hold_div2_reg_63_/D                          -18.1800  (VIOLATED)
   u_ctrl/ct_hold_div2_reg_105_/D                         -18.1674  (VIOLATED)
   u_ctrl/sst_reg_2_/D                                    -18.1406  (VIOLATED)
   u_ctrl/sst_reg_1_/D                                    -18.0742  (VIOLATED)
   u_ctrl/sst_reg_0_/D                                    -18.0492  (VIOLATED)
   u_ctrl/ct_hold_div2_reg_41_/D                          -17.9849  (VIOLATED)
   u_ctrl/ct_hold_div2_reg_67_/D                          -17.9849  (VIOLATED)
   u_ctrl/crc_byte_reg_3_/D                               -17.9276  (VIOLATED)
   u_ctrl/crc_byte_reg_6_/D                               -17.9276  (VIOLATED)
   u_ctrl/crc_byte_reg_7_/D                               -17.9276  (VIOLATED)
   u_ctrl/ct_hold_div2_reg_19_/D                          -17.2938  (VIOLATED)
   u_ctrl/ct_hold_div2_reg_56_/D                          -17.2938  (VIOLATED)
   u_ctrl/ct_hold_div2_reg_59_/D                          -17.2937  (VIOLATED)
   u_ctrl/ct_hold_div2_reg_1_/D                           -17.2398  (VIOLATED)
   u_ctrl/ct_hold_div2_reg_21_/D                          -17.2398  (VIOLATED)
   u_ctrl/ct_hold_div2_reg_23_/D                          -17.2398  (VIOLATED)
   u_ctrl/ct_hold_div2_reg_20_/D                          -17.2398  (VIOLATED)
   u_ctrl/ct_hold_div2_reg_24_/D                          -17.2398  (VIOLATED)
   u_ctrl/ct_hold_div2_reg_26_/D                          -17.2398  (VIOLATED)
   u_ctrl/ct_hold_div2_reg_27_/D                          -17.2398  (VIOLATED)
   u_ctrl/ct_hold_div2_reg_22_/D                          -17.2398  (VIOLATED)
   u_ctrl/ct_hold_div2_reg_25_/D                          -17.2398  (VIOLATED)
   u_ctrl/tx_idx_div2_reg_4_/D                            -16.8823  (VIOLATED)
   u_ctrl/tx_idx_div2_reg_3_/D                            -16.8676  (VIOLATED)
   u_ctrl/stream_ready_div2_reg/D                         -16.8649  (VIOLATED)
   u_ctrl/tx_idx_div2_reg_1_/D                            -16.7760  (VIOLATED)
   u_ctrl/tx_idx_div2_reg_2_/D                            -16.7746  (VIOLATED)
   u_ctrl/ct_hold_div2_reg_29_/D                          -16.6710  (VIOLATED)
   u_ctrl/crc_start_reg/D                                 -16.6613  (VIOLATED)
   u_ctrl/tx_idx_div2_reg_0_/D                            -16.3062  (VIOLATED)
   u_ctrl/ct_hold_div2_reg_102_/D                         -16.1197  (VIOLATED)
   u_ctrl/ct_hold_div2_reg_55_/D                          -16.1173  (VIOLATED)
   u_ctrl/ct_hold_div2_reg_49_/D                          -15.7273  (VIOLATED)
   u_ctrl/ct_hold_div2_reg_53_/D                          -15.7273  (VIOLATED)
   u_ctrl/ct_hold_div2_reg_100_/D                         -15.7272  (VIOLATED)
   u_ctrl/ct_hold_div2_reg_89_/D                          -15.7272  (VIOLATED)
   u_ctrl/ct_hold_div2_reg_50_/D                          -15.7272  (VIOLATED)
   u_ctrl/crc_byte_reg_0_/D                               -14.4762  (VIOLATED)
   u_ctrl/crc_byte_reg_4_/D                               -14.4761  (VIOLATED)
   u_ctrl/mem_addr_reg_1_/D                               -13.9390  (VIOLATED)
   u_ctrl/mem_addr_reg_2_/D                               -13.9390  (VIOLATED)
   u_ctrl/mem_addr_reg_0_/D                               -13.9390  (VIOLATED)
   u_ctrl/mem_addr_reg_3_/D                               -13.9390  (VIOLATED)
   u_ctrl/ct_hold_div2_reg_30_/D                          -12.7434  (VIOLATED)
   u_ctrl/mem_cs_reg/D                                    -11.9280  (VIOLATED)
   u_ctrl/crc_dv_reg/D                                    -10.2234  (VIOLATED)
   u_ctrl/mem_we_reg/D                                     -9.8400  (VIOLATED)
   u_ctrl/u_ct_cdc/ack_tog_dst_reg/D                       -9.5950  (VIOLATED)
   u_ctrl/u_ct_cdc/pulse_dst_reg/D                         -9.5251  (VIOLATED)
   u_ctrl/mem_oe_reg/D                                     -9.2362  (VIOLATED)
   u_ctrl/crc_finish_reg/D                                 -5.4269  (VIOLATED)
   u_ctrl/send_go_div2_reg/D                               -2.2881  (VIOLATED)
   u_ctrl/u_crc/crc_reg_15_/D                              -0.8698  (VIOLATED)
   u_ctrl/u_crc/crc_reg_16_/D                              -0.8698  (VIOLATED)
   u_ctrl/u_crc/crc_reg_17_/D                              -0.8698  (VIOLATED)
   u_ctrl/u_crc/crc_reg_18_/D                              -0.8698  (VIOLATED)
   u_ctrl/u_crc/crc_reg_19_/D                              -0.8698  (VIOLATED)
   u_ctrl/u_crc/crc_reg_20_/D                              -0.8698  (VIOLATED)
   u_ctrl/u_crc/crc_reg_21_/D                              -0.8698  (VIOLATED)
   u_ctrl/u_crc/crc_reg_28_/D                              -0.8698  (VIOLATED)
   u_ctrl/u_crc/crc_reg_29_/D                              -0.8698  (VIOLATED)
   u_ctrl/u_crc/crc_reg_31_/D                              -0.8698  (VIOLATED)
   u_ctrl/u_crc/crc_reg_7_/D                               -0.7992  (VIOLATED)
   u_ctrl/u_crc/crc_reg_9_/D                               -0.7992  (VIOLATED)
   u_ctrl/u_crc/crc_reg_10_/D                              -0.7992  (VIOLATED)
   u_ctrl/u_crc/crc_reg_11_/D                              -0.7992  (VIOLATED)
   u_ctrl/u_crc/crc_reg_12_/D                              -0.7992  (VIOLATED)
   u_ctrl/u_crc/crc_reg_13_/D                              -0.7992  (VIOLATED)
   u_ctrl/u_crc/crc_reg_23_/D                              -0.7992  (VIOLATED)
   u_ctrl/u_crc/crc_reg_24_/D                              -0.7992  (VIOLATED)
   u_ctrl/u_crc/crc_reg_26_/D                              -0.7992  (VIOLATED)
   u_ctrl/u_crc/crc_out_reg_10_/D                          -0.6499  (VIOLATED)
   u_ctrl/u_crc/crc_out_reg_19_/D                          -0.6499  (VIOLATED)
   u_ctrl/u_crc/crc_out_reg_29_/D                          -0.6499  (VIOLATED)
   u_ctrl/u_crc/crc_out_reg_4_/D                           -0.6497  (VIOLATED)
   u_ctrl/u_crc/crc_out_reg_16_/D                          -0.6497  (VIOLATED)
   u_ctrl/u_crc/crc_out_reg_25_/D                          -0.6497  (VIOLATED)
   u_ctrl/u_crc/crc_out_reg_7_/D                           -0.6497  (VIOLATED)
   u_ctrl/u_crc/crc_out_reg_0_/D                           -0.6496  (VIOLATED)
   u_ctrl/u_crc/crc_out_reg_5_/D                           -0.6496  (VIOLATED)
   u_ctrl/u_crc/crc_out_reg_21_/D                          -0.6496  (VIOLATED)
   u_ctrl/u_crc/crc_reg_14_/D                              -0.6172  (VIOLATED)
   u_ctrl/u_crc/crc_reg_25_/D                              -0.6172  (VIOLATED)
   u_ctrl/u_crc/crc_reg_30_/D                              -0.6172  (VIOLATED)
   u_ctrl/u_crc/crc_out_reg_6_/D                           -0.0594  (VIOLATED)
   u_ctrl/u_crc/crc_out_reg_14_/D                          -0.0594  (VIOLATED)
   u_ctrl/u_crc/crc_out_reg_15_/D                          -0.0594  (VIOLATED)
   u_ctrl/u_crc/crc_out_reg_24_/D                          -0.0594  (VIOLATED)
   u_ctrl/u_crc/crc_out_reg_27_/D                          -0.0594  (VIOLATED)
   u_ctrl/u_crc/crc_out_reg_30_/D                          -0.0594  (VIOLATED)
   u_ctrl/u_crc/crc_out_reg_2_/D                           -0.0593  (VIOLATED)
   u_ctrl/u_crc/crc_out_reg_9_/D                           -0.0593  (VIOLATED)
   u_ctrl/u_crc/crc_out_reg_17_/D                          -0.0593  (VIOLATED)
   u_ctrl/u_crc/crc_out_reg_20_/D                          -0.0593  (VIOLATED)
   u_ctrl/u_crc/crc_out_reg_22_/D                          -0.0593  (VIOLATED)
   u_ctrl/u_crc/crc_out_reg_23_/D                          -0.0593  (VIOLATED)
   u_ctrl/u_crc/crc_out_reg_12_/D                          -0.0592  (VIOLATED)
   u_ctrl/u_crc/crc_out_reg_18_/D                          -0.0592  (VIOLATED)
   u_ctrl/u_crc/crc_out_reg_1_/D                           -0.0592  (VIOLATED)
   u_ctrl/u_crc/crc_reg_4_/D                               -0.0443  (VIOLATED)

   max_delay/setup ('clk_div4' group)

   Endpoint                                                  Slack
   -----------------------------------------------------------------
   u_ctrl/tx_data_reg_0_/D                                -30.1817  (VIOLATED)
   u_ctrl/tx_data_reg_1_/D                                -30.1817  (VIOLATED)
   u_ctrl/tx_data_reg_2_/D                                -30.1817  (VIOLATED)
   u_ctrl/tx_data_reg_3_/D                                -30.1817  (VIOLATED)
   u_ctrl/tx_data_reg_4_/D                                -30.1817  (VIOLATED)
   u_ctrl/tx_data_reg_5_/D                                -30.1817  (VIOLATED)
   u_ctrl/tx_data_reg_6_/D                                -30.1817  (VIOLATED)
   u_ctrl/tx_data_reg_7_/D                                -30.1817  (VIOLATED)
   u_ctrl/tx_start_reg/D                                  -30.0590  (VIOLATED)
   u_ctrl/tx_buf_data_reg_0_/D                            -24.8659  (VIOLATED)
   u_ctrl/tx_buf_data_reg_1_/D                            -24.8659  (VIOLATED)
   u_ctrl/tx_buf_data_reg_2_/D                            -24.8659  (VIOLATED)
   u_ctrl/tx_buf_data_reg_3_/D                            -24.8659  (VIOLATED)
   u_ctrl/tx_buf_data_reg_4_/D                            -24.8659  (VIOLATED)
   u_ctrl/tx_buf_data_reg_5_/D                            -24.8659  (VIOLATED)
   u_ctrl/tx_buf_data_reg_6_/D                            -24.8659  (VIOLATED)
   u_ctrl/tx_buf_data_reg_7_/D                            -24.8659  (VIOLATED)
   u_ctrl/tx_buf_valid_reg/D                              -15.4172  (VIOLATED)
   u_ctrl/u_tx/shifter_reg_8_/D                           -10.7283  (VIOLATED)
   u_ctrl/u_tx/shifter_reg_1_/D                           -10.7134  (VIOLATED)
   u_ctrl/u_tx/shifter_reg_2_/D                           -10.7134  (VIOLATED)
   u_ctrl/u_tx/shifter_reg_3_/D                           -10.7134  (VIOLATED)
   u_ctrl/u_tx/shifter_reg_4_/D                           -10.7134  (VIOLATED)
   u_ctrl/u_tx/shifter_reg_5_/D                           -10.7134  (VIOLATED)
   u_ctrl/u_tx/shifter_reg_6_/D                           -10.7134  (VIOLATED)
   u_ctrl/u_tx/shifter_reg_7_/D                           -10.7134  (VIOLATED)
   u_ctrl/u_tx/shifter_reg_0_/D                           -10.6365  (VIOLATED)
   u_ctrl/u_tx/divcnt_reg_6_/D                            -10.3028  (VIOLATED)
   u_ctrl/u_tx/divcnt_reg_8_/D                            -10.3026  (VIOLATED)
   u_ctrl/u_tx/divcnt_reg_10_/D                           -10.3026  (VIOLATED)
   u_ctrl/u_tx/divcnt_reg_12_/D                           -10.3026  (VIOLATED)
   u_ctrl/u_tx/divcnt_reg_5_/D                            -10.2911  (VIOLATED)
   u_ctrl/u_tx/divcnt_reg_7_/D                            -10.2878  (VIOLATED)
   u_ctrl/u_tx/divcnt_reg_9_/D                            -10.2878  (VIOLATED)
   u_ctrl/u_tx/divcnt_reg_11_/D                           -10.2878  (VIOLATED)
   u_ctrl/u_tx/divcnt_reg_0_/D                            -10.2114  (VIOLATED)
   u_ctrl/u_tx/divcnt_reg_14_/D                            -9.9863  (VIOLATED)
   u_ctrl/u_tx/divcnt_reg_22_/D                            -9.9863  (VIOLATED)
   u_ctrl/u_tx/divcnt_reg_26_/D                            -9.9863  (VIOLATED)
   u_ctrl/u_tx/divcnt_reg_31_/D                            -9.9812  (VIOLATED)
   u_ctrl/u_tx/divcnt_reg_21_/D                            -9.9740  (VIOLATED)
   u_ctrl/u_tx/divcnt_reg_13_/D                            -9.9739  (VIOLATED)
   u_ctrl/u_tx/divcnt_reg_25_/D                            -9.9739  (VIOLATED)
   u_ctrl/u_tx/divcnt_reg_30_/D                            -9.9507  (VIOLATED)
   u_ctrl/u_tx/divcnt_reg_2_/D                             -9.9034  (VIOLATED)
   u_ctrl/u_tx/divcnt_reg_1_/D                             -9.8719  (VIOLATED)
   u_ctrl/u_tx/divcnt_reg_29_/D                            -9.8718  (VIOLATED)
   u_ctrl/u_tx/tx_busy_reg/D                               -9.7686  (VIOLATED)
   u_ctrl/u_tx/bitpos_reg_3_/D                             -9.6953  (VIOLATED)
   u_ctrl/u_tx/bitpos_reg_2_/D                             -9.6661  (VIOLATED)
   u_ctrl/u_tx/bitpos_reg_1_/D                             -9.5899  (VIOLATED)
   u_ctrl/u_tx/bitpos_reg_0_/D                             -9.5201  (VIOLATED)
   u_ctrl/u_tx/divcnt_reg_28_/D                            -9.3897  (VIOLATED)
   u_ctrl/u_tx/divcnt_reg_16_/D                            -9.3620  (VIOLATED)
   u_ctrl/u_tx/divcnt_reg_24_/D                            -9.3620  (VIOLATED)
   u_ctrl/u_tx/divcnt_reg_15_/D                            -9.3496  (VIOLATED)
   u_ctrl/u_tx/divcnt_reg_23_/D                            -9.3496  (VIOLATED)
   u_ctrl/u_tx/divcnt_reg_27_/D                            -9.3492  (VIOLATED)
   u_ctrl/u_tx/divcnt_reg_4_/D                             -9.1031  (VIOLATED)
   u_ctrl/u_tx/divcnt_reg_18_/D                            -9.1031  (VIOLATED)
   u_ctrl/u_tx/divcnt_reg_20_/D                            -9.1031  (VIOLATED)
   u_ctrl/u_tx/divcnt_reg_19_/D                            -9.0627  (VIOLATED)
   u_ctrl/u_tx/divcnt_reg_3_/D                             -9.0626  (VIOLATED)
   u_ctrl/u_tx/divcnt_reg_17_/D                            -9.0626  (VIOLATED)
   u_ctrl/tx_done_div4_reg/D                               -8.7148  (VIOLATED)
   u_ctrl/tx_cnt_div4_reg_4_/D                             -8.6415  (VIOLATED)
   u_ctrl/tx_cnt_div4_reg_1_/D                             -8.5292  (VIOLATED)
   u_ctrl/tx_cnt_div4_reg_2_/D                             -8.5292  (VIOLATED)
   u_ctrl/tx_cnt_div4_reg_3_/D                             -8.5292  (VIOLATED)
   u_ctrl/tx_all_started_div4_reg/D                        -8.5292  (VIOLATED)
   u_ctrl/tx_active_div4_reg/D                             -8.5205  (VIOLATED)
   u_ctrl/tx_cnt_div4_reg_0_/D                             -8.5159  (VIOLATED)

   max_delay/setup ('clk_fast' group)

   Endpoint                                                  Slack
   -----------------------------------------------------------------
   u_ctrl/aes_start_reg/D                                  -2.4853  (VIOLATED)
   u_ctrl/pass_reg/D                                       -2.4051  (VIOLATED)
   u_ctrl/done_reg/D                                       -2.4024  (VIOLATED)
   u_ctrl/crc_done_hold_reg/D                              -2.3960  (VIOLATED)
   u_ctrl/ct_ok_reg/D                                      -0.8492  (VIOLATED)
   u_ctrl/ct_req_pulse_fast_reg/D                          -0.3576  (VIOLATED)
   u_ctrl/start_seen_reg/D                                 -0.2927  (VIOLATED)
   u_ctrl/aes_clk_req_reg/D                                -0.0458  (VIOLATED)

   max_delay/setup ('clk_fast_aes' group)

   Endpoint                                                  Slack
   -----------------------------------------------------------------
   u_ctrl/u_aes/state_reg_79_/D                            -3.3131  (VIOLATED)
   u_ctrl/u_aes/state_reg_67_/D                            -3.2979  (VIOLATED)
   u_ctrl/u_aes/state_reg_65_/D                            -3.2955  (VIOLATED)
   u_ctrl/u_aes/state_reg_68_/D                            -3.2727  (VIOLATED)
   u_ctrl/u_aes/state_reg_28_/D                            -3.2690  (VIOLATED)
   u_ctrl/u_aes/state_reg_109_/D                           -3.2686  (VIOLATED)
   u_ctrl/u_aes/state_reg_40_/D                            -3.2668  (VIOLATED)
   u_ctrl/u_aes/state_reg_87_/D                            -3.2663  (VIOLATED)
   u_ctrl/u_aes/state_reg_9_/D                             -3.2660  (VIOLATED)
   u_ctrl/u_aes/state_reg_64_/D                            -3.2659  (VIOLATED)
   u_ctrl/u_aes/state_reg_105_/D                           -3.2633  (VIOLATED)
   u_ctrl/u_aes/state_reg_32_/D                            -3.2632  (VIOLATED)
   u_ctrl/u_aes/state_reg_111_/D                           -3.2606  (VIOLATED)
   u_ctrl/u_aes/state_reg_96_/D                            -3.2598  (VIOLATED)
   u_ctrl/u_aes/state_reg_36_/D                            -3.2566  (VIOLATED)
   u_ctrl/u_aes/state_reg_55_/D                            -3.2559  (VIOLATED)
   u_ctrl/u_aes/state_reg_66_/D                            -3.2526  (VIOLATED)
   u_ctrl/u_aes/state_reg_121_/D                           -3.2472  (VIOLATED)
   u_ctrl/u_aes/state_reg_59_/D                            -3.2465  (VIOLATED)
   u_ctrl/u_aes/state_reg_91_/D                            -3.2458  (VIOLATED)
   u_ctrl/u_aes/state_reg_23_/D                            -3.2455  (VIOLATED)
   u_ctrl/u_aes/state_reg_31_/D                            -3.2454  (VIOLATED)
   u_ctrl/u_aes/state_reg_11_/D                            -3.2394  (VIOLATED)
   u_ctrl/u_aes/state_reg_12_/D                            -3.2391  (VIOLATED)
   u_ctrl/u_aes/rkeys_reg_1121_/D                          -3.2353  (VIOLATED)
   u_ctrl/u_aes/rkeys_reg_1027_/D                          -3.2353  (VIOLATED)
   u_ctrl/u_aes/rkeys_reg_739_/D                           -3.2353  (VIOLATED)
   u_ctrl/u_aes/rkeys_reg_931_/D                           -3.2353  (VIOLATED)
   u_ctrl/u_aes/rkeys_reg_995_/D                           -3.2353  (VIOLATED)
   u_ctrl/u_aes/rkeys_reg_993_/D                           -3.2353  (VIOLATED)
   u_ctrl/u_aes/rkeys_reg_929_/D                           -3.2353  (VIOLATED)
   u_ctrl/u_aes/rkeys_reg_1025_/D                          -3.2353  (VIOLATED)
   u_ctrl/u_aes/rkeys_reg_1028_/D                          -3.2353  (VIOLATED)
   u_ctrl/u_aes/rkeys_reg_1123_/D                          -3.2353  (VIOLATED)
   u_ctrl/u_aes/rkeys_reg_833_/D                           -3.2353  (VIOLATED)
   u_ctrl/u_aes/state_reg_113_/D                           -3.2343  (VIOLATED)
   u_ctrl/u_aes/state_reg_35_/D                            -3.2320  (VIOLATED)
   u_ctrl/u_aes/state_reg_43_/D                            -3.2315  (VIOLATED)
   u_ctrl/u_aes/state_reg_122_/D                           -3.2297  (VIOLATED)
   u_ctrl/u_aes/state_reg_42_/D                            -3.2287  (VIOLATED)
   u_ctrl/u_aes/state_reg_88_/D                            -3.2235  (VIOLATED)
   u_ctrl/u_aes/state_reg_50_/D                            -3.2223  (VIOLATED)
   u_ctrl/u_aes/state_reg_99_/D                            -3.2175  (VIOLATED)
   u_ctrl/u_aes/state_reg_25_/D                            -3.2137  (VIOLATED)
   u_ctrl/u_aes/state_reg_47_/D                            -3.2126  (VIOLATED)
   u_ctrl/u_aes/state_reg_126_/D                           -3.2119  (VIOLATED)
   u_ctrl/u_aes/state_reg_115_/D                           -3.2084  (VIOLATED)
   u_ctrl/u_aes/state_reg_106_/D                           -3.2083  (VIOLATED)
   u_ctrl/u_aes/state_reg_21_/D                            -3.2058  (VIOLATED)
   u_ctrl/u_aes/state_reg_18_/D                            -3.2012  (VIOLATED)
   u_ctrl/u_aes/state_reg_81_/D                            -3.2002  (VIOLATED)
   u_ctrl/u_aes/state_reg_29_/D                            -3.1998  (VIOLATED)
   u_ctrl/u_aes/state_reg_27_/D                            -3.1992  (VIOLATED)
   u_ctrl/u_aes/state_reg_52_/D                            -3.1983  (VIOLATED)
   u_ctrl/u_aes/state_reg_1_/D                             -3.1979  (VIOLATED)
   u_ctrl/u_aes/state_reg_74_/D                            -3.1959  (VIOLATED)
   u_ctrl/u_aes/state_reg_8_/D                             -3.1941  (VIOLATED)
   u_ctrl/u_aes/state_reg_6_/D                             -3.1939  (VIOLATED)
   u_ctrl/u_aes/state_reg_60_/D                            -3.1929  (VIOLATED)
   u_ctrl/u_aes/state_reg_49_/D                            -3.1907  (VIOLATED)
   u_ctrl/u_aes/state_reg_86_/D                            -3.1873  (VIOLATED)
   u_ctrl/u_aes/state_reg_120_/D                           -3.1870  (VIOLATED)
   u_ctrl/u_aes/state_reg_97_/D                            -3.1846  (VIOLATED)
   u_ctrl/u_aes/state_reg_45_/D                            -3.1820  (VIOLATED)
   u_ctrl/u_aes/state_reg_34_/D                            -3.1810  (VIOLATED)
   u_ctrl/u_aes/state_reg_78_/D                            -3.1787  (VIOLATED)
   u_ctrl/u_aes/state_reg_84_/D                            -3.1766  (VIOLATED)
   u_ctrl/u_aes/state_reg_100_/D                           -3.1763  (VIOLATED)
   u_ctrl/u_aes/state_reg_53_/D                            -3.1756  (VIOLATED)
   u_ctrl/u_aes/ct_out_reg_48_/D                           -3.1732  (VIOLATED)
   u_ctrl/u_aes/ct_out_reg_49_/D                           -3.1731  (VIOLATED)
   u_ctrl/u_aes/ct_out_reg_84_/D                           -3.1731  (VIOLATED)
   u_ctrl/u_aes/state_reg_102_/D                           -3.1731  (VIOLATED)
   u_ctrl/u_aes/ct_out_reg_102_/D                          -3.1731  (VIOLATED)
   u_ctrl/u_aes/state_reg_48_/D                            -3.1731  (VIOLATED)
   u_ctrl/u_aes/state_reg_63_/D                            -3.1726  (VIOLATED)
   u_ctrl/u_aes/state_reg_17_/D                            -3.1722  (VIOLATED)
   u_ctrl/u_aes/state_reg_98_/D                            -3.1722  (VIOLATED)
   u_ctrl/u_aes/state_reg_46_/D                            -3.1722  (VIOLATED)
   u_ctrl/u_aes/ct_out_reg_98_/D                           -3.1709  (VIOLATED)
   u_ctrl/u_aes/ct_out_reg_40_/D                           -3.1709  (VIOLATED)
   u_ctrl/u_aes/ct_out_reg_17_/D                           -3.1709  (VIOLATED)
   u_ctrl/u_aes/ct_out_reg_35_/D                           -3.1709  (VIOLATED)
   u_ctrl/u_aes/ct_out_reg_21_/D                           -3.1709  (VIOLATED)
   u_ctrl/u_aes/ct_out_reg_120_/D                          -3.1708  (VIOLATED)
   u_ctrl/u_aes/state_reg_26_/D                            -3.1621  (VIOLATED)
   u_ctrl/u_aes/state_reg_2_/D                             -3.1604  (VIOLATED)
   u_ctrl/u_aes/state_reg_44_/D                            -3.1593  (VIOLATED)
   u_ctrl/u_aes/state_reg_101_/D                           -3.1584  (VIOLATED)
   u_ctrl/u_aes/state_reg_51_/D                            -3.1573  (VIOLATED)
   u_ctrl/u_aes/state_reg_10_/D                            -3.1566  (VIOLATED)
   u_ctrl/u_aes/state_reg_41_/D                            -3.1534  (VIOLATED)
   u_ctrl/u_aes/state_reg_69_/D                            -3.1517  (VIOLATED)
   u_ctrl/u_aes/rkeys_reg_419_/D                           -3.1482  (VIOLATED)
   u_ctrl/u_aes/rkeys_reg_583_/D                           -3.1482  (VIOLATED)
   u_ctrl/u_aes/rkeys_reg_1315_/D                          -3.1482  (VIOLATED)
   u_ctrl/u_aes/rkeys_reg_1321_/D                          -3.1482  (VIOLATED)
   u_ctrl/u_aes/rkeys_reg_231_/D                           -3.1482  (VIOLATED)
   u_ctrl/u_aes/rkeys_reg_325_/D                           -3.1482  (VIOLATED)
   u_ctrl/u_aes/rkeys_reg_354_/D                           -3.1482  (VIOLATED)
   u_ctrl/u_aes/rkeys_reg_1171_/D                          -3.1482  (VIOLATED)
   u_ctrl/u_aes/rkeys_reg_1217_/D                          -3.1482  (VIOLATED)
   u_ctrl/u_aes/rkeys_reg_327_/D                           -3.1482  (VIOLATED)
   u_ctrl/u_aes/rkeys_reg_357_/D                           -3.1482  (VIOLATED)
   u_ctrl/u_aes/rkeys_reg_517_/D                           -3.1482  (VIOLATED)
   u_ctrl/u_aes/rkeys_reg_551_/D                           -3.1482  (VIOLATED)
   u_ctrl/u_aes/rkeys_reg_610_/D                           -3.1482  (VIOLATED)
   u_ctrl/u_aes/rkeys_reg_1153_/D                          -3.1482  (VIOLATED)
   u_ctrl/u_aes/rkeys_reg_1235_/D                          -3.1482  (VIOLATED)
   u_ctrl/u_aes/rkeys_reg_1328_/D                          -3.1482  (VIOLATED)
   u_ctrl/u_aes/rkeys_reg_1155_/D                          -3.1482  (VIOLATED)
   u_ctrl/u_aes/rkeys_reg_1267_/D                          -3.1482  (VIOLATED)
   u_ctrl/u_aes/rkeys_reg_1312_/D                          -3.1482  (VIOLATED)
   u_ctrl/u_aes/rkeys_reg_1323_/D                          -3.1482  (VIOLATED)
   u_ctrl/u_aes/rkeys_reg_578_/D                           -3.1482  (VIOLATED)
   u_ctrl/u_aes/state_reg_70_/D                            -3.1474  (VIOLATED)
   u_ctrl/u_aes/state_reg_39_/D                            -3.1388  (VIOLATED)
   u_ctrl/u_aes/state_reg_93_/D                            -3.1375  (VIOLATED)
   u_ctrl/u_aes/state_reg_33_/D                            -3.1350  (VIOLATED)
   u_ctrl/u_aes/state_reg_77_/D                            -3.1342  (VIOLATED)
   u_ctrl/u_aes/state_reg_19_/D                            -3.1333  (VIOLATED)
   u_ctrl/u_aes/state_reg_104_/D                           -3.1309  (VIOLATED)
   u_ctrl/u_aes/state_reg_71_/D                            -3.1290  (VIOLATED)
   u_ctrl/u_aes/rkeys_reg_1248_/D                          -3.1257  (VIOLATED)
   u_ctrl/u_aes/rkeys_reg_1230_/D                          -3.1257  (VIOLATED)
   u_ctrl/u_aes/rkeys_reg_1173_/D                          -3.1257  (VIOLATED)
   u_ctrl/u_aes/rkeys_reg_1250_/D                          -3.1257  (VIOLATED)
   u_ctrl/u_aes/rkeys_reg_1253_/D                          -3.1257  (VIOLATED)
   u_ctrl/u_aes/rkeys_reg_1154_/D                          -3.1257  (VIOLATED)
   u_ctrl/u_aes/rkeys_reg_1189_/D                          -3.1257  (VIOLATED)
   u_ctrl/u_aes/rkeys_reg_1211_/D                          -3.1257  (VIOLATED)
   u_ctrl/u_aes/rkeys_reg_1184_/D                          -3.1257  (VIOLATED)
   u_ctrl/u_aes/rkeys_reg_1237_/D                          -3.1257  (VIOLATED)
   u_ctrl/u_aes/rkeys_reg_1269_/D                          -3.1257  (VIOLATED)
   u_ctrl/u_aes/state_reg_24_/D                            -3.1244  (VIOLATED)
   u_ctrl/u_aes/state_reg_72_/D                            -3.1186  (VIOLATED)
   u_ctrl/u_aes/state_reg_37_/D                            -3.1169  (VIOLATED)
   u_ctrl/u_aes/state_reg_90_/D                            -3.1126  (VIOLATED)
   u_ctrl/u_aes/state_reg_62_/D                            -3.1063  (VIOLATED)
   u_ctrl/u_aes/state_reg_38_/D                            -3.1058  (VIOLATED)
   u_ctrl/u_aes/state_reg_7_/D                             -3.0984  (VIOLATED)
   u_ctrl/u_aes/state_reg_15_/D                            -3.0984  (VIOLATED)
   u_ctrl/u_aes/state_reg_54_/D                            -3.0976  (VIOLATED)
   u_ctrl/u_aes/state_reg_108_/D                           -3.0911  (VIOLATED)
   u_ctrl/u_aes/state_reg_118_/D                           -3.0895  (VIOLATED)
   u_ctrl/u_aes/state_reg_117_/D                           -3.0870  (VIOLATED)
   u_ctrl/u_aes/state_reg_119_/D                           -3.0815  (VIOLATED)
   u_ctrl/u_aes/state_reg_116_/D                           -3.0798  (VIOLATED)
   u_ctrl/u_aes/state_reg_107_/D                           -3.0781  (VIOLATED)
   u_ctrl/u_aes/state_reg_110_/D                           -3.0777  (VIOLATED)
   u_ctrl/u_aes/rkeys_reg_1246_/D                          -3.0707  (VIOLATED)
   u_ctrl/u_aes/rkeys_reg_1177_/D                          -3.0707  (VIOLATED)
   u_ctrl/u_aes/rkeys_reg_427_/D                           -3.0707  (VIOLATED)
   u_ctrl/u_aes/rkeys_reg_1182_/D                          -3.0707  (VIOLATED)
   u_ctrl/u_aes/rkeys_reg_1214_/D                          -3.0707  (VIOLATED)
   u_ctrl/u_aes/rkeys_reg_206_/D                           -3.0707  (VIOLATED)
   u_ctrl/u_aes/rkeys_reg_462_/D                           -3.0707  (VIOLATED)
   u_ctrl/u_aes/rkeys_reg_494_/D                           -3.0707  (VIOLATED)
   u_ctrl/u_aes/rkeys_reg_868_/D                           -3.0707  (VIOLATED)
   u_ctrl/u_aes/rkeys_reg_990_/D                           -3.0707  (VIOLATED)
   u_ctrl/u_aes/rkeys_reg_1145_/D                          -3.0707  (VIOLATED)
   u_ctrl/u_aes/rkeys_reg_176_/D                           -3.0707  (VIOLATED)
   u_ctrl/u_aes/rkeys_reg_240_/D                           -3.0707  (VIOLATED)
   u_ctrl/u_aes/rkeys_reg_297_/D                           -3.0707  (VIOLATED)
   u_ctrl/u_aes/rkeys_reg_299_/D                           -3.0707  (VIOLATED)
   u_ctrl/u_aes/rkeys_reg_368_/D                           -3.0707  (VIOLATED)
   u_ctrl/u_aes/rkeys_reg_894_/D                           -3.0707  (VIOLATED)
   u_ctrl/u_aes/rkeys_reg_932_/D                           -3.0707  (VIOLATED)
   u_ctrl/u_aes/rkeys_reg_1278_/D                          -3.0707  (VIOLATED)
   u_ctrl/u_aes/rkeys_reg_1209_/D                          -3.0707  (VIOLATED)
   u_ctrl/u_aes/rkeys_reg_398_/D                           -3.0707  (VIOLATED)
   u_ctrl/u_aes/rkeys_reg_107_/D                           -3.0707  (VIOLATED)
   u_ctrl/u_aes/state_reg_127_/D                           -3.0699  (VIOLATED)
   u_ctrl/u_aes/state_reg_58_/D                            -3.0675  (VIOLATED)
   u_ctrl/u_aes/state_reg_73_/D                            -3.0671  (VIOLATED)
   u_ctrl/u_aes/rkeys_reg_479_/D                           -3.0635  (VIOLATED)
   u_ctrl/u_aes/rkeys_reg_361_/D                           -3.0635  (VIOLATED)
   u_ctrl/u_aes/rkeys_reg_455_/D                           -3.0635  (VIOLATED)
   u_ctrl/u_aes/rkeys_reg_607_/D                           -3.0635  (VIOLATED)
   u_ctrl/u_aes/rkeys_reg_146_/D                           -3.0635  (VIOLATED)
   u_ctrl/u_aes/rkeys_reg_147_/D                           -3.0635  (VIOLATED)
   u_ctrl/u_aes/rkeys_reg_149_/D                           -3.0635  (VIOLATED)
   u_ctrl/u_aes/rkeys_reg_233_/D                           -3.0635  (VIOLATED)
   u_ctrl/u_aes/rkeys_reg_382_/D                           -3.0635  (VIOLATED)
   u_ctrl/u_aes/rkeys_reg_431_/D                           -3.0635  (VIOLATED)
   u_ctrl/u_aes/rkeys_reg_463_/D                           -3.0635  (VIOLATED)
   u_ctrl/u_aes/rkeys_reg_478_/D                           -3.0635  (VIOLATED)
   u_ctrl/u_aes/rkeys_reg_575_/D                           -3.0635  (VIOLATED)
   u_ctrl/u_aes/rkeys_reg_700_/D                           -3.0635  (VIOLATED)
   u_ctrl/u_aes/rkeys_reg_863_/D                           -3.0635  (VIOLATED)
   u_ctrl/u_aes/rkeys_reg_1239_/D                          -3.0635  (VIOLATED)
   u_ctrl/u_aes/rkeys_reg_201_/D                           -3.0635  (VIOLATED)
   u_ctrl/u_aes/rkeys_reg_295_/D                           -3.0635  (VIOLATED)
   u_ctrl/u_aes/rkeys_reg_301_/D                           -3.0635  (VIOLATED)
   u_ctrl/u_aes/rkeys_reg_303_/D                           -3.0635  (VIOLATED)
   u_ctrl/u_aes/rkeys_reg_333_/D                           -3.0635  (VIOLATED)
   u_ctrl/u_aes/rkeys_reg_334_/D                           -3.0635  (VIOLATED)
   u_ctrl/u_aes/rkeys_reg_351_/D                           -3.0635  (VIOLATED)
   u_ctrl/u_aes/rkeys_reg_377_/D                           -3.0635  (VIOLATED)
   u_ctrl/u_aes/rkeys_reg_399_/D                           -3.0635  (VIOLATED)
   u_ctrl/u_aes/rkeys_reg_508_/D                           -3.0635  (VIOLATED)
   u_ctrl/u_aes/rkeys_reg_727_/D                           -3.0635  (VIOLATED)
   u_ctrl/u_aes/rkeys_reg_735_/D                           -3.0635  (VIOLATED)
   u_ctrl/u_aes/rkeys_reg_764_/D                           -3.0635  (VIOLATED)
   u_ctrl/u_aes/rkeys_reg_807_/D                           -3.0635  (VIOLATED)
   u_ctrl/u_aes/rkeys_reg_1015_/D                          -3.0635  (VIOLATED)
   u_ctrl/u_aes/rkeys_reg_711_/D                           -3.0635  (VIOLATED)
   u_ctrl/u_aes/rkeys_reg_1271_/D                          -3.0635  (VIOLATED)
   u_ctrl/u_aes/rkeys_reg_270_/D                           -3.0635  (VIOLATED)
   u_ctrl/u_aes/rkeys_reg_493_/D                           -3.0635  (VIOLATED)
   u_ctrl/u_aes/rkeys_reg_1079_/D                          -3.0635  (VIOLATED)
   u_ctrl/u_aes/rkeys_reg_174_/D                           -3.0635  (VIOLATED)
   u_ctrl/u_aes/rkeys_reg_175_/D                           -3.0635  (VIOLATED)
   u_ctrl/u_aes/rkeys_reg_425_/D                           -3.0635  (VIOLATED)
   u_ctrl/u_aes/rkeys_reg_967_/D                           -3.0635  (VIOLATED)
   u_ctrl/u_aes/rkeys_reg_638_/D                           -3.0635  (VIOLATED)
   u_ctrl/u_aes/rkeys_reg_633_/D                           -3.0635  (VIOLATED)
   u_ctrl/u_aes/rkeys_reg_687_/D                           -3.0635  (VIOLATED)
   u_ctrl/u_aes/rkeys_reg_367_/D                           -3.0635  (VIOLATED)
   u_ctrl/u_aes/rkeys_reg_1118_/D                          -3.0525  (VIOLATED)
   u_ctrl/u_aes/rkeys_reg_704_/D                           -3.0525  (VIOLATED)
   u_ctrl/u_aes/rkeys_reg_1054_/D                          -3.0525  (VIOLATED)
   u_ctrl/u_aes/rkeys_reg_705_/D                           -3.0525  (VIOLATED)
   u_ctrl/u_aes/rkeys_reg_802_/D                           -3.0525  (VIOLATED)
   u_ctrl/u_aes/rkeys_reg_860_/D                           -3.0525  (VIOLATED)
   u_ctrl/u_aes/rkeys_reg_957_/D                           -3.0525  (VIOLATED)
   u_ctrl/u_aes/rkeys_reg_958_/D                           -3.0525  (VIOLATED)
   u_ctrl/u_aes/rkeys_reg_961_/D                           -3.0525  (VIOLATED)
   u_ctrl/u_aes/rkeys_reg_803_/D                           -3.0525  (VIOLATED)
   u_ctrl/u_aes/rkeys_reg_896_/D                           -3.0525  (VIOLATED)
   u_ctrl/u_aes/state_reg_76_/D                            -3.0508  (VIOLATED)
   u_ctrl/u_aes/state_reg_125_/D                           -3.0440  (VIOLATED)
   u_ctrl/u_aes/state_reg_123_/D                           -3.0372  (VIOLATED)
   u_ctrl/u_aes/state_reg_112_/D                           -3.0371  (VIOLATED)
   u_ctrl/u_aes/state_reg_0_/D                             -3.0353  (VIOLATED)
   u_ctrl/u_aes/state_reg_103_/D                           -3.0285  (VIOLATED)
   u_ctrl/u_aes/state_reg_95_/D                            -3.0272  (VIOLATED)
   u_ctrl/u_aes/state_reg_114_/D                           -3.0242  (VIOLATED)
   u_ctrl/u_aes/state_reg_83_/D                            -3.0133  (VIOLATED)
   u_ctrl/u_aes/rkeys_reg_1129_/D                          -3.0116  (VIOLATED)
   u_ctrl/u_aes/rkeys_reg_1161_/D                          -3.0116  (VIOLATED)
   u_ctrl/u_aes/rkeys_reg_1164_/D                          -3.0116  (VIOLATED)
   u_ctrl/u_aes/rkeys_reg_1165_/D                          -3.0116  (VIOLATED)
   u_ctrl/u_aes/rkeys_reg_1196_/D                          -3.0116  (VIOLATED)
   u_ctrl/u_aes/rkeys_reg_1225_/D                          -3.0116  (VIOLATED)
   u_ctrl/u_aes/rkeys_reg_1229_/D                          -3.0116  (VIOLATED)
   u_ctrl/u_aes/rkeys_reg_1260_/D                          -3.0116  (VIOLATED)
   u_ctrl/u_aes/rkeys_reg_1261_/D                          -3.0116  (VIOLATED)
   u_ctrl/u_aes/rkeys_reg_1223_/D                          -3.0116  (VIOLATED)
   u_ctrl/u_aes/rkeys_reg_1197_/D                          -3.0116  (VIOLATED)
   u_ctrl/u_aes/state_reg_56_/D                            -3.0102  (VIOLATED)
   u_ctrl/u_aes/state_reg_124_/D                           -3.0101  (VIOLATED)
   u_ctrl/u_aes/state_reg_75_/D                            -3.0088  (VIOLATED)
   u_ctrl/u_aes/ct_out_reg_78_/D                           -2.9967  (VIOLATED)
   u_ctrl/u_aes/ct_out_reg_26_/D                           -2.9967  (VIOLATED)
   u_ctrl/u_aes/ct_out_reg_2_/D                            -2.9967  (VIOLATED)
   u_ctrl/u_aes/ct_out_reg_82_/D                           -2.9967  (VIOLATED)
   u_ctrl/u_aes/ct_out_reg_95_/D                           -2.9967  (VIOLATED)
   u_ctrl/u_aes/state_reg_82_/D                            -2.9963  (VIOLATED)
   u_ctrl/u_aes/state_reg_16_/D                            -2.9957  (VIOLATED)
   u_ctrl/u_aes/ct_out_reg_27_/D                           -2.9944  (VIOLATED)
   u_ctrl/u_aes/ct_out_reg_12_/D                           -2.9944  (VIOLATED)
   u_ctrl/u_aes/ct_out_reg_16_/D                           -2.9944  (VIOLATED)
   u_ctrl/u_aes/ct_out_reg_75_/D                           -2.9944  (VIOLATED)
   u_ctrl/u_aes/ct_out_reg_32_/D                           -2.9920  (VIOLATED)
   u_ctrl/u_aes/state_reg_92_/D                            -2.9747  (VIOLATED)
   u_ctrl/u_aes/state_reg_3_/D                             -2.9604  (VIOLATED)
   u_ctrl/u_aes/rkeys_reg_422_/D                           -2.9592  (VIOLATED)
   u_ctrl/u_aes/rkeys_reg_614_/D                           -2.9592  (VIOLATED)
   u_ctrl/u_aes/rkeys_reg_513_/D                           -2.9592  (VIOLATED)
   u_ctrl/u_aes/rkeys_reg_544_/D                           -2.9592  (VIOLATED)
   u_ctrl/u_aes/rkeys_reg_608_/D                           -2.9592  (VIOLATED)
   u_ctrl/u_aes/rkeys_reg_224_/D                           -2.9592  (VIOLATED)
   u_ctrl/u_aes/rkeys_reg_228_/D                           -2.9592  (VIOLATED)
   u_ctrl/u_aes/rkeys_reg_230_/D                           -2.9592  (VIOLATED)
   u_ctrl/u_aes/rkeys_reg_416_/D                           -2.9592  (VIOLATED)
   u_ctrl/u_aes/rkeys_reg_518_/D                           -2.9592  (VIOLATED)
   u_ctrl/u_aes/rkeys_reg_612_/D                           -2.9592  (VIOLATED)
   u_ctrl/u_aes/rkeys_reg_356_/D                           -2.9592  (VIOLATED)
   u_ctrl/u_aes/rkeys_reg_550_/D                           -2.9592  (VIOLATED)
   u_ctrl/u_aes/rkeys_reg_611_/D                           -2.9592  (VIOLATED)
   u_ctrl/u_aes/rkeys_reg_352_/D                           -2.9592  (VIOLATED)
   u_ctrl/u_aes/rkeys_reg_481_/D                           -2.9592  (VIOLATED)
   u_ctrl/u_aes/rkeys_reg_484_/D                           -2.9592  (VIOLATED)
   u_ctrl/u_aes/rkeys_reg_483_/D                           -2.9592  (VIOLATED)
   u_ctrl/u_aes/rkeys_reg_320_/D                           -2.9592  (VIOLATED)
   u_ctrl/u_aes/rkeys_reg_323_/D                           -2.9592  (VIOLATED)
   u_ctrl/u_aes/rkeys_reg_324_/D                           -2.9592  (VIOLATED)
   u_ctrl/u_aes/rkeys_reg_515_/D                           -2.9592  (VIOLATED)
   u_ctrl/u_aes/state_reg_14_/D                            -2.9446  (VIOLATED)
   u_ctrl/u_aes/state_reg_61_/D                            -2.9394  (VIOLATED)
   u_ctrl/u_aes/state_reg_89_/D                            -2.9294  (VIOLATED)
   u_ctrl/u_aes/state_reg_20_/D                            -2.9111  (VIOLATED)
   u_ctrl/u_aes/ct_out_reg_34_/D                           -2.9102  (VIOLATED)
   u_ctrl/u_aes/state_reg_80_/D                            -2.8998  (VIOLATED)
   u_ctrl/u_aes/state_reg_94_/D                            -2.8976  (VIOLATED)
   u_ctrl/u_aes/state_reg_13_/D                            -2.8818  (VIOLATED)
   u_ctrl/u_aes/state_reg_4_/D                             -2.8679  (VIOLATED)
   u_ctrl/u_aes/state_reg_57_/D                            -2.8487  (VIOLATED)
   u_ctrl/u_aes/ct_out_reg_112_/D                          -2.8467  (VIOLATED)
   u_ctrl/u_aes/ct_out_reg_53_/D                           -2.8219  (VIOLATED)
   u_ctrl/u_aes/ct_out_reg_106_/D                          -2.8135  (VIOLATED)
   u_ctrl/u_aes/ct_out_reg_62_/D                           -2.8123  (VIOLATED)
   u_ctrl/u_aes/state_reg_30_/D                            -2.8102  (VIOLATED)
   u_ctrl/u_aes/ct_out_reg_115_/D                          -2.8041  (VIOLATED)
   u_ctrl/u_aes/ct_out_reg_105_/D                          -2.7943  (VIOLATED)
   u_ctrl/u_aes/ct_out_reg_61_/D                           -2.7924  (VIOLATED)
   u_ctrl/u_aes/ct_out_reg_117_/D                          -2.7691  (VIOLATED)
   u_ctrl/u_aes/ct_out_reg_38_/D                           -2.7660  (VIOLATED)
   u_ctrl/u_aes/state_reg_85_/D                            -2.7591  (VIOLATED)
   u_ctrl/u_aes/ct_out_reg_108_/D                          -2.7516  (VIOLATED)
   u_ctrl/u_aes/ct_out_reg_57_/D                           -2.7503  (VIOLATED)
   u_ctrl/u_aes/ct_out_reg_85_/D                           -2.7430  (VIOLATED)
   u_ctrl/u_aes/ct_out_reg_58_/D                           -2.7428  (VIOLATED)
   u_ctrl/u_aes/state_reg_5_/D                             -2.7339  (VIOLATED)
   u_ctrl/u_aes/ct_out_reg_52_/D                           -2.7289  (VIOLATED)
   u_ctrl/u_aes/ct_out_reg_104_/D                          -2.7069  (VIOLATED)
   u_ctrl/u_aes/ct_out_reg_42_/D                           -2.7068  (VIOLATED)
   u_ctrl/u_aes/ct_out_reg_0_/D                            -2.7068  (VIOLATED)
   u_ctrl/u_aes/ct_out_reg_65_/D                           -2.7068  (VIOLATED)
   u_ctrl/u_aes/ct_out_reg_51_/D                           -2.7064  (VIOLATED)
   u_ctrl/u_aes/ct_out_reg_44_/D                           -2.7002  (VIOLATED)
   u_ctrl/u_aes/ct_out_reg_123_/D                          -2.6961  (VIOLATED)
   u_ctrl/u_aes/ct_out_reg_25_/D                           -2.6961  (VIOLATED)
   u_ctrl/u_aes/ct_out_reg_29_/D                           -2.6961  (VIOLATED)
   u_ctrl/u_aes/ct_out_reg_76_/D                           -2.6960  (VIOLATED)
   u_ctrl/u_aes/ct_out_reg_36_/D                           -2.6960  (VIOLATED)
   u_ctrl/u_aes/ct_out_reg_55_/D                           -2.6959  (VIOLATED)
   u_ctrl/u_aes/ct_out_reg_113_/D                          -2.6817  (VIOLATED)
   u_ctrl/u_aes/ct_out_reg_110_/D                          -2.6816  (VIOLATED)
   u_ctrl/u_aes/ct_out_reg_118_/D                          -2.6700  (VIOLATED)
   u_ctrl/u_aes/ct_out_reg_70_/D                           -2.6686  (VIOLATED)
   u_ctrl/u_aes/ct_out_reg_50_/D                           -2.6572  (VIOLATED)
   u_ctrl/u_aes/ct_out_reg_87_/D                           -2.6520  (VIOLATED)
   u_ctrl/u_aes/ct_out_reg_90_/D                           -2.6433  (VIOLATED)
   u_ctrl/u_aes/ct_out_reg_45_/D                           -2.6364  (VIOLATED)
   u_ctrl/u_aes/rkeys_reg_649_/D                           -2.6361  (VIOLATED)
   u_ctrl/u_aes/rkeys_reg_731_/D                           -2.6361  (VIOLATED)
   u_ctrl/u_aes/rkeys_reg_433_/D                           -2.6361  (VIOLATED)
   u_ctrl/u_aes/rkeys_reg_237_/D                           -2.6361  (VIOLATED)
   u_ctrl/u_aes/rkeys_reg_257_/D                           -2.6361  (VIOLATED)
   u_ctrl/u_aes/rkeys_reg_260_/D                           -2.6361  (VIOLATED)
   u_ctrl/u_aes/rkeys_reg_411_/D                           -2.6361  (VIOLATED)
   u_ctrl/u_aes/rkeys_reg_435_/D                           -2.6361  (VIOLATED)
   u_ctrl/u_aes/rkeys_reg_528_/D                           -2.6361  (VIOLATED)
   u_ctrl/u_aes/rkeys_reg_317_/D                           -2.6361  (VIOLATED)
   u_ctrl/u_aes/rkeys_reg_318_/D                           -2.6361  (VIOLATED)
   u_ctrl/u_aes/rkeys_reg_556_/D                           -2.6361  (VIOLATED)
   u_ctrl/u_aes/rkeys_reg_928_/D                           -2.6361  (VIOLATED)
   u_ctrl/u_aes/rkeys_reg_933_/D                           -2.6361  (VIOLATED)
   u_ctrl/u_aes/rkeys_reg_162_/D                           -2.6361  (VIOLATED)
   u_ctrl/u_aes/rkeys_reg_136_/D                           -2.6361  (VIOLATED)
   u_ctrl/u_aes/rkeys_reg_268_/D                           -2.6361  (VIOLATED)
   u_ctrl/u_aes/rkeys_reg_426_/D                           -2.6361  (VIOLATED)
   u_ctrl/u_aes/ct_out_reg_33_/D                           -2.6349  (VIOLATED)
   u_ctrl/u_aes/ct_out_reg_99_/D                           -2.6279  (VIOLATED)
   u_ctrl/u_aes/ct_out_reg_37_/D                           -2.6243  (VIOLATED)
   u_ctrl/u_aes/ct_out_reg_100_/D                          -2.6225  (VIOLATED)
   u_ctrl/u_aes/state_reg_22_/D                            -2.6190  (VIOLATED)
   u_ctrl/u_aes/ct_out_reg_80_/D                           -2.6125  (VIOLATED)
   u_ctrl/u_aes/ct_out_reg_46_/D                           -2.6121  (VIOLATED)
   u_ctrl/u_aes/ct_out_reg_56_/D                           -2.6103  (VIOLATED)
   u_ctrl/u_aes/ct_out_reg_126_/D                          -2.6081  (VIOLATED)
   u_ctrl/u_aes/ct_out_reg_97_/D                           -2.6065  (VIOLATED)
   u_ctrl/u_aes/ct_out_reg_8_/D                            -2.5905  (VIOLATED)
   u_ctrl/u_aes/ct_out_reg_92_/D                           -2.5849  (VIOLATED)
   u_ctrl/u_aes/ct_out_reg_96_/D                           -2.5775  (VIOLATED)
   u_ctrl/u_aes/rkeys_reg_16_/D                            -2.5771  (VIOLATED)
   u_ctrl/u_aes/rkeys_reg_21_/D                            -2.5771  (VIOLATED)
   u_ctrl/u_aes/rkeys_reg_24_/D                            -2.5771  (VIOLATED)
   u_ctrl/u_aes/rkeys_reg_45_/D                            -2.5771  (VIOLATED)
   u_ctrl/u_aes/rkeys_reg_56_/D                            -2.5771  (VIOLATED)
   u_ctrl/u_aes/rkeys_reg_65_/D                            -2.5771  (VIOLATED)
   u_ctrl/u_aes/rkeys_reg_102_/D                           -2.5771  (VIOLATED)
   u_ctrl/u_aes/rkeys_reg_112_/D                           -2.5771  (VIOLATED)
   u_ctrl/u_aes/rkeys_reg_116_/D                           -2.5771  (VIOLATED)
   u_ctrl/u_aes/rkeys_reg_577_/D                           -2.5771  (VIOLATED)
   u_ctrl/u_aes/rkeys_reg_1092_/D                          -2.5771  (VIOLATED)
   u_ctrl/u_aes/rkeys_reg_1205_/D                          -2.5771  (VIOLATED)
   u_ctrl/u_aes/ct_out_reg_13_/D                           -2.5716  (VIOLATED)
   u_ctrl/u_aes/ct_out_reg_88_/D                           -2.5630  (VIOLATED)
   u_ctrl/u_aes/ct_out_reg_47_/D                           -2.5525  (VIOLATED)
   u_ctrl/u_aes/round_reg_1_/D                             -2.5390  (VIOLATED)
   u_ctrl/u_aes/ct_out_reg_10_/D                           -2.5369  (VIOLATED)
   u_ctrl/u_aes/ct_out_reg_14_/D                           -2.5340  (VIOLATED)
   u_ctrl/u_aes/ct_out_reg_109_/D                          -2.5275  (VIOLATED)
   u_ctrl/u_aes/ct_out_reg_101_/D                          -2.5151  (VIOLATED)
   u_ctrl/u_aes/ct_out_reg_122_/D                          -2.5046  (VIOLATED)
   u_ctrl/u_aes/ct_out_reg_114_/D                          -2.4872  (VIOLATED)
   u_ctrl/u_aes/ct_out_reg_68_/D                           -2.4858  (VIOLATED)
   u_ctrl/u_aes/ct_out_reg_54_/D                           -2.4850  (VIOLATED)
   u_ctrl/u_aes/ct_out_reg_116_/D                          -2.4805  (VIOLATED)
   u_ctrl/u_aes/ct_out_reg_81_/D                           -2.4784  (VIOLATED)
   u_ctrl/u_aes/ct_out_reg_3_/D                            -2.4683  (VIOLATED)
   u_ctrl/u_aes/ct_out_reg_41_/D                           -2.4671  (VIOLATED)
   u_ctrl/u_aes/ct_out_reg_107_/D                          -2.4514  (VIOLATED)
   u_ctrl/u_aes/ct_out_reg_66_/D                           -2.4488  (VIOLATED)
   u_ctrl/u_aes/ct_out_reg_59_/D                           -2.4359  (VIOLATED)
   u_ctrl/u_aes/ct_out_reg_86_/D                           -2.4358  (VIOLATED)
   u_ctrl/u_aes/ct_out_reg_89_/D                           -2.4332  (VIOLATED)
   u_ctrl/u_aes/ct_out_reg_11_/D                           -2.4299  (VIOLATED)
   u_ctrl/u_aes/ct_out_reg_94_/D                           -2.4292  (VIOLATED)
   u_ctrl/u_aes/ct_out_reg_22_/D                           -2.4156  (VIOLATED)
   u_ctrl/u_aes/ct_out_reg_72_/D                           -2.4156  (VIOLATED)
   u_ctrl/u_aes/rkeys_reg_17_/D                            -2.4154  (VIOLATED)
   u_ctrl/u_aes/rkeys_reg_19_/D                            -2.4154  (VIOLATED)
   u_ctrl/u_aes/rkeys_reg_27_/D                            -2.4154  (VIOLATED)
   u_ctrl/u_aes/rkeys_reg_33_/D                            -2.4154  (VIOLATED)
   u_ctrl/u_aes/rkeys_reg_39_/D                            -2.4154  (VIOLATED)
   u_ctrl/u_aes/rkeys_reg_62_/D                            -2.4154  (VIOLATED)
   u_ctrl/u_aes/rkeys_reg_99_/D                            -2.4154  (VIOLATED)
   u_ctrl/u_aes/rkeys_reg_106_/D                           -2.4154  (VIOLATED)
   u_ctrl/u_aes/rkeys_reg_613_/D                           -2.4154  (VIOLATED)
   u_ctrl/u_aes/rkeys_reg_1143_/D                          -2.4154  (VIOLATED)
   u_ctrl/u_aes/rkeys_reg_1228_/D                          -2.4154  (VIOLATED)
   u_ctrl/u_aes/rkeys_reg_0_/D                             -2.4153  (VIOLATED)
   u_ctrl/u_aes/rkeys_reg_457_/D                           -2.4153  (VIOLATED)
   u_ctrl/u_aes/rkeys_reg_962_/D                           -2.4153  (VIOLATED)
   u_ctrl/u_aes/ct_out_reg_124_/D                          -2.4143  (VIOLATED)
   u_ctrl/u_aes/ct_out_reg_73_/D                           -2.4119  (VIOLATED)
   u_ctrl/u_aes/ct_out_reg_121_/D                          -2.4027  (VIOLATED)
   u_ctrl/u_aes/ct_out_reg_39_/D                           -2.3934  (VIOLATED)
   u_ctrl/u_aes/ct_out_reg_30_/D                           -2.3927  (VIOLATED)
   u_ctrl/u_aes/ct_out_reg_77_/D                           -2.3911  (VIOLATED)
   u_ctrl/u_aes/ct_out_reg_125_/D                          -2.3908  (VIOLATED)
   u_ctrl/u_aes/ct_out_reg_67_/D                           -2.3906  (VIOLATED)
   u_ctrl/u_aes/ct_out_reg_28_/D                           -2.3648  (VIOLATED)
   u_ctrl/u_aes/ct_out_reg_79_/D                           -2.3648  (VIOLATED)
   u_ctrl/u_aes/ct_out_reg_127_/D                          -2.3648  (VIOLATED)
   u_ctrl/u_aes/ct_out_reg_103_/D                          -2.3607  (VIOLATED)
   u_ctrl/u_aes/rkeys_reg_1076_/D                          -2.3585  (VIOLATED)
   u_ctrl/u_aes/rkeys_reg_1071_/D                          -2.3585  (VIOLATED)
   u_ctrl/u_aes/rkeys_reg_167_/D                           -2.3585  (VIOLATED)
   u_ctrl/u_aes/rkeys_reg_477_/D                           -2.3585  (VIOLATED)
   u_ctrl/u_aes/rkeys_reg_667_/D                           -2.3585  (VIOLATED)
   u_ctrl/u_aes/rkeys_reg_1169_/D                          -2.3585  (VIOLATED)
   u_ctrl/u_aes/rkeys_reg_140_/D                           -2.3585  (VIOLATED)
   u_ctrl/u_aes/rkeys_reg_143_/D                           -2.3585  (VIOLATED)
   u_ctrl/u_aes/rkeys_reg_694_/D                           -2.3585  (VIOLATED)
   u_ctrl/u_aes/rkeys_reg_1072_/D                          -2.3585  (VIOLATED)
   u_ctrl/u_aes/rkeys_reg_1135_/D                          -2.3585  (VIOLATED)
   u_ctrl/u_aes/rkeys_reg_1137_/D                          -2.3585  (VIOLATED)
   u_ctrl/u_aes/rkeys_reg_1140_/D                          -2.3585  (VIOLATED)
   u_ctrl/u_aes/rkeys_reg_1168_/D                          -2.3585  (VIOLATED)
   u_ctrl/u_aes/rkeys_reg_1008_/D                          -2.3585  (VIOLATED)
   u_ctrl/u_aes/rkeys_reg_1009_/D                          -2.3585  (VIOLATED)
   u_ctrl/u_aes/rkeys_reg_1010_/D                          -2.3585  (VIOLATED)
   u_ctrl/u_aes/rkeys_reg_1012_/D                          -2.3585  (VIOLATED)
   u_ctrl/u_aes/rkeys_reg_1014_/D                          -2.3585  (VIOLATED)
   u_ctrl/u_aes/rkeys_reg_1201_/D                          -2.3585  (VIOLATED)
   u_ctrl/u_aes/rkeys_reg_1232_/D                          -2.3585  (VIOLATED)
   u_ctrl/u_aes/rkeys_reg_1233_/D                          -2.3585  (VIOLATED)
   u_ctrl/u_aes/rkeys_reg_1234_/D                          -2.3585  (VIOLATED)
   u_ctrl/u_aes/rkeys_reg_1265_/D                          -2.3585  (VIOLATED)
   u_ctrl/u_aes/rkeys_reg_137_/D                           -2.3585  (VIOLATED)
   u_ctrl/u_aes/rkeys_reg_138_/D                           -2.3585  (VIOLATED)
   u_ctrl/u_aes/rkeys_reg_1202_/D                          -2.3585  (VIOLATED)
   u_ctrl/u_aes/ct_out_reg_69_/D                           -2.3574  (VIOLATED)
   u_ctrl/u_aes/ct_out_reg_9_/D                            -2.3525  (VIOLATED)
   u_ctrl/u_aes/rkeys_reg_1030_/D                          -2.3432  (VIOLATED)
   u_ctrl/u_aes/rkeys_reg_1291_/D                          -2.3432  (VIOLATED)
   u_ctrl/u_aes/rkeys_reg_1298_/D                          -2.3432  (VIOLATED)
   u_ctrl/u_aes/rkeys_reg_1299_/D                          -2.3432  (VIOLATED)
   u_ctrl/u_aes/rkeys_reg_669_/D                           -2.3432  (VIOLATED)
   u_ctrl/u_aes/rkeys_reg_1296_/D                          -2.3432  (VIOLATED)
   u_ctrl/u_aes/rkeys_reg_1306_/D                          -2.3432  (VIOLATED)
   u_ctrl/u_aes/rkeys_reg_1307_/D                          -2.3432  (VIOLATED)
   u_ctrl/u_aes/rkeys_reg_733_/D                           -2.3432  (VIOLATED)
   u_ctrl/u_aes/rkeys_reg_765_/D                           -2.3432  (VIOLATED)
   u_ctrl/u_aes/ct_out_reg_1_/D                            -2.3417  (VIOLATED)
   u_ctrl/u_aes/rkeys_reg_195_/D                           -2.3382  (VIOLATED)
   u_ctrl/u_aes/rkeys_reg_197_/D                           -2.3382  (VIOLATED)
   u_ctrl/u_aes/rkeys_reg_198_/D                           -2.3382  (VIOLATED)
   u_ctrl/u_aes/rkeys_reg_267_/D                           -2.3382  (VIOLATED)
   u_ctrl/u_aes/rkeys_reg_294_/D                           -2.3382  (VIOLATED)
   u_ctrl/u_aes/rkeys_reg_330_/D                           -2.3382  (VIOLATED)
   u_ctrl/u_aes/rkeys_reg_424_/D                           -2.3382  (VIOLATED)
   u_ctrl/u_aes/rkeys_reg_428_/D                           -2.3382  (VIOLATED)
   u_ctrl/u_aes/rkeys_reg_461_/D                           -2.3382  (VIOLATED)
   u_ctrl/u_aes/rkeys_reg_473_/D                           -2.3382  (VIOLATED)
   u_ctrl/u_aes/rkeys_reg_492_/D                           -2.3382  (VIOLATED)
   u_ctrl/u_aes/rkeys_reg_502_/D                           -2.3382  (VIOLATED)
   u_ctrl/u_aes/rkeys_reg_552_/D                           -2.3382  (VIOLATED)
   u_ctrl/u_aes/rkeys_reg_554_/D                           -2.3382  (VIOLATED)
   u_ctrl/u_aes/rkeys_reg_555_/D                           -2.3382  (VIOLATED)
   u_ctrl/u_aes/rkeys_reg_557_/D                           -2.3382  (VIOLATED)
   u_ctrl/u_aes/rkeys_reg_676_/D                           -2.3382  (VIOLATED)
   u_ctrl/u_aes/rkeys_reg_678_/D                           -2.3382  (VIOLATED)
   u_ctrl/u_aes/rkeys_reg_722_/D                           -2.3382  (VIOLATED)
   u_ctrl/u_aes/rkeys_reg_770_/D                           -2.3382  (VIOLATED)
   u_ctrl/u_aes/rkeys_reg_772_/D                           -2.3382  (VIOLATED)
   u_ctrl/u_aes/rkeys_reg_774_/D                           -2.3382  (VIOLATED)
   u_ctrl/u_aes/rkeys_reg_775_/D                           -2.3382  (VIOLATED)
   u_ctrl/u_aes/rkeys_reg_797_/D                           -2.3382  (VIOLATED)
   u_ctrl/u_aes/rkeys_reg_829_/D                           -2.3382  (VIOLATED)
   u_ctrl/u_aes/rkeys_reg_889_/D                           -2.3382  (VIOLATED)
   u_ctrl/u_aes/rkeys_reg_960_/D                           -2.3382  (VIOLATED)
   u_ctrl/u_aes/rkeys_reg_968_/D                           -2.3382  (VIOLATED)
   u_ctrl/u_aes/rkeys_reg_977_/D                           -2.3382  (VIOLATED)
   u_ctrl/u_aes/rkeys_reg_982_/D                           -2.3382  (VIOLATED)
   u_ctrl/u_aes/rkeys_reg_983_/D                           -2.3382  (VIOLATED)
   u_ctrl/u_aes/rkeys_reg_985_/D                           -2.3382  (VIOLATED)
   u_ctrl/u_aes/rkeys_reg_1073_/D                          -2.3382  (VIOLATED)
   u_ctrl/u_aes/rkeys_reg_1162_/D                          -2.3382  (VIOLATED)
   u_ctrl/u_aes/rkeys_reg_1195_/D                          -2.3382  (VIOLATED)
   u_ctrl/u_aes/rkeys_reg_1262_/D                          -2.3382  (VIOLATED)
   u_ctrl/u_aes/rkeys_reg_1282_/D                          -2.3382  (VIOLATED)
   u_ctrl/u_aes/rkeys_reg_1283_/D                          -2.3382  (VIOLATED)
   u_ctrl/u_aes/rkeys_reg_1289_/D                          -2.3382  (VIOLATED)
   u_ctrl/u_aes/rkeys_reg_1354_/D                          -2.3382  (VIOLATED)
   u_ctrl/u_aes/rkeys_reg_1360_/D                          -2.3382  (VIOLATED)
   u_ctrl/u_aes/rkeys_reg_1362_/D                          -2.3382  (VIOLATED)
   u_ctrl/u_aes/rkeys_reg_1370_/D                          -2.3382  (VIOLATED)
   u_ctrl/u_aes/rkeys_reg_1376_/D                          -2.3382  (VIOLATED)
   u_ctrl/u_aes/rkeys_reg_1377_/D                          -2.3382  (VIOLATED)
   u_ctrl/u_aes/ct_out_reg_71_/D                           -2.3188  (VIOLATED)
   u_ctrl/u_aes/ct_out_reg_93_/D                           -2.3173  (VIOLATED)
   u_ctrl/u_aes/rkeys_reg_73_/D                            -2.3059  (VIOLATED)
   u_ctrl/u_aes/rkeys_reg_499_/D                           -2.3059  (VIOLATED)
   u_ctrl/u_aes/rkeys_reg_672_/D                           -2.3059  (VIOLATED)
   u_ctrl/u_aes/rkeys_reg_674_/D                           -2.3059  (VIOLATED)
   u_ctrl/u_aes/rkeys_reg_771_/D                           -2.3059  (VIOLATED)
   u_ctrl/u_aes/rkeys_reg_890_/D                           -2.3059  (VIOLATED)
   u_ctrl/u_aes/rkeys_reg_1075_/D                          -2.3059  (VIOLATED)
   u_ctrl/u_aes/rkeys_reg_1081_/D                          -2.3059  (VIOLATED)
   u_ctrl/u_aes/round_reg_0_/D                             -2.2943  (VIOLATED)
   u_ctrl/u_aes/ct_out_reg_63_/D                           -2.2687  (VIOLATED)
   u_ctrl/u_aes/ct_out_reg_43_/D                           -2.2611  (VIOLATED)
   u_ctrl/u_aes/ct_out_reg_60_/D                           -2.2511  (VIOLATED)
   u_ctrl/u_aes/ct_out_reg_6_/D                            -2.2444  (VIOLATED)
   u_ctrl/u_aes/ct_out_reg_7_/D                            -2.2186  (VIOLATED)
   u_ctrl/u_aes/ct_out_reg_83_/D                           -2.2156  (VIOLATED)
   u_ctrl/u_aes/ct_out_reg_64_/D                           -2.1998  (VIOLATED)
   u_ctrl/u_aes/ct_out_reg_5_/D                            -2.1759  (VIOLATED)
   u_ctrl/u_aes/ct_out_reg_4_/D                            -2.1461  (VIOLATED)
   u_ctrl/u_aes/round_reg_2_/D                             -2.1427  (VIOLATED)
   u_ctrl/u_aes/ct_out_reg_15_/D                           -2.1270  (VIOLATED)
   u_ctrl/u_aes/rkeys_reg_866_/D                           -2.1259  (VIOLATED)
   u_ctrl/u_aes/rkeys_reg_856_/D                           -2.1259  (VIOLATED)
   u_ctrl/u_aes/rkeys_reg_1084_/D                          -2.1259  (VIOLATED)
   u_ctrl/u_aes/rkeys_reg_1085_/D                          -2.1259  (VIOLATED)
   u_ctrl/u_aes/rkeys_reg_1120_/D                          -2.1259  (VIOLATED)
   u_ctrl/u_aes/rkeys_reg_773_/D                           -2.1259  (VIOLATED)
   u_ctrl/u_aes/rkeys_reg_858_/D                           -2.1259  (VIOLATED)
   u_ctrl/u_aes/rkeys_reg_1215_/D                          -2.1259  (VIOLATED)
   u_ctrl/u_aes/rkeys_reg_1247_/D                          -2.1259  (VIOLATED)
   u_ctrl/u_aes/rkeys_reg_872_/D                           -2.1259  (VIOLATED)
   u_ctrl/u_aes/rkeys_reg_880_/D                           -2.1259  (VIOLATED)
   u_ctrl/u_aes/rkeys_reg_1053_/D                          -2.1259  (VIOLATED)
   u_ctrl/u_aes/rkeys_reg_776_/D                           -2.1259  (VIOLATED)
   u_ctrl/u_aes/rkeys_reg_783_/D                           -2.1259  (VIOLATED)
   u_ctrl/u_aes/rkeys_reg_1279_/D                          -2.1259  (VIOLATED)
   u_ctrl/u_aes/rkeys_reg_501_/D                           -2.1259  (VIOLATED)
   u_ctrl/u_aes/rkeys_reg_597_/D                           -2.1259  (VIOLATED)
   u_ctrl/u_aes/rkeys_reg_661_/D                           -2.1259  (VIOLATED)
   u_ctrl/u_aes/rkeys_reg_710_/D                           -2.1259  (VIOLATED)
   u_ctrl/u_aes/rkeys_reg_778_/D                           -2.1259  (VIOLATED)
   u_ctrl/u_aes/rkeys_reg_871_/D                           -2.1259  (VIOLATED)
   u_ctrl/u_aes/rkeys_reg_955_/D                           -2.1259  (VIOLATED)
   u_ctrl/u_aes/rkeys_reg_1026_/D                          -2.1259  (VIOLATED)
   u_ctrl/u_aes/rkeys_reg_1083_/D                          -2.1259  (VIOLATED)
   u_ctrl/u_aes/rkeys_reg_1175_/D                          -2.1259  (VIOLATED)
   u_ctrl/u_aes/rkeys_reg_1178_/D                          -2.1259  (VIOLATED)
   u_ctrl/u_aes/rkeys_reg_1180_/D                          -2.1259  (VIOLATED)
   u_ctrl/u_aes/rkeys_reg_1183_/D                          -2.1259  (VIOLATED)
   u_ctrl/u_aes/rkeys_reg_1207_/D                          -2.1259  (VIOLATED)
   u_ctrl/u_aes/rkeys_reg_845_/D                           -2.1259  (VIOLATED)
   u_ctrl/u_aes/rkeys_reg_848_/D                           -2.1259  (VIOLATED)
   u_ctrl/u_aes/rkeys_reg_954_/D                           -2.1259  (VIOLATED)
   u_ctrl/u_aes/rkeys_reg_1029_/D                          -2.1259  (VIOLATED)
   u_ctrl/u_aes/rkeys_reg_1051_/D                          -2.1259  (VIOLATED)
   u_ctrl/u_aes/rkeys_reg_1114_/D                          -2.1259  (VIOLATED)
   u_ctrl/u_aes/rkeys_reg_1146_/D                          -2.1259  (VIOLATED)
   u_ctrl/u_aes/rkeys_reg_204_/D                           -2.1259  (VIOLATED)
   u_ctrl/u_aes/rkeys_reg_328_/D                           -2.1259  (VIOLATED)
   u_ctrl/u_aes/rkeys_reg_464_/D                           -2.1259  (VIOLATED)
   u_ctrl/u_aes/rkeys_reg_560_/D                           -2.1259  (VIOLATED)
   u_ctrl/u_aes/rkeys_reg_616_/D                           -2.1259  (VIOLATED)
   u_ctrl/u_aes/rkeys_reg_624_/D                           -2.1259  (VIOLATED)
   u_ctrl/u_aes/rkeys_reg_693_/D                           -2.1259  (VIOLATED)
   u_ctrl/u_aes/rkeys_reg_707_/D                           -2.1259  (VIOLATED)
   u_ctrl/u_aes/rkeys_reg_741_/D                           -2.1259  (VIOLATED)
   u_ctrl/u_aes/rkeys_reg_743_/D                           -2.1259  (VIOLATED)
   u_ctrl/u_aes/rkeys_reg_744_/D                           -2.1259  (VIOLATED)
   u_ctrl/u_aes/rkeys_reg_779_/D                           -2.1259  (VIOLATED)
   u_ctrl/u_aes/rkeys_reg_784_/D                           -2.1259  (VIOLATED)
   u_ctrl/u_aes/rkeys_reg_804_/D                           -2.1259  (VIOLATED)
   u_ctrl/u_aes/rkeys_reg_805_/D                           -2.1259  (VIOLATED)
   u_ctrl/u_aes/rkeys_reg_853_/D                           -2.1259  (VIOLATED)
   u_ctrl/u_aes/rkeys_reg_888_/D                           -2.1259  (VIOLATED)
   u_ctrl/u_aes/rkeys_reg_902_/D                           -2.1259  (VIOLATED)
   u_ctrl/u_aes/rkeys_reg_1017_/D                          -2.1259  (VIOLATED)
   u_ctrl/u_aes/rkeys_reg_1018_/D                          -2.1259  (VIOLATED)
   u_ctrl/u_aes/rkeys_reg_1020_/D                          -2.1259  (VIOLATED)
   u_ctrl/u_aes/rkeys_reg_1117_/D                          -2.1259  (VIOLATED)
   u_ctrl/u_aes/rkeys_reg_1148_/D                          -2.1259  (VIOLATED)
   u_ctrl/u_aes/rkeys_reg_1212_/D                          -2.1259  (VIOLATED)
   u_ctrl/u_aes/rkeys_reg_1273_/D                          -2.1259  (VIOLATED)
   u_ctrl/u_aes/rkeys_reg_1274_/D                          -2.1259  (VIOLATED)
   u_ctrl/u_aes/rkeys_reg_1276_/D                          -2.1259  (VIOLATED)
   u_ctrl/u_aes/rkeys_reg_796_/D                           -2.1259  (VIOLATED)
   u_ctrl/u_aes/rkeys_reg_1023_/D                          -2.1259  (VIOLATED)
   u_ctrl/u_aes/rkeys_reg_709_/D                           -2.1259  (VIOLATED)
   u_ctrl/u_aes/rkeys_reg_821_/D                           -2.1259  (VIOLATED)
   u_ctrl/u_aes/rkeys_reg_1021_/D                          -2.1259  (VIOLATED)
   u_ctrl/u_aes/rkeys_reg_1082_/D                          -2.1259  (VIOLATED)
   u_ctrl/u_aes/rkeys_reg_1087_/D                          -2.1259  (VIOLATED)
   u_ctrl/u_aes/rkeys_reg_1149_/D                          -2.1259  (VIOLATED)
   u_ctrl/u_aes/rkeys_reg_1151_/D                          -2.1259  (VIOLATED)
   u_ctrl/u_aes/rkeys_reg_1244_/D                          -2.1259  (VIOLATED)
   u_ctrl/u_aes/rkeys_reg_496_/D                           -2.1259  (VIOLATED)
   u_ctrl/u_aes/rkeys_reg_585_/D                           -2.1259  (VIOLATED)
   u_ctrl/u_aes/rkeys_reg_588_/D                           -2.1259  (VIOLATED)
   u_ctrl/u_aes/rkeys_reg_629_/D                           -2.1259  (VIOLATED)
   u_ctrl/u_aes/rkeys_reg_680_/D                           -2.1259  (VIOLATED)
   u_ctrl/u_aes/rkeys_reg_681_/D                           -2.1259  (VIOLATED)
   u_ctrl/u_aes/rkeys_reg_682_/D                           -2.1259  (VIOLATED)
   u_ctrl/u_aes/rkeys_reg_683_/D                           -2.1259  (VIOLATED)
   u_ctrl/u_aes/rkeys_reg_685_/D                           -2.1259  (VIOLATED)
   u_ctrl/u_aes/rkeys_reg_688_/D                           -2.1259  (VIOLATED)
   u_ctrl/u_aes/rkeys_reg_712_/D                           -2.1259  (VIOLATED)
   u_ctrl/u_aes/rkeys_reg_822_/D                           -2.1259  (VIOLATED)
   u_ctrl/u_aes/rkeys_reg_827_/D                           -2.1259  (VIOLATED)
   u_ctrl/u_aes/rkeys_reg_830_/D                           -2.1259  (VIOLATED)
   u_ctrl/u_aes/rkeys_reg_841_/D                           -2.1259  (VIOLATED)
   u_ctrl/u_aes/rkeys_reg_842_/D                           -2.1259  (VIOLATED)
   u_ctrl/u_aes/rkeys_reg_843_/D                           -2.1259  (VIOLATED)
   u_ctrl/u_aes/ct_out_reg_18_/D                           -2.1033  (VIOLATED)
   u_ctrl/u_aes/rkeys_reg_653_/D                           -2.0950  (VIOLATED)
   u_ctrl/u_aes/rkeys_reg_164_/D                           -2.0950  (VIOLATED)
   u_ctrl/u_aes/rkeys_reg_409_/D                           -2.0950  (VIOLATED)
   u_ctrl/u_aes/rkeys_reg_512_/D                           -2.0950  (VIOLATED)
   u_ctrl/u_aes/rkeys_reg_533_/D                           -2.0950  (VIOLATED)
   u_ctrl/u_aes/rkeys_reg_262_/D                           -2.0950  (VIOLATED)
   u_ctrl/u_aes/rkeys_reg_362_/D                           -2.0950  (VIOLATED)
   u_ctrl/u_aes/rkeys_reg_414_/D                           -2.0950  (VIOLATED)
   u_ctrl/u_aes/rkeys_reg_1094_/D                          -2.0950  (VIOLATED)
   u_ctrl/u_aes/rkeys_reg_1095_/D                          -2.0950  (VIOLATED)
   u_ctrl/u_aes/rkeys_reg_163_/D                           -2.0950  (VIOLATED)
   u_ctrl/u_aes/rkeys_reg_410_/D                           -2.0950  (VIOLATED)
   u_ctrl/u_aes/rkeys_reg_529_/D                           -2.0950  (VIOLATED)
   u_ctrl/u_aes/rkeys_reg_263_/D                           -2.0950  (VIOLATED)
   u_ctrl/u_aes/rkeys_reg_319_/D                           -2.0950  (VIOLATED)
   u_ctrl/u_aes/rkeys_reg_535_/D                           -2.0950  (VIOLATED)
   u_ctrl/u_aes/ct_out_reg_119_/D                          -2.0934  (VIOLATED)
   u_ctrl/u_aes/ct_out_reg_111_/D                          -2.0919  (VIOLATED)
   u_ctrl/u_aes/rkeys_reg_971_/D                           -2.0680  (VIOLATED)
   u_ctrl/u_aes/rkeys_reg_619_/D                           -2.0680  (VIOLATED)
   u_ctrl/u_aes/rkeys_reg_819_/D                           -2.0680  (VIOLATED)
   u_ctrl/u_aes/rkeys_reg_500_/D                           -2.0663  (VIOLATED)
   u_ctrl/u_aes/rkeys_reg_755_/D                           -2.0663  (VIOLATED)
   u_ctrl/u_aes/rkeys_reg_905_/D                           -2.0663  (VIOLATED)
   u_ctrl/u_aes/rkeys_reg_939_/D                           -2.0663  (VIOLATED)
   u_ctrl/u_aes/rkeys_reg_947_/D                           -2.0660  (VIOLATED)
   u_ctrl/u_aes/rkeys_reg_1109_/D                          -2.0660  (VIOLATED)
   u_ctrl/u_aes/rkeys_reg_852_/D                           -2.0660  (VIOLATED)
   u_ctrl/u_aes/rkeys_reg_1044_/D                          -2.0643  (VIOLATED)
   u_ctrl/u_aes/rkeys_reg_1104_/D                          -2.0643  (VIOLATED)
   u_ctrl/u_aes/ct_out_reg_19_/D                           -2.0621  (VIOLATED)
   u_ctrl/u_aes/rkeys_reg_407_/D                           -2.0517  (VIOLATED)
   u_ctrl/u_aes/rkeys_reg_236_/D                           -2.0517  (VIOLATED)
   u_ctrl/u_aes/rkeys_reg_1033_/D                          -2.0517  (VIOLATED)
   u_ctrl/u_aes/rkeys_reg_1128_/D                          -2.0517  (VIOLATED)
   u_ctrl/u_aes/rkeys_reg_405_/D                           -2.0517  (VIOLATED)
   u_ctrl/u_aes/rkeys_reg_1037_/D                          -2.0517  (VIOLATED)
   u_ctrl/u_aes/rkeys_reg_1093_/D                          -2.0517  (VIOLATED)
   u_ctrl/u_aes/rkeys_reg_799_/D                           -2.0517  (VIOLATED)
   u_ctrl/u_aes/rkeys_reg_647_/D                           -2.0517  (VIOLATED)
   u_ctrl/u_aes/rkeys_reg_1032_/D                          -2.0517  (VIOLATED)
   u_ctrl/u_aes/rkeys_reg_1103_/D                          -2.0517  (VIOLATED)
   u_ctrl/u_aes/rkeys_reg_281_/D                           -2.0517  (VIOLATED)
   u_ctrl/u_aes/rkeys_reg_360_/D                           -2.0517  (VIOLATED)
   u_ctrl/u_aes/rkeys_reg_400_/D                           -2.0517  (VIOLATED)
   u_ctrl/u_aes/rkeys_reg_522_/D                           -2.0517  (VIOLATED)
   u_ctrl/u_aes/rkeys_reg_1064_/D                          -2.0517  (VIOLATED)
   u_ctrl/u_aes/rkeys_reg_403_/D                           -2.0517  (VIOLATED)
   u_ctrl/u_aes/rkeys_reg_521_/D                           -2.0517  (VIOLATED)
   u_ctrl/u_aes/rkeys_reg_1066_/D                          -2.0517  (VIOLATED)
   u_ctrl/u_aes/rkeys_reg_282_/D                           -2.0517  (VIOLATED)
   u_ctrl/u_aes/rkeys_reg_283_/D                           -2.0517  (VIOLATED)
   u_ctrl/u_aes/rkeys_reg_285_/D                           -2.0517  (VIOLATED)
   u_ctrl/u_aes/rkeys_reg_287_/D                           -2.0517  (VIOLATED)
   u_ctrl/u_aes/rkeys_reg_520_/D                           -2.0517  (VIOLATED)
   u_ctrl/u_aes/rkeys_reg_524_/D                           -2.0517  (VIOLATED)
   u_ctrl/u_aes/rkeys_reg_641_/D                           -2.0517  (VIOLATED)
   u_ctrl/u_aes/rkeys_reg_645_/D                           -2.0517  (VIOLATED)
   u_ctrl/u_aes/rkeys_reg_742_/D                           -2.0517  (VIOLATED)
   u_ctrl/u_aes/rkeys_reg_930_/D                           -2.0517  (VIOLATED)
   u_ctrl/u_aes/rkeys_reg_935_/D                           -2.0517  (VIOLATED)
   u_ctrl/u_aes/rkeys_reg_994_/D                           -2.0517  (VIOLATED)
   u_ctrl/u_aes/rkeys_reg_998_/D                           -2.0517  (VIOLATED)
   u_ctrl/u_aes/rkeys_reg_1096_/D                          -2.0517  (VIOLATED)
   u_ctrl/u_aes/rkeys_reg_1100_/D                          -2.0517  (VIOLATED)
   u_ctrl/u_aes/rkeys_reg_1101_/D                          -2.0517  (VIOLATED)
   u_ctrl/u_aes/rkeys_reg_1134_/D                          -2.0517  (VIOLATED)
   u_ctrl/u_aes/rkeys_reg_300_/D                           -2.0517  (VIOLATED)
   u_ctrl/u_aes/rkeys_reg_1036_/D                          -2.0517  (VIOLATED)
   u_ctrl/u_aes/rkeys_reg_1130_/D                          -2.0517  (VIOLATED)
   u_ctrl/u_aes/rkeys_reg_129_/D                           -2.0517  (VIOLATED)
   u_ctrl/u_aes/rkeys_reg_130_/D                           -2.0517  (VIOLATED)
   u_ctrl/u_aes/rkeys_reg_131_/D                           -2.0517  (VIOLATED)
   u_ctrl/u_aes/rkeys_reg_134_/D                           -2.0517  (VIOLATED)
   u_ctrl/u_aes/rkeys_reg_523_/D                           -2.0517  (VIOLATED)
   u_ctrl/u_aes/rkeys_reg_643_/D                           -2.0517  (VIOLATED)
   u_ctrl/u_aes/ct_out_reg_91_/D                           -2.0490  (VIOLATED)
   u_ctrl/u_aes/ct_out_reg_20_/D                           -2.0394  (VIOLATED)
   u_ctrl/u_aes/ct_out_reg_74_/D                           -2.0184  (VIOLATED)
   u_ctrl/u_aes/rkeys_reg_1166_/D                          -2.0165  (VIOLATED)
   u_ctrl/u_aes/rkeys_reg_215_/D                           -2.0165  (VIOLATED)
   u_ctrl/u_aes/rkeys_reg_1188_/D                          -2.0165  (VIOLATED)
   u_ctrl/u_aes/rkeys_reg_1198_/D                          -2.0165  (VIOLATED)
   u_ctrl/u_aes/rkeys_reg_1280_/D                          -2.0165  (VIOLATED)
   u_ctrl/u_aes/rkeys_reg_1281_/D                          -2.0165  (VIOLATED)
   u_ctrl/u_aes/rkeys_reg_1290_/D                          -2.0165  (VIOLATED)
   u_ctrl/u_aes/rkeys_reg_208_/D                           -2.0165  (VIOLATED)
   u_ctrl/u_aes/rkeys_reg_210_/D                           -2.0165  (VIOLATED)
   u_ctrl/u_aes/rkeys_reg_1156_/D                          -2.0165  (VIOLATED)
   u_ctrl/u_aes/rkeys_reg_1219_/D                          -2.0165  (VIOLATED)
   u_ctrl/u_aes/rkeys_reg_1220_/D                          -2.0165  (VIOLATED)
   u_ctrl/u_aes/rkeys_reg_1251_/D                          -2.0165  (VIOLATED)
   u_ctrl/u_aes/rkeys_reg_1252_/D                          -2.0165  (VIOLATED)
   u_ctrl/u_aes/rkeys_reg_1258_/D                          -2.0165  (VIOLATED)
   u_ctrl/u_aes/rkeys_reg_636_/D                           -2.0164  (VIOLATED)
   u_ctrl/u_aes/rkeys_reg_974_/D                           -2.0164  (VIOLATED)
   u_ctrl/u_aes/rkeys_reg_93_/D                            -2.0164  (VIOLATED)
   u_ctrl/u_aes/rkeys_reg_170_/D                           -2.0138  (VIOLATED)
   u_ctrl/u_aes/rkeys_reg_265_/D                           -2.0138  (VIOLATED)
   u_ctrl/u_aes/rkeys_reg_768_/D                           -2.0138  (VIOLATED)
   u_ctrl/u_aes/rkeys_reg_1070_/D                          -2.0138  (VIOLATED)
   u_ctrl/u_aes/rkeys_reg_269_/D                           -2.0138  (VIOLATED)
   u_ctrl/u_aes/rkeys_reg_798_/D                           -2.0138  (VIOLATED)
   u_ctrl/u_aes/rkeys_reg_950_/D                           -2.0138  (VIOLATED)
   u_ctrl/u_aes/rkeys_reg_1039_/D                          -2.0138  (VIOLATED)
   u_ctrl/u_aes/rkeys_reg_389_/D                           -2.0138  (VIOLATED)
   u_ctrl/u_aes/rkeys_reg_915_/D                           -2.0138  (VIOLATED)
   u_ctrl/u_aes/rkeys_reg_917_/D                           -2.0138  (VIOLATED)
   u_ctrl/u_aes/rkeys_reg_918_/D                           -2.0138  (VIOLATED)
   u_ctrl/u_aes/rkeys_reg_922_/D                           -2.0138  (VIOLATED)
   u_ctrl/u_aes/rkeys_reg_763_/D                           -2.0138  (VIOLATED)
   u_ctrl/u_aes/rkeys_reg_792_/D                           -2.0138  (VIOLATED)
   u_ctrl/u_aes/rkeys_reg_794_/D                           -2.0138  (VIOLATED)
   u_ctrl/u_aes/rkeys_reg_795_/D                           -2.0138  (VIOLATED)
   u_ctrl/u_aes/rkeys_reg_912_/D                           -2.0138  (VIOLATED)
   u_ctrl/u_aes/rkeys_reg_168_/D                           -2.0138  (VIOLATED)
   u_ctrl/u_aes/rkeys_reg_171_/D                           -2.0138  (VIOLATED)
   u_ctrl/u_aes/rkeys_reg_173_/D                           -2.0138  (VIOLATED)
   u_ctrl/u_aes/rkeys_reg_573_/D                           -2.0138  (VIOLATED)
   u_ctrl/u_aes/rkeys_reg_828_/D                           -2.0138  (VIOLATED)
   u_ctrl/u_aes/rkeys_reg_831_/D                           -2.0138  (VIOLATED)
   u_ctrl/u_aes/rkeys_reg_569_/D                           -2.0138  (VIOLATED)
   u_ctrl/u_aes/rkeys_reg_673_/D                           -2.0138  (VIOLATED)
   u_ctrl/u_aes/rkeys_reg_824_/D                           -2.0138  (VIOLATED)
   u_ctrl/u_aes/rkeys_reg_26_/D                            -2.0074  (VIOLATED)
   u_ctrl/u_aes/rkeys_reg_30_/D                            -2.0074  (VIOLATED)
   u_ctrl/u_aes/rkeys_reg_35_/D                            -2.0074  (VIOLATED)
   u_ctrl/u_aes/rkeys_reg_50_/D                            -2.0074  (VIOLATED)
   u_ctrl/u_aes/rkeys_reg_63_/D                            -2.0074  (VIOLATED)
   u_ctrl/u_aes/rkeys_reg_97_/D                            -2.0074  (VIOLATED)
   u_ctrl/u_aes/rkeys_reg_98_/D                            -2.0074  (VIOLATED)
   u_ctrl/u_aes/rkeys_reg_100_/D                           -2.0074  (VIOLATED)
   u_ctrl/u_aes/rkeys_reg_1313_/D                          -2.0074  (VIOLATED)
   u_ctrl/u_aes/ct_out_reg_24_/D                           -1.9665  (VIOLATED)
   u_ctrl/u_aes/ct_out_reg_23_/D                           -1.9611  (VIOLATED)
   u_ctrl/u_aes/done_reg/D                                 -1.8434  (VIOLATED)
   u_ctrl/u_aes/rkeys_reg_715_/D                           -1.8110  (VIOLATED)
   u_ctrl/u_aes/rkeys_reg_907_/D                           -1.8110  (VIOLATED)
   u_ctrl/u_aes/rkeys_reg_627_/D                           -1.8110  (VIOLATED)
   u_ctrl/u_aes/rkeys_reg_692_/D                           -1.8090  (VIOLATED)
   u_ctrl/u_aes/rkeys_reg_1107_/D                          -1.8090  (VIOLATED)
   u_ctrl/u_aes/ct_out_reg_31_/D                           -1.7756  (VIOLATED)
   u_ctrl/u_aes/round_reg_3_/D                             -1.7307  (VIOLATED)
   u_ctrl/u_aes/rkeys_reg_47_/D                            -1.7248  (VIOLATED)
   u_ctrl/u_aes/rkeys_reg_48_/D                            -1.7248  (VIOLATED)
   u_ctrl/u_aes/rkeys_reg_49_/D                            -1.7248  (VIOLATED)
   u_ctrl/u_aes/rkeys_reg_66_/D                            -1.7248  (VIOLATED)
   u_ctrl/u_aes/rkeys_reg_82_/D                            -1.7248  (VIOLATED)
   u_ctrl/u_aes/rkeys_reg_101_/D                           -1.7248  (VIOLATED)
   u_ctrl/u_aes/rkeys_reg_104_/D                           -1.7248  (VIOLATED)
   u_ctrl/u_aes/rkeys_reg_120_/D                           -1.7248  (VIOLATED)
   u_ctrl/u_aes/rkeys_reg_948_/D                           -1.1956  (VIOLATED)
   u_ctrl/u_aes/rkeys_reg_1011_/D                          -1.1956  (VIOLATED)
   u_ctrl/u_aes/rkeys_reg_1013_/D                          -1.1956  (VIOLATED)
   u_ctrl/u_aes/rkeys_reg_944_/D                           -1.1956  (VIOLATED)
   u_ctrl/u_aes/rkeys_reg_1108_/D                          -1.1956  (VIOLATED)
   u_ctrl/u_aes/rkeys_reg_1045_/D                          -1.1956  (VIOLATED)
   u_ctrl/u_aes/rkeys_reg_1106_/D                          -1.1956  (VIOLATED)
   u_ctrl/u_aes/rkeys_reg_1339_/D                          -0.7833  (VIOLATED)
   u_ctrl/u_aes/rkeys_reg_666_/D                           -0.7833  (VIOLATED)
   u_ctrl/u_aes/rkeys_reg_882_/D                           -0.7833  (VIOLATED)
   u_ctrl/u_aes/rkeys_reg_885_/D                           -0.7833  (VIOLATED)
   u_ctrl/u_aes/rkeys_reg_886_/D                           -0.7833  (VIOLATED)
   u_ctrl/u_aes/rkeys_reg_1345_/D                          -0.7833  (VIOLATED)
   u_ctrl/u_aes/rkeys_reg_568_/D                           -0.7833  (VIOLATED)
   u_ctrl/u_aes/rkeys_reg_757_/D                           -0.7833  (VIOLATED)
   u_ctrl/u_aes/rkeys_reg_1331_/D                          -0.7833  (VIOLATED)
   u_ctrl/u_aes/rkeys_reg_1353_/D                          -0.7833  (VIOLATED)
   u_ctrl/u_aes/rkeys_reg_881_/D                           -0.7244  (VIOLATED)
   u_ctrl/u_aes/rkeys_reg_884_/D                           -0.7244  (VIOLATED)
   u_ctrl/u_aes/rkeys_reg_1344_/D                          -0.7244  (VIOLATED)
   u_ctrl/u_aes/rkeys_reg_1346_/D                          -0.7244  (VIOLATED)
   u_ctrl/u_aes/rkeys_reg_634_/D                           -0.7244  (VIOLATED)
   u_ctrl/u_aes/busy_reg/D                                 -0.6391  (VIOLATED)
   u_ctrl/u_aes/rkeys_reg_7_/D                             -0.5715  (VIOLATED)
   u_ctrl/u_aes/rkeys_reg_702_/D                           -0.5715  (VIOLATED)
   u_ctrl/u_aes/rkeys_reg_1241_/D                          -0.5715  (VIOLATED)
   u_ctrl/u_aes/rkeys_reg_1131_/D                          -0.5290  (VIOLATED)
   u_ctrl/u_aes/rkeys_reg_1222_/D                          -0.5290  (VIOLATED)
   u_ctrl/u_aes/rkeys_reg_1190_/D                          -0.5290  (VIOLATED)
   u_ctrl/u_aes/rkeys_reg_1254_/D                          -0.5290  (VIOLATED)
   u_ctrl/u_aes/rkeys_reg_1099_/D                          -0.5290  (VIOLATED)
   u_ctrl/u_aes/rkeys_reg_1159_/D                          -0.5290  (VIOLATED)
   u_ctrl/u_aes/rkeys_reg_376_/D                           -0.5290  (VIOLATED)
   u_ctrl/u_aes/rkeys_reg_472_/D                           -0.5290  (VIOLATED)
   u_ctrl/u_aes/rkeys_reg_1098_/D                          -0.5290  (VIOLATED)
   u_ctrl/u_aes/rkeys_reg_1158_/D                          -0.5290  (VIOLATED)
   u_ctrl/u_aes/rkeys_reg_635_/D                           -0.5035  (VIOLATED)
   u_ctrl/u_aes/rkeys_reg_878_/D                           -0.5035  (VIOLATED)
   u_ctrl/u_aes/rkeys_reg_222_/D                           -0.5035  (VIOLATED)
   u_ctrl/u_aes/rkeys_reg_873_/D                           -0.5035  (VIOLATED)
   u_ctrl/u_aes/rkeys_reg_876_/D                           -0.5035  (VIOLATED)
   u_ctrl/u_aes/rkeys_reg_220_/D                           -0.5035  (VIOLATED)
   u_ctrl/u_aes/rkeys_reg_877_/D                           -0.5035  (VIOLATED)
   u_ctrl/u_aes/rkeys_reg_221_/D                           -0.5035  (VIOLATED)
   u_ctrl/u_aes/rkeys_reg_223_/D                           -0.5035  (VIOLATED)
   u_ctrl/u_aes/rkeys_reg_1385_/D                          -0.5035  (VIOLATED)
   u_ctrl/u_aes/rkeys_reg_1392_/D                          -0.5035  (VIOLATED)
   u_ctrl/u_aes/rkeys_reg_844_/D                           -0.5035  (VIOLATED)
   u_ctrl/u_aes/rkeys_reg_660_/D                           -0.4490  (VIOLATED)
   u_ctrl/u_aes/rkeys_reg_720_/D                           -0.4490  (VIOLATED)
   u_ctrl/u_aes/rkeys_reg_724_/D                           -0.4490  (VIOLATED)
   u_ctrl/u_aes/rkeys_reg_468_/D                           -0.4490  (VIOLATED)
   u_ctrl/u_aes/rkeys_reg_658_/D                           -0.4490  (VIOLATED)
   u_ctrl/u_aes/rkeys_reg_723_/D                           -0.4490  (VIOLATED)
   u_ctrl/u_aes/rkeys_reg_466_/D                           -0.4490  (VIOLATED)
   u_ctrl/u_aes/rkeys_reg_562_/D                           -0.4490  (VIOLATED)
   u_ctrl/u_aes/rkeys_reg_564_/D                           -0.4490  (VIOLATED)
   u_ctrl/u_aes/rkeys_reg_566_/D                           -0.4490  (VIOLATED)
   u_ctrl/u_aes/rkeys_reg_662_/D                           -0.4490  (VIOLATED)
   u_ctrl/u_aes/rkeys_reg_467_/D                           -0.4490  (VIOLATED)
   u_ctrl/u_aes/rkeys_reg_618_/D                           -0.4131  (VIOLATED)
   u_ctrl/u_aes/rkeys_reg_714_/D                           -0.4131  (VIOLATED)
   u_ctrl/u_aes/rkeys_reg_716_/D                           -0.4131  (VIOLATED)
   u_ctrl/u_aes/rkeys_reg_751_/D                           -0.4131  (VIOLATED)
   u_ctrl/u_aes/rkeys_reg_812_/D                           -0.4131  (VIOLATED)
   u_ctrl/u_aes/rkeys_reg_874_/D                           -0.4131  (VIOLATED)
   u_ctrl/u_aes/rkeys_reg_904_/D                           -0.4131  (VIOLATED)
   u_ctrl/u_aes/rkeys_reg_906_/D                           -0.4131  (VIOLATED)
   u_ctrl/u_aes/rkeys_reg_908_/D                           -0.4131  (VIOLATED)
   u_ctrl/u_aes/rkeys_reg_938_/D                           -0.4131  (VIOLATED)
   u_ctrl/u_aes/rkeys_reg_1002_/D                          -0.4131  (VIOLATED)
   u_ctrl/u_aes/rkeys_reg_1004_/D                          -0.4131  (VIOLATED)
   u_ctrl/u_aes/rkeys_reg_749_/D                           -0.4071  (VIOLATED)
   u_ctrl/u_aes/rkeys_reg_813_/D                           -0.4071  (VIOLATED)
   u_ctrl/u_aes/rkeys_reg_879_/D                           -0.4071  (VIOLATED)
   u_ctrl/u_aes/rkeys_reg_1005_/D                          -0.4071  (VIOLATED)
   u_ctrl/u_aes/rkeys_reg_719_/D                           -0.4071  (VIOLATED)
   u_ctrl/u_aes/rkeys_reg_809_/D                           -0.4071  (VIOLATED)
   u_ctrl/u_aes/rkeys_reg_909_/D                           -0.4071  (VIOLATED)
   u_ctrl/u_aes/rkeys_reg_911_/D                           -0.4071  (VIOLATED)
   u_ctrl/u_aes/rkeys_reg_975_/D                           -0.4071  (VIOLATED)
   u_ctrl/u_aes/rkeys_reg_1006_/D                          -0.4071  (VIOLATED)
   u_ctrl/u_aes/rkeys_reg_617_/D                           -0.4071  (VIOLATED)
   u_ctrl/u_aes/rkeys_reg_745_/D                           -0.4071  (VIOLATED)
   u_ctrl/u_aes/rkeys_reg_57_/D                            -0.3769  (VIOLATED)
   u_ctrl/u_aes/rkeys_reg_60_/D                            -0.3769  (VIOLATED)
   u_ctrl/u_aes/rkeys_reg_61_/D                            -0.3769  (VIOLATED)
   u_ctrl/u_aes/rkeys_reg_121_/D                           -0.3769  (VIOLATED)
   u_ctrl/u_aes/rkeys_reg_124_/D                           -0.3769  (VIOLATED)
   u_ctrl/u_aes/rkeys_reg_153_/D                           -0.3769  (VIOLATED)
   u_ctrl/u_aes/rkeys_reg_156_/D                           -0.3769  (VIOLATED)
   u_ctrl/u_aes/rkeys_reg_157_/D                           -0.3769  (VIOLATED)
   u_ctrl/u_aes/rkeys_reg_159_/D                           -0.3769  (VIOLATED)
   u_ctrl/u_aes/rkeys_reg_188_/D                           -0.3769  (VIOLATED)
   u_ctrl/u_aes/rkeys_reg_252_/D                           -0.3769  (VIOLATED)
   u_ctrl/u_aes/rkeys_reg_254_/D                           -0.3769  (VIOLATED)
   u_ctrl/u_aes/rkeys_reg_385_/D                           -0.3399  (VIOLATED)
   u_ctrl/u_aes/rkeys_reg_604_/D                           -0.3399  (VIOLATED)
   u_ctrl/u_aes/rkeys_reg_290_/D                           -0.3399  (VIOLATED)
   u_ctrl/u_aes/rkeys_reg_292_/D                           -0.3399  (VIOLATED)
   u_ctrl/u_aes/rkeys_reg_293_/D                           -0.3399  (VIOLATED)
   u_ctrl/u_aes/rkeys_reg_349_/D                           -0.3399  (VIOLATED)
   u_ctrl/u_aes/rkeys_reg_386_/D                           -0.3399  (VIOLATED)
   u_ctrl/u_aes/rkeys_reg_446_/D                           -0.3399  (VIOLATED)
   u_ctrl/u_aes/rkeys_reg_450_/D                           -0.3399  (VIOLATED)
   u_ctrl/u_aes/rkeys_reg_451_/D                           -0.3399  (VIOLATED)
   u_ctrl/u_aes/rkeys_reg_605_/D                           -0.3399  (VIOLATED)
   u_ctrl/u_aes/rkeys_reg_606_/D                           -0.3399  (VIOLATED)
   u_ctrl/u_aes/rkeys_reg_1157_/D                          -0.3383  (VIOLATED)
   u_ctrl/u_aes/rkeys_reg_1191_/D                          -0.3383  (VIOLATED)
   u_ctrl/u_aes/rkeys_reg_1221_/D                          -0.3383  (VIOLATED)
   u_ctrl/u_aes/rkeys_reg_1255_/D                          -0.3383  (VIOLATED)
   u_ctrl/u_aes/rkeys_reg_346_/D                           -0.3122  (VIOLATED)
   u_ctrl/u_aes/rkeys_reg_442_/D                           -0.3122  (VIOLATED)
   u_ctrl/u_aes/rkeys_reg_465_/D                           -0.3122  (VIOLATED)
   u_ctrl/u_aes/rkeys_reg_470_/D                           -0.3122  (VIOLATED)
   u_ctrl/u_aes/rkeys_reg_537_/D                           -0.3122  (VIOLATED)
   u_ctrl/u_aes/rkeys_reg_539_/D                           -0.3122  (VIOLATED)
   u_ctrl/u_aes/rkeys_reg_600_/D                           -0.3122  (VIOLATED)
   u_ctrl/u_aes/rkeys_reg_601_/D                           -0.3122  (VIOLATED)
   u_ctrl/u_aes/rkeys_reg_602_/D                           -0.3122  (VIOLATED)
   u_ctrl/u_aes/rkeys_reg_657_/D                           -0.3122  (VIOLATED)
   u_ctrl/u_aes/rkeys_reg_663_/D                           -0.3122  (VIOLATED)
   u_ctrl/u_aes/rkeys_reg_721_/D                           -0.3122  (VIOLATED)
   u_ctrl/u_aes/rkeys_reg_689_/D                           -0.2936  (VIOLATED)
   u_ctrl/u_aes/rkeys_reg_753_/D                           -0.2936  (VIOLATED)
   u_ctrl/u_aes/rkeys_reg_818_/D                           -0.2936  (VIOLATED)
   u_ctrl/u_aes/rkeys_reg_850_/D                           -0.2936  (VIOLATED)
   u_ctrl/u_aes/rkeys_reg_759_/D                           -0.2936  (VIOLATED)
   u_ctrl/u_aes/rkeys_reg_503_/D                           -0.2936  (VIOLATED)
   u_ctrl/u_aes/rkeys_reg_594_/D                           -0.2936  (VIOLATED)
   u_ctrl/u_aes/rkeys_reg_695_/D                           -0.2936  (VIOLATED)
   u_ctrl/u_aes/rkeys_reg_887_/D                           -0.2936  (VIOLATED)
   u_ctrl/u_aes/rkeys_reg_593_/D                           -0.2936  (VIOLATED)
   u_ctrl/u_aes/rkeys_reg_599_/D                           -0.2936  (VIOLATED)
   u_ctrl/u_aes/rkeys_reg_786_/D                           -0.2936  (VIOLATED)
   u_ctrl/u_aes/rkeys_reg_88_/D                            -0.2929  (VIOLATED)
   u_ctrl/u_aes/rkeys_reg_87_/D                            -0.2929  (VIOLATED)
   u_ctrl/u_aes/rkeys_reg_1031_/D                          -0.2928  (VIOLATED)
   u_ctrl/u_aes/rkeys_reg_276_/D                           -0.2591  (VIOLATED)
   u_ctrl/u_aes/rkeys_reg_180_/D                           -0.2591  (VIOLATED)
   u_ctrl/u_aes/rkeys_reg_183_/D                           -0.2591  (VIOLATED)
   u_ctrl/u_aes/rkeys_reg_247_/D                           -0.2591  (VIOLATED)
   u_ctrl/u_aes/rkeys_reg_340_/D                           -0.2591  (VIOLATED)
   u_ctrl/u_aes/rkeys_reg_274_/D                           -0.2591  (VIOLATED)
   u_ctrl/u_aes/rkeys_reg_244_/D                           -0.2591  (VIOLATED)
   u_ctrl/u_aes/rkeys_reg_272_/D                           -0.2591  (VIOLATED)
   u_ctrl/u_aes/rkeys_reg_277_/D                           -0.2591  (VIOLATED)
   u_ctrl/u_aes/rkeys_reg_306_/D                           -0.2591  (VIOLATED)
   u_ctrl/u_aes/rkeys_reg_308_/D                           -0.2591  (VIOLATED)
   u_ctrl/u_aes/rkeys_reg_338_/D                           -0.2590  (VIOLATED)
   u_ctrl/u_aes/rkeys_reg_273_/D                           -0.2366  (VIOLATED)
   u_ctrl/u_aes/rkeys_reg_664_/D                           -0.2366  (VIOLATED)
   u_ctrl/u_aes/rkeys_reg_250_/D                           -0.2366  (VIOLATED)
   u_ctrl/u_aes/rkeys_reg_155_/D                           -0.0680  (VIOLATED)
   u_ctrl/u_aes/rkeys_reg_339_/D                           -0.0680  (VIOLATED)
   u_ctrl/u_aes/rkeys_reg_305_/D                           -0.0680  (VIOLATED)
   u_ctrl/u_aes/rkeys_reg_570_/D                           -0.0680  (VIOLATED)
   u_ctrl/u_aes/rkeys_reg_84_/D                            -0.0644  (VIOLATED)
   u_ctrl/u_aes/rkeys_reg_64_/D                            -0.0644  (VIOLATED)
   u_ctrl/u_aes/rkeys_reg_177_/D                           -0.0412  (VIOLATED)
   u_ctrl/u_aes/rkeys_reg_243_/D                           -0.0412  (VIOLATED)
   u_ctrl/u_aes/rkeys_reg_154_/D                           -0.0144  (VIOLATED)
   u_ctrl/u_aes/rkeys_reg_374_/D                           -0.0144  (VIOLATED)
   u_ctrl/u_aes/rkeys_reg_378_/D                           -0.0144  (VIOLATED)
   u_ctrl/u_aes/rkeys_reg_369_/D                           -0.0144  (VIOLATED)


   min_delay/hold ('clock_gating_default' group)

   Endpoint                                                  Slack
   -----------------------------------------------------------------
   u_ctrl/u_icg_aes/U3/A2                                  -0.0105  (VIOLATED)

   min_delay/hold ('clk_div2' group)

   Endpoint                                                  Slack
   -----------------------------------------------------------------
   u_mem/u_sram/A[1]                                       -0.0148  (VIOLATED)
   u_mem/u_sram/A[2]                                       -0.0148  (VIOLATED)
   u_mem/u_sram/A[0]                                       -0.0148  (VIOLATED)
   u_mem/u_sram/A[3]                                       -0.0148  (VIOLATED)
   u_mem/u_sram/I[0]                                       -0.0145  (VIOLATED)
   u_mem/u_sram/I[1]                                       -0.0145  (VIOLATED)
   u_mem/u_sram/I[2]                                       -0.0145  (VIOLATED)
   u_mem/u_sram/I[3]                                       -0.0145  (VIOLATED)
   u_mem/u_sram/I[4]                                       -0.0145  (VIOLATED)
   u_mem/u_sram/I[5]                                       -0.0145  (VIOLATED)
   u_mem/u_sram/I[6]                                       -0.0145  (VIOLATED)
   u_mem/u_sram/I[7]                                       -0.0145  (VIOLATED)



   clock_gating_hold

   Endpoint                                                  Slack
   -----------------------------------------------------------------
   u_ctrl/u_icg_aes/U3/A2                                  -0.0105  (VIOLATED)


   max_capacitance

                             Required        Actual
   Pin                      Capacitance    Capacitance       Slack
   -----------------------------------------------------------------
   u_ctrl/u_tx/U63/Y          8.0000        12.9627        -4.9627  (VIOLATED)
   u_ctrl/u_tx/U50/Y          8.0000        12.9381        -4.9381  (VIOLATED)
   u_ctrl/u_tx/U70/Y          8.0000        12.9358        -4.9358  (VIOLATED)
   u_ctrl/u_tx/U8/Y          16.0000        20.4354        -4.4354  (VIOLATED)
   u_ctrl/u_tx/U51/Y          8.0000        12.4247        -4.4247  (VIOLATED)
   u_ctrl/u_crc/U8/Y         16.0000        20.0311        -4.0311  (VIOLATED)
   u_ctrl/u_rx/U155/Y        16.0000        19.0876        -3.0876  (VIOLATED)
   u_ctrl/u_crc/U10/Y        16.0000        18.9528        -2.9528  (VIOLATED)
   u_ctrl/u_crc/U34/Y        16.0000        18.9528        -2.9528  (VIOLATED)
   u_ctrl/u_rx/U11/Y         16.0000        18.9528        -2.9528  (VIOLATED)
   u_ctrl/u_rx/U153/Y        16.0000        18.9528        -2.9528  (VIOLATED)
   u_ctrl/u_rx/U154/Y        16.0000        18.9528        -2.9528  (VIOLATED)
   u_ctrl/u_tx/U30/Y         16.0000        18.9528        -2.9528  (VIOLATED)
   u_ctrl/u_tx/U36/Y         16.0000        18.9528        -2.9528  (VIOLATED)
   u_ctrl/u_crc/U23/SO        8.0000        10.8505        -2.8505  (VIOLATED)
   u_ctrl/u_rx/U23/Y          8.0000        10.4719        -2.4719  (VIOLATED)
   u_ctrl/u_rx/U24/Y          8.0000        10.4057        -2.4057  (VIOLATED)
   u_ctrl/u_crc/U115/SO       8.0000        10.0897        -2.0897  (VIOLATED)
   u_ctrl/u_rx/busy_reg/QN    8.0000         9.3527        -1.3527  (VIOLATED)
   u_ctrl/u_rx/U79/Y          8.0000         8.7179        -0.7179  (VIOLATED)
   u_ctrl/u_rx/U105/Y         8.0000         8.6393        -0.6393  (VIOLATED)
   u_ctrl/u_crc/U104/SO       8.0000         8.6236        -0.6236  (VIOLATED)
   u_ctrl/u_crc/U19/Y         8.0000         8.5766        -0.5766  (VIOLATED)
   u_ctrl/u_aes/U9376/Y       8.0000         8.5251        -0.5251  (VIOLATED)
   u_ctrl/u_aes/U9378/Y       8.0000         8.5251        -0.5251  (VIOLATED)
   u_ctrl/u_aes/U9379/Y       8.0000         8.5251        -0.5251  (VIOLATED)
   u_ctrl/u_aes/state_reg_86_/Q   8.0000     8.4700        -0.4700  (VIOLATED)
   u_ctrl/u_aes/U9375/Y       8.0000         8.4350        -0.4350  (VIOLATED)


1
