****************************************
Report : timing
	-path_type full_clock_expanded
	-delay_type max
	-nosplit
	-input_pins
	-slack_lesser_than 0.0000
	-max_paths 25
	-sort_by slack
Design : top_mcu_pll_sram_multiclk_soc
Version: W-2024.09-SP5-3
Date   : Mon Apr 13 19:58:37 2026
****************************************


  Startpoint: u_ctrl/u_aes/state_reg_84_ (rising edge-triggered flip-flop clocked by clk_fast_aes)
  Endpoint: u_ctrl/u_aes/state_reg_107_ (rising edge-triggered flip-flop clocked by clk_fast_aes)
  Path Group: clk_fast_aes
  Path Type: max

  Point                                                         Incr       Path
  ------------------------------------------------------------------------------------
  clock clk_fast_aes (rise edge)                              0.0000     0.0000
  clock network delay (ideal)                                 0.0000     0.0000
  u_ctrl/u_aes/state_reg_84_/CLK (SDFFARX2_RVT)               0.0000     0.0000 r
  u_ctrl/u_aes/state_reg_84_/QN (SDFFARX2_RVT)                0.1156     0.1156 r
  u_ctrl/u_aes/U699/A (INVX0_RVT)                             0.0000     0.1156 r
  u_ctrl/u_aes/U699/Y (INVX0_RVT)                             0.0356     0.1512 f
  u_ctrl/u_aes/U706/A (IBUFFX2_RVT)                           0.0000     0.1512 f
  u_ctrl/u_aes/U706/Y (IBUFFX2_RVT)                           0.0731     0.2242 r
  u_ctrl/u_aes/U4868/A1 (NAND2X0_RVT)                         0.0000     0.2242 r
  u_ctrl/u_aes/U4868/Y (NAND2X0_RVT)                          0.0489     0.2731 f
  u_ctrl/u_aes/U1349/A (INVX0_RVT)                            0.0000     0.2731 f
  u_ctrl/u_aes/U1349/Y (INVX0_RVT)                            0.0414     0.3145 r
  u_ctrl/u_aes/U4869/A2 (NAND2X0_RVT)                         0.0000     0.3145 r
  u_ctrl/u_aes/U4869/Y (NAND2X0_RVT)                          0.0474     0.3619 f
  u_ctrl/u_aes/U1116/A (INVX0_RVT)                            0.0000     0.3619 f
  u_ctrl/u_aes/U1116/Y (INVX0_RVT)                            0.0553     0.4172 r
  u_ctrl/u_aes/U4872/A2 (NAND2X0_RVT)                         0.0000     0.4172 r
  u_ctrl/u_aes/U4872/Y (NAND2X0_RVT)                          0.0713     0.4885 f
  u_ctrl/u_aes/U233/A2 (AND3X2_RVT)                           0.0000     0.4885 f
  u_ctrl/u_aes/U233/Y (AND3X2_RVT)                            0.1073     0.5958 f
  u_ctrl/u_aes/U4919/A1 (AND2X1_RVT)                          0.0000     0.5958 f
  u_ctrl/u_aes/U4919/Y (AND2X1_RVT)                           0.0647     0.6605 f
  u_ctrl/u_aes/U5897/A1 (NAND4X0_RVT)                         0.0000     0.6605 f
  u_ctrl/u_aes/U5897/Y (NAND4X0_RVT)                          0.0462     0.7067 r
  u_ctrl/u_aes/U5899/A3 (NOR4X1_RVT)                          0.0000     0.7067 r
  u_ctrl/u_aes/U5899/Y (NOR4X1_RVT)                           0.1229     0.8296 f
  u_ctrl/u_aes/U5900/A2 (AND2X1_RVT)                          0.0000     0.8296 f
  u_ctrl/u_aes/U5900/Y (AND2X1_RVT)                           0.0504     0.8801 f
  u_ctrl/u_aes/U5903/A1 (AND2X1_RVT)                          0.0000     0.8801 f
  u_ctrl/u_aes/U5903/Y (AND2X1_RVT)                           0.0588     0.9389 f
  u_ctrl/u_aes/U5905/A1 (NAND2X0_RVT)                         0.0000     0.9389 f
  u_ctrl/u_aes/U5905/Y (NAND2X0_RVT)                          0.0383     0.9771 r
  u_ctrl/u_aes/U5907/A3 (NOR4X1_RVT)                          0.0000     0.9771 r
  u_ctrl/u_aes/U5907/Y (NOR4X1_RVT)                           0.1013     1.0784 f
  u_ctrl/u_aes/U5908/A2 (AND2X1_RVT)                          0.0000     1.0784 f
  u_ctrl/u_aes/U5908/Y (AND2X1_RVT)                           0.0504     1.1289 f
  u_ctrl/u_aes/U5910/A1 (AND2X1_RVT)                          0.0000     1.1289 f
  u_ctrl/u_aes/U5910/Y (AND2X1_RVT)                           0.0488     1.1777 f
  u_ctrl/u_aes/U5911/A4 (MUX41X1_RVT)                         0.0000     1.1777 f
  u_ctrl/u_aes/U5911/Y (MUX41X1_RVT)                          0.1508     1.3285 f
  u_ctrl/u_aes/U8718/A2 (XOR2X1_RVT)                          0.0000     1.3285 f
  u_ctrl/u_aes/U8718/Y (XOR2X1_RVT)                           0.1560     1.4845 r
  u_ctrl/u_aes/U4487/A1 (XOR3X1_RVT)                          0.0000     1.4845 r
  u_ctrl/u_aes/U4487/Y (XOR3X1_RVT)                           0.1920     1.6765 f
  u_ctrl/u_aes/U59/A2 (XOR3X1_RVT)                            0.0000     1.6765 f
  u_ctrl/u_aes/U59/Y (XOR3X1_RVT)                             0.1942     1.8707 f
  u_ctrl/u_aes/U7467/S0 (MUX21X1_RVT)                         0.0000     1.8707 f
  u_ctrl/u_aes/U7467/Y (MUX21X1_RVT)                          0.0963     1.9671 f
  u_ctrl/u_aes/U7471/A1 (NAND3X0_RVT)                         0.0000     1.9671 f
  u_ctrl/u_aes/U7471/Y (NAND3X0_RVT)                          0.0374     2.0044 r
  u_ctrl/u_aes/state_reg_107_/D (SDFFARX1_RVT)                0.0000     2.0044 r
  data arrival time                                                      2.0044

  clock clk_fast_aes (rise edge)                              1.8250     1.8250
  clock network delay (ideal)                                 0.0000     1.8250
  u_ctrl/u_aes/state_reg_107_/CLK (SDFFARX1_RVT)                         1.8250 r
  clock reconvergence pessimism                               0.0000     1.8250
  clock uncertainty                                          -0.2000     1.6250
  library setup time                                         -0.1319     1.4931
  data required time                                                     1.4931
  ------------------------------------------------------------------------------------
  data required time                                                     1.4931
  data arrival time                                                     -2.0044
  ------------------------------------------------------------------------------------
  slack (VIOLATED)                                                      -0.5114


  Startpoint: u_ctrl/u_aes/state_reg_26_ (rising edge-triggered flip-flop clocked by clk_fast_aes)
  Endpoint: u_ctrl/u_aes/state_reg_19_ (rising edge-triggered flip-flop clocked by clk_fast_aes)
  Path Group: clk_fast_aes
  Path Type: max

  Point                                                         Incr       Path
  ------------------------------------------------------------------------------------
  clock clk_fast_aes (rise edge)                              0.0000     0.0000
  clock network delay (ideal)                                 0.0000     0.0000
  u_ctrl/u_aes/state_reg_26_/CLK (SDFFARX1_RVT)               0.0000     0.0000 r
  u_ctrl/u_aes/state_reg_26_/Q (SDFFARX1_RVT)                 0.1639     0.1639 r
  u_ctrl/u_aes/U2431/A (INVX0_RVT)                            0.0000     0.1639 r
  u_ctrl/u_aes/U2431/Y (INVX0_RVT)                            0.0327     0.1966 f
  u_ctrl/u_aes/U2433/A (IBUFFX2_RVT)                          0.0000     0.1966 f
  u_ctrl/u_aes/U2433/Y (IBUFFX2_RVT)                          0.0720     0.2686 r
  u_ctrl/u_aes/U2463/A2 (NAND3X2_RVT)                         0.0000     0.2686 r
  u_ctrl/u_aes/U2463/Y (NAND3X2_RVT)                          0.0934     0.3620 f
  u_ctrl/u_aes/U7557/A (INVX0_RVT)                            0.0000     0.3620 f
  u_ctrl/u_aes/U7557/Y (INVX0_RVT)                            0.0516     0.4136 r
  u_ctrl/u_aes/U4329/A3 (NAND3X0_RVT)                         0.0000     0.4136 r
  u_ctrl/u_aes/U4329/Y (NAND3X0_RVT)                          0.0769     0.4905 f
  u_ctrl/u_aes/U1022/A (INVX0_RVT)                            0.0000     0.4905 f
  u_ctrl/u_aes/U1022/Y (INVX0_RVT)                            0.0463     0.5368 r
  u_ctrl/u_aes/U3573/A2 (NAND2X0_RVT)                         0.0000     0.5368 r
  u_ctrl/u_aes/U3573/Y (NAND2X0_RVT)                          0.0393     0.5761 f
  u_ctrl/u_aes/U2514/A (INVX0_RVT)                            0.0000     0.5761 f
  u_ctrl/u_aes/U2514/Y (INVX0_RVT)                            0.0383     0.6144 r
  u_ctrl/u_aes/U2516/A (INVX0_RVT)                            0.0000     0.6144 r
  u_ctrl/u_aes/U2516/Y (INVX0_RVT)                            0.0326     0.6470 f
  u_ctrl/u_aes/U2555/A3 (NAND4X1_RVT)                         0.0000     0.6470 f
  u_ctrl/u_aes/U2555/Y (NAND4X1_RVT)                          0.1217     0.7686 r
  u_ctrl/u_aes/U8094/A2 (NOR4X1_RVT)                          0.0000     0.7686 r
  u_ctrl/u_aes/U8094/Y (NOR4X1_RVT)                           0.1073     0.8759 f
  u_ctrl/u_aes/U8095/A2 (AND2X1_RVT)                          0.0000     0.8759 f
  u_ctrl/u_aes/U8095/Y (AND2X1_RVT)                           0.0504     0.9264 f
  u_ctrl/u_aes/U8098/A1 (AND2X1_RVT)                          0.0000     0.9264 f
  u_ctrl/u_aes/U8098/Y (AND2X1_RVT)                           0.0549     0.9812 f
  u_ctrl/u_aes/U211/A1 (AND3X1_RVT)                           0.0000     0.9812 f
  u_ctrl/u_aes/U211/Y (AND3X1_RVT)                            0.0631     1.0443 f
  u_ctrl/u_aes/U4787/A2 (NAND4X0_RVT)                         0.0000     1.0443 f
  u_ctrl/u_aes/U4787/Y (NAND4X0_RVT)                          0.0405     1.0848 r
  u_ctrl/u_aes/U8144/A1 (OA22X1_RVT)                          0.0000     1.0848 r
  u_ctrl/u_aes/U8144/Y (OA22X1_RVT)                           0.0903     1.1751 r
  u_ctrl/u_aes/U790/A5 (AO222X1_RVT)                          0.0000     1.1751 r
  u_ctrl/u_aes/U790/Y (AO222X1_RVT)                           0.0924     1.2675 r
  u_ctrl/u_aes/U8756/A2 (XOR2X1_RVT)                          0.0000     1.2675 r
  u_ctrl/u_aes/U8756/Y (XOR2X1_RVT)                           0.1395     1.4070 f
  u_ctrl/u_aes/U486/A (INVX0_RVT)                             0.0000     1.4070 f
  u_ctrl/u_aes/U486/Y (INVX0_RVT)                             0.0433     1.4503 r
  u_ctrl/u_aes/U8279/A1 (AO22X1_RVT)                          0.0000     1.4503 r
  u_ctrl/u_aes/U8279/Y (AO22X1_RVT)                           0.0877     1.5380 r
  u_ctrl/u_aes/U46/A1 (XOR3X1_RVT)                            0.0000     1.5380 r
  u_ctrl/u_aes/U46/Y (XOR3X1_RVT)                             0.1875     1.7255 f
  u_ctrl/u_aes/U8284/A (FADDX1_RVT)                           0.0000     1.7255 f
  u_ctrl/u_aes/U8284/S (FADDX1_RVT)                           0.1491     1.8746 r
  u_ctrl/u_aes/U8285/A1 (OA22X1_RVT)                          0.0000     1.8746 r
  u_ctrl/u_aes/U8285/Y (OA22X1_RVT)                           0.0796     1.9542 r
  u_ctrl/u_aes/U8287/A1 (NAND2X0_RVT)                         0.0000     1.9542 r
  u_ctrl/u_aes/U8287/Y (NAND2X0_RVT)                          0.0316     1.9858 f
  u_ctrl/u_aes/state_reg_19_/D (SDFFARX1_RVT)                 0.0000     1.9858 f
  data arrival time                                                      1.9858

  clock clk_fast_aes (rise edge)                              1.8250     1.8250
  clock network delay (ideal)                                 0.0000     1.8250
  u_ctrl/u_aes/state_reg_19_/CLK (SDFFARX1_RVT)                          1.8250 r
  clock reconvergence pessimism                               0.0000     1.8250
  clock uncertainty                                          -0.2000     1.6250
  library setup time                                         -0.1209     1.5041
  data required time                                                     1.5041
  ------------------------------------------------------------------------------------
  data required time                                                     1.5041
  data arrival time                                                     -1.9858
  ------------------------------------------------------------------------------------
  slack (VIOLATED)                                                      -0.4817


  Startpoint: u_ctrl/u_aes/state_reg_101_ (rising edge-triggered flip-flop clocked by clk_fast_aes)
  Endpoint: u_ctrl/u_aes/state_reg_85_ (rising edge-triggered flip-flop clocked by clk_fast_aes)
  Path Group: clk_fast_aes
  Path Type: max

  Point                                                          Incr       Path
  -------------------------------------------------------------------------------------
  clock clk_fast_aes (rise edge)                               0.0000     0.0000
  clock network delay (ideal)                                  0.0000     0.0000
  u_ctrl/u_aes/state_reg_101_/CLK (SDFFARX1_RVT)               0.0000     0.0000 r
  u_ctrl/u_aes/state_reg_101_/Q (SDFFARX1_RVT)                 0.1849     0.1849 f
  u_ctrl/u_aes/U2445/A1 (NAND3X2_RVT)                          0.0000     0.1849 f
  u_ctrl/u_aes/U2445/Y (NAND3X2_RVT)                           0.1139     0.2988 r
  u_ctrl/u_aes/U1363/A (INVX0_RVT)                             0.0000     0.2988 r
  u_ctrl/u_aes/U1363/Y (INVX0_RVT)                             0.0324     0.3312 f
  u_ctrl/u_aes/U2188/A (DELLN2X2_RVT)                          0.0000     0.3312 f
  u_ctrl/u_aes/U2188/Y (DELLN2X2_RVT)                          0.3074     0.6387 f
  u_ctrl/u_aes/U3418/A1 (NAND2X0_RVT)                          0.0000     0.6387 f
  u_ctrl/u_aes/U3418/Y (NAND2X0_RVT)                           0.0368     0.6755 r
  u_ctrl/u_aes/U2411/A (INVX0_RVT)                             0.0000     0.6755 r
  u_ctrl/u_aes/U2411/Y (INVX0_RVT)                             0.0290     0.7045 f
  u_ctrl/u_aes/U2414/A (IBUFFX2_RVT)                           0.0000     0.7045 f
  u_ctrl/u_aes/U2414/Y (IBUFFX2_RVT)                           0.0713     0.7758 r
  u_ctrl/u_aes/U2505/A3 (NAND4X1_RVT)                          0.0000     0.7758 r
  u_ctrl/u_aes/U2505/Y (NAND4X1_RVT)                           0.1099     0.8858 f
  u_ctrl/u_aes/U3463/A4 (NOR4X1_RVT)                           0.0000     0.8858 f
  u_ctrl/u_aes/U3463/Y (NOR4X1_RVT)                            0.0951     0.9808 r
  u_ctrl/u_aes/U4742/A1 (AND3X1_RVT)                           0.0000     0.9808 r
  u_ctrl/u_aes/U4742/Y (AND3X1_RVT)                            0.0629     1.0437 r
  u_ctrl/u_aes/U3465/A4 (AND4X1_RVT)                           0.0000     1.0437 r
  u_ctrl/u_aes/U3465/Y (AND4X1_RVT)                            0.0908     1.1345 r
  u_ctrl/u_aes/U3470/A1 (NAND3X0_RVT)                          0.0000     1.1345 r
  u_ctrl/u_aes/U3470/Y (NAND3X0_RVT)                           0.0418     1.1763 f
  u_ctrl/u_aes/U3488/A2 (AO22X1_RVT)                           0.0000     1.1763 f
  u_ctrl/u_aes/U3488/Y (AO22X1_RVT)                            0.0812     1.2575 f
  u_ctrl/u_aes/U3489/A5 (AO221X1_RVT)                          0.0000     1.2575 f
  u_ctrl/u_aes/U3489/Y (AO221X1_RVT)                           0.0563     1.3137 f
  u_ctrl/u_aes/U3490/A5 (AO221X1_RVT)                          0.0000     1.3137 f
  u_ctrl/u_aes/U3490/Y (AO221X1_RVT)                           0.0786     1.3924 f
  u_ctrl/u_aes/U651/A (INVX0_RVT)                              0.0000     1.3924 f
  u_ctrl/u_aes/U651/Y (INVX0_RVT)                              0.0385     1.4309 r
  u_ctrl/u_aes/U7180/A4 (AO22X1_RVT)                           0.0000     1.4309 r
  u_ctrl/u_aes/U7180/Y (AO22X1_RVT)                            0.0811     1.5119 r
  u_ctrl/u_aes/U2283/A2 (XOR3X2_RVT)                           0.0000     1.5119 r
  u_ctrl/u_aes/U2283/Y (XOR3X2_RVT)                            0.1696     1.6815 f
  u_ctrl/u_aes/U2281/A1 (XOR3X2_RVT)                           0.0000     1.6815 f
  u_ctrl/u_aes/U2281/Y (XOR3X2_RVT)                            0.1552     1.8367 f
  u_ctrl/u_aes/U7835/A2 (OA22X1_RVT)                           0.0000     1.8367 f
  u_ctrl/u_aes/U7835/Y (OA22X1_RVT)                            0.0755     1.9123 f
  u_ctrl/u_aes/U7837/A2 (NAND2X0_RVT)                          0.0000     1.9123 f
  u_ctrl/u_aes/U7837/Y (NAND2X0_RVT)                           0.0390     1.9513 r
  u_ctrl/u_aes/state_reg_85_/D (SDFFARX1_RVT)                  0.0000     1.9513 r
  data arrival time                                                       1.9513

  clock clk_fast_aes (rise edge)                               1.8250     1.8250
  clock network delay (ideal)                                  0.0000     1.8250
  u_ctrl/u_aes/state_reg_85_/CLK (SDFFARX1_RVT)                           1.8250 r
  clock reconvergence pessimism                                0.0000     1.8250
  clock uncertainty                                           -0.2000     1.6250
  library setup time                                          -0.1289     1.4961
  data required time                                                      1.4961
  -------------------------------------------------------------------------------------
  data required time                                                      1.4961
  data arrival time                                                      -1.9513
  -------------------------------------------------------------------------------------
  slack (VIOLATED)                                                       -0.4552


  Startpoint: u_ctrl/u_aes/state_reg_105_ (rising edge-triggered flip-flop clocked by clk_fast_aes)
  Endpoint: u_ctrl/u_aes/state_reg_59_ (rising edge-triggered flip-flop clocked by clk_fast_aes)
  Path Group: clk_fast_aes
  Path Type: max

  Point                                                          Incr       Path
  -------------------------------------------------------------------------------------
  clock clk_fast_aes (rise edge)                               0.0000     0.0000
  clock network delay (ideal)                                  0.0000     0.0000
  u_ctrl/u_aes/state_reg_105_/CLK (SDFFARX1_RVT)               0.0000     0.0000 r
  u_ctrl/u_aes/state_reg_105_/Q (SDFFARX1_RVT)                 0.1844     0.1844 f
  u_ctrl/u_aes/U3022/A2 (NAND3X0_RVT)                          0.0000     0.1844 f
  u_ctrl/u_aes/U3022/Y (NAND3X0_RVT)                           0.0549     0.2393 r
  u_ctrl/u_aes/U1515/A (INVX0_RVT)                             0.0000     0.2393 r
  u_ctrl/u_aes/U1515/Y (INVX0_RVT)                             0.0364     0.2757 f
  u_ctrl/u_aes/U251/A (DELLN2X2_RVT)                           0.0000     0.2757 f
  u_ctrl/u_aes/U251/Y (DELLN2X2_RVT)                           0.3106     0.5863 f
  u_ctrl/u_aes/U3098/A1 (NAND2X0_RVT)                          0.0000     0.5863 f
  u_ctrl/u_aes/U3098/Y (NAND2X0_RVT)                           0.0370     0.6232 r
  u_ctrl/u_aes/U1891/A (INVX0_RVT)                             0.0000     0.6232 r
  u_ctrl/u_aes/U1891/Y (INVX0_RVT)                             0.0305     0.6537 f
  u_ctrl/u_aes/U1895/A (IBUFFX2_RVT)                           0.0000     0.6537 f
  u_ctrl/u_aes/U1895/Y (IBUFFX2_RVT)                           0.0724     0.7262 r
  u_ctrl/u_aes/U2032/A2 (AND4X4_RVT)                           0.0000     0.7262 r
  u_ctrl/u_aes/U2032/Y (AND4X4_RVT)                            0.1354     0.8616 r
  u_ctrl/u_aes/U4598/A1 (AND4X1_RVT)                           0.0000     0.8616 r
  u_ctrl/u_aes/U4598/Y (AND4X1_RVT)                            0.0718     0.9335 r
  u_ctrl/u_aes/U4599/A1 (NAND3X0_RVT)                          0.0000     0.9335 r
  u_ctrl/u_aes/U4599/Y (NAND3X0_RVT)                           0.0529     0.9863 f
  u_ctrl/u_aes/U7345/A1 (NOR4X1_RVT)                           0.0000     0.9863 f
  u_ctrl/u_aes/U7345/Y (NOR4X1_RVT)                            0.1429     1.1292 r
  u_ctrl/u_aes/U835/A4 (AO222X1_RVT)                           0.0000     1.1292 r
  u_ctrl/u_aes/U835/Y (AO222X1_RVT)                            0.1293     1.2586 r
  u_ctrl/u_aes/U7365/A0 (HADDX1_RVT)                           0.0000     1.2586 r
  u_ctrl/u_aes/U7365/SO (HADDX1_RVT)                           0.1312     1.3898 f
  u_ctrl/u_aes/U1884/A1 (XOR3X2_RVT)                           0.0000     1.3898 f
  u_ctrl/u_aes/U1884/Y (XOR3X2_RVT)                            0.1625     1.5523 f
  u_ctrl/u_aes/U2190/A2 (XOR3X2_RVT)                           0.0000     1.5523 f
  u_ctrl/u_aes/U2190/Y (XOR3X2_RVT)                            0.1664     1.7187 r
  u_ctrl/u_aes/U7937/A0 (HADDX1_RVT)                           0.0000     1.7187 r
  u_ctrl/u_aes/U7937/SO (HADDX1_RVT)                           0.1036     1.8223 f
  u_ctrl/u_aes/U7938/A2 (OA22X1_RVT)                           0.0000     1.8223 f
  u_ctrl/u_aes/U7938/Y (OA22X1_RVT)                            0.0708     1.8930 f
  u_ctrl/u_aes/U7940/A1 (NAND2X0_RVT)                          0.0000     1.8930 f
  u_ctrl/u_aes/U7940/Y (NAND2X0_RVT)                           0.0369     1.9299 r
  u_ctrl/u_aes/state_reg_59_/D (SDFFARX1_RVT)                  0.0000     1.9299 r
  data arrival time                                                       1.9299

  clock clk_fast_aes (rise edge)                               1.8250     1.8250
  clock network delay (ideal)                                  0.0000     1.8250
  u_ctrl/u_aes/state_reg_59_/CLK (SDFFARX1_RVT)                           1.8250 r
  clock reconvergence pessimism                                0.0000     1.8250
  clock uncertainty                                           -0.2000     1.6250
  library setup time                                          -0.1293     1.4957
  data required time                                                      1.4957
  -------------------------------------------------------------------------------------
  data required time                                                      1.4957
  data arrival time                                                      -1.9299
  -------------------------------------------------------------------------------------
  slack (VIOLATED)                                                       -0.4342


  Startpoint: u_ctrl/u_aes/state_reg_5_ (rising edge-triggered flip-flop clocked by clk_fast_aes)
  Endpoint: u_ctrl/u_aes/state_reg_117_ (rising edge-triggered flip-flop clocked by clk_fast_aes)
  Path Group: clk_fast_aes
  Path Type: max

  Point                                                        Incr       Path
  -----------------------------------------------------------------------------------
  clock clk_fast_aes (rise edge)                             0.0000     0.0000
  clock network delay (ideal)                                0.0000     0.0000
  u_ctrl/u_aes/state_reg_5_/CLK (SDFFARX1_RVT)               0.0000     0.0000 r
  u_ctrl/u_aes/state_reg_5_/Q (SDFFARX1_RVT)                 0.1639     0.1639 r
  u_ctrl/u_aes/U356/A (INVX0_RVT)                            0.0000     0.1639 r
  u_ctrl/u_aes/U356/Y (INVX0_RVT)                            0.0277     0.1916 f
  u_ctrl/u_aes/U359/A (INVX0_RVT)                            0.0000     0.1916 f
  u_ctrl/u_aes/U359/Y (INVX0_RVT)                            0.0295     0.2212 r
  u_ctrl/u_aes/U5175/A1 (NAND3X0_RVT)                        0.0000     0.2212 r
  u_ctrl/u_aes/U5175/Y (NAND3X0_RVT)                         0.0783     0.2995 f
  u_ctrl/u_aes/U1145/A (INVX0_RVT)                           0.0000     0.2995 f
  u_ctrl/u_aes/U1145/Y (INVX0_RVT)                           0.0605     0.3600 r
  u_ctrl/u_aes/U1101/A (INVX0_RVT)                           0.0000     0.3600 r
  u_ctrl/u_aes/U1101/Y (INVX0_RVT)                           0.0349     0.3950 f
  u_ctrl/u_aes/U1001/A (INVX0_RVT)                           0.0000     0.3950 f
  u_ctrl/u_aes/U1001/Y (INVX0_RVT)                           0.0375     0.4325 r
  u_ctrl/u_aes/U5197/A2 (NAND2X0_RVT)                        0.0000     0.4325 r
  u_ctrl/u_aes/U5197/Y (NAND2X0_RVT)                         0.0736     0.5061 f
  u_ctrl/u_aes/U5199/A1 (NAND2X0_RVT)                        0.0000     0.5061 f
  u_ctrl/u_aes/U5199/Y (NAND2X0_RVT)                         0.0745     0.5806 r
  u_ctrl/u_aes/U1734/A (INVX0_RVT)                           0.0000     0.5806 r
  u_ctrl/u_aes/U1734/Y (INVX0_RVT)                           0.0345     0.6152 f
  u_ctrl/u_aes/U5207/A1 (AND4X1_RVT)                         0.0000     0.6152 f
  u_ctrl/u_aes/U5207/Y (AND4X1_RVT)                          0.0797     0.6949 f
  u_ctrl/u_aes/U5209/A3 (AND4X1_RVT)                         0.0000     0.6949 f
  u_ctrl/u_aes/U5209/Y (AND4X1_RVT)                          0.0937     0.7886 f
  u_ctrl/u_aes/U4837/A1 (NAND4X0_RVT)                        0.0000     0.7886 f
  u_ctrl/u_aes/U4837/Y (NAND4X0_RVT)                         0.0548     0.8434 r
  u_ctrl/u_aes/U1735/A (INVX0_RVT)                           0.0000     0.8434 r
  u_ctrl/u_aes/U1735/Y (INVX0_RVT)                           0.0237     0.8671 f
  u_ctrl/u_aes/U5215/A4 (AND4X1_RVT)                         0.0000     0.8671 f
  u_ctrl/u_aes/U5215/Y (AND4X1_RVT)                          0.0969     0.9639 f
  u_ctrl/u_aes/U7989/A3 (AND4X1_RVT)                         0.0000     0.9639 f
  u_ctrl/u_aes/U7989/Y (AND4X1_RVT)                          0.1029     1.0669 f
  u_ctrl/u_aes/U7976/A1 (OAI222X1_RVT)                       0.0000     1.0669 f
  u_ctrl/u_aes/U7976/Y (OAI222X1_RVT)                        0.1388     1.2056 r
  u_ctrl/u_aes/U5303/A2 (AO22X1_RVT)                         0.0000     1.2056 r
  u_ctrl/u_aes/U5303/Y (AO22X1_RVT)                          0.0929     1.2986 r
  u_ctrl/u_aes/U680/A (INVX0_RVT)                            0.0000     1.2986 r
  u_ctrl/u_aes/U680/Y (INVX0_RVT)                            0.0471     1.3456 f
  u_ctrl/u_aes/U8915/A2 (XNOR2X1_RVT)                        0.0000     1.3456 f
  u_ctrl/u_aes/U8915/Y (XNOR2X1_RVT)                         0.1285     1.4741 r
  u_ctrl/u_aes/U50/A (INVX0_RVT)                             0.0000     1.4741 r
  u_ctrl/u_aes/U50/Y (INVX0_RVT)                             0.0489     1.5230 f
  u_ctrl/u_aes/U553/A2 (XNOR3X2_RVT)                         0.0000     1.5230 f
  u_ctrl/u_aes/U553/Y (XNOR3X2_RVT)                          0.1970     1.7200 f
  u_ctrl/u_aes/U552/A3 (XOR3X2_RVT)                          0.0000     1.7200 f
  u_ctrl/u_aes/U552/Y (XOR3X2_RVT)                           0.0705     1.7905 f
  u_ctrl/u_aes/U7738/A1 (OA22X1_RVT)                         0.0000     1.7905 f
  u_ctrl/u_aes/U7738/Y (OA22X1_RVT)                          0.0875     1.8779 f
  u_ctrl/u_aes/U7740/A1 (NAND2X0_RVT)                        0.0000     1.8779 f
  u_ctrl/u_aes/U7740/Y (NAND2X0_RVT)                         0.0374     1.9154 r
  u_ctrl/u_aes/state_reg_117_/D (SDFFARX1_RVT)               0.0000     1.9154 r
  data arrival time                                                     1.9154

  clock clk_fast_aes (rise edge)                             1.8250     1.8250
  clock network delay (ideal)                                0.0000     1.8250
  u_ctrl/u_aes/state_reg_117_/CLK (SDFFARX1_RVT)                        1.8250 r
  clock reconvergence pessimism                              0.0000     1.8250
  clock uncertainty                                         -0.2000     1.6250
  library setup time                                        -0.1293     1.4957
  data required time                                                    1.4957
  -----------------------------------------------------------------------------------
  data required time                                                    1.4957
  data arrival time                                                    -1.9154
  -----------------------------------------------------------------------------------
  slack (VIOLATED)                                                     -0.4197


  Startpoint: u_ctrl/u_aes/state_reg_10_ (rising edge-triggered flip-flop clocked by clk_fast_aes)
  Endpoint: u_ctrl/u_aes/state_reg_83_ (rising edge-triggered flip-flop clocked by clk_fast_aes)
  Path Group: clk_fast_aes
  Path Type: max

  Point                                                         Incr       Path
  ------------------------------------------------------------------------------------
  clock clk_fast_aes (rise edge)                              0.0000     0.0000
  clock network delay (ideal)                                 0.0000     0.0000
  u_ctrl/u_aes/state_reg_10_/CLK (SDFFARX1_RVT)               0.0000     0.0000 r
  u_ctrl/u_aes/state_reg_10_/Q (SDFFARX1_RVT)                 0.1804     0.1804 f
  u_ctrl/u_aes/U340/A1 (NAND3X2_RVT)                          0.0000     0.1804 f
  u_ctrl/u_aes/U340/Y (NAND3X2_RVT)                           0.1042     0.2846 r
  u_ctrl/u_aes/U1447/A (INVX0_RVT)                            0.0000     0.2846 r
  u_ctrl/u_aes/U1447/Y (INVX0_RVT)                            0.0303     0.3148 f
  u_ctrl/u_aes/U323/A (DELLN2X2_RVT)                          0.0000     0.3148 f
  u_ctrl/u_aes/U323/Y (DELLN2X2_RVT)                          0.3068     0.6216 f
  u_ctrl/u_aes/U4162/A1 (NAND2X0_RVT)                         0.0000     0.6216 f
  u_ctrl/u_aes/U4162/Y (NAND2X0_RVT)                          0.0668     0.6884 r
  u_ctrl/u_aes/U7149/A3 (OA21X1_RVT)                          0.0000     0.6884 r
  u_ctrl/u_aes/U7149/Y (OA21X1_RVT)                           0.0786     0.7670 r
  u_ctrl/u_aes/U4193/A1 (AND2X1_RVT)                          0.0000     0.7670 r
  u_ctrl/u_aes/U4193/Y (AND2X1_RVT)                           0.0582     0.8252 r
  u_ctrl/u_aes/U4197/A1 (NAND3X0_RVT)                         0.0000     0.8252 r
  u_ctrl/u_aes/U4197/Y (NAND3X0_RVT)                          0.0541     0.8793 f
  u_ctrl/u_aes/U4202/A2 (NOR3X0_RVT)                          0.0000     0.8793 f
  u_ctrl/u_aes/U4202/Y (NOR3X0_RVT)                           0.1139     0.9933 r
  u_ctrl/u_aes/U5626/A1 (NAND3X0_RVT)                         0.0000     0.9933 r
  u_ctrl/u_aes/U5626/Y (NAND3X0_RVT)                          0.0540     1.0473 f
  u_ctrl/u_aes/U6589/A2 (NOR4X1_RVT)                          0.0000     1.0473 f
  u_ctrl/u_aes/U6589/Y (NOR4X1_RVT)                           0.1357     1.1830 r
  u_ctrl/u_aes/U6590/A4 (MUX41X1_RVT)                         0.0000     1.1830 r
  u_ctrl/u_aes/U6590/Y (MUX41X1_RVT)                          0.1555     1.3385 r
  u_ctrl/u_aes/U8367/A2 (XOR2X1_RVT)                          0.0000     1.3385 r
  u_ctrl/u_aes/U8367/Y (XOR2X1_RVT)                           0.1575     1.4960 f
  u_ctrl/u_aes/U280/A1 (XOR3X1_RVT)                           0.0000     1.4960 f
  u_ctrl/u_aes/U280/Y (XOR3X1_RVT)                            0.1926     1.6887 f
  u_ctrl/u_aes/U658/A3 (XOR3X1_RVT)                           0.0000     1.6887 f
  u_ctrl/u_aes/U658/Y (XOR3X1_RVT)                            0.0852     1.7739 r
  u_ctrl/u_aes/U6710/S0 (MUX21X1_RVT)                         0.0000     1.7739 r
  u_ctrl/u_aes/U6710/Y (MUX21X1_RVT)                          0.0997     1.8736 f
  u_ctrl/u_aes/U6714/A1 (NAND3X0_RVT)                         0.0000     1.8736 f
  u_ctrl/u_aes/U6714/Y (NAND3X0_RVT)                          0.0374     1.9110 r
  u_ctrl/u_aes/state_reg_83_/D (SDFFARX1_RVT)                 0.0000     1.9110 r
  data arrival time                                                      1.9110

  clock clk_fast_aes (rise edge)                              1.8250     1.8250
  clock network delay (ideal)                                 0.0000     1.8250
  u_ctrl/u_aes/state_reg_83_/CLK (SDFFARX1_RVT)                          1.8250 r
  clock reconvergence pessimism                               0.0000     1.8250
  clock uncertainty                                          -0.2000     1.6250
  library setup time                                         -0.1298     1.4952
  data required time                                                     1.4952
  ------------------------------------------------------------------------------------
  data required time                                                     1.4952
  data arrival time                                                     -1.9110
  ------------------------------------------------------------------------------------
  slack (VIOLATED)                                                      -0.4158


  Startpoint: u_ctrl/u_aes/state_reg_101_ (rising edge-triggered flip-flop clocked by clk_fast_aes)
  Endpoint: u_ctrl/u_aes/state_reg_70_ (rising edge-triggered flip-flop clocked by clk_fast_aes)
  Path Group: clk_fast_aes
  Path Type: max

  Point                                                          Incr       Path
  -------------------------------------------------------------------------------------
  clock clk_fast_aes (rise edge)                               0.0000     0.0000
  clock network delay (ideal)                                  0.0000     0.0000
  u_ctrl/u_aes/state_reg_101_/CLK (SDFFARX1_RVT)               0.0000     0.0000 r
  u_ctrl/u_aes/state_reg_101_/Q (SDFFARX1_RVT)                 0.1849     0.1849 f
  u_ctrl/u_aes/U2445/A1 (NAND3X2_RVT)                          0.0000     0.1849 f
  u_ctrl/u_aes/U2445/Y (NAND3X2_RVT)                           0.1139     0.2988 r
  u_ctrl/u_aes/U1363/A (INVX0_RVT)                             0.0000     0.2988 r
  u_ctrl/u_aes/U1363/Y (INVX0_RVT)                             0.0324     0.3312 f
  u_ctrl/u_aes/U2188/A (DELLN2X2_RVT)                          0.0000     0.3312 f
  u_ctrl/u_aes/U2188/Y (DELLN2X2_RVT)                          0.3074     0.6387 f
  u_ctrl/u_aes/U3418/A1 (NAND2X0_RVT)                          0.0000     0.6387 f
  u_ctrl/u_aes/U3418/Y (NAND2X0_RVT)                           0.0368     0.6755 r
  u_ctrl/u_aes/U2411/A (INVX0_RVT)                             0.0000     0.6755 r
  u_ctrl/u_aes/U2411/Y (INVX0_RVT)                             0.0290     0.7045 f
  u_ctrl/u_aes/U2414/A (IBUFFX2_RVT)                           0.0000     0.7045 f
  u_ctrl/u_aes/U2414/Y (IBUFFX2_RVT)                           0.0713     0.7758 r
  u_ctrl/u_aes/U2505/A3 (NAND4X1_RVT)                          0.0000     0.7758 r
  u_ctrl/u_aes/U2505/Y (NAND4X1_RVT)                           0.1099     0.8858 f
  u_ctrl/u_aes/U3463/A4 (NOR4X1_RVT)                           0.0000     0.8858 f
  u_ctrl/u_aes/U3463/Y (NOR4X1_RVT)                            0.0951     0.9808 r
  u_ctrl/u_aes/U4742/A1 (AND3X1_RVT)                           0.0000     0.9808 r
  u_ctrl/u_aes/U4742/Y (AND3X1_RVT)                            0.0629     1.0437 r
  u_ctrl/u_aes/U3465/A4 (AND4X1_RVT)                           0.0000     1.0437 r
  u_ctrl/u_aes/U3465/Y (AND4X1_RVT)                            0.0908     1.1345 r
  u_ctrl/u_aes/U3470/A1 (NAND3X0_RVT)                          0.0000     1.1345 r
  u_ctrl/u_aes/U3470/Y (NAND3X0_RVT)                           0.0418     1.1763 f
  u_ctrl/u_aes/U3488/A2 (AO22X1_RVT)                           0.0000     1.1763 f
  u_ctrl/u_aes/U3488/Y (AO22X1_RVT)                            0.0812     1.2575 f
  u_ctrl/u_aes/U3489/A5 (AO221X1_RVT)                          0.0000     1.2575 f
  u_ctrl/u_aes/U3489/Y (AO221X1_RVT)                           0.0563     1.3137 f
  u_ctrl/u_aes/U3490/A5 (AO221X1_RVT)                          0.0000     1.3137 f
  u_ctrl/u_aes/U3490/Y (AO221X1_RVT)                           0.0786     1.3924 f
  u_ctrl/u_aes/U651/A (INVX0_RVT)                              0.0000     1.3924 f
  u_ctrl/u_aes/U651/Y (INVX0_RVT)                              0.0385     1.4309 r
  u_ctrl/u_aes/U7180/A4 (AO22X1_RVT)                           0.0000     1.4309 r
  u_ctrl/u_aes/U7180/Y (AO22X1_RVT)                            0.0811     1.5119 r
  u_ctrl/u_aes/U641/A (INVX0_RVT)                              0.0000     1.5119 r
  u_ctrl/u_aes/U641/Y (INVX0_RVT)                              0.0366     1.5485 f
  u_ctrl/u_aes/U4355/A2 (XNOR3X1_RVT)                          0.0000     1.5485 f
  u_ctrl/u_aes/U4355/Y (XNOR3X1_RVT)                           0.2107     1.7592 r
  u_ctrl/u_aes/U7185/S0 (MUX21X1_RVT)                          0.0000     1.7592 r
  u_ctrl/u_aes/U7185/Y (MUX21X1_RVT)                           0.1077     1.8670 f
  u_ctrl/u_aes/U7187/A1 (NAND3X0_RVT)                          0.0000     1.8670 f
  u_ctrl/u_aes/U7187/Y (NAND3X0_RVT)                           0.0362     1.9031 r
  u_ctrl/u_aes/state_reg_70_/D (SDFFARX1_RVT)                  0.0000     1.9031 r
  data arrival time                                                       1.9031

  clock clk_fast_aes (rise edge)                               1.8250     1.8250
  clock network delay (ideal)                                  0.0000     1.8250
  u_ctrl/u_aes/state_reg_70_/CLK (SDFFARX1_RVT)                           1.8250 r
  clock reconvergence pessimism                                0.0000     1.8250
  clock uncertainty                                           -0.2000     1.6250
  library setup time                                          -0.1300     1.4950
  data required time                                                      1.4950
  -------------------------------------------------------------------------------------
  data required time                                                      1.4950
  data arrival time                                                      -1.9031
  -------------------------------------------------------------------------------------
  slack (VIOLATED)                                                       -0.4082


  Startpoint: u_ctrl/u_aes/state_reg_5_ (rising edge-triggered flip-flop clocked by clk_fast_aes)
  Endpoint: u_ctrl/u_aes/state_reg_110_ (rising edge-triggered flip-flop clocked by clk_fast_aes)
  Path Group: clk_fast_aes
  Path Type: max

  Point                                                        Incr       Path
  -----------------------------------------------------------------------------------
  clock clk_fast_aes (rise edge)                             0.0000     0.0000
  clock network delay (ideal)                                0.0000     0.0000
  u_ctrl/u_aes/state_reg_5_/CLK (SDFFARX1_RVT)               0.0000     0.0000 r
  u_ctrl/u_aes/state_reg_5_/Q (SDFFARX1_RVT)                 0.1639     0.1639 r
  u_ctrl/u_aes/U356/A (INVX0_RVT)                            0.0000     0.1639 r
  u_ctrl/u_aes/U356/Y (INVX0_RVT)                            0.0277     0.1916 f
  u_ctrl/u_aes/U359/A (INVX0_RVT)                            0.0000     0.1916 f
  u_ctrl/u_aes/U359/Y (INVX0_RVT)                            0.0295     0.2212 r
  u_ctrl/u_aes/U5175/A1 (NAND3X0_RVT)                        0.0000     0.2212 r
  u_ctrl/u_aes/U5175/Y (NAND3X0_RVT)                         0.0783     0.2995 f
  u_ctrl/u_aes/U1145/A (INVX0_RVT)                           0.0000     0.2995 f
  u_ctrl/u_aes/U1145/Y (INVX0_RVT)                           0.0605     0.3600 r
  u_ctrl/u_aes/U1101/A (INVX0_RVT)                           0.0000     0.3600 r
  u_ctrl/u_aes/U1101/Y (INVX0_RVT)                           0.0349     0.3950 f
  u_ctrl/u_aes/U1001/A (INVX0_RVT)                           0.0000     0.3950 f
  u_ctrl/u_aes/U1001/Y (INVX0_RVT)                           0.0375     0.4325 r
  u_ctrl/u_aes/U5197/A2 (NAND2X0_RVT)                        0.0000     0.4325 r
  u_ctrl/u_aes/U5197/Y (NAND2X0_RVT)                         0.0736     0.5061 f
  u_ctrl/u_aes/U5199/A1 (NAND2X0_RVT)                        0.0000     0.5061 f
  u_ctrl/u_aes/U5199/Y (NAND2X0_RVT)                         0.0745     0.5806 r
  u_ctrl/u_aes/U1734/A (INVX0_RVT)                           0.0000     0.5806 r
  u_ctrl/u_aes/U1734/Y (INVX0_RVT)                           0.0345     0.6152 f
  u_ctrl/u_aes/U5207/A1 (AND4X1_RVT)                         0.0000     0.6152 f
  u_ctrl/u_aes/U5207/Y (AND4X1_RVT)                          0.0797     0.6949 f
  u_ctrl/u_aes/U5209/A3 (AND4X1_RVT)                         0.0000     0.6949 f
  u_ctrl/u_aes/U5209/Y (AND4X1_RVT)                          0.0937     0.7886 f
  u_ctrl/u_aes/U4837/A1 (NAND4X0_RVT)                        0.0000     0.7886 f
  u_ctrl/u_aes/U4837/Y (NAND4X0_RVT)                         0.0548     0.8434 r
  u_ctrl/u_aes/U1735/A (INVX0_RVT)                           0.0000     0.8434 r
  u_ctrl/u_aes/U1735/Y (INVX0_RVT)                           0.0237     0.8671 f
  u_ctrl/u_aes/U5215/A4 (AND4X1_RVT)                         0.0000     0.8671 f
  u_ctrl/u_aes/U5215/Y (AND4X1_RVT)                          0.0969     0.9639 f
  u_ctrl/u_aes/U7989/A3 (AND4X1_RVT)                         0.0000     0.9639 f
  u_ctrl/u_aes/U7989/Y (AND4X1_RVT)                          0.1029     1.0669 f
  u_ctrl/u_aes/U7976/A1 (OAI222X1_RVT)                       0.0000     1.0669 f
  u_ctrl/u_aes/U7976/Y (OAI222X1_RVT)                        0.1388     1.2056 r
  u_ctrl/u_aes/U5303/A2 (AO22X1_RVT)                         0.0000     1.2056 r
  u_ctrl/u_aes/U5303/Y (AO22X1_RVT)                          0.0929     1.2986 r
  u_ctrl/u_aes/U680/A (INVX0_RVT)                            0.0000     1.2986 r
  u_ctrl/u_aes/U680/Y (INVX0_RVT)                            0.0471     1.3456 f
  u_ctrl/u_aes/U8915/A2 (XNOR2X1_RVT)                        0.0000     1.3456 f
  u_ctrl/u_aes/U8915/Y (XNOR2X1_RVT)                         0.1285     1.4741 r
  u_ctrl/u_aes/U50/A (INVX0_RVT)                             0.0000     1.4741 r
  u_ctrl/u_aes/U50/Y (INVX0_RVT)                             0.0489     1.5230 f
  u_ctrl/u_aes/U121/A2 (XOR3X1_RVT)                          0.0000     1.5230 f
  u_ctrl/u_aes/U121/Y (XOR3X1_RVT)                           0.1963     1.7193 f
  u_ctrl/u_aes/U7767/A0 (HADDX1_RVT)                         0.0000     1.7193 f
  u_ctrl/u_aes/U7767/SO (HADDX1_RVT)                         0.1043     1.8236 r
  u_ctrl/u_aes/U1853/A2 (AO21X1_RVT)                         0.0000     1.8236 r
  u_ctrl/u_aes/U1853/Y (AO21X1_RVT)                          0.0727     1.8963 r
  u_ctrl/u_aes/state_reg_110_/D (SDFFARX1_RVT)               0.0000     1.8963 r
  data arrival time                                                     1.8963

  clock clk_fast_aes (rise edge)                             1.8250     1.8250
  clock network delay (ideal)                                0.0000     1.8250
  u_ctrl/u_aes/state_reg_110_/CLK (SDFFARX1_RVT)                        1.8250 r
  clock reconvergence pessimism                              0.0000     1.8250
  clock uncertainty                                         -0.2000     1.6250
  library setup time                                        -0.1285     1.4965
  data required time                                                    1.4965
  -----------------------------------------------------------------------------------
  data required time                                                    1.4965
  data arrival time                                                    -1.8963
  -----------------------------------------------------------------------------------
  slack (VIOLATED)                                                     -0.3999


  Startpoint: u_ctrl/u_aes/state_reg_84_ (rising edge-triggered flip-flop clocked by clk_fast_aes)
  Endpoint: u_ctrl/u_aes/state_reg_123_ (rising edge-triggered flip-flop clocked by clk_fast_aes)
  Path Group: clk_fast_aes
  Path Type: max

  Point                                                         Incr       Path
  ------------------------------------------------------------------------------------
  clock clk_fast_aes (rise edge)                              0.0000     0.0000
  clock network delay (ideal)                                 0.0000     0.0000
  u_ctrl/u_aes/state_reg_84_/CLK (SDFFARX2_RVT)               0.0000     0.0000 r
  u_ctrl/u_aes/state_reg_84_/QN (SDFFARX2_RVT)                0.1156     0.1156 r
  u_ctrl/u_aes/U699/A (INVX0_RVT)                             0.0000     0.1156 r
  u_ctrl/u_aes/U699/Y (INVX0_RVT)                             0.0356     0.1512 f
  u_ctrl/u_aes/U706/A (IBUFFX2_RVT)                           0.0000     0.1512 f
  u_ctrl/u_aes/U706/Y (IBUFFX2_RVT)                           0.0731     0.2242 r
  u_ctrl/u_aes/U4868/A1 (NAND2X0_RVT)                         0.0000     0.2242 r
  u_ctrl/u_aes/U4868/Y (NAND2X0_RVT)                          0.0489     0.2731 f
  u_ctrl/u_aes/U1349/A (INVX0_RVT)                            0.0000     0.2731 f
  u_ctrl/u_aes/U1349/Y (INVX0_RVT)                            0.0414     0.3145 r
  u_ctrl/u_aes/U4869/A2 (NAND2X0_RVT)                         0.0000     0.3145 r
  u_ctrl/u_aes/U4869/Y (NAND2X0_RVT)                          0.0474     0.3619 f
  u_ctrl/u_aes/U1116/A (INVX0_RVT)                            0.0000     0.3619 f
  u_ctrl/u_aes/U1116/Y (INVX0_RVT)                            0.0553     0.4172 r
  u_ctrl/u_aes/U4872/A2 (NAND2X0_RVT)                         0.0000     0.4172 r
  u_ctrl/u_aes/U4872/Y (NAND2X0_RVT)                          0.0713     0.4885 f
  u_ctrl/u_aes/U233/A2 (AND3X2_RVT)                           0.0000     0.4885 f
  u_ctrl/u_aes/U233/Y (AND3X2_RVT)                            0.1073     0.5958 f
  u_ctrl/u_aes/U4919/A1 (AND2X1_RVT)                          0.0000     0.5958 f
  u_ctrl/u_aes/U4919/Y (AND2X1_RVT)                           0.0647     0.6605 f
  u_ctrl/u_aes/U5897/A1 (NAND4X0_RVT)                         0.0000     0.6605 f
  u_ctrl/u_aes/U5897/Y (NAND4X0_RVT)                          0.0462     0.7067 r
  u_ctrl/u_aes/U5899/A3 (NOR4X1_RVT)                          0.0000     0.7067 r
  u_ctrl/u_aes/U5899/Y (NOR4X1_RVT)                           0.1229     0.8296 f
  u_ctrl/u_aes/U5900/A2 (AND2X1_RVT)                          0.0000     0.8296 f
  u_ctrl/u_aes/U5900/Y (AND2X1_RVT)                           0.0504     0.8801 f
  u_ctrl/u_aes/U5903/A1 (AND2X1_RVT)                          0.0000     0.8801 f
  u_ctrl/u_aes/U5903/Y (AND2X1_RVT)                           0.0588     0.9389 f
  u_ctrl/u_aes/U5905/A1 (NAND2X0_RVT)                         0.0000     0.9389 f
  u_ctrl/u_aes/U5905/Y (NAND2X0_RVT)                          0.0383     0.9771 r
  u_ctrl/u_aes/U5907/A3 (NOR4X1_RVT)                          0.0000     0.9771 r
  u_ctrl/u_aes/U5907/Y (NOR4X1_RVT)                           0.1013     1.0784 f
  u_ctrl/u_aes/U5908/A2 (AND2X1_RVT)                          0.0000     1.0784 f
  u_ctrl/u_aes/U5908/Y (AND2X1_RVT)                           0.0504     1.1289 f
  u_ctrl/u_aes/U5910/A1 (AND2X1_RVT)                          0.0000     1.1289 f
  u_ctrl/u_aes/U5910/Y (AND2X1_RVT)                           0.0488     1.1777 f
  u_ctrl/u_aes/U5911/A4 (MUX41X1_RVT)                         0.0000     1.1777 f
  u_ctrl/u_aes/U5911/Y (MUX41X1_RVT)                          0.1508     1.3285 f
  u_ctrl/u_aes/U7691/A (INVX0_RVT)                            0.0000     1.3285 f
  u_ctrl/u_aes/U7691/Y (INVX0_RVT)                            0.0555     1.3840 r
  u_ctrl/u_aes/U7692/A3 (AO22X1_RVT)                          0.0000     1.3840 r
  u_ctrl/u_aes/U7692/Y (AO22X1_RVT)                           0.0783     1.4623 r
  u_ctrl/u_aes/U7694/A (FADDX1_RVT)                           0.0000     1.4623 r
  u_ctrl/u_aes/U7694/S (FADDX1_RVT)                           0.1540     1.6163 f
  u_ctrl/u_aes/U670/A2 (XOR3X2_RVT)                           0.0000     1.6163 f
  u_ctrl/u_aes/U670/Y (XOR3X2_RVT)                            0.1635     1.7798 f
  u_ctrl/u_aes/U7695/A2 (OA22X1_RVT)                          0.0000     1.7798 f
  u_ctrl/u_aes/U7695/Y (OA22X1_RVT)                           0.0765     1.8563 f
  u_ctrl/u_aes/U7697/A1 (NAND2X0_RVT)                         0.0000     1.8563 f
  u_ctrl/u_aes/U7697/Y (NAND2X0_RVT)                          0.0367     1.8930 r
  u_ctrl/u_aes/state_reg_123_/D (SDFFARX1_RVT)                0.0000     1.8930 r
  data arrival time                                                      1.8930

  clock clk_fast_aes (rise edge)                              1.8250     1.8250
  clock network delay (ideal)                                 0.0000     1.8250
  u_ctrl/u_aes/state_reg_123_/CLK (SDFFARX1_RVT)                         1.8250 r
  clock reconvergence pessimism                               0.0000     1.8250
  clock uncertainty                                          -0.2000     1.6250
  library setup time                                         -0.1295     1.4955
  data required time                                                     1.4955
  ------------------------------------------------------------------------------------
  data required time                                                     1.4955
  data arrival time                                                     -1.8930
  ------------------------------------------------------------------------------------
  slack (VIOLATED)                                                      -0.3975


  Startpoint: u_ctrl/u_aes/state_reg_115_ (rising edge-triggered flip-flop clocked by clk_fast_aes)
  Endpoint: u_ctrl/u_aes/state_reg_28_ (rising edge-triggered flip-flop clocked by clk_fast_aes)
  Path Group: clk_fast_aes
  Path Type: max

  Point                                                          Incr       Path
  -------------------------------------------------------------------------------------
  clock clk_fast_aes (rise edge)                               0.0000     0.0000
  clock network delay (ideal)                                  0.0000     0.0000
  u_ctrl/u_aes/state_reg_115_/CLK (SDFFARX1_RVT)               0.0000     0.0000 r
  u_ctrl/u_aes/state_reg_115_/QN (SDFFARX1_RVT)                0.1112     0.1112 f
  u_ctrl/u_aes/U1578/A (INVX0_RVT)                             0.0000     0.1112 f
  u_ctrl/u_aes/U1578/Y (INVX0_RVT)                             0.0375     0.1487 r
  u_ctrl/u_aes/U1462/A (INVX0_RVT)                             0.0000     0.1487 r
  u_ctrl/u_aes/U1462/Y (INVX0_RVT)                             0.0391     0.1878 f
  u_ctrl/u_aes/U428/A2 (NAND3X2_RVT)                           0.0000     0.1878 f
  u_ctrl/u_aes/U428/Y (NAND3X2_RVT)                            0.1099     0.2977 r
  u_ctrl/u_aes/U9124/A (INVX0_RVT)                             0.0000     0.2977 r
  u_ctrl/u_aes/U9124/Y (INVX0_RVT)                             0.0318     0.3295 f
  u_ctrl/u_aes/U282/A (DELLN2X2_RVT)                           0.0000     0.3295 f
  u_ctrl/u_aes/U282/Y (DELLN2X2_RVT)                           0.3064     0.6359 f
  u_ctrl/u_aes/U3694/A2 (NAND2X0_RVT)                          0.0000     0.6359 f
  u_ctrl/u_aes/U3694/Y (NAND2X0_RVT)                           0.0721     0.7081 r
  u_ctrl/u_aes/U6885/A2 (AND3X1_RVT)                           0.0000     0.7081 r
  u_ctrl/u_aes/U6885/Y (AND3X1_RVT)                            0.0843     0.7923 r
  u_ctrl/u_aes/U6905/A2 (NAND4X0_RVT)                          0.0000     0.7923 r
  u_ctrl/u_aes/U6905/Y (NAND4X0_RVT)                           0.0594     0.8517 f
  u_ctrl/u_aes/U6906/A4 (NOR4X1_RVT)                           0.0000     0.8517 f
  u_ctrl/u_aes/U6906/Y (NOR4X1_RVT)                            0.1079     0.9596 r
  u_ctrl/u_aes/U262/A2 (AND4X2_RVT)                            0.0000     0.9596 r
  u_ctrl/u_aes/U262/Y (AND4X2_RVT)                             0.1316     1.0912 r
  u_ctrl/u_aes/U8886/A1 (NAND3X0_RVT)                          0.0000     1.0912 r
  u_ctrl/u_aes/U8886/Y (NAND3X0_RVT)                           0.0370     1.1282 f
  u_ctrl/u_aes/U8883/A2 (NAND2X0_RVT)                          0.0000     1.1282 f
  u_ctrl/u_aes/U8883/Y (NAND2X0_RVT)                           0.0471     1.1753 r
  u_ctrl/u_aes/U8884/A2 (NAND3X0_RVT)                          0.0000     1.1753 r
  u_ctrl/u_aes/U8884/Y (NAND3X0_RVT)                           0.0501     1.2254 f
  u_ctrl/u_aes/U7655/A2 (AO222X1_RVT)                          0.0000     1.2254 f
  u_ctrl/u_aes/U7655/Y (AO222X1_RVT)                           0.1346     1.3600 f
  u_ctrl/u_aes/U2530/A1 (XNOR3X2_RVT)                          0.0000     1.3600 f
  u_ctrl/u_aes/U2530/Y (XNOR3X2_RVT)                           0.1864     1.5464 f
  u_ctrl/u_aes/U4436/A1 (XOR2X1_RVT)                           0.0000     1.5464 f
  u_ctrl/u_aes/U4436/Y (XOR2X1_RVT)                            0.1220     1.6684 r
  u_ctrl/u_aes/U8169/B0 (HADDX1_RVT)                           0.0000     1.6684 r
  u_ctrl/u_aes/U8169/SO (HADDX1_RVT)                           0.0998     1.7682 f
  u_ctrl/u_aes/U8170/A2 (OA22X1_RVT)                           0.0000     1.7682 f
  u_ctrl/u_aes/U8170/Y (OA22X1_RVT)                            0.0699     1.8381 f
  u_ctrl/u_aes/U8172/A2 (NAND2X0_RVT)                          0.0000     1.8381 f
  u_ctrl/u_aes/U8172/Y (NAND2X0_RVT)                           0.0387     1.8768 r
  u_ctrl/u_aes/state_reg_28_/D (SDFFARX1_RVT)                  0.0000     1.8768 r
  data arrival time                                                       1.8768

  clock clk_fast_aes (rise edge)                               1.8250     1.8250
  clock network delay (ideal)                                  0.0000     1.8250
  u_ctrl/u_aes/state_reg_28_/CLK (SDFFARX1_RVT)                           1.8250 r
  clock reconvergence pessimism                                0.0000     1.8250
  clock uncertainty                                           -0.2000     1.6250
  library setup time                                          -0.1291     1.4959
  data required time                                                      1.4959
  -------------------------------------------------------------------------------------
  data required time                                                      1.4959
  data arrival time                                                      -1.8768
  -------------------------------------------------------------------------------------
  slack (VIOLATED)                                                       -0.3809


  Startpoint: u_ctrl/u_aes/state_reg_10_ (rising edge-triggered flip-flop clocked by clk_fast_aes)
  Endpoint: u_ctrl/u_aes/state_reg_88_ (rising edge-triggered flip-flop clocked by clk_fast_aes)
  Path Group: clk_fast_aes
  Path Type: max

  Point                                                         Incr       Path
  ------------------------------------------------------------------------------------
  clock clk_fast_aes (rise edge)                              0.0000     0.0000
  clock network delay (ideal)                                 0.0000     0.0000
  u_ctrl/u_aes/state_reg_10_/CLK (SDFFARX1_RVT)               0.0000     0.0000 r
  u_ctrl/u_aes/state_reg_10_/Q (SDFFARX1_RVT)                 0.1804     0.1804 f
  u_ctrl/u_aes/U340/A1 (NAND3X2_RVT)                          0.0000     0.1804 f
  u_ctrl/u_aes/U340/Y (NAND3X2_RVT)                           0.1042     0.2846 r
  u_ctrl/u_aes/U1447/A (INVX0_RVT)                            0.0000     0.2846 r
  u_ctrl/u_aes/U1447/Y (INVX0_RVT)                            0.0303     0.3148 f
  u_ctrl/u_aes/U323/A (DELLN2X2_RVT)                          0.0000     0.3148 f
  u_ctrl/u_aes/U323/Y (DELLN2X2_RVT)                          0.3068     0.6216 f
  u_ctrl/u_aes/U4162/A1 (NAND2X0_RVT)                         0.0000     0.6216 f
  u_ctrl/u_aes/U4162/Y (NAND2X0_RVT)                          0.0668     0.6884 r
  u_ctrl/u_aes/U7149/A3 (OA21X1_RVT)                          0.0000     0.6884 r
  u_ctrl/u_aes/U7149/Y (OA21X1_RVT)                           0.0786     0.7670 r
  u_ctrl/u_aes/U4193/A1 (AND2X1_RVT)                          0.0000     0.7670 r
  u_ctrl/u_aes/U4193/Y (AND2X1_RVT)                           0.0582     0.8252 r
  u_ctrl/u_aes/U4197/A1 (NAND3X0_RVT)                         0.0000     0.8252 r
  u_ctrl/u_aes/U4197/Y (NAND3X0_RVT)                          0.0541     0.8793 f
  u_ctrl/u_aes/U4202/A2 (NOR3X0_RVT)                          0.0000     0.8793 f
  u_ctrl/u_aes/U4202/Y (NOR3X0_RVT)                           0.1139     0.9933 r
  u_ctrl/u_aes/U5626/A1 (NAND3X0_RVT)                         0.0000     0.9933 r
  u_ctrl/u_aes/U5626/Y (NAND3X0_RVT)                          0.0540     1.0473 f
  u_ctrl/u_aes/U5632/A3 (OAI22X1_RVT)                         0.0000     1.0473 f
  u_ctrl/u_aes/U5632/Y (OAI22X1_RVT)                          0.1090     1.1563 r
  u_ctrl/u_aes/U5647/A1 (OA222X1_RVT)                         0.0000     1.1563 r
  u_ctrl/u_aes/U5647/Y (OA222X1_RVT)                          0.1054     1.2617 r
  u_ctrl/u_aes/U8875/A (INVX0_RVT)                            0.0000     1.2617 r
  u_ctrl/u_aes/U8875/Y (INVX0_RVT)                            0.0648     1.3265 f
  u_ctrl/u_aes/U8874/A3 (OA22X1_RVT)                          0.0000     1.3265 f
  u_ctrl/u_aes/U8874/Y (OA22X1_RVT)                           0.1079     1.4344 f
  u_ctrl/u_aes/U7630/A (INVX0_RVT)                            0.0000     1.4344 f
  u_ctrl/u_aes/U7630/Y (INVX0_RVT)                            0.0450     1.4794 r
  u_ctrl/u_aes/U4428/A2 (XOR3X1_RVT)                          0.0000     1.4794 r
  u_ctrl/u_aes/U4428/Y (XOR3X1_RVT)                           0.1915     1.6709 f
  u_ctrl/u_aes/U9155/A2 (XOR2X1_RVT)                          0.0000     1.6709 f
  u_ctrl/u_aes/U9155/Y (XOR2X1_RVT)                           0.1208     1.7918 r
  u_ctrl/u_aes/U5677/A2 (NAND2X0_RVT)                         0.0000     1.7918 r
  u_ctrl/u_aes/U5677/Y (NAND2X0_RVT)                          0.0370     1.8288 f
  u_ctrl/u_aes/U5699/A1 (NAND3X0_RVT)                         0.0000     1.8288 f
  u_ctrl/u_aes/U5699/Y (NAND3X0_RVT)                          0.0435     1.8722 r
  u_ctrl/u_aes/state_reg_88_/D (SDFFARX1_RVT)                 0.0000     1.8722 r
  data arrival time                                                      1.8722

  clock clk_fast_aes (rise edge)                              1.8250     1.8250
  clock network delay (ideal)                                 0.0000     1.8250
  u_ctrl/u_aes/state_reg_88_/CLK (SDFFARX1_RVT)                          1.8250 r
  clock reconvergence pessimism                               0.0000     1.8250
  clock uncertainty                                          -0.2000     1.6250
  library setup time                                         -0.1310     1.4940
  data required time                                                     1.4940
  ------------------------------------------------------------------------------------
  data required time                                                     1.4940
  data arrival time                                                     -1.8722
  ------------------------------------------------------------------------------------
  slack (VIOLATED)                                                      -0.3782


  Startpoint: u_ctrl/u_aes/state_reg_105_ (rising edge-triggered flip-flop clocked by clk_fast_aes)
  Endpoint: u_ctrl/u_aes/state_reg_50_ (rising edge-triggered flip-flop clocked by clk_fast_aes)
  Path Group: clk_fast_aes
  Path Type: max

  Point                                                          Incr       Path
  -------------------------------------------------------------------------------------
  clock clk_fast_aes (rise edge)                               0.0000     0.0000
  clock network delay (ideal)                                  0.0000     0.0000
  u_ctrl/u_aes/state_reg_105_/CLK (SDFFARX1_RVT)               0.0000     0.0000 r
  u_ctrl/u_aes/state_reg_105_/Q (SDFFARX1_RVT)                 0.1924     0.1924 r
  u_ctrl/u_aes/U3022/A2 (NAND3X0_RVT)                          0.0000     0.1924 r
  u_ctrl/u_aes/U3022/Y (NAND3X0_RVT)                           0.0673     0.2597 f
  u_ctrl/u_aes/U1515/A (INVX0_RVT)                             0.0000     0.2597 f
  u_ctrl/u_aes/U1515/Y (INVX0_RVT)                             0.0503     0.3100 r
  u_ctrl/u_aes/U251/A (DELLN2X2_RVT)                           0.0000     0.3100 r
  u_ctrl/u_aes/U251/Y (DELLN2X2_RVT)                           0.2897     0.5997 r
  u_ctrl/u_aes/U3098/A1 (NAND2X0_RVT)                          0.0000     0.5997 r
  u_ctrl/u_aes/U3098/Y (NAND2X0_RVT)                           0.0317     0.6314 f
  u_ctrl/u_aes/U1891/A (INVX0_RVT)                             0.0000     0.6314 f
  u_ctrl/u_aes/U1891/Y (INVX0_RVT)                             0.0339     0.6653 r
  u_ctrl/u_aes/U1892/A (INVX0_RVT)                             0.0000     0.6653 r
  u_ctrl/u_aes/U1892/Y (INVX0_RVT)                             0.0263     0.6916 f
  u_ctrl/u_aes/U2037/A1 (AND4X4_RVT)                           0.0000     0.6916 f
  u_ctrl/u_aes/U2037/Y (AND4X4_RVT)                            0.1165     0.8081 f
  u_ctrl/u_aes/U3252/A1 (AND3X1_RVT)                           0.0000     0.8081 f
  u_ctrl/u_aes/U3252/Y (AND3X1_RVT)                            0.0589     0.8670 f
  u_ctrl/u_aes/U3253/A3 (AND4X1_RVT)                           0.0000     0.8670 f
  u_ctrl/u_aes/U3253/Y (AND4X1_RVT)                            0.0996     0.9666 f
  u_ctrl/u_aes/U3257/A3 (AND4X1_RVT)                           0.0000     0.9666 f
  u_ctrl/u_aes/U3257/Y (AND4X1_RVT)                            0.0971     1.0638 f
  u_ctrl/u_aes/U3258/A2 (NAND4X0_RVT)                          0.0000     1.0638 f
  u_ctrl/u_aes/U3258/Y (NAND4X0_RVT)                           0.0438     1.1075 r
  u_ctrl/u_aes/U3277/A2 (OA22X1_RVT)                           0.0000     1.1075 r
  u_ctrl/u_aes/U3277/Y (OA22X1_RVT)                            0.0806     1.1882 r
  u_ctrl/u_aes/U1840/A4 (AO222X1_RVT)                          0.0000     1.1882 r
  u_ctrl/u_aes/U1840/Y (AO222X1_RVT)                           0.1257     1.3139 r
  u_ctrl/u_aes/U7853/A (INVX0_RVT)                             0.0000     1.3139 r
  u_ctrl/u_aes/U7853/Y (INVX0_RVT)                             0.0473     1.3612 f
  u_ctrl/u_aes/U7857/A (INVX0_RVT)                             0.0000     1.3612 f
  u_ctrl/u_aes/U7857/Y (INVX0_RVT)                             0.0383     1.3994 r
  u_ctrl/u_aes/U8124/A4 (OAI22X1_RVT)                          0.0000     1.3994 r
  u_ctrl/u_aes/U8124/Y (OAI22X1_RVT)                           0.0798     1.4793 f
  u_ctrl/u_aes/U4398/A2 (XOR3X1_RVT)                           0.0000     1.4793 f
  u_ctrl/u_aes/U4398/Y (XOR3X1_RVT)                            0.1847     1.6640 f
  u_ctrl/u_aes/U9118/A2 (XOR2X1_RVT)                           0.0000     1.6640 f
  u_ctrl/u_aes/U9118/Y (XOR2X1_RVT)                            0.1208     1.7848 r
  u_ctrl/u_aes/U3313/A2 (NAND2X0_RVT)                          0.0000     1.7848 r
  u_ctrl/u_aes/U3313/Y (NAND2X0_RVT)                           0.0370     1.8218 f
  u_ctrl/u_aes/U3360/A1 (NAND3X0_RVT)                          0.0000     1.8218 f
  u_ctrl/u_aes/U3360/Y (NAND3X0_RVT)                           0.0425     1.8644 r
  u_ctrl/u_aes/state_reg_50_/D (SDFFARX1_RVT)                  0.0000     1.8644 r
  data arrival time                                                       1.8644

  clock clk_fast_aes (rise edge)                               1.8250     1.8250
  clock network delay (ideal)                                  0.0000     1.8250
  u_ctrl/u_aes/state_reg_50_/CLK (SDFFARX1_RVT)                           1.8250 r
  clock reconvergence pessimism                                0.0000     1.8250
  clock uncertainty                                           -0.2000     1.6250
  library setup time                                          -0.1301     1.4949
  data required time                                                      1.4949
  -------------------------------------------------------------------------------------
  data required time                                                      1.4949
  data arrival time                                                      -1.8644
  -------------------------------------------------------------------------------------
  slack (VIOLATED)                                                       -0.3695


  Startpoint: u_ctrl/u_aes/state_reg_60_ (rising edge-triggered flip-flop clocked by clk_fast_aes)
  Endpoint: u_ctrl/u_aes/state_reg_37_ (rising edge-triggered flip-flop clocked by clk_fast_aes)
  Path Group: clk_fast_aes
  Path Type: max

  Point                                                         Incr       Path
  ------------------------------------------------------------------------------------
  clock clk_fast_aes (rise edge)                              0.0000     0.0000
  clock network delay (ideal)                                 0.0000     0.0000
  u_ctrl/u_aes/state_reg_60_/CLK (SDFFARX1_RVT)               0.0000     0.0000 r
  u_ctrl/u_aes/state_reg_60_/Q (SDFFARX1_RVT)                 0.1693     0.1693 r
  u_ctrl/u_aes/U8829/A (INVX0_RVT)                            0.0000     0.1693 r
  u_ctrl/u_aes/U8829/Y (INVX0_RVT)                            0.0443     0.2136 f
  u_ctrl/u_aes/U8828/A (INVX0_RVT)                            0.0000     0.2136 f
  u_ctrl/u_aes/U8828/Y (INVX0_RVT)                            0.0656     0.2792 r
  u_ctrl/u_aes/U7217/A2 (NAND3X0_RVT)                         0.0000     0.2792 r
  u_ctrl/u_aes/U7217/Y (NAND3X0_RVT)                          0.0700     0.3492 f
  u_ctrl/u_aes/U1364/A (INVX0_RVT)                            0.0000     0.3492 f
  u_ctrl/u_aes/U1364/Y (INVX0_RVT)                            0.0702     0.4194 r
  u_ctrl/u_aes/U2789/A2 (NAND2X0_RVT)                         0.0000     0.4194 r
  u_ctrl/u_aes/U2789/Y (NAND2X0_RVT)                          0.0538     0.4732 f
  u_ctrl/u_aes/U97/A (NBUFFX2_RVT)                            0.0000     0.4732 f
  u_ctrl/u_aes/U97/Y (NBUFFX2_RVT)                            0.0582     0.5314 f
  u_ctrl/u_aes/U2790/A2 (NAND2X0_RVT)                         0.0000     0.5314 f
  u_ctrl/u_aes/U2790/Y (NAND2X0_RVT)                          0.0459     0.5773 r
  u_ctrl/u_aes/U6499/A (INVX0_RVT)                            0.0000     0.5773 r
  u_ctrl/u_aes/U6499/Y (INVX0_RVT)                            0.0344     0.6117 f
  u_ctrl/u_aes/U6509/A2 (AND4X1_RVT)                          0.0000     0.6117 f
  u_ctrl/u_aes/U6509/Y (AND4X1_RVT)                           0.0857     0.6975 f
  u_ctrl/u_aes/U6510/A2 (AND4X1_RVT)                          0.0000     0.6975 f
  u_ctrl/u_aes/U6510/Y (AND4X1_RVT)                           0.0859     0.7833 f
  u_ctrl/u_aes/U4918/A2 (NAND4X0_RVT)                         0.0000     0.7833 f
  u_ctrl/u_aes/U4918/Y (NAND4X0_RVT)                          0.0508     0.8341 r
  u_ctrl/u_aes/U7412/A1 (NOR4X1_RVT)                          0.0000     0.8341 r
  u_ctrl/u_aes/U7412/Y (NOR4X1_RVT)                           0.1311     0.9652 f
  u_ctrl/u_aes/U7413/A2 (NAND4X0_RVT)                         0.0000     0.9652 f
  u_ctrl/u_aes/U7413/Y (NAND4X0_RVT)                          0.0374     1.0025 r
  u_ctrl/u_aes/U7414/A4 (AO22X1_RVT)                          0.0000     1.0025 r
  u_ctrl/u_aes/U7414/Y (AO22X1_RVT)                           0.0739     1.0764 r
  u_ctrl/u_aes/U7415/A5 (AO221X1_RVT)                         0.0000     1.0764 r
  u_ctrl/u_aes/U7415/Y (AO221X1_RVT)                          0.0752     1.1516 r
  u_ctrl/u_aes/U7416/A5 (AO221X1_RVT)                         0.0000     1.1516 r
  u_ctrl/u_aes/U7416/Y (AO221X1_RVT)                          0.0915     1.2431 r
  u_ctrl/u_aes/U484/A (INVX0_RVT)                             0.0000     1.2431 r
  u_ctrl/u_aes/U484/Y (INVX0_RVT)                             0.0493     1.2924 f
  u_ctrl/u_aes/U7962/A1 (AO22X1_RVT)                          0.0000     1.2924 f
  u_ctrl/u_aes/U7962/Y (AO22X1_RVT)                           0.1029     1.3953 f
  u_ctrl/u_aes/U660/A (INVX0_RVT)                             0.0000     1.3953 f
  u_ctrl/u_aes/U660/Y (INVX0_RVT)                             0.0295     1.4248 r
  u_ctrl/u_aes/U4433/A2 (AOI22X1_RVT)                         0.0000     1.4248 r
  u_ctrl/u_aes/U4433/Y (AOI22X1_RVT)                          0.1068     1.5316 f
  u_ctrl/u_aes/U8780/A1 (XNOR3X1_RVT)                         0.0000     1.5316 f
  u_ctrl/u_aes/U8780/Y (XNOR3X1_RVT)                          0.1822     1.7138 r
  u_ctrl/u_aes/U8779/A3 (AO22X1_RVT)                          0.0000     1.7138 r
  u_ctrl/u_aes/U8779/Y (AO22X1_RVT)                           0.0707     1.7845 r
  u_ctrl/u_aes/U8531/A5 (AO221X1_RVT)                         0.0000     1.7845 r
  u_ctrl/u_aes/U8531/Y (AO221X1_RVT)                          0.0743     1.8588 r
  u_ctrl/u_aes/state_reg_37_/D (SDFFARX1_RVT)                 0.0000     1.8588 r
  data arrival time                                                      1.8588

  clock clk_fast_aes (rise edge)                              1.8250     1.8250
  clock network delay (ideal)                                 0.0000     1.8250
  u_ctrl/u_aes/state_reg_37_/CLK (SDFFARX1_RVT)                          1.8250 r
  clock reconvergence pessimism                               0.0000     1.8250
  clock uncertainty                                          -0.2000     1.6250
  library setup time                                         -0.1301     1.4949
  data required time                                                     1.4949
  ------------------------------------------------------------------------------------
  data required time                                                     1.4949
  data arrival time                                                     -1.8588
  ------------------------------------------------------------------------------------
  slack (VIOLATED)                                                      -0.3639


  Startpoint: u_ctrl/u_aes/state_reg_26_ (rising edge-triggered flip-flop clocked by clk_fast_aes)
  Endpoint: u_ctrl/u_aes/state_reg_4_ (rising edge-triggered flip-flop clocked by clk_fast_aes)
  Path Group: clk_fast_aes
  Path Type: max

  Point                                                         Incr       Path
  ------------------------------------------------------------------------------------
  clock clk_fast_aes (rise edge)                              0.0000     0.0000
  clock network delay (ideal)                                 0.0000     0.0000
  u_ctrl/u_aes/state_reg_26_/CLK (SDFFARX1_RVT)               0.0000     0.0000 r
  u_ctrl/u_aes/state_reg_26_/Q (SDFFARX1_RVT)                 0.1639     0.1639 r
  u_ctrl/u_aes/U2431/A (INVX0_RVT)                            0.0000     0.1639 r
  u_ctrl/u_aes/U2431/Y (INVX0_RVT)                            0.0327     0.1966 f
  u_ctrl/u_aes/U2433/A (IBUFFX2_RVT)                          0.0000     0.1966 f
  u_ctrl/u_aes/U2433/Y (IBUFFX2_RVT)                          0.0720     0.2686 r
  u_ctrl/u_aes/U2463/A2 (NAND3X2_RVT)                         0.0000     0.2686 r
  u_ctrl/u_aes/U2463/Y (NAND3X2_RVT)                          0.0934     0.3620 f
  u_ctrl/u_aes/U7557/A (INVX0_RVT)                            0.0000     0.3620 f
  u_ctrl/u_aes/U7557/Y (INVX0_RVT)                            0.0516     0.4136 r
  u_ctrl/u_aes/U4329/A3 (NAND3X0_RVT)                         0.0000     0.4136 r
  u_ctrl/u_aes/U4329/Y (NAND3X0_RVT)                          0.0769     0.4905 f
  u_ctrl/u_aes/U1022/A (INVX0_RVT)                            0.0000     0.4905 f
  u_ctrl/u_aes/U1022/Y (INVX0_RVT)                            0.0463     0.5368 r
  u_ctrl/u_aes/U3573/A2 (NAND2X0_RVT)                         0.0000     0.5368 r
  u_ctrl/u_aes/U3573/Y (NAND2X0_RVT)                          0.0393     0.5761 f
  u_ctrl/u_aes/U2514/A (INVX0_RVT)                            0.0000     0.5761 f
  u_ctrl/u_aes/U2514/Y (INVX0_RVT)                            0.0383     0.6144 r
  u_ctrl/u_aes/U2516/A (INVX0_RVT)                            0.0000     0.6144 r
  u_ctrl/u_aes/U2516/Y (INVX0_RVT)                            0.0326     0.6470 f
  u_ctrl/u_aes/U2555/A3 (NAND4X1_RVT)                         0.0000     0.6470 f
  u_ctrl/u_aes/U2555/Y (NAND4X1_RVT)                          0.1217     0.7686 r
  u_ctrl/u_aes/U8094/A2 (NOR4X1_RVT)                          0.0000     0.7686 r
  u_ctrl/u_aes/U8094/Y (NOR4X1_RVT)                           0.1073     0.8759 f
  u_ctrl/u_aes/U8095/A2 (AND2X1_RVT)                          0.0000     0.8759 f
  u_ctrl/u_aes/U8095/Y (AND2X1_RVT)                           0.0504     0.9264 f
  u_ctrl/u_aes/U8098/A1 (AND2X1_RVT)                          0.0000     0.9264 f
  u_ctrl/u_aes/U8098/Y (AND2X1_RVT)                           0.0549     0.9812 f
  u_ctrl/u_aes/U211/A1 (AND3X1_RVT)                           0.0000     0.9812 f
  u_ctrl/u_aes/U211/Y (AND3X1_RVT)                            0.0631     1.0443 f
  u_ctrl/u_aes/U4787/A2 (NAND4X0_RVT)                         0.0000     1.0443 f
  u_ctrl/u_aes/U4787/Y (NAND4X0_RVT)                          0.0405     1.0848 r
  u_ctrl/u_aes/U8144/A1 (OA22X1_RVT)                          0.0000     1.0848 r
  u_ctrl/u_aes/U8144/Y (OA22X1_RVT)                           0.0903     1.1751 r
  u_ctrl/u_aes/U790/A5 (AO222X1_RVT)                          0.0000     1.1751 r
  u_ctrl/u_aes/U790/Y (AO222X1_RVT)                           0.0924     1.2675 r
  u_ctrl/u_aes/U8756/A2 (XOR2X1_RVT)                          0.0000     1.2675 r
  u_ctrl/u_aes/U8756/Y (XOR2X1_RVT)                           0.1395     1.4070 f
  u_ctrl/u_aes/U1921/A1 (XOR3X2_RVT)                          0.0000     1.4070 f
  u_ctrl/u_aes/U1921/Y (XOR3X2_RVT)                           0.1660     1.5730 f
  u_ctrl/u_aes/U8430/B (FADDX1_RVT)                           0.0000     1.5730 f
  u_ctrl/u_aes/U8430/S (FADDX1_RVT)                           0.1392     1.7122 r
  u_ctrl/u_aes/U8431/A4 (AO22X1_RVT)                          0.0000     1.7122 r
  u_ctrl/u_aes/U8431/Y (AO22X1_RVT)                           0.0669     1.7791 r
  u_ctrl/u_aes/U8432/A5 (AO221X1_RVT)                         0.0000     1.7791 r
  u_ctrl/u_aes/U8432/Y (AO221X1_RVT)                          0.0748     1.8539 r
  u_ctrl/u_aes/state_reg_4_/D (SDFFARX1_RVT)                  0.0000     1.8539 r
  data arrival time                                                      1.8539

  clock clk_fast_aes (rise edge)                              1.8250     1.8250
  clock network delay (ideal)                                 0.0000     1.8250
  u_ctrl/u_aes/state_reg_4_/CLK (SDFFARX1_RVT)                           1.8250 r
  clock reconvergence pessimism                               0.0000     1.8250
  clock uncertainty                                          -0.2000     1.6250
  library setup time                                         -0.1300     1.4950
  data required time                                                     1.4950
  ------------------------------------------------------------------------------------
  data required time                                                     1.4950
  data arrival time                                                     -1.8539
  ------------------------------------------------------------------------------------
  slack (VIOLATED)                                                      -0.3590


  Startpoint: u_ctrl/u_aes/state_reg_60_ (rising edge-triggered flip-flop clocked by clk_fast_aes)
  Endpoint: u_ctrl/u_aes/state_reg_52_ (rising edge-triggered flip-flop clocked by clk_fast_aes)
  Path Group: clk_fast_aes
  Path Type: max

  Point                                                         Incr       Path
  ------------------------------------------------------------------------------------
  clock clk_fast_aes (rise edge)                              0.0000     0.0000
  clock network delay (ideal)                                 0.0000     0.0000
  u_ctrl/u_aes/state_reg_60_/CLK (SDFFARX1_RVT)               0.0000     0.0000 r
  u_ctrl/u_aes/state_reg_60_/Q (SDFFARX1_RVT)                 0.1693     0.1693 r
  u_ctrl/u_aes/U8829/A (INVX0_RVT)                            0.0000     0.1693 r
  u_ctrl/u_aes/U8829/Y (INVX0_RVT)                            0.0443     0.2136 f
  u_ctrl/u_aes/U8828/A (INVX0_RVT)                            0.0000     0.2136 f
  u_ctrl/u_aes/U8828/Y (INVX0_RVT)                            0.0656     0.2792 r
  u_ctrl/u_aes/U7217/A2 (NAND3X0_RVT)                         0.0000     0.2792 r
  u_ctrl/u_aes/U7217/Y (NAND3X0_RVT)                          0.0700     0.3492 f
  u_ctrl/u_aes/U1364/A (INVX0_RVT)                            0.0000     0.3492 f
  u_ctrl/u_aes/U1364/Y (INVX0_RVT)                            0.0702     0.4194 r
  u_ctrl/u_aes/U2789/A2 (NAND2X0_RVT)                         0.0000     0.4194 r
  u_ctrl/u_aes/U2789/Y (NAND2X0_RVT)                          0.0538     0.4732 f
  u_ctrl/u_aes/U97/A (NBUFFX2_RVT)                            0.0000     0.4732 f
  u_ctrl/u_aes/U97/Y (NBUFFX2_RVT)                            0.0582     0.5314 f
  u_ctrl/u_aes/U2790/A2 (NAND2X0_RVT)                         0.0000     0.5314 f
  u_ctrl/u_aes/U2790/Y (NAND2X0_RVT)                          0.0459     0.5773 r
  u_ctrl/u_aes/U6499/A (INVX0_RVT)                            0.0000     0.5773 r
  u_ctrl/u_aes/U6499/Y (INVX0_RVT)                            0.0344     0.6117 f
  u_ctrl/u_aes/U6509/A2 (AND4X1_RVT)                          0.0000     0.6117 f
  u_ctrl/u_aes/U6509/Y (AND4X1_RVT)                           0.0857     0.6975 f
  u_ctrl/u_aes/U6510/A2 (AND4X1_RVT)                          0.0000     0.6975 f
  u_ctrl/u_aes/U6510/Y (AND4X1_RVT)                           0.0859     0.7833 f
  u_ctrl/u_aes/U4918/A2 (NAND4X0_RVT)                         0.0000     0.7833 f
  u_ctrl/u_aes/U4918/Y (NAND4X0_RVT)                          0.0508     0.8341 r
  u_ctrl/u_aes/U7412/A1 (NOR4X1_RVT)                          0.0000     0.8341 r
  u_ctrl/u_aes/U7412/Y (NOR4X1_RVT)                           0.1311     0.9652 f
  u_ctrl/u_aes/U7413/A2 (NAND4X0_RVT)                         0.0000     0.9652 f
  u_ctrl/u_aes/U7413/Y (NAND4X0_RVT)                          0.0374     1.0025 r
  u_ctrl/u_aes/U7414/A4 (AO22X1_RVT)                          0.0000     1.0025 r
  u_ctrl/u_aes/U7414/Y (AO22X1_RVT)                           0.0739     1.0764 r
  u_ctrl/u_aes/U7415/A5 (AO221X1_RVT)                         0.0000     1.0764 r
  u_ctrl/u_aes/U7415/Y (AO221X1_RVT)                          0.0752     1.1516 r
  u_ctrl/u_aes/U7416/A5 (AO221X1_RVT)                         0.0000     1.1516 r
  u_ctrl/u_aes/U7416/Y (AO221X1_RVT)                          0.0915     1.2431 r
  u_ctrl/u_aes/U484/A (INVX0_RVT)                             0.0000     1.2431 r
  u_ctrl/u_aes/U484/Y (INVX0_RVT)                             0.0493     1.2924 f
  u_ctrl/u_aes/U7962/A1 (AO22X1_RVT)                          0.0000     1.2924 f
  u_ctrl/u_aes/U7962/Y (AO22X1_RVT)                           0.1029     1.3953 f
  u_ctrl/u_aes/U4490/A2 (XNOR3X1_RVT)                         0.0000     1.3953 f
  u_ctrl/u_aes/U4490/Y (XNOR3X1_RVT)                          0.2160     1.6113 r
  u_ctrl/u_aes/U4447/A3 (XNOR3X1_RVT)                         0.0000     1.6113 r
  u_ctrl/u_aes/U4447/Y (XNOR3X1_RVT)                          0.0964     1.7077 r
  u_ctrl/u_aes/U7437/S0 (MUX21X1_RVT)                         0.0000     1.7077 r
  u_ctrl/u_aes/U7437/Y (MUX21X1_RVT)                          0.1078     1.8155 f
  u_ctrl/u_aes/U7453/A1 (NAND3X0_RVT)                         0.0000     1.8155 f
  u_ctrl/u_aes/U7453/Y (NAND3X0_RVT)                          0.0371     1.8526 r
  u_ctrl/u_aes/state_reg_52_/D (SDFFARX1_RVT)                 0.0000     1.8526 r
  data arrival time                                                      1.8526

  clock clk_fast_aes (rise edge)                              1.8250     1.8250
  clock network delay (ideal)                                 0.0000     1.8250
  u_ctrl/u_aes/state_reg_52_/CLK (SDFFARX1_RVT)                          1.8250 r
  clock reconvergence pessimism                               0.0000     1.8250
  clock uncertainty                                          -0.2000     1.6250
  library setup time                                         -0.1289     1.4961
  data required time                                                     1.4961
  ------------------------------------------------------------------------------------
  data required time                                                     1.4961
  data arrival time                                                     -1.8526
  ------------------------------------------------------------------------------------
  slack (VIOLATED)                                                      -0.3564


  Startpoint: u_ctrl/u_aes/state_reg_105_ (rising edge-triggered flip-flop clocked by clk_fast_aes)
  Endpoint: u_ctrl/u_aes/state_reg_34_ (rising edge-triggered flip-flop clocked by clk_fast_aes)
  Path Group: clk_fast_aes
  Path Type: max

  Point                                                          Incr       Path
  -------------------------------------------------------------------------------------
  clock clk_fast_aes (rise edge)                               0.0000     0.0000
  clock network delay (ideal)                                  0.0000     0.0000
  u_ctrl/u_aes/state_reg_105_/CLK (SDFFARX1_RVT)               0.0000     0.0000 r
  u_ctrl/u_aes/state_reg_105_/Q (SDFFARX1_RVT)                 0.1924     0.1924 r
  u_ctrl/u_aes/U3022/A2 (NAND3X0_RVT)                          0.0000     0.1924 r
  u_ctrl/u_aes/U3022/Y (NAND3X0_RVT)                           0.0673     0.2597 f
  u_ctrl/u_aes/U1515/A (INVX0_RVT)                             0.0000     0.2597 f
  u_ctrl/u_aes/U1515/Y (INVX0_RVT)                             0.0503     0.3100 r
  u_ctrl/u_aes/U251/A (DELLN2X2_RVT)                           0.0000     0.3100 r
  u_ctrl/u_aes/U251/Y (DELLN2X2_RVT)                           0.2897     0.5997 r
  u_ctrl/u_aes/U3098/A1 (NAND2X0_RVT)                          0.0000     0.5997 r
  u_ctrl/u_aes/U3098/Y (NAND2X0_RVT)                           0.0317     0.6314 f
  u_ctrl/u_aes/U1891/A (INVX0_RVT)                             0.0000     0.6314 f
  u_ctrl/u_aes/U1891/Y (INVX0_RVT)                             0.0339     0.6653 r
  u_ctrl/u_aes/U1892/A (INVX0_RVT)                             0.0000     0.6653 r
  u_ctrl/u_aes/U1892/Y (INVX0_RVT)                             0.0263     0.6916 f
  u_ctrl/u_aes/U2037/A1 (AND4X4_RVT)                           0.0000     0.6916 f
  u_ctrl/u_aes/U2037/Y (AND4X4_RVT)                            0.1165     0.8081 f
  u_ctrl/u_aes/U3252/A1 (AND3X1_RVT)                           0.0000     0.8081 f
  u_ctrl/u_aes/U3252/Y (AND3X1_RVT)                            0.0589     0.8670 f
  u_ctrl/u_aes/U3253/A3 (AND4X1_RVT)                           0.0000     0.8670 f
  u_ctrl/u_aes/U3253/Y (AND4X1_RVT)                            0.0996     0.9666 f
  u_ctrl/u_aes/U3257/A3 (AND4X1_RVT)                           0.0000     0.9666 f
  u_ctrl/u_aes/U3257/Y (AND4X1_RVT)                            0.0971     1.0638 f
  u_ctrl/u_aes/U3258/A2 (NAND4X0_RVT)                          0.0000     1.0638 f
  u_ctrl/u_aes/U3258/Y (NAND4X0_RVT)                           0.0438     1.1075 r
  u_ctrl/u_aes/U3277/A2 (OA22X1_RVT)                           0.0000     1.1075 r
  u_ctrl/u_aes/U3277/Y (OA22X1_RVT)                            0.0806     1.1882 r
  u_ctrl/u_aes/U1840/A4 (AO222X1_RVT)                          0.0000     1.1882 r
  u_ctrl/u_aes/U1840/Y (AO222X1_RVT)                           0.1257     1.3139 r
  u_ctrl/u_aes/U7322/B0 (HADDX1_RVT)                           0.0000     1.3139 r
  u_ctrl/u_aes/U7322/SO (HADDX1_RVT)                           0.1188     1.4327 f
  u_ctrl/u_aes/U488/A (INVX0_RVT)                              0.0000     1.4327 f
  u_ctrl/u_aes/U488/Y (INVX0_RVT)                              0.0440     1.4767 r
  u_ctrl/u_aes/U4564/A2 (XOR3X1_RVT)                           0.0000     1.4767 r
  u_ctrl/u_aes/U4564/Y (XOR3X1_RVT)                            0.1945     1.6712 f
  u_ctrl/u_aes/U4534/A3 (XOR3X1_RVT)                           0.0000     1.6712 f
  u_ctrl/u_aes/U4534/Y (XOR3X1_RVT)                            0.0797     1.7510 r
  u_ctrl/u_aes/U8782/A2 (OA22X1_RVT)                           0.0000     1.7510 r
  u_ctrl/u_aes/U8782/Y (OA22X1_RVT)                            0.0764     1.8273 r
  u_ctrl/u_aes/U8005/A1 (NAND2X0_RVT)                          0.0000     1.8273 r
  u_ctrl/u_aes/U8005/Y (NAND2X0_RVT)                           0.0322     1.8596 f
  u_ctrl/u_aes/state_reg_34_/D (SDFFARX1_RVT)                  0.0000     1.8596 f
  data arrival time                                                       1.8596

  clock clk_fast_aes (rise edge)                               1.8250     1.8250
  clock network delay (ideal)                                  0.0000     1.8250
  u_ctrl/u_aes/state_reg_34_/CLK (SDFFARX1_RVT)                           1.8250 r
  clock reconvergence pessimism                                0.0000     1.8250
  clock uncertainty                                           -0.2000     1.6250
  library setup time                                          -0.1210     1.5040
  data required time                                                      1.5040
  -------------------------------------------------------------------------------------
  data required time                                                      1.5040
  data arrival time                                                      -1.8596
  -------------------------------------------------------------------------------------
  slack (VIOLATED)                                                       -0.3556


  Startpoint: u_ctrl/u_aes/state_reg_114_ (rising edge-triggered flip-flop clocked by clk_fast_aes)
  Endpoint: u_ctrl/u_aes/state_reg_20_ (rising edge-triggered flip-flop clocked by clk_fast_aes)
  Path Group: clk_fast_aes
  Path Type: max

  Point                                                          Incr       Path
  -------------------------------------------------------------------------------------
  clock clk_fast_aes (rise edge)                               0.0000     0.0000
  clock network delay (ideal)                                  0.0000     0.0000
  u_ctrl/u_aes/state_reg_114_/CLK (SDFFARX1_RVT)               0.0000     0.0000 r
  u_ctrl/u_aes/state_reg_114_/Q (SDFFARX1_RVT)                 0.1900     0.1900 r
  u_ctrl/u_aes/U3632/A1 (NAND3X0_RVT)                          0.0000     0.1900 r
  u_ctrl/u_aes/U3632/Y (NAND3X0_RVT)                           0.0809     0.2709 f
  u_ctrl/u_aes/U1356/A (INVX0_RVT)                             0.0000     0.2709 f
  u_ctrl/u_aes/U1356/Y (INVX0_RVT)                             0.0605     0.3314 r
  u_ctrl/u_aes/U1295/A (INVX0_RVT)                             0.0000     0.3314 r
  u_ctrl/u_aes/U1295/Y (INVX0_RVT)                             0.0347     0.3661 f
  u_ctrl/u_aes/U1150/A (INVX0_RVT)                             0.0000     0.3661 f
  u_ctrl/u_aes/U1150/Y (INVX0_RVT)                             0.0442     0.4103 r
  u_ctrl/u_aes/U3658/A1 (NAND2X0_RVT)                          0.0000     0.4103 r
  u_ctrl/u_aes/U3658/Y (NAND2X0_RVT)                           0.0835     0.4937 f
  u_ctrl/u_aes/U6983/A2 (AND4X1_RVT)                           0.0000     0.4937 f
  u_ctrl/u_aes/U6983/Y (AND4X1_RVT)                            0.1315     0.6253 f
  u_ctrl/u_aes/U421/A2 (AND3X2_RVT)                            0.0000     0.6253 f
  u_ctrl/u_aes/U421/Y (AND3X2_RVT)                             0.0902     0.7155 f
  u_ctrl/u_aes/U8063/A2 (AND2X1_RVT)                           0.0000     0.7155 f
  u_ctrl/u_aes/U8063/Y (AND2X1_RVT)                            0.0581     0.7736 f
  u_ctrl/u_aes/U8065/A1 (AND2X1_RVT)                           0.0000     0.7736 f
  u_ctrl/u_aes/U8065/Y (AND2X1_RVT)                            0.0494     0.8231 f
  u_ctrl/u_aes/U261/A2 (NAND4X1_RVT)                           0.0000     0.8231 f
  u_ctrl/u_aes/U261/Y (NAND4X1_RVT)                            0.1066     0.9296 r
  u_ctrl/u_aes/U8146/A (INVX0_RVT)                             0.0000     0.9296 r
  u_ctrl/u_aes/U8146/Y (INVX0_RVT)                             0.0200     0.9496 f
  u_ctrl/u_aes/U4820/A3 (AND4X1_RVT)                           0.0000     0.9496 f
  u_ctrl/u_aes/U4820/Y (AND4X1_RVT)                            0.0894     1.0390 f
  u_ctrl/u_aes/U8148/A2 (AND2X1_RVT)                           0.0000     1.0390 f
  u_ctrl/u_aes/U8148/Y (AND2X1_RVT)                            0.0597     1.0987 f
  u_ctrl/u_aes/U8151/A1 (AND2X1_RVT)                           0.0000     1.0987 f
  u_ctrl/u_aes/U8151/Y (AND2X1_RVT)                            0.0499     1.1486 f
  u_ctrl/u_aes/U8152/A2 (NAND4X0_RVT)                          0.0000     1.1486 f
  u_ctrl/u_aes/U8152/Y (NAND4X0_RVT)                           0.0352     1.1838 r
  u_ctrl/u_aes/U8159/A2 (OA22X1_RVT)                           0.0000     1.1838 r
  u_ctrl/u_aes/U8159/Y (OA22X1_RVT)                            0.0784     1.2622 r
  u_ctrl/u_aes/U8167/A2 (AO22X1_RVT)                           0.0000     1.2622 r
  u_ctrl/u_aes/U8167/Y (AO22X1_RVT)                            0.0951     1.3573 r
  u_ctrl/u_aes/U8183/A0 (HADDX1_RVT)                           0.0000     1.3573 r
  u_ctrl/u_aes/U8183/SO (HADDX1_RVT)                           0.1273     1.4846 f
  u_ctrl/u_aes/U4512/A2 (XNOR3X1_RVT)                          0.0000     1.4846 f
  u_ctrl/u_aes/U4512/Y (XNOR3X1_RVT)                           0.2111     1.6957 f
  u_ctrl/u_aes/U4445/A4 (OAI22X1_RVT)                          0.0000     1.6957 f
  u_ctrl/u_aes/U4445/Y (OAI22X1_RVT)                           0.0852     1.7809 r
  u_ctrl/u_aes/U8488/A5 (AO221X1_RVT)                          0.0000     1.7809 r
  u_ctrl/u_aes/U8488/Y (AO221X1_RVT)                           0.0695     1.8504 r
  u_ctrl/u_aes/state_reg_20_/D (SDFFARX1_RVT)                  0.0000     1.8504 r
  data arrival time                                                       1.8504

  clock clk_fast_aes (rise edge)                               1.8250     1.8250
  clock network delay (ideal)                                  0.0000     1.8250
  u_ctrl/u_aes/state_reg_20_/CLK (SDFFARX1_RVT)                           1.8250 r
  clock reconvergence pessimism                                0.0000     1.8250
  clock uncertainty                                           -0.2000     1.6250
  library setup time                                          -0.1301     1.4949
  data required time                                                      1.4949
  -------------------------------------------------------------------------------------
  data required time                                                      1.4949
  data arrival time                                                      -1.8504
  -------------------------------------------------------------------------------------
  slack (VIOLATED)                                                       -0.3555


  Startpoint: u_ctrl/u_aes/state_reg_101_ (rising edge-triggered flip-flop clocked by clk_fast_aes)
  Endpoint: u_ctrl/u_aes/state_reg_81_ (rising edge-triggered flip-flop clocked by clk_fast_aes)
  Path Group: clk_fast_aes
  Path Type: max

  Point                                                          Incr       Path
  -------------------------------------------------------------------------------------
  clock clk_fast_aes (rise edge)                               0.0000     0.0000
  clock network delay (ideal)                                  0.0000     0.0000
  u_ctrl/u_aes/state_reg_101_/CLK (SDFFARX1_RVT)               0.0000     0.0000 r
  u_ctrl/u_aes/state_reg_101_/Q (SDFFARX1_RVT)                 0.1929     0.1929 r
  u_ctrl/u_aes/U2445/A1 (NAND3X2_RVT)                          0.0000     0.1929 r
  u_ctrl/u_aes/U2445/Y (NAND3X2_RVT)                           0.0987     0.2915 f
  u_ctrl/u_aes/U1363/A (INVX0_RVT)                             0.0000     0.2915 f
  u_ctrl/u_aes/U1363/Y (INVX0_RVT)                             0.0347     0.3262 r
  u_ctrl/u_aes/U2188/A (DELLN2X2_RVT)                          0.0000     0.3262 r
  u_ctrl/u_aes/U2188/Y (DELLN2X2_RVT)                          0.2842     0.6105 r
  u_ctrl/u_aes/U3441/A1 (NAND2X0_RVT)                          0.0000     0.6105 r
  u_ctrl/u_aes/U3441/Y (NAND2X0_RVT)                           0.0763     0.6868 f
  u_ctrl/u_aes/U4400/A2 (NAND2X0_RVT)                          0.0000     0.6868 f
  u_ctrl/u_aes/U4400/Y (NAND2X0_RVT)                           0.0818     0.7686 r
  u_ctrl/u_aes/U4404/A1 (NOR4X1_RVT)                           0.0000     0.7686 r
  u_ctrl/u_aes/U4404/Y (NOR4X1_RVT)                            0.1401     0.9087 f
  u_ctrl/u_aes/U7823/A1 (NAND4X0_RVT)                          0.0000     0.9087 f
  u_ctrl/u_aes/U7823/Y (NAND4X0_RVT)                           0.0391     0.9479 r
  u_ctrl/u_aes/U7824/A6 (AO222X1_RVT)                          0.0000     0.9479 r
  u_ctrl/u_aes/U7824/Y (AO222X1_RVT)                           0.0961     1.0439 r
  u_ctrl/u_aes/U7825/A5 (AO221X1_RVT)                          0.0000     1.0439 r
  u_ctrl/u_aes/U7825/Y (AO221X1_RVT)                           0.0810     1.1250 r
  u_ctrl/u_aes/U7826/A5 (AO221X1_RVT)                          0.0000     1.1250 r
  u_ctrl/u_aes/U7826/Y (AO221X1_RVT)                           0.0778     1.2028 r
  u_ctrl/u_aes/U7827/A5 (AO221X1_RVT)                          0.0000     1.2028 r
  u_ctrl/u_aes/U7827/Y (AO221X1_RVT)                           0.0956     1.2985 r
  u_ctrl/u_aes/U8943/A2 (XOR2X1_RVT)                           0.0000     1.2985 r
  u_ctrl/u_aes/U8943/Y (XOR2X1_RVT)                            0.1553     1.4537 f
  u_ctrl/u_aes/U8942/A2 (XOR2X1_RVT)                           0.0000     1.4537 f
  u_ctrl/u_aes/U8942/Y (XOR2X1_RVT)                            0.1356     1.5894 r
  u_ctrl/u_aes/U8798/A2 (XOR2X1_RVT)                           0.0000     1.5894 r
  u_ctrl/u_aes/U8798/Y (XOR2X1_RVT)                            0.1250     1.7144 f
  u_ctrl/u_aes/U7842/S0 (MUX21X1_RVT)                          0.0000     1.7144 f
  u_ctrl/u_aes/U7842/Y (MUX21X1_RVT)                           0.0938     1.8082 f
  u_ctrl/u_aes/U7843/A1 (NAND2X0_RVT)                          0.0000     1.8082 f
  u_ctrl/u_aes/U7843/Y (NAND2X0_RVT)                           0.0417     1.8498 r
  u_ctrl/u_aes/state_reg_81_/D (SDFFARX1_RVT)                  0.0000     1.8498 r
  data arrival time                                                       1.8498

  clock clk_fast_aes (rise edge)                               1.8250     1.8250
  clock network delay (ideal)                                  0.0000     1.8250
  u_ctrl/u_aes/state_reg_81_/CLK (SDFFARX1_RVT)                           1.8250 r
  clock reconvergence pessimism                                0.0000     1.8250
  clock uncertainty                                           -0.2000     1.6250
  library setup time                                          -0.1294     1.4956
  data required time                                                      1.4956
  -------------------------------------------------------------------------------------
  data required time                                                      1.4956
  data arrival time                                                      -1.8498
  -------------------------------------------------------------------------------------
  slack (VIOLATED)                                                       -0.3542


  Startpoint: u_ctrl/u_aes/state_reg_101_ (rising edge-triggered flip-flop clocked by clk_fast_aes)
  Endpoint: u_ctrl/u_aes/state_reg_73_ (rising edge-triggered flip-flop clocked by clk_fast_aes)
  Path Group: clk_fast_aes
  Path Type: max

  Point                                                          Incr       Path
  -------------------------------------------------------------------------------------
  clock clk_fast_aes (rise edge)                               0.0000     0.0000
  clock network delay (ideal)                                  0.0000     0.0000
  u_ctrl/u_aes/state_reg_101_/CLK (SDFFARX1_RVT)               0.0000     0.0000 r
  u_ctrl/u_aes/state_reg_101_/Q (SDFFARX1_RVT)                 0.1929     0.1929 r
  u_ctrl/u_aes/U2445/A1 (NAND3X2_RVT)                          0.0000     0.1929 r
  u_ctrl/u_aes/U2445/Y (NAND3X2_RVT)                           0.0987     0.2915 f
  u_ctrl/u_aes/U1363/A (INVX0_RVT)                             0.0000     0.2915 f
  u_ctrl/u_aes/U1363/Y (INVX0_RVT)                             0.0347     0.3262 r
  u_ctrl/u_aes/U2188/A (DELLN2X2_RVT)                          0.0000     0.3262 r
  u_ctrl/u_aes/U2188/Y (DELLN2X2_RVT)                          0.2842     0.6105 r
  u_ctrl/u_aes/U3441/A1 (NAND2X0_RVT)                          0.0000     0.6105 r
  u_ctrl/u_aes/U3441/Y (NAND2X0_RVT)                           0.0763     0.6868 f
  u_ctrl/u_aes/U4400/A2 (NAND2X0_RVT)                          0.0000     0.6868 f
  u_ctrl/u_aes/U4400/Y (NAND2X0_RVT)                           0.0818     0.7686 r
  u_ctrl/u_aes/U4404/A1 (NOR4X1_RVT)                           0.0000     0.7686 r
  u_ctrl/u_aes/U4404/Y (NOR4X1_RVT)                            0.1401     0.9087 f
  u_ctrl/u_aes/U7823/A1 (NAND4X0_RVT)                          0.0000     0.9087 f
  u_ctrl/u_aes/U7823/Y (NAND4X0_RVT)                           0.0391     0.9479 r
  u_ctrl/u_aes/U7824/A6 (AO222X1_RVT)                          0.0000     0.9479 r
  u_ctrl/u_aes/U7824/Y (AO222X1_RVT)                           0.0961     1.0439 r
  u_ctrl/u_aes/U7825/A5 (AO221X1_RVT)                          0.0000     1.0439 r
  u_ctrl/u_aes/U7825/Y (AO221X1_RVT)                           0.0810     1.1250 r
  u_ctrl/u_aes/U7826/A5 (AO221X1_RVT)                          0.0000     1.1250 r
  u_ctrl/u_aes/U7826/Y (AO221X1_RVT)                           0.0778     1.2028 r
  u_ctrl/u_aes/U7827/A5 (AO221X1_RVT)                          0.0000     1.2028 r
  u_ctrl/u_aes/U7827/Y (AO221X1_RVT)                           0.0956     1.2985 r
  u_ctrl/u_aes/U8943/A2 (XOR2X1_RVT)                           0.0000     1.2985 r
  u_ctrl/u_aes/U8943/Y (XOR2X1_RVT)                            0.1553     1.4537 f
  u_ctrl/u_aes/U2345/A2 (XOR3X2_RVT)                           0.0000     1.4537 f
  u_ctrl/u_aes/U2345/Y (XOR3X2_RVT)                            0.1740     1.6277 r
  u_ctrl/u_aes/U7874/B0 (HADDX1_RVT)                           0.0000     1.6277 r
  u_ctrl/u_aes/U7874/SO (HADDX1_RVT)                           0.0998     1.7275 f
  u_ctrl/u_aes/U7875/A1 (OA22X1_RVT)                           0.0000     1.7275 f
  u_ctrl/u_aes/U7875/Y (OA22X1_RVT)                            0.0801     1.8076 f
  u_ctrl/u_aes/U7878/A1 (NAND2X0_RVT)                          0.0000     1.8076 f
  u_ctrl/u_aes/U7878/Y (NAND2X0_RVT)                           0.0375     1.8451 r
  u_ctrl/u_aes/state_reg_73_/D (SDFFARX1_RVT)                  0.0000     1.8451 r
  data arrival time                                                       1.8451

  clock clk_fast_aes (rise edge)                               1.8250     1.8250
  clock network delay (ideal)                                  0.0000     1.8250
  u_ctrl/u_aes/state_reg_73_/CLK (SDFFARX1_RVT)                           1.8250 r
  clock reconvergence pessimism                                0.0000     1.8250
  clock uncertainty                                           -0.2000     1.6250
  library setup time                                          -0.1303     1.4947
  data required time                                                      1.4947
  -------------------------------------------------------------------------------------
  data required time                                                      1.4947
  data arrival time                                                      -1.8451
  -------------------------------------------------------------------------------------
  slack (VIOLATED)                                                       -0.3505


  Startpoint: u_ctrl/u_aes/state_reg_101_ (rising edge-triggered flip-flop clocked by clk_fast_aes)
  Endpoint: u_ctrl/u_aes/state_reg_77_ (rising edge-triggered flip-flop clocked by clk_fast_aes)
  Path Group: clk_fast_aes
  Path Type: max

  Point                                                          Incr       Path
  -------------------------------------------------------------------------------------
  clock clk_fast_aes (rise edge)                               0.0000     0.0000
  clock network delay (ideal)                                  0.0000     0.0000
  u_ctrl/u_aes/state_reg_101_/CLK (SDFFARX1_RVT)               0.0000     0.0000 r
  u_ctrl/u_aes/state_reg_101_/Q (SDFFARX1_RVT)                 0.1849     0.1849 f
  u_ctrl/u_aes/U2445/A1 (NAND3X2_RVT)                          0.0000     0.1849 f
  u_ctrl/u_aes/U2445/Y (NAND3X2_RVT)                           0.1139     0.2988 r
  u_ctrl/u_aes/U1363/A (INVX0_RVT)                             0.0000     0.2988 r
  u_ctrl/u_aes/U1363/Y (INVX0_RVT)                             0.0324     0.3312 f
  u_ctrl/u_aes/U2188/A (DELLN2X2_RVT)                          0.0000     0.3312 f
  u_ctrl/u_aes/U2188/Y (DELLN2X2_RVT)                          0.3074     0.6387 f
  u_ctrl/u_aes/U3418/A1 (NAND2X0_RVT)                          0.0000     0.6387 f
  u_ctrl/u_aes/U3418/Y (NAND2X0_RVT)                           0.0368     0.6755 r
  u_ctrl/u_aes/U2411/A (INVX0_RVT)                             0.0000     0.6755 r
  u_ctrl/u_aes/U2411/Y (INVX0_RVT)                             0.0290     0.7045 f
  u_ctrl/u_aes/U2414/A (IBUFFX2_RVT)                           0.0000     0.7045 f
  u_ctrl/u_aes/U2414/Y (IBUFFX2_RVT)                           0.0713     0.7758 r
  u_ctrl/u_aes/U2505/A3 (NAND4X1_RVT)                          0.0000     0.7758 r
  u_ctrl/u_aes/U2505/Y (NAND4X1_RVT)                           0.1099     0.8858 f
  u_ctrl/u_aes/U3463/A4 (NOR4X1_RVT)                           0.0000     0.8858 f
  u_ctrl/u_aes/U3463/Y (NOR4X1_RVT)                            0.0951     0.9808 r
  u_ctrl/u_aes/U4742/A1 (AND3X1_RVT)                           0.0000     0.9808 r
  u_ctrl/u_aes/U4742/Y (AND3X1_RVT)                            0.0629     1.0437 r
  u_ctrl/u_aes/U3465/A4 (AND4X1_RVT)                           0.0000     1.0437 r
  u_ctrl/u_aes/U3465/Y (AND4X1_RVT)                            0.0908     1.1345 r
  u_ctrl/u_aes/U3470/A1 (NAND3X0_RVT)                          0.0000     1.1345 r
  u_ctrl/u_aes/U3470/Y (NAND3X0_RVT)                           0.0418     1.1763 f
  u_ctrl/u_aes/U3488/A2 (AO22X1_RVT)                           0.0000     1.1763 f
  u_ctrl/u_aes/U3488/Y (AO22X1_RVT)                            0.0812     1.2575 f
  u_ctrl/u_aes/U3489/A5 (AO221X1_RVT)                          0.0000     1.2575 f
  u_ctrl/u_aes/U3489/Y (AO221X1_RVT)                           0.0563     1.3137 f
  u_ctrl/u_aes/U3490/A5 (AO221X1_RVT)                          0.0000     1.3137 f
  u_ctrl/u_aes/U3490/Y (AO221X1_RVT)                           0.0786     1.3924 f
  u_ctrl/u_aes/U651/A (INVX0_RVT)                              0.0000     1.3924 f
  u_ctrl/u_aes/U651/Y (INVX0_RVT)                              0.0385     1.4309 r
  u_ctrl/u_aes/U7180/A4 (AO22X1_RVT)                           0.0000     1.4309 r
  u_ctrl/u_aes/U7180/Y (AO22X1_RVT)                            0.0811     1.5119 r
  u_ctrl/u_aes/U641/A (INVX0_RVT)                              0.0000     1.5119 r
  u_ctrl/u_aes/U641/Y (INVX0_RVT)                              0.0366     1.5485 f
  u_ctrl/u_aes/U8619/A4 (AO22X1_RVT)                           0.0000     1.5485 f
  u_ctrl/u_aes/U8619/Y (AO22X1_RVT)                            0.0640     1.6126 f
  u_ctrl/u_aes/U639/A3 (XOR3X1_RVT)                            0.0000     1.6126 f
  u_ctrl/u_aes/U639/Y (XOR3X1_RVT)                             0.0734     1.6859 r
  u_ctrl/u_aes/U8620/A4 (AO22X1_RVT)                           0.0000     1.6859 r
  u_ctrl/u_aes/U8620/Y (AO22X1_RVT)                            0.0702     1.7561 r
  u_ctrl/u_aes/U8621/A5 (AO221X1_RVT)                          0.0000     1.7561 r
  u_ctrl/u_aes/U8621/Y (AO221X1_RVT)                           0.0748     1.8309 r
  u_ctrl/u_aes/state_reg_77_/D (SDFFARX1_RVT)                  0.0000     1.8309 r
  data arrival time                                                       1.8309

  clock clk_fast_aes (rise edge)                               1.8250     1.8250
  clock network delay (ideal)                                  0.0000     1.8250
  u_ctrl/u_aes/state_reg_77_/CLK (SDFFARX1_RVT)                           1.8250 r
  clock reconvergence pessimism                                0.0000     1.8250
  clock uncertainty                                           -0.2000     1.6250
  library setup time                                          -0.1300     1.4950
  data required time                                                      1.4950
  -------------------------------------------------------------------------------------
  data required time                                                      1.4950
  data arrival time                                                      -1.8309
  -------------------------------------------------------------------------------------
  slack (VIOLATED)                                                       -0.3360


  Startpoint: u_ctrl/u_aes/state_reg_10_ (rising edge-triggered flip-flop clocked by clk_fast_aes)
  Endpoint: u_ctrl/u_aes/state_reg_64_ (rising edge-triggered flip-flop clocked by clk_fast_aes)
  Path Group: clk_fast_aes
  Path Type: max

  Point                                                         Incr       Path
  ------------------------------------------------------------------------------------
  clock clk_fast_aes (rise edge)                              0.0000     0.0000
  clock network delay (ideal)                                 0.0000     0.0000
  u_ctrl/u_aes/state_reg_10_/CLK (SDFFARX1_RVT)               0.0000     0.0000 r
  u_ctrl/u_aes/state_reg_10_/Q (SDFFARX1_RVT)                 0.1804     0.1804 f
  u_ctrl/u_aes/U340/A1 (NAND3X2_RVT)                          0.0000     0.1804 f
  u_ctrl/u_aes/U340/Y (NAND3X2_RVT)                           0.1042     0.2846 r
  u_ctrl/u_aes/U1447/A (INVX0_RVT)                            0.0000     0.2846 r
  u_ctrl/u_aes/U1447/Y (INVX0_RVT)                            0.0303     0.3148 f
  u_ctrl/u_aes/U323/A (DELLN2X2_RVT)                          0.0000     0.3148 f
  u_ctrl/u_aes/U323/Y (DELLN2X2_RVT)                          0.3068     0.6216 f
  u_ctrl/u_aes/U4162/A1 (NAND2X0_RVT)                         0.0000     0.6216 f
  u_ctrl/u_aes/U4162/Y (NAND2X0_RVT)                          0.0668     0.6884 r
  u_ctrl/u_aes/U7149/A3 (OA21X1_RVT)                          0.0000     0.6884 r
  u_ctrl/u_aes/U7149/Y (OA21X1_RVT)                           0.0786     0.7670 r
  u_ctrl/u_aes/U4193/A1 (AND2X1_RVT)                          0.0000     0.7670 r
  u_ctrl/u_aes/U4193/Y (AND2X1_RVT)                           0.0582     0.8252 r
  u_ctrl/u_aes/U4197/A1 (NAND3X0_RVT)                         0.0000     0.8252 r
  u_ctrl/u_aes/U4197/Y (NAND3X0_RVT)                          0.0541     0.8793 f
  u_ctrl/u_aes/U4202/A2 (NOR3X0_RVT)                          0.0000     0.8793 f
  u_ctrl/u_aes/U4202/Y (NOR3X0_RVT)                           0.1139     0.9933 r
  u_ctrl/u_aes/U5626/A1 (NAND3X0_RVT)                         0.0000     0.9933 r
  u_ctrl/u_aes/U5626/Y (NAND3X0_RVT)                          0.0540     1.0473 f
  u_ctrl/u_aes/U5632/A3 (OAI22X1_RVT)                         0.0000     1.0473 f
  u_ctrl/u_aes/U5632/Y (OAI22X1_RVT)                          0.1090     1.1563 r
  u_ctrl/u_aes/U5647/A1 (OA222X1_RVT)                         0.0000     1.1563 r
  u_ctrl/u_aes/U5647/Y (OA222X1_RVT)                          0.1054     1.2617 r
  u_ctrl/u_aes/U8875/A (INVX0_RVT)                            0.0000     1.2617 r
  u_ctrl/u_aes/U8875/Y (INVX0_RVT)                            0.0648     1.3265 f
  u_ctrl/u_aes/U8874/A3 (OA22X1_RVT)                          0.0000     1.3265 f
  u_ctrl/u_aes/U8874/Y (OA22X1_RVT)                           0.1079     1.4344 f
  u_ctrl/u_aes/U4519/A2 (XOR3X1_RVT)                          0.0000     1.4344 f
  u_ctrl/u_aes/U4519/Y (XOR3X1_RVT)                           0.1928     1.6272 f
  u_ctrl/u_aes/U8781/A2 (XOR2X1_RVT)                          0.0000     1.6272 f
  u_ctrl/u_aes/U8781/Y (XOR2X1_RVT)                           0.1208     1.7481 r
  u_ctrl/u_aes/U7616/A2 (NAND2X0_RVT)                         0.0000     1.7481 r
  u_ctrl/u_aes/U7616/Y (NAND2X0_RVT)                          0.0381     1.7861 f
  u_ctrl/u_aes/U7619/A1 (NAND3X0_RVT)                         0.0000     1.7861 f
  u_ctrl/u_aes/U7619/Y (NAND3X0_RVT)                          0.0351     1.8212 r
  u_ctrl/u_aes/state_reg_64_/D (SDFFARX1_RVT)                 0.0000     1.8212 r
  data arrival time                                                      1.8212

  clock clk_fast_aes (rise edge)                              1.8250     1.8250
  clock network delay (ideal)                                 0.0000     1.8250
  u_ctrl/u_aes/state_reg_64_/CLK (SDFFARX1_RVT)                          1.8250 r
  clock reconvergence pessimism                               0.0000     1.8250
  clock uncertainty                                          -0.2000     1.6250
  library setup time                                         -0.1310     1.4940
  data required time                                                     1.4940
  ------------------------------------------------------------------------------------
  data required time                                                     1.4940
  data arrival time                                                     -1.8212
  ------------------------------------------------------------------------------------
  slack (VIOLATED)                                                      -0.3272


  Startpoint: u_ctrl/u_aes/state_reg_82_ (rising edge-triggered flip-flop clocked by clk_fast_aes)
  Endpoint: u_ctrl/u_aes/state_reg_127_ (rising edge-triggered flip-flop clocked by clk_fast_aes)
  Path Group: clk_fast_aes
  Path Type: max

  Point                                                         Incr       Path
  ------------------------------------------------------------------------------------
  clock clk_fast_aes (rise edge)                              0.0000     0.0000
  clock network delay (ideal)                                 0.0000     0.0000
  u_ctrl/u_aes/state_reg_82_/CLK (SDFFARX1_RVT)               0.0000     0.0000 r
  u_ctrl/u_aes/state_reg_82_/QN (SDFFARX1_RVT)                0.1408     0.1408 r
  u_ctrl/u_aes/U4858/A1 (NAND2X0_RVT)                         0.0000     0.1408 r
  u_ctrl/u_aes/U4858/Y (NAND2X0_RVT)                          0.0512     0.1920 f
  u_ctrl/u_aes/U1466/A (INVX0_RVT)                            0.0000     0.1920 f
  u_ctrl/u_aes/U1466/Y (INVX0_RVT)                            0.0572     0.2492 r
  u_ctrl/u_aes/U4898/A2 (NAND2X0_RVT)                         0.0000     0.2492 r
  u_ctrl/u_aes/U4898/Y (NAND2X0_RVT)                          0.0649     0.3141 f
  u_ctrl/u_aes/U1178/A (INVX0_RVT)                            0.0000     0.3141 f
  u_ctrl/u_aes/U1178/Y (INVX0_RVT)                            0.0365     0.3506 r
  u_ctrl/u_aes/U74/A (INVX0_RVT)                              0.0000     0.3506 r
  u_ctrl/u_aes/U74/Y (INVX0_RVT)                              0.0348     0.3853 f
  u_ctrl/u_aes/U77/A (IBUFFX2_RVT)                            0.0000     0.3853 f
  u_ctrl/u_aes/U77/Y (IBUFFX2_RVT)                            0.0723     0.4576 r
  u_ctrl/u_aes/U4899/A2 (NAND2X0_RVT)                         0.0000     0.4576 r
  u_ctrl/u_aes/U4899/Y (NAND2X0_RVT)                          0.0495     0.5072 f
  u_ctrl/u_aes/U232/A4 (NAND4X1_RVT)                          0.0000     0.5072 f
  u_ctrl/u_aes/U232/Y (NAND4X1_RVT)                           0.1476     0.6548 r
  u_ctrl/u_aes/U4974/A1 (NOR4X1_RVT)                          0.0000     0.6548 r
  u_ctrl/u_aes/U4974/Y (NOR4X1_RVT)                           0.1152     0.7700 f
  u_ctrl/u_aes/U4975/A1 (NAND4X0_RVT)                         0.0000     0.7700 f
  u_ctrl/u_aes/U4975/Y (NAND4X0_RVT)                          0.0414     0.8114 r
  u_ctrl/u_aes/U860/A (INVX0_RVT)                             0.0000     0.8114 r
  u_ctrl/u_aes/U860/Y (INVX0_RVT)                             0.0256     0.8370 f
  u_ctrl/u_aes/U119/A1 (NAND3X2_RVT)                          0.0000     0.8370 f
  u_ctrl/u_aes/U119/Y (NAND3X2_RVT)                           0.0961     0.9331 r
  u_ctrl/u_aes/U4977/A3 (NOR4X1_RVT)                          0.0000     0.9331 r
  u_ctrl/u_aes/U4977/Y (NOR4X1_RVT)                           0.0977     1.0309 f
  u_ctrl/u_aes/U4980/A3 (NAND4X0_RVT)                         0.0000     1.0309 f
  u_ctrl/u_aes/U4980/Y (NAND4X0_RVT)                          0.0403     1.0712 r
  u_ctrl/u_aes/U4981/A4 (AO22X1_RVT)                          0.0000     1.0712 r
  u_ctrl/u_aes/U4981/Y (AO22X1_RVT)                           0.0707     1.1419 r
  u_ctrl/u_aes/U4982/A5 (AO221X1_RVT)                         0.0000     1.1419 r
  u_ctrl/u_aes/U4982/Y (AO221X1_RVT)                          0.0753     1.2172 r
  u_ctrl/u_aes/U4983/A5 (AO221X1_RVT)                         0.0000     1.2172 r
  u_ctrl/u_aes/U4983/Y (AO221X1_RVT)                          0.1062     1.3234 r
  u_ctrl/u_aes/U9032/A1 (XOR2X1_RVT)                          0.0000     1.3234 r
  u_ctrl/u_aes/U9032/Y (XOR2X1_RVT)                           0.1443     1.4676 f
  u_ctrl/u_aes/U525/A2 (XOR3X2_RVT)                           0.0000     1.4676 f
  u_ctrl/u_aes/U525/Y (XOR3X2_RVT)                            0.1743     1.6420 f
  u_ctrl/u_aes/U7672/A0 (HADDX1_RVT)                          0.0000     1.6420 f
  u_ctrl/u_aes/U7672/SO (HADDX1_RVT)                          0.1050     1.7470 r
  u_ctrl/u_aes/U642/A2 (AO21X1_RVT)                           0.0000     1.7470 r
  u_ctrl/u_aes/U642/Y (AO21X1_RVT)                            0.0724     1.8194 r
  u_ctrl/u_aes/state_reg_127_/D (SDFFARX1_RVT)                0.0000     1.8194 r
  data arrival time                                                      1.8194

  clock clk_fast_aes (rise edge)                              1.8250     1.8250
  clock network delay (ideal)                                 0.0000     1.8250
  u_ctrl/u_aes/state_reg_127_/CLK (SDFFARX1_RVT)                         1.8250 r
  clock reconvergence pessimism                               0.0000     1.8250
  clock uncertainty                                          -0.2000     1.6250
  library setup time                                         -0.1276     1.4974
  data required time                                                     1.4974
  ------------------------------------------------------------------------------------
  data required time                                                     1.4974
  data arrival time                                                     -1.8194
  ------------------------------------------------------------------------------------
  slack (VIOLATED)                                                      -0.3220


  Startpoint: u_ctrl/u_aes/state_reg_114_ (rising edge-triggered flip-flop clocked by clk_fast_aes)
  Endpoint: u_ctrl/u_aes/state_reg_24_ (rising edge-triggered flip-flop clocked by clk_fast_aes)
  Path Group: clk_fast_aes
  Path Type: max

  Point                                                          Incr       Path
  -------------------------------------------------------------------------------------
  clock clk_fast_aes (rise edge)                               0.0000     0.0000
  clock network delay (ideal)                                  0.0000     0.0000
  u_ctrl/u_aes/state_reg_114_/CLK (SDFFARX1_RVT)               0.0000     0.0000 r
  u_ctrl/u_aes/state_reg_114_/Q (SDFFARX1_RVT)                 0.1900     0.1900 r
  u_ctrl/u_aes/U3632/A1 (NAND3X0_RVT)                          0.0000     0.1900 r
  u_ctrl/u_aes/U3632/Y (NAND3X0_RVT)                           0.0809     0.2709 f
  u_ctrl/u_aes/U1356/A (INVX0_RVT)                             0.0000     0.2709 f
  u_ctrl/u_aes/U1356/Y (INVX0_RVT)                             0.0605     0.3314 r
  u_ctrl/u_aes/U1295/A (INVX0_RVT)                             0.0000     0.3314 r
  u_ctrl/u_aes/U1295/Y (INVX0_RVT)                             0.0347     0.3661 f
  u_ctrl/u_aes/U1150/A (INVX0_RVT)                             0.0000     0.3661 f
  u_ctrl/u_aes/U1150/Y (INVX0_RVT)                             0.0442     0.4103 r
  u_ctrl/u_aes/U3658/A1 (NAND2X0_RVT)                          0.0000     0.4103 r
  u_ctrl/u_aes/U3658/Y (NAND2X0_RVT)                           0.0835     0.4937 f
  u_ctrl/u_aes/U6983/A2 (AND4X1_RVT)                           0.0000     0.4937 f
  u_ctrl/u_aes/U6983/Y (AND4X1_RVT)                            0.1315     0.6253 f
  u_ctrl/u_aes/U421/A2 (AND3X2_RVT)                            0.0000     0.6253 f
  u_ctrl/u_aes/U421/Y (AND3X2_RVT)                             0.0902     0.7155 f
  u_ctrl/u_aes/U8063/A2 (AND2X1_RVT)                           0.0000     0.7155 f
  u_ctrl/u_aes/U8063/Y (AND2X1_RVT)                            0.0581     0.7736 f
  u_ctrl/u_aes/U8065/A1 (AND2X1_RVT)                           0.0000     0.7736 f
  u_ctrl/u_aes/U8065/Y (AND2X1_RVT)                            0.0494     0.8231 f
  u_ctrl/u_aes/U261/A2 (NAND4X1_RVT)                           0.0000     0.8231 f
  u_ctrl/u_aes/U261/Y (NAND4X1_RVT)                            0.1066     0.9296 r
  u_ctrl/u_aes/U8146/A (INVX0_RVT)                             0.0000     0.9296 r
  u_ctrl/u_aes/U8146/Y (INVX0_RVT)                             0.0200     0.9496 f
  u_ctrl/u_aes/U4820/A3 (AND4X1_RVT)                           0.0000     0.9496 f
  u_ctrl/u_aes/U4820/Y (AND4X1_RVT)                            0.0894     1.0390 f
  u_ctrl/u_aes/U8234/A2 (NAND4X0_RVT)                          0.0000     1.0390 f
  u_ctrl/u_aes/U8234/Y (NAND4X0_RVT)                           0.0462     1.0853 r
  u_ctrl/u_aes/U8235/A4 (OA22X1_RVT)                           0.0000     1.0853 r
  u_ctrl/u_aes/U8235/Y (OA22X1_RVT)                            0.0700     1.1553 r
  u_ctrl/u_aes/U1842/A4 (AO22X1_RVT)                           0.0000     1.1553 r
  u_ctrl/u_aes/U1842/Y (AO22X1_RVT)                            0.0990     1.2543 r
  u_ctrl/u_aes/U8264/A0 (HADDX1_RVT)                           0.0000     1.2543 r
  u_ctrl/u_aes/U8264/SO (HADDX1_RVT)                           0.1379     1.3922 f
  u_ctrl/u_aes/U16/A2 (XOR3X1_RVT)                             0.0000     1.3922 f
  u_ctrl/u_aes/U16/Y (XOR3X1_RVT)                              0.1983     1.5905 f
  u_ctrl/u_aes/U9174/A2 (XOR2X1_RVT)                           0.0000     1.5905 f
  u_ctrl/u_aes/U9174/Y (XOR2X1_RVT)                            0.1032     1.6937 f
  u_ctrl/u_aes/U8267/A1 (OA22X1_RVT)                           0.0000     1.6937 f
  u_ctrl/u_aes/U8267/Y (OA22X1_RVT)                            0.0837     1.7774 f
  u_ctrl/u_aes/U8269/A1 (NAND2X0_RVT)                          0.0000     1.7774 f
  u_ctrl/u_aes/U8269/Y (NAND2X0_RVT)                           0.0375     1.8149 r
  u_ctrl/u_aes/state_reg_24_/D (SDFFARX1_RVT)                  0.0000     1.8149 r
  data arrival time                                                       1.8149

  clock clk_fast_aes (rise edge)                               1.8250     1.8250
  clock network delay (ideal)                                  0.0000     1.8250
  u_ctrl/u_aes/state_reg_24_/CLK (SDFFARX1_RVT)                           1.8250 r
  clock reconvergence pessimism                                0.0000     1.8250
  clock uncertainty                                           -0.2000     1.6250
  library setup time                                          -0.1292     1.4958
  data required time                                                      1.4958
  -------------------------------------------------------------------------------------
  data required time                                                      1.4958
  data arrival time                                                      -1.8149
  -------------------------------------------------------------------------------------
  slack (VIOLATED)                                                       -0.3192


  Startpoint: u_ctrl/u_aes/state_reg_101_ (rising edge-triggered flip-flop clocked by clk_fast_aes)
  Endpoint: u_ctrl/u_aes/state_reg_84_ (rising edge-triggered flip-flop clocked by clk_fast_aes)
  Path Group: clk_fast_aes
  Path Type: max

  Point                                                          Incr       Path
  -------------------------------------------------------------------------------------
  clock clk_fast_aes (rise edge)                               0.0000     0.0000
  clock network delay (ideal)                                  0.0000     0.0000
  u_ctrl/u_aes/state_reg_101_/CLK (SDFFARX1_RVT)               0.0000     0.0000 r
  u_ctrl/u_aes/state_reg_101_/Q (SDFFARX1_RVT)                 0.1929     0.1929 r
  u_ctrl/u_aes/U2445/A1 (NAND3X2_RVT)                          0.0000     0.1929 r
  u_ctrl/u_aes/U2445/Y (NAND3X2_RVT)                           0.0987     0.2915 f
  u_ctrl/u_aes/U1363/A (INVX0_RVT)                             0.0000     0.2915 f
  u_ctrl/u_aes/U1363/Y (INVX0_RVT)                             0.0347     0.3262 r
  u_ctrl/u_aes/U2188/A (DELLN2X2_RVT)                          0.0000     0.3262 r
  u_ctrl/u_aes/U2188/Y (DELLN2X2_RVT)                          0.2842     0.6105 r
  u_ctrl/u_aes/U3441/A1 (NAND2X0_RVT)                          0.0000     0.6105 r
  u_ctrl/u_aes/U3441/Y (NAND2X0_RVT)                           0.0763     0.6868 f
  u_ctrl/u_aes/U4400/A2 (NAND2X0_RVT)                          0.0000     0.6868 f
  u_ctrl/u_aes/U4400/Y (NAND2X0_RVT)                           0.0818     0.7686 r
  u_ctrl/u_aes/U4404/A1 (NOR4X1_RVT)                           0.0000     0.7686 r
  u_ctrl/u_aes/U4404/Y (NOR4X1_RVT)                            0.1401     0.9087 f
  u_ctrl/u_aes/U4406/A2 (NAND4X0_RVT)                          0.0000     0.9087 f
  u_ctrl/u_aes/U4406/Y (NAND4X0_RVT)                           0.0425     0.9513 r
  u_ctrl/u_aes/U4407/A3 (OR3X1_RVT)                            0.0000     0.9513 r
  u_ctrl/u_aes/U4407/Y (OR3X1_RVT)                             0.0729     1.0242 r
  u_ctrl/u_aes/U4414/A2 (AO22X1_RVT)                           0.0000     1.0242 r
  u_ctrl/u_aes/U4414/Y (AO22X1_RVT)                            0.0809     1.1050 r
  u_ctrl/u_aes/U4415/A5 (AO221X1_RVT)                          0.0000     1.1050 r
  u_ctrl/u_aes/U4415/Y (AO221X1_RVT)                           0.0751     1.1801 r
  u_ctrl/u_aes/U4416/A5 (AO221X1_RVT)                          0.0000     1.1801 r
  u_ctrl/u_aes/U4416/Y (AO221X1_RVT)                           0.1053     1.2855 r
  u_ctrl/u_aes/U6617/B0 (HADDX1_RVT)                           0.0000     1.2855 r
  u_ctrl/u_aes/U6617/SO (HADDX1_RVT)                           0.1328     1.4182 f
  u_ctrl/u_aes/U2274/A2 (XOR3X2_RVT)                           0.0000     1.4182 f
  u_ctrl/u_aes/U2274/Y (XOR3X2_RVT)                            0.1734     1.5916 f
  u_ctrl/u_aes/U2195/A3 (XOR3X2_RVT)                           0.0000     1.5916 f
  u_ctrl/u_aes/U2195/Y (XOR3X2_RVT)                            0.0779     1.6695 r
  u_ctrl/u_aes/U6623/S0 (MUX21X1_RVT)                          0.0000     1.6695 r
  u_ctrl/u_aes/U6623/Y (MUX21X1_RVT)                           0.0953     1.7649 f
  u_ctrl/u_aes/U6646/A1 (NAND3X0_RVT)                          0.0000     1.7649 f
  u_ctrl/u_aes/U6646/Y (NAND3X0_RVT)                           0.0374     1.8023 r
  u_ctrl/u_aes/state_reg_84_/D (SDFFARX2_RVT)                  0.0000     1.8023 r
  data arrival time                                                       1.8023

  clock clk_fast_aes (rise edge)                               1.8250     1.8250
  clock network delay (ideal)                                  0.0000     1.8250
  u_ctrl/u_aes/state_reg_84_/CLK (SDFFARX2_RVT)                           1.8250 r
  clock reconvergence pessimism                                0.0000     1.8250
  clock uncertainty                                           -0.2000     1.6250
  library setup time                                          -0.1410     1.4840
  data required time                                                      1.4840
  -------------------------------------------------------------------------------------
  data required time                                                      1.4840
  data arrival time                                                      -1.8023
  -------------------------------------------------------------------------------------
  slack (VIOLATED)                                                       -0.3182


  Startpoint: u_ctrl/u_aes/state_reg_26_ (rising edge-triggered flip-flop clocked by clk_fast_aes)
  Endpoint: u_ctrl/u_aes/state_reg_5_ (rising edge-triggered flip-flop clocked by clk_fast_aes)
  Path Group: clk_fast_aes
  Path Type: max

  Point                                                         Incr       Path
  ------------------------------------------------------------------------------------
  clock clk_fast_aes (rise edge)                              0.0000     0.0000
  clock network delay (ideal)                                 0.0000     0.0000
  u_ctrl/u_aes/state_reg_26_/CLK (SDFFARX1_RVT)               0.0000     0.0000 r
  u_ctrl/u_aes/state_reg_26_/Q (SDFFARX1_RVT)                 0.1639     0.1639 r
  u_ctrl/u_aes/U2431/A (INVX0_RVT)                            0.0000     0.1639 r
  u_ctrl/u_aes/U2431/Y (INVX0_RVT)                            0.0327     0.1966 f
  u_ctrl/u_aes/U2433/A (IBUFFX2_RVT)                          0.0000     0.1966 f
  u_ctrl/u_aes/U2433/Y (IBUFFX2_RVT)                          0.0720     0.2686 r
  u_ctrl/u_aes/U2463/A2 (NAND3X2_RVT)                         0.0000     0.2686 r
  u_ctrl/u_aes/U2463/Y (NAND3X2_RVT)                          0.0934     0.3620 f
  u_ctrl/u_aes/U7557/A (INVX0_RVT)                            0.0000     0.3620 f
  u_ctrl/u_aes/U7557/Y (INVX0_RVT)                            0.0516     0.4136 r
  u_ctrl/u_aes/U4329/A3 (NAND3X0_RVT)                         0.0000     0.4136 r
  u_ctrl/u_aes/U4329/Y (NAND3X0_RVT)                          0.0769     0.4905 f
  u_ctrl/u_aes/U1022/A (INVX0_RVT)                            0.0000     0.4905 f
  u_ctrl/u_aes/U1022/Y (INVX0_RVT)                            0.0463     0.5368 r
  u_ctrl/u_aes/U3573/A2 (NAND2X0_RVT)                         0.0000     0.5368 r
  u_ctrl/u_aes/U3573/Y (NAND2X0_RVT)                          0.0393     0.5761 f
  u_ctrl/u_aes/U2514/A (INVX0_RVT)                            0.0000     0.5761 f
  u_ctrl/u_aes/U2514/Y (INVX0_RVT)                            0.0383     0.6144 r
  u_ctrl/u_aes/U2516/A (INVX0_RVT)                            0.0000     0.6144 r
  u_ctrl/u_aes/U2516/Y (INVX0_RVT)                            0.0326     0.6470 f
  u_ctrl/u_aes/U2555/A3 (NAND4X1_RVT)                         0.0000     0.6470 f
  u_ctrl/u_aes/U2555/Y (NAND4X1_RVT)                          0.1217     0.7686 r
  u_ctrl/u_aes/U8094/A2 (NOR4X1_RVT)                          0.0000     0.7686 r
  u_ctrl/u_aes/U8094/Y (NOR4X1_RVT)                           0.1073     0.8759 f
  u_ctrl/u_aes/U8095/A2 (AND2X1_RVT)                          0.0000     0.8759 f
  u_ctrl/u_aes/U8095/Y (AND2X1_RVT)                           0.0504     0.9264 f
  u_ctrl/u_aes/U8098/A1 (AND2X1_RVT)                          0.0000     0.9264 f
  u_ctrl/u_aes/U8098/Y (AND2X1_RVT)                           0.0549     0.9812 f
  u_ctrl/u_aes/U8099/A2 (NAND4X0_RVT)                         0.0000     0.9812 f
  u_ctrl/u_aes/U8099/Y (NAND4X0_RVT)                          0.0389     1.0201 r
  u_ctrl/u_aes/U8100/A3 (OR3X1_RVT)                           0.0000     1.0201 r
  u_ctrl/u_aes/U8100/Y (OR3X1_RVT)                            0.0735     1.0936 r
  u_ctrl/u_aes/U8101/A4 (OA22X1_RVT)                          0.0000     1.0936 r
  u_ctrl/u_aes/U8101/Y (OA22X1_RVT)                           0.0614     1.1550 r
  u_ctrl/u_aes/U8102/A4 (AO22X1_RVT)                          0.0000     1.1550 r
  u_ctrl/u_aes/U8102/Y (AO22X1_RVT)                           0.0863     1.2413 r
  u_ctrl/u_aes/U720/A (INVX0_RVT)                             0.0000     1.2413 r
  u_ctrl/u_aes/U720/Y (INVX0_RVT)                             0.0391     1.2804 f
  u_ctrl/u_aes/U8433/A1 (AO22X1_RVT)                          0.0000     1.2804 f
  u_ctrl/u_aes/U8433/Y (AO22X1_RVT)                           0.1016     1.3820 f
  u_ctrl/u_aes/U320/A2 (XOR3X1_RVT)                           0.0000     1.3820 f
  u_ctrl/u_aes/U320/Y (XOR3X1_RVT)                            0.1980     1.5800 f
  u_ctrl/u_aes/U4520/A3 (XNOR3X1_RVT)                         0.0000     1.5800 f
  u_ctrl/u_aes/U4520/Y (XNOR3X1_RVT)                          0.0763     1.6563 f
  u_ctrl/u_aes/U8790/A4 (OAI22X1_RVT)                         0.0000     1.6563 f
  u_ctrl/u_aes/U8790/Y (OAI22X1_RVT)                          0.0852     1.7415 r
  u_ctrl/u_aes/U8439/A5 (AO221X1_RVT)                         0.0000     1.7415 r
  u_ctrl/u_aes/U8439/Y (AO221X1_RVT)                          0.0695     1.8110 r
  u_ctrl/u_aes/state_reg_5_/D (SDFFARX1_RVT)                  0.0000     1.8110 r
  data arrival time                                                      1.8110

  clock clk_fast_aes (rise edge)                              1.8250     1.8250
  clock network delay (ideal)                                 0.0000     1.8250
  u_ctrl/u_aes/state_reg_5_/CLK (SDFFARX1_RVT)                           1.8250 r
  clock reconvergence pessimism                               0.0000     1.8250
  clock uncertainty                                          -0.2000     1.6250
  library setup time                                         -0.1301     1.4949
  data required time                                                     1.4949
  ------------------------------------------------------------------------------------
  data required time                                                     1.4949
  data arrival time                                                     -1.8110
  ------------------------------------------------------------------------------------
  slack (VIOLATED)                                                      -0.3161

Warning: report_timing has satisfied the max_paths criteria. There are 109 further endpoints which have paths of interest with slack less than   0.0000 that were not considered when generating this report. (UITE-502)

1
